customer_id,home_city,signup_date,preferred_channel,true_segment
CUST000001,Peshawar,2025-11-29,Dine-in,Frequent
CUST000002,Sialkot,2025-10-24,Third-Party Delivery,Occasional
CUST000003,Multan,2026-02-24,Website/App,Promotion-Driven
CUST000004,Quetta,2026-04-05,Takeaway,At-Risk
CUST000005,Peshawar,2026-04-03,Website/App,Frequent
CUST000006,Hyderabad,2025-11-17,Website/App,At-Risk
CUST000007,Quetta,2026-08-26,Takeaway,New
CUST000008,Quetta,2025-08-30,Website/App,Occasional
CUST000009,Faisalabad,2025-10-23,Dine-in,At-Risk
CUST000010,Rawalpindi,2026-09-23,Takeaway,New
CUST000011,Lahore,2026-09-15,Website/App,New
CUST000012,Peshawar,2026-09-05,Takeaway,Frequent
CUST000013,Islamabad,2026-09-05,Third-Party Delivery,Frequent
CUST000014,Faisalabad,2026-03-20,Dine-in,At-Risk
CUST000015,Islamabad,2025-12-24,Takeaway,High-Value Loyal
CUST000016,Sialkot,2026-03-04,Dine-in,At-Risk
CUST000017,Hyderabad,2026-08-31,Takeaway,New
CUST000018,Islamabad,2026-09-05,Takeaway,Occasional
CUST000019,Sialkot,2026-09-02,Takeaway,New
CUST000020,Karachi,2026-09-08,Dine-in,New
CUST000021,Islamabad,2025-10-18,Takeaway,Promotion-Driven
CUST000022,Peshawar,2025-11-05,Website/App,Promotion-Driven
CUST000023,Faisalabad,2025-12-29,Third-Party Delivery,Frequent
CUST000024,Quetta,2025-11-19,Dine-in,Frequent
CUST000025,Peshawar,2025-08-29,Dine-in,Promotion-Driven
CUST000026,Lahore,2026-05-23,Website/App,At-Risk
CUST000027,Faisalabad,2026-08-11,Dine-in,High-Value Loyal
CUST000028,Islamabad,2026-09-22,Takeaway,New
CUST000029,Islamabad,2026-08-17,Dine-in,Promotion-Driven
CUST000030,Lahore,2026-01-07,Dine-in,High-Value Loyal
CUST000031,Peshawar,2025-08-29,Takeaway,Occasional
CUST000032,Sialkot,2025-08-25,Third-Party Delivery,High-Value Loyal
CUST000033,Hyderabad,2026-05-26,Dine-in,Frequent
CUST000034,Hyderabad,2026-04-01,Third-Party Delivery,Promotion-Driven
CUST000035,Quetta,2026-04-14,Website/App,High-Value Loyal
CUST000036,Peshawar,2026-04-28,Dine-in,Occasional
CUST000037,Faisalabad,2025-10-19,Website/App,Frequent
CUST000038,Karachi,2025-08-29,Third-Party Delivery,Occasional
CUST000039,Multan,2026-04-17,Dine-in,At-Risk
CUST000040,Karachi,2025-09-10,Takeaway,Occasional
CUST000041,Rawalpindi,2025-11-03,Website/App,At-Risk
CUST000042,Karachi,2025-09-04,Dine-in,High-Value Loyal
CUST000043,Hyderabad,2026-05-31,Dine-in,Promotion-Driven
CUST000044,Hyderabad,2025-09-03,Takeaway,Occasional
CUST000045,Peshawar,2026-07-11,Third-Party Delivery,Occasional
CUST000046,Multan,2025-11-28,Third-Party Delivery,Occasional
CUST000047,Multan,2026-02-22,Takeaway,At-Risk
CUST000048,Karachi,2025-09-30,Dine-in,Promotion-Driven
CUST000049,Islamabad,2026-05-18,Website/App,Occasional
CUST000050,Multan,2025-12-04,Dine-in,At-Risk
CUST000051,Hyderabad,2026-05-23,Dine-in,Frequent
CUST000052,Lahore,2026-05-31,Dine-in,High-Value Loyal
CUST000053,Lahore,2025-08-20,Website/App,Occasional
CUST000054,Hyderabad,2026-06-13,Takeaway,Occasional
CUST000055,Karachi,2025-09-10,Takeaway,Promotion-Driven
CUST000056,Rawalpindi,2026-03-02,Takeaway,Occasional
CUST000057,Hyderabad,2026-07-02,Website/App,Promotion-Driven
CUST000058,Faisalabad,2026-05-25,Dine-in,Frequent
CUST000059,Rawalpindi,2026-05-16,Dine-in,Frequent
CUST000060,Rawalpindi,2026-04-24,Takeaway,Occasional
CUST000061,Multan,2026-01-08,Dine-in,Frequent
CUST000062,Lahore,2025-12-11,Website/App,High-Value Loyal
CUST000063,Islamabad,2025-11-12,Takeaway,Frequent
CUST000064,Hyderabad,2026-07-08,Dine-in,Frequent
CUST000065,Quetta,2026-08-01,Dine-in,Occasional
CUST000066,Hyderabad,2026-01-07,Dine-in,At-Risk
CUST000067,Islamabad,2025-11-30,Dine-in,Frequent
CUST000068,Karachi,2026-09-11,Takeaway,New
CUST000069,Karachi,2025-10-06,Dine-in,Occasional
CUST000070,Rawalpindi,2026-07-09,Website/App,Frequent
CUST000071,Lahore,2026-06-26,Dine-in,Occasional
CUST000072,Islamabad,2025-12-31,Dine-in,Occasional
CUST000073,Peshawar,2026-03-22,Website/App,Promotion-Driven
CUST000074,Peshawar,2026-01-08,Takeaway,Occasional
CUST000075,Multan,2026-08-19,Website/App,At-Risk
CUST000076,Peshawar,2026-09-23,Dine-in,New
CUST000077,Karachi,2026-03-22,Dine-in,At-Risk
CUST000078,Faisalabad,2026-06-14,Dine-in,Occasional
CUST000079,Rawalpindi,2026-05-15,Dine-in,High-Value Loyal
CUST000080,Faisalabad,2025-09-20,Third-Party Delivery,Frequent
CUST000081,Sialkot,2025-09-06,Dine-in,High-Value Loyal
CUST000082,Lahore,2026-05-02,Takeaway,Occasional
CUST000083,Rawalpindi,2025-11-17,Third-Party Delivery,Promotion-Driven
CUST000084,Sialkot,2026-04-16,Third-Party Delivery,Promotion-Driven
CUST000085,Karachi,2025-12-13,Website/App,Occasional
CUST000086,Lahore,2025-10-06,Takeaway,Occasional
CUST000087,Sialkot,2026-01-25,Third-Party Delivery,Frequent
CUST000088,Quetta,2025-09-04,Takeaway,Frequent
CUST000089,Lahore,2026-09-12,Dine-in,New
CUST000090,Karachi,2025-12-23,Takeaway,At-Risk
CUST000091,Quetta,2025-10-19,Third-Party Delivery,High-Value Loyal
CUST000092,Karachi,2026-03-12,Takeaway,Frequent
CUST000093,Quetta,2026-05-05,Dine-in,High-Value Loyal
CUST000094,Islamabad,2026-09-14,Dine-in,New
CUST000095,Faisalabad,2026-06-09,Takeaway,High-Value Loyal
CUST000096,Rawalpindi,2026-09-17,Dine-in,Promotion-Driven
CUST000097,Peshawar,2026-06-30,Website/App,Occasional
CUST000098,Sialkot,2026-04-27,Dine-in,Promotion-Driven
CUST000099,Quetta,2026-09-02,Dine-in,New
CUST000100,Karachi,2026-09-22,Dine-in,High-Value Loyal
CUST000101,Hyderabad,2026-05-10,Third-Party Delivery,Occasional
CUST000102,Islamabad,2026-08-25,Dine-in,New
CUST000103,Hyderabad,2026-09-20,Website/App,New
CUST000104,Lahore,2025-10-07,Dine-in,At-Risk
CUST000105,Quetta,2025-12-13,Dine-in,Frequent
CUST000106,Lahore,2025-09-28,Dine-in,At-Risk
CUST000107,Quetta,2025-09-23,Takeaway,Promotion-Driven
CUST000108,Quetta,2026-08-15,Takeaway,High-Value Loyal
CUST000109,Hyderabad,2026-05-10,Dine-in,At-Risk
CUST000110,Rawalpindi,2025-10-18,Dine-in,Frequent
CUST000111,,2025-12-17,Website/App,Frequent
CUST000112,Peshawar,2025-12-22,Third-Party Delivery,Promotion-Driven
CUST000113,Lahore,2026-06-05,Website/App,Frequent
CUST000114,Quetta,2025-11-15,Website/App,Frequent
CUST000115,Peshawar,2026-08-02,Website/App,At-Risk
CUST000116,Multan,2026-01-22,Website/App,Frequent
CUST000117,Lahore,2025-11-12,Dine-in,Frequent
CUST000118,Rawalpindi,2026-09-03,Website/App,New
CUST000119,Islamabad,2025-12-13,Dine-in,Frequent
CUST000120,Multan,2026-04-15,Takeaway,Promotion-Driven
CUST000121,Quetta,2026-09-15,Takeaway,New
CUST000122,Peshawar,2025-08-26,Website/App,Frequent
CUST000123,Hyderabad,2025-09-16,Website/App,Occasional
CUST000124,Sialkot,2026-06-20,Takeaway,Frequent
CUST000125,Faisalabad,2026-03-04,Third-Party Delivery,Occasional
CUST000126,Islamabad,2025-12-19,Takeaway,Frequent
CUST000127,Hyderabad,2025-08-22,Takeaway,Occasional
CUST000128,Peshawar,2026-09-13,Takeaway,New
CUST000129,Hyderabad,2026-09-19,Takeaway,New
CUST000130,Sialkot,2026-06-22,Third-Party Delivery,High-Value Loyal
CUST000131,,2025-12-12,Third-Party Delivery,Occasional
CUST000132,Islamabad,2025-10-21,Third-Party Delivery,Promotion-Driven
CUST000133,Islamabad,2026-08-14,Third-Party Delivery,At-Risk
CUST000134,Rawalpindi,2026-03-14,Website/App,Promotion-Driven
CUST000135,Islamabad,2026-05-09,Dine-in,Occasional
CUST000136,Multan,2026-09-10,Website/App,New
CUST000137,Multan,2026-05-14,Dine-in,High-Value Loyal
CUST000138,Rawalpindi,2025-08-04,Takeaway,Frequent
CUST000139,Islamabad,2025-09-26,Dine-in,Occasional
CUST000140,Peshawar,2025-09-07,Website/App,At-Risk
CUST000141,Quetta,2026-07-19,Website/App,High-Value Loyal
CUST000142,Islamabad,2025-10-15,Takeaway,Occasional
CUST000143,Multan,2026-05-06,Website/App,High-Value Loyal
CUST000144,Sialkot,2026-08-28,Website/App,New
CUST000145,Islamabad,2026-02-05,Takeaway,Occasional
CUST000146,Peshawar,2026-05-25,Website/App,Frequent
CUST000147,Rawalpindi,2026-05-09,Dine-in,Frequent
CUST000148,Hyderabad,2025-10-14,Third-Party Delivery,Occasional
CUST000149,Karachi,2026-09-19,Website/App,New
CUST000150,Multan,2025-08-21,Third-Party Delivery,At-Risk
CUST000151,Peshawar,2026-09-12,Takeaway,New
CUST000152,Hyderabad,2026-08-27,Takeaway,New
CUST000153,Islamabad,2025-08-20,Dine-in,Occasional
CUST000154,Multan,2026-01-30,Dine-in,High-Value Loyal
CUST000155,Islamabad,2025-11-15,Third-Party Delivery,At-Risk
CUST000156,Sialkot,2026-07-15,Third-Party Delivery,Frequent
CUST000157,Faisalabad,2025-12-05,Takeaway,Occasional
CUST000158,Faisalabad,2026-07-07,Website/App,At-Risk
CUST000159,Peshawar,2026-09-12,Third-Party Delivery,New
CUST000160,Quetta,2026-09-03,Website/App,Occasional
CUST000161,Multan,2026-05-13,Dine-in,Occasional
CUST000162,Hyderabad,2026-02-24,Website/App,Frequent
CUST000163,Rawalpindi,2026-08-31,Dine-in,New
CUST000164,Sialkot,2025-10-18,Dine-in,Promotion-Driven
CUST000165,Islamabad,2025-11-29,Dine-in,Frequent
CUST000166,Sialkot,2025-10-22,Dine-in,Occasional
CUST000167,Sialkot,2026-09-13,Third-Party Delivery,Occasional
CUST000168,Hyderabad,2026-09-19,Takeaway,Frequent
CUST000169,Rawalpindi,2025-10-29,Takeaway,High-Value Loyal
CUST000170,Faisalabad,2026-02-27,Takeaway,At-Risk
CUST000171,Peshawar,2025-08-12,Dine-in,Promotion-Driven
CUST000172,Quetta,2025-10-30,Takeaway,Frequent
CUST000173,Peshawar,2026-08-12,Dine-in,Frequent
CUST000174,Quetta,2026-01-17,Dine-in,Occasional
CUST000175,Sialkot,2026-08-25,Third-Party Delivery,New
CUST000176,Peshawar,2026-02-26,Dine-in,Frequent
CUST000177,Islamabad,2026-09-14,Dine-in,At-Risk
CUST000178,Hyderabad,2026-07-08,Dine-in,Occasional
CUST000179,Faisalabad,2026-08-11,Dine-in,High-Value Loyal
CUST000180,Peshawar,2026-09-19,Website/App,Frequent
CUST000181,Quetta,2025-12-05,Dine-in,At-Risk
CUST000182,Sialkot,2025-12-14,Takeaway,Occasional
CUST000183,Karachi,2025-10-20,Takeaway,Occasional
CUST000184,Multan,2026-09-07,Third-Party Delivery,High-Value Loyal
CUST000185,Faisalabad,2026-07-25,Third-Party Delivery,Promotion-Driven
CUST000186,Lahore,2025-09-24,Dine-in,Occasional
CUST000187,Islamabad,2026-02-11,Website/App,Occasional
CUST000188,Quetta,2025-08-19,Website/App,At-Risk
CUST000189,Sialkot,2026-03-28,Third-Party Delivery,Frequent
CUST000190,Karachi,2025-11-21,Dine-in,Occasional
CUST000191,Rawalpindi,2025-11-10,Takeaway,Frequent
CUST000192,Rawalpindi,2026-09-22,Takeaway,Occasional
CUST000193,Faisalabad,2026-03-23,Website/App,Frequent
CUST000194,Hyderabad,2026-01-26,Takeaway,Frequent
CUST000195,Karachi,2026-01-03,Dine-in,Occasional
CUST000196,Islamabad,2026-09-24,Third-Party Delivery,High-Value Loyal
CUST000197,Rawalpindi,2026-09-11,Website/App,At-Risk
CUST000198,Peshawar,2025-11-24,Third-Party Delivery,Promotion-Driven
CUST000199,Islamabad,2025-11-22,Takeaway,Promotion-Driven
CUST000200,Sialkot,2025-08-12,Dine-in,Frequent
CUST000201,Hyderabad,2026-07-03,Takeaway,Promotion-Driven
CUST000202,Peshawar,2026-09-11,Website/App,New
CUST000203,Quetta,2026-01-15,Takeaway,Frequent
CUST000204,Multan,2025-12-20,Website/App,At-Risk
CUST000205,Islamabad,2025-09-04,Dine-in,Promotion-Driven
CUST000206,Quetta,2026-08-30,Takeaway,Occasional
CUST000207,Peshawar,2026-09-12,Dine-in,New
CUST000208,Faisalabad,2026-06-24,Takeaway,Occasional
CUST000209,Multan,2026-09-11,Third-Party Delivery,New
CUST000210,Peshawar,2026-07-13,Third-Party Delivery,Frequent
CUST000211,Peshawar,2026-05-01,Dine-in,Promotion-Driven
CUST000212,Lahore,2026-09-23,Dine-in,New
CUST000213,Peshawar,2025-09-28,Dine-in,Occasional
CUST000214,Islamabad,2026-09-18,Takeaway,New
CUST000215,Lahore,2026-09-15,Dine-in,New
CUST000216,Islamabad,2025-08-19,Dine-in,Promotion-Driven
CUST000217,Rawalpindi,2025-09-24,Third-Party Delivery,Occasional
CUST000218,Hyderabad,2026-06-01,Takeaway,Frequent
CUST000219,Hyderabad,2026-03-10,Dine-in,Occasional
CUST000220,Islamabad,2026-01-23,Third-Party Delivery,At-Risk
CUST000221,Faisalabad,2026-08-08,Dine-in,At-Risk
CUST000222,Karachi,2026-09-06,Dine-in,High-Value Loyal
CUST000223,Hyderabad,2026-01-07,Website/App,Frequent
CUST000224,Hyderabad,2026-03-11,Takeaway,Frequent
CUST000225,Karachi,2026-06-06,Third-Party Delivery,At-Risk
CUST000226,Islamabad,2026-04-18,Dine-in,At-Risk
CUST000227,Lahore,2026-09-11,Dine-in,New
CUST000228,Peshawar,2026-09-17,Dine-in,New
CUST000229,Karachi,2026-09-22,Third-Party Delivery,New
CUST000230,Islamabad,2026-07-28,Website/App,Frequent
CUST000231,Multan,2026-03-11,Dine-in,At-Risk
CUST000232,Hyderabad,2025-07-31,Dine-in,High-Value Loyal
CUST000233,Rawalpindi,2026-08-25,Third-Party Delivery,New
CUST000234,Islamabad,2026-09-16,Dine-in,Occasional
CUST000235,Islamabad,2026-05-02,Third-Party Delivery,Occasional
CUST000236,Peshawar,2026-08-31,Dine-in,New
CUST000237,Multan,2026-08-14,Dine-in,Promotion-Driven
CUST000238,Islamabad,2026-08-12,Takeaway,Promotion-Driven
CUST000239,Rawalpindi,2026-07-09,Dine-in,Occasional
CUST000240,Sialkot,2025-11-08,Third-Party Delivery,Promotion-Driven
CUST000241,Hyderabad,2026-02-02,Dine-in,Frequent
CUST000242,Sialkot,2026-03-08,Website/App,Occasional
CUST000243,Peshawar,2025-09-04,Website/App,Occasional
CUST000244,Peshawar,2026-07-06,Takeaway,At-Risk
CUST000245,Rawalpindi,2026-09-04,Dine-in,New
CUST000246,Rawalpindi,2026-09-02,Dine-in,New
CUST000247,Karachi,2025-10-02,Takeaway,Frequent
CUST000248,Faisalabad,2026-08-03,Dine-in,Promotion-Driven
CUST000249,Hyderabad,2025-12-31,Dine-in,Promotion-Driven
CUST000250,Quetta,2026-04-16,Third-Party Delivery,Occasional
CUST000251,Multan,2026-01-05,Third-Party Delivery,Promotion-Driven
CUST000252,Peshawar,2026-07-07,Takeaway,Frequent
CUST000253,Islamabad,2026-02-25,Dine-in,Occasional
CUST000254,Faisalabad,2026-01-14,Takeaway,Occasional
CUST000255,Rawalpindi,2026-02-22,Dine-in,High-Value Loyal
CUST000256,Faisalabad,2026-07-22,Dine-in,At-Risk
CUST000257,Rawalpindi,2025-12-29,Third-Party Delivery,Occasional
CUST000258,Karachi,2026-05-10,Dine-in,High-Value Loyal
CUST000259,Quetta,2026-09-17,Dine-in,New
CUST000260,Hyderabad,2026-03-03,Dine-in,At-Risk
CUST000261,Multan,2026-07-06,Takeaway,Frequent
CUST000262,Rawalpindi,2026-09-02,Website/App,New
CUST000263,Peshawar,2026-08-26,Takeaway,New
CUST000264,Multan,2025-10-28,Website/App,Frequent
CUST000265,Lahore,2026-06-11,Dine-in,Occasional
CUST000266,Hyderabad,2026-05-18,Takeaway,At-Risk
CUST000267,Multan,2026-09-11,Third-Party Delivery,New
CUST000268,Multan,2026-05-07,Dine-in,High-Value Loyal
CUST000269,Sialkot,2025-07-31,Third-Party Delivery,Frequent
CUST000270,Karachi,2026-01-02,Website/App,Promotion-Driven
CUST000271,Rawalpindi,2025-12-24,Dine-in,At-Risk
CUST000272,Multan,2025-11-15,Third-Party Delivery,At-Risk
CUST000273,Quetta,2026-03-08,Dine-in,High-Value Loyal
CUST000274,Sialkot,2026-09-06,Takeaway,Frequent
CUST000275,Sialkot,2026-05-23,Dine-in,At-Risk
CUST000276,Hyderabad,2026-06-06,Website/App,Occasional
CUST000277,Karachi,2026-07-01,Dine-in,Promotion-Driven
CUST000278,Peshawar,2026-01-11,Takeaway,Promotion-Driven
CUST000279,Islamabad,2026-03-26,Takeaway,High-Value Loyal
CUST000280,Karachi,2026-03-14,Dine-in,Occasional
CUST000281,Quetta,2026-09-02,Third-Party Delivery,New
CUST000282,Karachi,2026-09-07,Third-Party Delivery,New
CUST000283,Sialkot,2026-03-30,Website/App,Occasional
CUST000284,Peshawar,2026-09-10,Website/App,Occasional
CUST000285,Karachi,2026-09-11,Takeaway,Occasional
CUST000286,Lahore,2026-09-18,Website/App,New
CUST000287,Rawalpindi,2026-07-03,Dine-in,Occasional
CUST000288,Quetta,2025-09-12,Website/App,Frequent
CUST000289,Sialkot,2025-12-23,Dine-in,High-Value Loyal
CUST000290,Lahore,2026-09-02,Website/App,New
CUST000291,Lahore,2026-09-04,Third-Party Delivery,New
CUST000292,Lahore,2026-09-21,Dine-in,New
CUST000293,Peshawar,2026-09-23,Third-Party Delivery,Frequent
CUST000294,Faisalabad,2026-09-16,Third-Party Delivery,New
CUST000295,Quetta,2026-07-10,Third-Party Delivery,High-Value Loyal
CUST000296,Islamabad,2026-09-16,Takeaway,New
CUST000297,Sialkot,2026-09-16,Third-Party Delivery,High-Value Loyal
CUST000298,Hyderabad,2025-11-09,Website/App,Occasional
CUST000299,Faisalabad,2026-09-23,Website/App,New
CUST000300,Islamabad,2025-08-23,Dine-in,Promotion-Driven
CUST000301,Multan,2025-12-03,Website/App,At-Risk
CUST000302,Lahore,2026-03-31,Dine-in,At-Risk
CUST000303,Hyderabad,2026-06-08,Takeaway,At-Risk
CUST000304,Sialkot,2026-08-28,Dine-in,Promotion-Driven
CUST000305,Karachi,2025-09-06,Takeaway,High-Value Loyal
CUST000306,Faisalabad,2026-03-21,Website/App,At-Risk
CUST000307,Karachi,2026-02-28,Dine-in,High-Value Loyal
CUST000308,Sialkot,2026-06-18,Website/App,Frequent
CUST000309,Karachi,2026-09-17,Dine-in,New
CUST000310,Quetta,2026-08-02,Dine-in,Occasional
CUST000311,Multan,2026-07-22,Takeaway,Frequent
CUST000312,Lahore,2026-09-08,Takeaway,New
CUST000313,Islamabad,2026-02-20,Third-Party Delivery,High-Value Loyal
CUST000314,Multan,2025-12-02,Third-Party Delivery,Promotion-Driven
CUST000315,Islamabad,2025-10-14,Dine-in,Promotion-Driven
CUST000316,Faisalabad,2026-07-01,Dine-in,Occasional
CUST000317,Faisalabad,2026-07-18,Third-Party Delivery,Occasional
CUST000318,Peshawar,2025-08-02,Takeaway,Promotion-Driven
CUST000319,Hyderabad,2026-08-19,Third-Party Delivery,Occasional
CUST000320,Rawalpindi,2026-08-29,Dine-in,Promotion-Driven
CUST000321,Multan,2025-09-23,Takeaway,Occasional
CUST000322,Karachi,2026-09-02,Takeaway,Frequent
CUST000323,Faisalabad,2026-03-05,Third-Party Delivery,Frequent
CUST000324,Sialkot,2025-11-20,Third-Party Delivery,At-Risk
CUST000325,Sialkot,2026-08-29,Dine-in,New
CUST000326,Faisalabad,2026-07-22,Third-Party Delivery,Promotion-Driven
CUST000327,Islamabad,2026-04-22,Dine-in,At-Risk
CUST000328,Islamabad,2026-09-22,Dine-in,New
CUST000329,Rawalpindi,2026-05-12,Takeaway,Occasional
CUST000330,Lahore,2025-12-05,Website/App,Occasional
CUST000331,Sialkot,2025-10-01,Takeaway,At-Risk
CUST000332,Quetta,2026-09-19,Dine-in,New
CUST000333,Rawalpindi,2026-09-14,Third-Party Delivery,At-Risk
CUST000334,Faisalabad,2026-03-25,Takeaway,Frequent
CUST000335,Multan,2026-07-07,Dine-in,Promotion-Driven
CUST000336,Faisalabad,2026-04-28,Website/App,Occasional
CUST000337,Sialkot,2026-05-13,Third-Party Delivery,Frequent
CUST000338,Islamabad,2026-05-31,Takeaway,Frequent
CUST000339,Rawalpindi,2026-01-09,Third-Party Delivery,High-Value Loyal
CUST000340,Sialkot,2026-08-26,Takeaway,New
CUST000341,Quetta,2026-03-14,Takeaway,At-Risk
CUST000342,Hyderabad,2026-08-28,Dine-in,New
CUST000343,Faisalabad,2026-08-26,Third-Party Delivery,New
CUST000344,Islamabad,2026-04-15,Takeaway,Promotion-Driven
CUST000345,Peshawar,2026-08-28,Third-Party Delivery,New
CUST000346,Hyderabad,2026-05-07,Dine-in,Frequent
CUST000347,Karachi,2026-03-16,Third-Party Delivery,High-Value Loyal
CUST000348,Islamabad,2025-10-20,Dine-in,Occasional
CUST000349,Faisalabad,2026-08-15,Takeaway,Frequent
CUST000350,Peshawar,2026-09-09,Dine-in,New
CUST000351,Multan,2025-12-10,Website/App,At-Risk
CUST000352,Sialkot,2026-09-16,Website/App,New
CUST000353,,2026-09-15,Dine-in,New
CUST000354,Hyderabad,2026-08-30,Website/App,New
CUST000355,Lahore,2026-04-23,Website/App,Occasional
CUST000356,Peshawar,2026-04-05,Dine-in,Occasional
CUST000357,Rawalpindi,2026-06-16,Third-Party Delivery,High-Value Loyal
CUST000358,Faisalabad,2026-09-15,Dine-in,New
CUST000359,Hyderabad,2026-03-13,Website/App,Occasional
CUST000360,Lahore,2025-09-08,Dine-in,Occasional
CUST000361,Lahore,2026-07-31,Dine-in,Promotion-Driven
CUST000362,Multan,2025-12-24,Dine-in,Promotion-Driven
CUST000363,Lahore,2025-11-28,Dine-in,At-Risk
CUST000364,Multan,2025-12-17,Dine-in,Frequent
CUST000365,Peshawar,2026-01-18,Third-Party Delivery,High-Value Loyal
CUST000366,Multan,2026-01-10,Dine-in,Frequent
CUST000367,Quetta,2026-05-03,Dine-in,High-Value Loyal
CUST000368,Peshawar,2025-09-10,Takeaway,Frequent
CUST000369,Quetta,2025-10-09,Takeaway,Promotion-Driven
CUST000370,Peshawar,2025-10-16,Takeaway,Occasional
CUST000371,Hyderabad,2025-11-26,Dine-in,Frequent
CUST000372,Islamabad,2026-02-12,Dine-in,High-Value Loyal
CUST000373,Multan,2026-09-19,Dine-in,New
CUST000374,Sialkot,2026-09-17,Takeaway,New
CUST000375,Rawalpindi,2026-09-10,Website/App,New
CUST000376,Lahore,2026-02-24,Website/App,At-Risk
CUST000377,Quetta,2026-01-16,Dine-in,Occasional
CUST000378,Rawalpindi,2026-05-04,Dine-in,At-Risk
CUST000379,Lahore,2026-03-26,Takeaway,Occasional
CUST000380,Lahore,2026-02-28,Dine-in,Frequent
CUST000381,Hyderabad,2026-09-17,Website/App,New
CUST000382,Karachi,2026-03-03,Takeaway,Promotion-Driven
CUST000383,Multan,2026-02-15,Website/App,High-Value Loyal
CUST000384,Lahore,2026-08-29,Takeaway,High-Value Loyal
CUST000385,Hyderabad,2026-05-26,Dine-in,Promotion-Driven
CUST000386,Hyderabad,2026-07-22,Dine-in,Occasional
CUST000387,Lahore,2025-08-10,Dine-in,Frequent
CUST000388,Islamabad,2026-08-26,Takeaway,Occasional
CUST000389,Quetta,2026-05-21,Third-Party Delivery,Occasional
CUST000390,Sialkot,2026-02-10,Dine-in,High-Value Loyal
CUST000391,Hyderabad,2026-04-01,Website/App,At-Risk
CUST000392,Peshawar,2025-08-03,Dine-in,High-Value Loyal
CUST000393,Faisalabad,2026-01-27,Third-Party Delivery,Occasional
CUST000394,Karachi,2025-12-30,Website/App,Occasional
CUST000395,Hyderabad,2026-08-20,Dine-in,Occasional
CUST000396,Faisalabad,2026-02-15,Dine-in,Occasional
CUST000397,Peshawar,2026-03-02,Takeaway,Promotion-Driven
CUST000398,Lahore,2026-05-02,Website/App,At-Risk
CUST000399,Hyderabad,2026-08-17,Dine-in,Occasional
CUST000400,,2026-08-11,Takeaway,Occasional
CUST000401,Lahore,2026-05-06,Dine-in,Promotion-Driven
CUST000402,Multan,2026-09-04,Third-Party Delivery,New
CUST000403,Peshawar,2025-11-20,Takeaway,Frequent
CUST000404,Quetta,2026-04-06,Third-Party Delivery,Promotion-Driven
CUST000405,Islamabad,2025-11-20,Dine-in,Frequent
CUST000406,Faisalabad,2026-09-10,Website/App,New
CUST000407,Karachi,2026-04-05,Third-Party Delivery,At-Risk
CUST000408,Islamabad,2025-08-14,Website/App,Promotion-Driven
CUST000409,Multan,2026-02-15,Takeaway,Occasional
CUST000410,Faisalabad,2026-01-19,Website/App,Frequent
CUST000411,Multan,2026-07-08,Dine-in,Frequent
CUST000412,Rawalpindi,2026-07-13,Third-Party Delivery,High-Value Loyal
CUST000413,Islamabad,2026-09-12,Takeaway,High-Value Loyal
CUST000414,Multan,2026-02-23,Dine-in,At-Risk
CUST000415,Hyderabad,2026-09-18,Third-Party Delivery,New
CUST000416,Multan,2026-03-27,Website/App,At-Risk
CUST000417,Karachi,2025-10-04,Takeaway,At-Risk
CUST000418,Multan,2026-06-14,Dine-in,Occasional
CUST000419,Hyderabad,2026-04-30,Dine-in,Occasional
CUST000420,Faisalabad,2025-08-13,Dine-in,Frequent
CUST000421,Peshawar,2026-09-05,Dine-in,New
CUST000422,Faisalabad,2026-05-15,Website/App,Promotion-Driven
CUST000423,Islamabad,2026-07-05,Dine-in,Occasional
CUST000424,Karachi,2025-08-13,Takeaway,Occasional
CUST000425,Multan,2025-09-11,Dine-in,Promotion-Driven
CUST000426,Hyderabad,2026-06-25,Third-Party Delivery,Occasional
CUST000427,Peshawar,2026-09-19,Website/App,New
CUST000428,Quetta,2026-09-18,Third-Party Delivery,New
CUST000429,Rawalpindi,2025-08-25,Takeaway,Occasional
CUST000430,Multan,2025-12-11,Dine-in,Occasional
CUST000431,Peshawar,2026-02-10,Dine-in,Frequent
CUST000432,Sialkot,2026-09-17,Dine-in,New
CUST000433,Faisalabad,2026-03-20,Takeaway,Frequent
CUST000434,Karachi,2026-01-14,Dine-in,Occasional
CUST000435,Quetta,2026-01-19,Website/App,Occasional
CUST000436,Hyderabad,2026-08-24,Website/App,At-Risk
CUST000437,Lahore,2026-09-15,Dine-in,New
CUST000438,Quetta,2026-08-28,Dine-in,New
CUST000439,Lahore,2026-03-03,Dine-in,Occasional
CUST000440,Faisalabad,2025-12-07,Third-Party Delivery,At-Risk
CUST000441,Multan,2026-09-08,Website/App,New
CUST000442,Islamabad,2025-08-09,Dine-in,At-Risk
CUST000443,Karachi,2026-08-18,Dine-in,At-Risk
CUST000444,Lahore,2026-05-03,Third-Party Delivery,Occasional
CUST000445,Multan,2025-08-26,Dine-in,Frequent
CUST000446,Quetta,2026-09-16,Website/App,New
CUST000447,Hyderabad,2026-06-28,Dine-in,Occasional
CUST000448,,2025-09-04,Takeaway,At-Risk
CUST000449,Multan,2026-09-03,Dine-in,High-Value Loyal
CUST000450,Islamabad,2026-06-29,Website/App,High-Value Loyal
CUST000451,Karachi,2025-08-20,Third-Party Delivery,Promotion-Driven
CUST000452,Lahore,2026-08-21,Third-Party Delivery,At-Risk
CUST000453,Sialkot,2025-08-15,Takeaway,Promotion-Driven
CUST000454,Karachi,2026-09-17,Takeaway,New
CUST000455,Rawalpindi,2025-08-10,Takeaway,Occasional
CUST000456,Multan,2026-06-14,Takeaway,Occasional
CUST000457,Rawalpindi,2025-10-17,Dine-in,Occasional
CUST000458,Sialkot,2025-11-30,Website/App,Occasional
CUST000459,Sialkot,2025-10-03,Dine-in,High-Value Loyal
CUST000460,Quetta,2026-03-30,Website/App,Occasional
CUST000461,Hyderabad,2026-07-08,Takeaway,Frequent
CUST000462,Sialkot,2025-09-27,Third-Party Delivery,Occasional
CUST000463,Peshawar,2026-05-15,Third-Party Delivery,Frequent
CUST000464,Hyderabad,2025-11-19,Website/App,Occasional
CUST000465,Rawalpindi,2026-03-26,Dine-in,Promotion-Driven
CUST000466,Islamabad,2026-07-24,Third-Party Delivery,High-Value Loyal
CUST000467,Karachi,2025-12-09,Website/App,At-Risk
CUST000468,Rawalpindi,2026-08-27,Takeaway,Frequent
CUST000469,Karachi,2026-02-04,Dine-in,Promotion-Driven
CUST000470,Rawalpindi,2025-10-24,Dine-in,Frequent
CUST000471,Hyderabad,2026-06-06,Dine-in,At-Risk
CUST000472,Karachi,2026-06-06,Dine-in,High-Value Loyal
CUST000473,Hyderabad,2026-09-01,Third-Party Delivery,New
CUST000474,Quetta,2026-08-30,Takeaway,New
CUST000475,Sialkot,2026-09-23,Third-Party Delivery,At-Risk
CUST000476,Peshawar,2025-10-22,Third-Party Delivery,Frequent
CUST000477,Quetta,2026-01-06,Takeaway,Occasional
CUST000478,Peshawar,2025-09-24,Takeaway,Occasional
CUST000479,Rawalpindi,2026-05-23,Dine-in,At-Risk
CUST000480,Islamabad,2025-08-13,Takeaway,Frequent
CUST000481,Hyderabad,2026-01-06,Dine-in,High-Value Loyal
CUST000482,Islamabad,2026-05-21,Takeaway,Promotion-Driven
CUST000483,Quetta,2026-07-12,Third-Party Delivery,Promotion-Driven
CUST000484,Rawalpindi,2026-02-08,Website/App,High-Value Loyal
CUST000485,Sialkot,2026-02-19,Third-Party Delivery,Occasional
CUST000486,Karachi,2026-08-01,Takeaway,At-Risk
CUST000487,Peshawar,2025-11-09,Third-Party Delivery,Promotion-Driven
CUST000488,Faisalabad,2025-09-07,Website/App,Promotion-Driven
CUST000489,Hyderabad,2026-05-30,Dine-in,High-Value Loyal
CUST000490,Hyderabad,2026-07-19,Third-Party Delivery,Promotion-Driven
CUST000491,Multan,2026-06-17,Dine-in,Frequent
CUST000492,Islamabad,2025-12-02,Dine-in,At-Risk
CUST000493,Multan,2025-09-21,Website/App,Frequent
CUST000494,Hyderabad,2026-08-30,Third-Party Delivery,New
CUST000495,Lahore,2026-01-01,Third-Party Delivery,Promotion-Driven
CUST000496,Islamabad,2026-07-16,Dine-in,Occasional
CUST000497,Multan,2026-06-03,Takeaway,Promotion-Driven
CUST000498,Multan,2026-09-16,Dine-in,Frequent
CUST000499,Karachi,2026-08-29,Dine-in,New
CUST000500,Sialkot,2026-05-16,Website/App,Promotion-Driven
CUST000501,Hyderabad,2026-09-04,Dine-in,Frequent
CUST000502,Multan,2026-09-12,Dine-in,New
CUST000503,Rawalpindi,2026-09-10,Website/App,New
CUST000504,Faisalabad,2026-07-04,Dine-in,Frequent
CUST000505,Hyderabad,2026-02-05,Dine-in,At-Risk
CUST000506,Quetta,2025-09-04,Dine-in,Occasional
CUST000507,Peshawar,2026-04-16,Takeaway,Frequent
CUST000508,Peshawar,2026-06-27,Dine-in,Occasional
CUST000509,Hyderabad,2026-01-21,Dine-in,Occasional
CUST000510,Hyderabad,2025-08-06,Dine-in,Occasional
CUST000511,Rawalpindi,2026-03-03,Dine-in,Promotion-Driven
CUST000512,Karachi,2026-04-07,Website/App,Frequent
CUST000513,Peshawar,2025-09-23,Takeaway,At-Risk
CUST000514,Sialkot,2026-03-09,Dine-in,Promotion-Driven
CUST000515,Rawalpindi,2026-02-01,Dine-in,Occasional
CUST000516,Rawalpindi,2026-06-21,Dine-in,High-Value Loyal
CUST000517,Karachi,2026-03-23,Third-Party Delivery,Occasional
CUST000518,Rawalpindi,2026-07-28,Takeaway,At-Risk
CUST000519,Multan,2025-10-17,Takeaway,At-Risk
CUST000520,Islamabad,2026-03-10,Takeaway,Occasional
CUST000521,Multan,2025-10-29,Dine-in,Promotion-Driven
CUST000522,Islamabad,2026-08-10,Third-Party Delivery,Occasional
CUST000523,Sialkot,2026-04-24,Website/App,Frequent
CUST000524,Peshawar,2026-09-15,Dine-in,New
CUST000525,Hyderabad,2026-06-11,Website/App,Occasional
CUST000526,Quetta,2026-09-17,Third-Party Delivery,Frequent
CUST000527,Peshawar,2026-05-02,Third-Party Delivery,Occasional
CUST000528,Quetta,2026-08-31,Dine-in,High-Value Loyal
CUST000529,Faisalabad,2026-04-04,Dine-in,At-Risk
CUST000530,Karachi,2026-03-26,Third-Party Delivery,Promotion-Driven
CUST000531,Faisalabad,2026-03-11,Dine-in,At-Risk
CUST000532,Lahore,2026-08-09,Takeaway,Occasional
CUST000533,Faisalabad,2026-09-15,Dine-in,New
CUST000534,Peshawar,2026-01-12,Third-Party Delivery,Frequent
CUST000535,Multan,2026-08-28,Website/App,New
CUST000536,Peshawar,2025-09-13,Takeaway,Frequent
CUST000537,Quetta,2025-12-20,Third-Party Delivery,Occasional
CUST000538,Sialkot,2026-03-18,Third-Party Delivery,Promotion-Driven
CUST000539,Sialkot,2025-12-02,Dine-in,High-Value Loyal
CUST000540,Faisalabad,2026-08-19,Third-Party Delivery,Occasional
CUST000541,,2026-03-25,Website/App,At-Risk
CUST000542,Karachi,2026-05-18,Dine-in,Promotion-Driven
CUST000543,Sialkot,2026-06-08,Takeaway,Frequent
CUST000544,Lahore,2026-09-11,Dine-in,New
CUST000545,Multan,2026-09-23,Dine-in,New
CUST000546,Multan,2026-08-27,Dine-in,New
CUST000547,Rawalpindi,2026-01-13,Takeaway,At-Risk
CUST000548,Lahore,2026-09-08,Dine-in,New
CUST000549,Islamabad,2025-11-16,Dine-in,High-Value Loyal
CUST000550,Hyderabad,2026-01-28,Website/App,At-Risk
CUST000551,Hyderabad,2026-09-15,Takeaway,New
CUST000552,Lahore,2026-01-21,Third-Party Delivery,Frequent
CUST000553,Sialkot,2025-12-21,Takeaway,Occasional
CUST000554,Multan,2026-09-01,Third-Party Delivery,New
CUST000555,Quetta,2025-12-19,Takeaway,High-Value Loyal
CUST000556,Hyderabad,2026-09-23,Dine-in,New
CUST000557,Rawalpindi,2026-09-17,Third-Party Delivery,New
CUST000558,Islamabad,2025-09-12,Third-Party Delivery,At-Risk
CUST000559,Sialkot,2025-12-01,Website/App,Promotion-Driven
CUST000560,Multan,2026-08-03,Dine-in,Frequent
CUST000561,Multan,2026-02-24,Dine-in,High-Value Loyal
CUST000562,Faisalabad,2026-04-07,Third-Party Delivery,Occasional
CUST000563,Rawalpindi,2026-05-11,Takeaway,At-Risk
CUST000564,Sialkot,2026-09-16,Third-Party Delivery,New
CUST000565,Hyderabad,2026-07-19,Website/App,Frequent
CUST000566,Quetta,2026-09-03,Website/App,New
CUST000567,Rawalpindi,2026-07-30,Dine-in,Occasional
CUST000568,Hyderabad,2026-04-08,Dine-in,Frequent
CUST000569,Lahore,2026-03-17,Dine-in,High-Value Loyal
CUST000570,Islamabad,2026-09-09,Dine-in,At-Risk
CUST000571,Lahore,2026-09-21,Dine-in,New
CUST000572,,2025-12-28,Website/App,Promotion-Driven
CUST000573,Quetta,2025-11-21,Dine-in,Occasional
CUST000574,Karachi,2026-09-01,Dine-in,New
CUST000575,Quetta,2025-12-02,Dine-in,Occasional
CUST000576,Hyderabad,2026-01-03,Dine-in,Promotion-Driven
CUST000577,Peshawar,2026-07-05,Dine-in,Occasional
CUST000578,Multan,2026-05-24,Third-Party Delivery,Promotion-Driven
CUST000579,Faisalabad,2026-02-04,Takeaway,High-Value Loyal
CUST000580,Multan,2026-03-30,Takeaway,Occasional
CUST000581,Faisalabad,2026-05-10,Website/App,At-Risk
CUST000582,Multan,2026-04-28,Website/App,Promotion-Driven
CUST000583,Rawalpindi,2026-09-10,Takeaway,New
CUST000584,Multan,2026-08-16,Dine-in,Promotion-Driven
CUST000585,Karachi,2026-05-08,Website/App,Frequent
CUST000586,Lahore,2026-01-16,Takeaway,Promotion-Driven
CUST000587,Faisalabad,2026-01-27,Dine-in,Occasional
CUST000588,Sialkot,2026-07-25,Third-Party Delivery,High-Value Loyal
CUST000589,Islamabad,2026-09-15,Website/App,New
CUST000590,Islamabad,2026-09-15,Website/App,New
CUST000591,Quetta,2025-11-26,Takeaway,High-Value Loyal
CUST000592,Sialkot,2025-09-30,Third-Party Delivery,Frequent
CUST000593,Peshawar,2026-08-04,Dine-in,Occasional
CUST000594,Faisalabad,2025-11-06,Dine-in,Occasional
CUST000595,Sialkot,2026-01-08,Dine-in,Promotion-Driven
CUST000596,Karachi,2025-09-30,Dine-in,Frequent
CUST000597,Islamabad,2026-08-15,Third-Party Delivery,Promotion-Driven
CUST000598,Hyderabad,2026-05-01,Third-Party Delivery,Promotion-Driven
CUST000599,Karachi,2026-09-01,Dine-in,New
CUST000600,Hyderabad,2025-11-02,Dine-in,At-Risk
CUST000601,Faisalabad,2025-11-06,Takeaway,Promotion-Driven
CUST000602,Rawalpindi,2026-08-31,Dine-in,New
CUST000603,Karachi,2026-04-04,Website/App,Frequent
CUST000604,Faisalabad,2025-12-19,Website/App,Occasional
CUST000605,Multan,2026-08-05,Takeaway,At-Risk
CUST000606,Sialkot,2026-05-28,Third-Party Delivery,Promotion-Driven
CUST000607,Islamabad,2026-08-24,Dine-in,Frequent
CUST000608,Peshawar,2026-04-25,Dine-in,At-Risk
CUST000609,Islamabad,2026-06-01,Dine-in,Promotion-Driven
CUST000610,Quetta,2026-09-20,Takeaway,New
CUST000611,Karachi,2025-11-07,Takeaway,At-Risk
CUST000612,Sialkot,2025-12-29,Takeaway,At-Risk
CUST000613,Lahore,2025-11-24,Dine-in,Occasional
CUST000614,Karachi,2026-01-31,Website/App,At-Risk
CUST000615,Karachi,2025-10-30,Takeaway,At-Risk
CUST000616,Peshawar,2026-01-01,Dine-in,Occasional
CUST000617,Peshawar,2026-09-01,Dine-in,New
CUST000618,Islamabad,2026-04-30,Dine-in,Occasional
CUST000619,Faisalabad,2025-10-03,Website/App,At-Risk
CUST000620,Hyderabad,2026-09-22,Website/App,New
CUST000621,Faisalabad,2025-08-27,Dine-in,Promotion-Driven
CUST000622,Hyderabad,2026-09-14,Website/App,New
CUST000623,Quetta,2026-09-19,Third-Party Delivery,New
CUST000624,Hyderabad,2026-06-22,Takeaway,Occasional
CUST000625,Hyderabad,2026-08-20,Takeaway,Promotion-Driven
CUST000626,Islamabad,2026-04-08,Third-Party Delivery,At-Risk
CUST000627,Islamabad,2025-09-21,Dine-in,Occasional
CUST000628,Hyderabad,2025-08-06,Website/App,Promotion-Driven
CUST000629,,2026-05-20,Dine-in,Occasional
CUST000630,Hyderabad,2025-12-23,Website/App,Occasional
CUST000631,Rawalpindi,2026-03-28,Website/App,Occasional
CUST000632,Lahore,2026-04-02,Takeaway,High-Value Loyal
CUST000633,Rawalpindi,2026-03-13,Third-Party Delivery,Occasional
CUST000634,Islamabad,2026-01-21,Dine-in,At-Risk
CUST000635,Quetta,2025-11-02,Dine-in,Promotion-Driven
CUST000636,Rawalpindi,2025-08-26,Dine-in,Promotion-Driven
CUST000637,Lahore,2025-12-07,Website/App,Promotion-Driven
CUST000638,Lahore,2026-04-01,Website/App,At-Risk
CUST000639,Hyderabad,2025-09-27,Takeaway,At-Risk
CUST000640,Sialkot,2026-09-24,Website/App,Promotion-Driven
CUST000641,Peshawar,2025-09-02,Website/App,Occasional
CUST000642,Islamabad,2026-02-21,Website/App,Occasional
CUST000643,Peshawar,2026-09-21,Website/App,New
CUST000644,Multan,2026-05-22,Website/App,Promotion-Driven
CUST000645,Peshawar,2026-06-18,Takeaway,Occasional
CUST000646,Sialkot,2026-07-17,Third-Party Delivery,At-Risk
CUST000647,Multan,2025-08-27,Website/App,At-Risk
CUST000648,Multan,2025-10-16,Dine-in,Promotion-Driven
CUST000649,Hyderabad,2026-08-29,Dine-in,New
CUST000650,Sialkot,2026-05-15,Takeaway,Frequent
CUST000651,Karachi,2026-01-02,Takeaway,Frequent
CUST000652,Islamabad,2025-09-12,Third-Party Delivery,Frequent
CUST000653,Karachi,2026-09-20,Dine-in,New
CUST000654,Islamabad,2026-08-30,Third-Party Delivery,New
CUST000655,Karachi,2026-09-04,Takeaway,New
CUST000656,Faisalabad,2026-06-01,Website/App,Occasional
CUST000657,Rawalpindi,2026-09-08,Third-Party Delivery,Frequent
CUST000658,Faisalabad,2026-06-12,Website/App,High-Value Loyal
CUST000659,Peshawar,2025-11-23,Third-Party Delivery,Occasional
CUST000660,Sialkot,2026-09-01,Website/App,Occasional
CUST000661,Quetta,2026-04-24,Dine-in,Promotion-Driven
CUST000662,Multan,2026-02-10,Takeaway,Frequent
CUST000663,Faisalabad,2026-03-18,Website/App,Occasional
CUST000664,Multan,2026-03-14,Takeaway,Occasional
CUST000665,Quetta,2025-12-30,Dine-in,Frequent
CUST000666,Quetta,2026-05-28,Website/App,Occasional
CUST000667,Quetta,2026-03-07,Dine-in,High-Value Loyal
CUST000668,Multan,2026-01-03,Dine-in,At-Risk
CUST000669,Sialkot,2026-05-18,Dine-in,Occasional
CUST000670,Karachi,2026-06-13,Third-Party Delivery,At-Risk
CUST000671,Faisalabad,2025-08-30,Website/App,Occasional
CUST000672,Faisalabad,2026-06-08,Dine-in,At-Risk
CUST000673,Quetta,2026-08-13,Website/App,High-Value Loyal
CUST000674,Peshawar,2025-09-19,Third-Party Delivery,Occasional
CUST000675,Islamabad,2026-09-17,Third-Party Delivery,New
CUST000676,Sialkot,2026-06-16,Dine-in,Promotion-Driven
CUST000677,Islamabad,2025-11-16,Takeaway,High-Value Loyal
CUST000678,Hyderabad,2026-09-02,Dine-in,New
CUST000679,Quetta,2026-09-18,Dine-in,New
CUST000680,Faisalabad,2025-11-30,Website/App,Promotion-Driven
CUST000681,Faisalabad,2025-10-27,Third-Party Delivery,At-Risk
CUST000682,Karachi,2026-09-21,Takeaway,New
CUST000683,Lahore,2025-10-19,Dine-in,Occasional
CUST000684,Quetta,2025-08-01,Third-Party Delivery,Occasional
CUST000685,Faisalabad,2026-02-25,Dine-in,Frequent
CUST000686,Hyderabad,2026-09-01,Website/App,New
CUST000687,Islamabad,2026-05-31,Website/App,Frequent
CUST000688,Karachi,2026-03-28,Dine-in,Occasional
CUST000689,Multan,2026-09-22,Takeaway,New
CUST000690,Lahore,2025-11-26,Dine-in,At-Risk
CUST000691,Peshawar,2025-12-25,Dine-in,Occasional
CUST000692,Quetta,2026-07-27,Website/App,At-Risk
CUST000693,Islamabad,2025-12-22,Website/App,Occasional
CUST000694,Lahore,2026-07-25,Takeaway,Occasional
CUST000695,Rawalpindi,2026-03-20,Dine-in,Frequent
CUST000696,Quetta,2026-09-02,Takeaway,New
CUST000697,Quetta,2026-08-25,Dine-in,New
CUST000698,Rawalpindi,2025-12-13,Third-Party Delivery,Occasional
CUST000699,Peshawar,2026-09-07,Takeaway,Occasional
CUST000700,Quetta,2026-09-09,Dine-in,Occasional
CUST000701,Quetta,2026-09-05,Third-Party Delivery,New
CUST000702,Islamabad,2026-07-04,Dine-in,Frequent
CUST000703,Peshawar,2026-09-15,Takeaway,Occasional
CUST000704,Faisalabad,2025-11-09,Dine-in,Occasional
CUST000705,Peshawar,2026-03-05,Takeaway,Promotion-Driven
CUST000706,Karachi,2025-09-27,Third-Party Delivery,Promotion-Driven
CUST000707,Islamabad,2026-05-05,Takeaway,Occasional
CUST000708,Peshawar,2025-11-23,Dine-in,Occasional
CUST000709,Rawalpindi,2026-06-27,Dine-in,Frequent
CUST000710,Rawalpindi,2025-10-15,Takeaway,Occasional
CUST000711,Faisalabad,2025-12-14,Website/App,At-Risk
CUST000712,Quetta,2025-10-11,Dine-in,Occasional
CUST000713,Quetta,2025-09-05,Dine-in,Frequent
CUST000714,Sialkot,2025-08-30,Dine-in,High-Value Loyal
CUST000715,Rawalpindi,2025-10-23,Dine-in,Promotion-Driven
CUST000716,Lahore,2026-09-09,Dine-in,Occasional
CUST000717,Quetta,2026-01-04,Dine-in,Occasional
CUST000718,Peshawar,2026-05-31,Website/App,At-Risk
CUST000719,Faisalabad,2026-08-28,Takeaway,New
CUST000720,Quetta,2026-05-18,Website/App,Occasional
CUST000721,Peshawar,2025-12-25,Dine-in,Frequent
CUST000722,Sialkot,2026-03-12,Third-Party Delivery,At-Risk
CUST000723,,2025-10-02,Dine-in,High-Value Loyal
CUST000724,Hyderabad,2026-03-27,Takeaway,Frequent
CUST000725,Quetta,2026-09-14,Website/App,New
CUST000726,Peshawar,2026-07-24,Third-Party Delivery,Frequent
CUST000727,Hyderabad,2026-02-22,Third-Party Delivery,Occasional
CUST000728,Faisalabad,2025-12-17,Takeaway,High-Value Loyal
CUST000729,Multan,2026-09-06,Third-Party Delivery,New
CUST000730,Islamabad,2026-04-09,Website/App,Promotion-Driven
CUST000731,Peshawar,2026-03-12,Takeaway,Frequent
CUST000732,Quetta,2025-09-10,Dine-in,Occasional
CUST000733,Faisalabad,2026-06-02,Takeaway,Occasional
CUST000734,Sialkot,2026-08-26,Third-Party Delivery,New
CUST000735,Peshawar,2026-03-09,Third-Party Delivery,Promotion-Driven
CUST000736,Multan,2026-09-13,Dine-in,New
CUST000737,Faisalabad,2026-06-05,Dine-in,Occasional
CUST000738,Multan,2025-12-06,Third-Party Delivery,Frequent
CUST000739,Multan,2025-08-13,Third-Party Delivery,Promotion-Driven
CUST000740,Hyderabad,2025-09-15,Website/App,At-Risk
CUST000741,Sialkot,2025-11-25,Dine-in,Frequent
CUST000742,,2026-07-11,Website/App,High-Value Loyal
CUST000743,,2026-05-21,Dine-in,At-Risk
CUST000744,Hyderabad,2026-09-23,Dine-in,New
CUST000745,Rawalpindi,2026-08-26,Dine-in,At-Risk
CUST000746,Sialkot,2026-07-10,Website/App,Frequent
CUST000747,Karachi,2026-09-15,Dine-in,New
CUST000748,Karachi,2026-05-22,Dine-in,At-Risk
CUST000749,Peshawar,2025-08-20,Dine-in,Frequent
CUST000750,Sialkot,2026-08-25,Website/App,Frequent
CUST000751,Faisalabad,2026-09-18,Takeaway,New
CUST000752,Peshawar,2026-03-28,Takeaway,Occasional
CUST000753,Karachi,2026-04-22,Website/App,Promotion-Driven
CUST000754,Lahore,2026-06-29,Dine-in,Occasional
CUST000755,Faisalabad,2026-03-14,Website/App,Occasional
CUST000756,Karachi,2025-12-20,Takeaway,High-Value Loyal
CUST000757,Hyderabad,2026-09-05,Takeaway,New
CUST000758,Faisalabad,2026-03-11,Dine-in,Occasional
CUST000759,Karachi,2026-06-21,Third-Party Delivery,High-Value Loyal
CUST000760,Karachi,2026-09-20,Website/App,Occasional
CUST000761,Hyderabad,2026-04-08,Dine-in,Occasional
CUST000762,Hyderabad,2025-09-15,Takeaway,At-Risk
CUST000763,Karachi,2026-03-28,Takeaway,Promotion-Driven
CUST000764,Islamabad,2026-01-25,Website/App,Frequent
CUST000765,Karachi,2026-02-25,Dine-in,Frequent
CUST000766,Faisalabad,2026-01-17,Takeaway,At-Risk
CUST000767,Multan,2026-01-11,Dine-in,Occasional
CUST000768,Islamabad,2026-07-09,Takeaway,Promotion-Driven
CUST000769,Islamabad,2025-09-22,Takeaway,Occasional
CUST000770,Faisalabad,2025-10-21,Third-Party Delivery,Promotion-Driven
CUST000771,Islamabad,2026-09-10,Website/App,New
CUST000772,Multan,2026-09-08,Website/App,New
CUST000773,Lahore,2025-12-25,Takeaway,Promotion-Driven
CUST000774,Rawalpindi,2026-09-11,Website/App,New
CUST000775,Rawalpindi,2026-09-20,Third-Party Delivery,Frequent
CUST000776,Karachi,2026-08-24,Website/App,High-Value Loyal
CUST000777,Islamabad,2026-09-22,Dine-in,New
CUST000778,Quetta,2026-03-20,Dine-in,Promotion-Driven
CUST000779,Sialkot,2025-09-14,Dine-in,Occasional
CUST000780,Quetta,2026-01-08,Third-Party Delivery,Occasional
CUST000781,Multan,2025-12-07,Dine-in,At-Risk
CUST000782,Quetta,2026-01-12,Takeaway,High-Value Loyal
CUST000783,Hyderabad,2025-09-28,Third-Party Delivery,Frequent
CUST000784,Quetta,2026-08-30,Takeaway,Frequent
CUST000785,Sialkot,2026-08-27,Website/App,New
CUST000786,Islamabad,2026-04-20,Third-Party Delivery,Frequent
CUST000787,,2025-07-31,Third-Party Delivery,Occasional
CUST000788,Islamabad,2026-07-02,Dine-in,Occasional
CUST000789,Sialkot,2026-09-09,Website/App,New
CUST000790,Lahore,2026-02-27,Third-Party Delivery,Occasional
CUST000791,Peshawar,2025-08-27,Dine-in,Occasional
CUST000792,Multan,2025-11-04,Dine-in,Frequent
CUST000793,Sialkot,2026-04-22,Takeaway,Frequent
CUST000794,Rawalpindi,2026-02-01,Dine-in,Occasional
CUST000795,Karachi,2026-08-30,Dine-in,New
CUST000796,Sialkot,2026-09-03,Dine-in,New
CUST000797,Hyderabad,2026-08-30,Dine-in,New
CUST000798,Faisalabad,2025-08-26,Dine-in,Frequent
CUST000799,Peshawar,2025-11-12,Website/App,High-Value Loyal
CUST000800,Islamabad,2025-12-14,Takeaway,Occasional
CUST000801,Islamabad,2026-09-19,Takeaway,New
CUST000802,Rawalpindi,2025-12-25,Dine-in,At-Risk
CUST000803,Faisalabad,2026-03-12,Dine-in,Occasional
CUST000804,Faisalabad,2026-07-23,Dine-in,High-Value Loyal
CUST000805,Faisalabad,2026-04-05,Dine-in,Occasional
CUST000806,Karachi,2026-09-23,Website/App,New
CUST000807,Peshawar,2026-09-04,Dine-in,New
CUST000808,Multan,2026-09-13,Takeaway,At-Risk
CUST000809,Peshawar,2025-11-30,Third-Party Delivery,Occasional
CUST000810,Lahore,2026-07-29,Dine-in,At-Risk
CUST000811,Karachi,2025-10-20,Takeaway,High-Value Loyal
CUST000812,Karachi,2026-01-06,Dine-in,Frequent
CUST000813,Multan,2026-05-09,Third-Party Delivery,At-Risk
CUST000814,Multan,2026-09-06,Takeaway,New
CUST000815,Quetta,2026-02-24,Dine-in,Promotion-Driven
CUST000816,Multan,2025-09-16,Dine-in,High-Value Loyal
CUST000817,Karachi,2025-11-23,Dine-in,High-Value Loyal
CUST000818,Islamabad,2025-09-27,Dine-in,Occasional
CUST000819,Multan,2026-03-24,Website/App,Promotion-Driven
CUST000820,Faisalabad,2025-09-29,Dine-in,Occasional
CUST000821,Faisalabad,2026-06-27,Third-Party Delivery,High-Value Loyal
CUST000822,Hyderabad,2026-09-08,Takeaway,New
CUST000823,Sialkot,2026-08-01,Takeaway,Occasional
CUST000824,Lahore,2025-12-27,Third-Party Delivery,Frequent
CUST000825,Peshawar,2026-04-17,Takeaway,At-Risk
CUST000826,Islamabad,2026-07-27,Website/App,Frequent
CUST000827,Islamabad,2025-12-17,Dine-in,High-Value Loyal
CUST000828,Rawalpindi,2026-02-28,Website/App,Promotion-Driven
CUST000829,Quetta,2026-04-04,Dine-in,Occasional
CUST000830,Peshawar,2026-03-29,Dine-in,At-Risk
CUST000831,Rawalpindi,2025-12-02,Takeaway,Frequent
CUST000832,Faisalabad,2026-09-06,Dine-in,New
CUST000833,Rawalpindi,2025-10-13,Takeaway,Promotion-Driven
CUST000834,Rawalpindi,2026-02-12,Takeaway,High-Value Loyal
CUST000835,Lahore,2025-11-05,Takeaway,Frequent
CUST000836,Quetta,2026-06-02,Third-Party Delivery,Frequent
CUST000837,Peshawar,2026-04-17,Dine-in,Frequent
CUST000838,Quetta,2026-08-17,Takeaway,Occasional
CUST000839,Hyderabad,2025-10-08,Dine-in,Promotion-Driven
CUST000840,Multan,2025-09-04,Takeaway,High-Value Loyal
CUST000841,Peshawar,2026-08-30,Website/App,New
CUST000842,Peshawar,2026-09-08,Third-Party Delivery,Occasional
CUST000843,Sialkot,2026-02-28,Dine-in,At-Risk
CUST000844,Peshawar,2026-01-21,Takeaway,Frequent
CUST000845,Quetta,2026-09-07,Takeaway,At-Risk
CUST000846,Sialkot,2026-04-16,Takeaway,Frequent
CUST000847,Islamabad,2025-12-14,Third-Party Delivery,Promotion-Driven
CUST000848,Rawalpindi,2026-09-23,Dine-in,New
CUST000849,Islamabad,2025-12-22,Dine-in,Frequent
CUST000850,Multan,2026-09-14,Takeaway,New
CUST000851,Multan,2026-05-27,Website/App,Frequent
CUST000852,Sialkot,2026-05-23,Dine-in,Frequent
CUST000853,Peshawar,2026-09-08,Takeaway,New
CUST000854,Hyderabad,2025-10-15,Dine-in,At-Risk
CUST000855,Faisalabad,2026-03-16,Dine-in,High-Value Loyal
CUST000856,Hyderabad,2026-05-02,Dine-in,At-Risk
CUST000857,Hyderabad,2026-04-04,Website/App,Frequent
CUST000858,Sialkot,2026-09-13,Dine-in,New
CUST000859,Hyderabad,2026-05-09,Website/App,Occasional
CUST000860,Lahore,2026-09-06,Dine-in,New
CUST000861,Faisalabad,2026-02-09,Third-Party Delivery,Frequent
CUST000862,Peshawar,2026-03-21,Dine-in,Occasional
CUST000863,Lahore,2026-01-11,Third-Party Delivery,Frequent
CUST000864,Multan,2025-11-04,Dine-in,Promotion-Driven
CUST000865,Islamabad,2026-07-23,Dine-in,Promotion-Driven
CUST000866,Sialkot,2025-11-30,Third-Party Delivery,High-Value Loyal
CUST000867,Sialkot,2026-05-19,Takeaway,Occasional
CUST000868,Peshawar,2026-02-12,Dine-in,Promotion-Driven
CUST000869,Quetta,2025-11-27,Third-Party Delivery,High-Value Loyal
CUST000870,Quetta,2026-09-01,Dine-in,Promotion-Driven
CUST000871,Karachi,2026-02-26,Dine-in,Promotion-Driven
CUST000872,Rawalpindi,2025-08-22,Website/App,Promotion-Driven
CUST000873,Rawalpindi,2026-01-09,Takeaway,Occasional
CUST000874,Faisalabad,2026-08-16,Dine-in,Promotion-Driven
CUST000875,Sialkot,2026-03-30,Website/App,Frequent
CUST000876,Faisalabad,2026-07-27,Website/App,Occasional
CUST000877,Rawalpindi,2026-09-19,Dine-in,At-Risk
CUST000878,Faisalabad,2026-02-11,Website/App,At-Risk
CUST000879,Rawalpindi,2026-02-13,Website/App,Frequent
CUST000880,Lahore,2026-07-05,Takeaway,Promotion-Driven
CUST000881,Faisalabad,2026-08-28,Third-Party Delivery,New
CUST000882,Islamabad,2026-09-19,Website/App,New
CUST000883,Multan,2026-04-10,Dine-in,Frequent
CUST000884,Rawalpindi,2025-08-18,Dine-in,Occasional
CUST000885,Islamabad,2025-10-03,Takeaway,Frequent
CUST000886,Hyderabad,2026-04-14,Dine-in,Frequent
CUST000887,Lahore,2026-05-29,Dine-in,At-Risk
CUST000888,Faisalabad,2026-01-16,Dine-in,Frequent
CUST000889,Lahore,2025-09-20,Dine-in,High-Value Loyal
CUST000890,Peshawar,2026-03-13,Dine-in,At-Risk
CUST000891,Islamabad,2025-09-20,Takeaway,Frequent
CUST000892,Islamabad,2026-04-26,Third-Party Delivery,Occasional
CUST000893,Rawalpindi,2026-03-21,Takeaway,Occasional
CUST000894,Quetta,2026-08-31,Takeaway,New
CUST000895,Peshawar,2025-10-12,Third-Party Delivery,Occasional
CUST000896,Karachi,2026-08-27,Dine-in,New
CUST000897,Peshawar,2026-07-01,Dine-in,High-Value Loyal
CUST000898,,2025-10-18,Third-Party Delivery,Occasional
CUST000899,Karachi,2025-09-07,Website/App,Occasional
CUST000900,Peshawar,2026-03-28,Dine-in,Occasional
CUST000901,Islamabad,2026-09-04,Dine-in,Occasional
CUST000902,Islamabad,2025-12-13,Dine-in,Occasional
CUST000903,Karachi,2026-09-04,Third-Party Delivery,New
CUST000904,Lahore,2026-07-20,Takeaway,Occasional
CUST000905,Multan,2026-02-19,Dine-in,Promotion-Driven
CUST000906,Sialkot,2026-06-28,Website/App,High-Value Loyal
CUST000907,Quetta,2025-09-10,Website/App,Frequent
CUST000908,Faisalabad,2026-01-15,Website/App,Frequent
CUST000909,Hyderabad,2026-07-11,Third-Party Delivery,Frequent
CUST000910,Hyderabad,2026-04-30,Third-Party Delivery,High-Value Loyal
CUST000911,Hyderabad,2026-02-10,Third-Party Delivery,Frequent
CUST000912,Sialkot,2026-01-09,Dine-in,Promotion-Driven
CUST000913,Lahore,2026-06-16,Third-Party Delivery,High-Value Loyal
CUST000914,Lahore,2026-08-02,Takeaway,At-Risk
CUST000915,Quetta,2026-08-23,Takeaway,At-Risk
CUST000916,Hyderabad,2026-08-27,Third-Party Delivery,New
CUST000917,Faisalabad,2026-05-04,Takeaway,High-Value Loyal
CUST000918,Quetta,2025-08-18,Dine-in,At-Risk
CUST000919,Faisalabad,2026-06-12,Takeaway,At-Risk
CUST000920,Sialkot,2025-09-04,Takeaway,Promotion-Driven
CUST000921,Rawalpindi,2025-11-28,Third-Party Delivery,Frequent
CUST000922,Rawalpindi,2026-09-02,Takeaway,New
CUST000923,Rawalpindi,2025-12-25,Takeaway,Promotion-Driven
CUST000924,Peshawar,2026-08-31,Dine-in,New
CUST000925,Faisalabad,2025-09-15,Website/App,Frequent
CUST000926,Peshawar,2026-09-20,Dine-in,New
CUST000927,Karachi,2026-09-03,Website/App,New
CUST000928,Peshawar,2026-07-26,Dine-in,At-Risk
CUST000929,Karachi,2025-09-20,Third-Party Delivery,Occasional
CUST000930,Lahore,2026-03-15,Dine-in,Occasional
CUST000931,Peshawar,2025-10-24,Website/App,Occasional
CUST000932,Karachi,2026-07-21,Dine-in,Occasional
CUST000933,Islamabad,2025-12-31,Dine-in,Promotion-Driven
CUST000934,Quetta,2025-08-14,Third-Party Delivery,High-Value Loyal
CUST000935,Faisalabad,2025-08-23,Takeaway,Occasional
CUST000936,Hyderabad,2026-01-13,Dine-in,High-Value Loyal
CUST000937,Faisalabad,2026-09-22,Dine-in,New
CUST000938,Peshawar,2025-12-28,Takeaway,Frequent
CUST000939,Peshawar,2026-01-30,Third-Party Delivery,Frequent
CUST000940,Multan,2026-02-07,Third-Party Delivery,At-Risk
CUST000941,Islamabad,2026-03-08,Website/App,Occasional
CUST000942,Karachi,2025-10-13,Takeaway,Promotion-Driven
CUST000943,Multan,2026-09-07,Takeaway,New
CUST000944,Karachi,2026-09-05,Website/App,New
CUST000945,Rawalpindi,2026-07-15,Website/App,Frequent
CUST000946,Rawalpindi,2026-09-09,Takeaway,Occasional
CUST000947,Hyderabad,2025-10-31,Dine-in,Occasional
CUST000948,Faisalabad,2025-10-26,Website/App,At-Risk
CUST000949,Quetta,2025-10-28,Dine-in,Frequent
CUST000950,Islamabad,2025-09-09,Takeaway,Occasional
CUST000951,Hyderabad,2026-08-27,Dine-in,New
CUST000952,Peshawar,2026-02-11,Third-Party Delivery,High-Value Loyal
CUST000953,Peshawar,2026-06-13,Dine-in,At-Risk
CUST000954,Multan,2026-09-16,Takeaway,New
CUST000955,Multan,2026-04-11,Dine-in,Frequent
CUST000956,Sialkot,2026-05-25,Dine-in,Promotion-Driven
CUST000957,Quetta,2025-10-12,Takeaway,Occasional
CUST000958,Quetta,2026-09-09,Dine-in,New
CUST000959,Rawalpindi,2026-06-22,Dine-in,Occasional
CUST000960,Islamabad,2026-09-09,Third-Party Delivery,New
CUST000961,Quetta,2025-12-08,Third-Party Delivery,High-Value Loyal
CUST000962,Multan,2026-07-07,Dine-in,Occasional
CUST000963,Rawalpindi,2025-08-04,Dine-in,Occasional
CUST000964,Sialkot,2026-09-15,Takeaway,Occasional
CUST000965,Peshawar,2026-03-26,Website/App,Occasional
CUST000966,Hyderabad,2025-12-25,Dine-in,Promotion-Driven
CUST000967,Islamabad,2026-07-12,Dine-in,High-Value Loyal
CUST000968,Islamabad,2026-05-06,Website/App,Frequent
CUST000969,Rawalpindi,2025-10-19,Takeaway,Occasional
CUST000970,Quetta,2025-09-06,Third-Party Delivery,Frequent
CUST000971,Faisalabad,2026-03-14,Takeaway,High-Value Loyal
CUST000972,Multan,2026-09-05,Takeaway,New
CUST000973,Peshawar,2025-12-31,Website/App,Promotion-Driven
CUST000974,Hyderabad,2026-06-23,Dine-in,Occasional
CUST000975,Lahore,2026-03-05,Takeaway,Frequent
CUST000976,Karachi,2026-07-19,Dine-in,Promotion-Driven
CUST000977,Rawalpindi,2026-09-09,Website/App,New
CUST000978,Sialkot,2026-01-01,Dine-in,Frequent
CUST000979,Lahore,2025-11-09,Third-Party Delivery,High-Value Loyal
CUST000980,Quetta,2026-02-12,Website/App,At-Risk
CUST000981,Hyderabad,2026-04-04,Dine-in,At-Risk
CUST000982,Islamabad,2025-09-23,Dine-in,Promotion-Driven
CUST000983,Rawalpindi,2025-11-29,Takeaway,At-Risk
CUST000984,Sialkot,2026-02-11,Takeaway,At-Risk
CUST000985,Multan,2026-05-19,Takeaway,At-Risk
CUST000986,Rawalpindi,2026-09-05,Website/App,New
CUST000987,Peshawar,2025-12-29,Website/App,Frequent
CUST000988,Sialkot,2026-07-24,Third-Party Delivery,Promotion-Driven
CUST000989,Multan,2025-12-29,Takeaway,Frequent
CUST000990,Islamabad,2025-08-11,Takeaway,Occasional
CUST000991,Faisalabad,2026-09-11,Dine-in,New
CUST000992,Sialkot,2025-12-18,Website/App,Occasional
CUST000993,Peshawar,2025-08-04,Third-Party Delivery,Occasional
CUST000994,Peshawar,2026-05-16,Dine-in,High-Value Loyal
CUST000995,Faisalabad,2026-07-17,Takeaway,At-Risk
CUST000996,Faisalabad,2026-08-31,Dine-in,New
CUST000997,Peshawar,2025-08-25,Third-Party Delivery,Frequent
CUST000998,Faisalabad,2026-06-06,Third-Party Delivery,Promotion-Driven
CUST000999,Sialkot,2026-08-16,Takeaway,Occasional
CUST001000,Rawalpindi,2026-04-11,Dine-in,Frequent
CUST001001,Multan,2025-12-24,Dine-in,Occasional
CUST001002,Sialkot,2026-09-01,Website/App,Occasional
CUST001003,Peshawar,2026-09-16,Dine-in,New
CUST001004,Peshawar,2026-06-06,Takeaway,Occasional
CUST001005,Peshawar,2026-09-14,Takeaway,Frequent
CUST001006,Multan,2026-01-27,Dine-in,High-Value Loyal
CUST001007,Sialkot,2026-09-03,Dine-in,New
CUST001008,Peshawar,2025-11-05,Dine-in,Occasional
CUST001009,Islamabad,2026-09-15,Dine-in,New
CUST001010,Islamabad,2026-07-13,Dine-in,Frequent
CUST001011,Islamabad,2026-08-21,Third-Party Delivery,Promotion-Driven
CUST001012,Sialkot,2026-08-04,Dine-in,Frequent
CUST001013,Faisalabad,2026-08-27,Dine-in,At-Risk
CUST001014,Islamabad,2026-07-03,Third-Party Delivery,At-Risk
CUST001015,Faisalabad,2026-07-14,Dine-in,At-Risk
CUST001016,Multan,2025-10-09,Third-Party Delivery,High-Value Loyal
CUST001017,Karachi,2026-06-17,Website/App,Occasional
CUST001018,Quetta,2025-09-18,Dine-in,High-Value Loyal
CUST001019,Hyderabad,2026-06-17,Dine-in,High-Value Loyal
CUST001020,Hyderabad,2026-06-26,Dine-in,Frequent
CUST001021,Multan,2025-08-20,Website/App,High-Value Loyal
CUST001022,Lahore,2026-01-05,Third-Party Delivery,Occasional
CUST001023,Lahore,2026-09-07,Website/App,High-Value Loyal
CUST001024,Islamabad,2026-03-13,Dine-in,Frequent
CUST001025,Hyderabad,2025-08-17,Takeaway,Occasional
CUST001026,Karachi,2026-05-23,Dine-in,High-Value Loyal
CUST001027,Islamabad,2026-02-02,Third-Party Delivery,Occasional
CUST001028,Quetta,2026-08-09,Dine-in,At-Risk
CUST001029,Faisalabad,2025-10-06,Dine-in,Promotion-Driven
CUST001030,Lahore,2025-09-15,Website/App,Frequent
CUST001031,Lahore,2025-12-29,Dine-in,At-Risk
CUST001032,Lahore,2026-01-14,Website/App,Occasional
CUST001033,Islamabad,2026-09-10,Third-Party Delivery,New
CUST001034,Multan,2025-10-28,Website/App,Frequent
CUST001035,Karachi,2025-11-10,Takeaway,At-Risk
CUST001036,Peshawar,2025-10-06,Dine-in,Occasional
CUST001037,Peshawar,2026-09-06,Dine-in,Frequent
CUST001038,Karachi,2026-08-26,Third-Party Delivery,New
CUST001039,Karachi,2026-02-03,Third-Party Delivery,Occasional
CUST001040,Islamabad,2026-04-28,Takeaway,Occasional
CUST001041,Peshawar,2026-08-25,Takeaway,New
CUST001042,Islamabad,2025-12-17,Dine-in,High-Value Loyal
CUST001043,Peshawar,2025-10-23,Third-Party Delivery,Frequent
CUST001044,Quetta,2025-12-09,Dine-in,Occasional
CUST001045,Multan,2026-04-03,Dine-in,Promotion-Driven
CUST001046,Peshawar,2026-09-14,Takeaway,New
CUST001047,Lahore,2026-08-17,Takeaway,Occasional
CUST001048,Hyderabad,2026-01-20,Dine-in,Frequent
CUST001049,Lahore,2026-09-15,Dine-in,Promotion-Driven
CUST001050,Islamabad,2025-09-27,Dine-in,Occasional
CUST001051,Rawalpindi,2026-03-27,Website/App,Occasional
CUST001052,Faisalabad,2025-09-07,Takeaway,Promotion-Driven
CUST001053,Sialkot,2025-10-11,Takeaway,Occasional
CUST001054,Karachi,2026-08-21,Dine-in,Frequent
CUST001055,Faisalabad,2025-11-23,Dine-in,Frequent
CUST001056,Lahore,2026-08-31,Dine-in,New
CUST001057,Multan,2026-07-11,Third-Party Delivery,High-Value Loyal
CUST001058,Multan,2026-02-19,Dine-in,Frequent
CUST001059,Quetta,2026-09-06,Dine-in,New
CUST001060,Karachi,2026-02-03,Dine-in,At-Risk
CUST001061,Karachi,2026-08-29,Dine-in,New
CUST001062,Islamabad,2026-02-18,Third-Party Delivery,Frequent
CUST001063,Karachi,2025-08-07,Third-Party Delivery,Frequent
CUST001064,Hyderabad,2025-12-13,Dine-in,At-Risk
CUST001065,Peshawar,2026-09-20,Takeaway,New
CUST001066,Islamabad,2026-09-12,Dine-in,New
CUST001067,Karachi,2026-07-10,Dine-in,Promotion-Driven
CUST001068,Peshawar,2026-08-18,Dine-in,Frequent
CUST001069,Multan,2026-07-10,Takeaway,At-Risk
CUST001070,Hyderabad,2025-12-12,Dine-in,High-Value Loyal
CUST001071,Sialkot,2026-05-26,Website/App,High-Value Loyal
CUST001072,Lahore,2026-08-28,Dine-in,New
CUST001073,Hyderabad,2026-06-22,Takeaway,Promotion-Driven
CUST001074,Quetta,2026-02-06,Website/App,Promotion-Driven
CUST001075,Rawalpindi,2025-09-24,Dine-in,Occasional
CUST001076,Hyderabad,2026-07-11,Third-Party Delivery,Promotion-Driven
CUST001077,Rawalpindi,2025-11-27,Website/App,At-Risk
CUST001078,Rawalpindi,2026-03-29,Third-Party Delivery,Occasional
CUST001079,Hyderabad,2026-09-04,Third-Party Delivery,New
CUST001080,Hyderabad,2026-05-14,Dine-in,High-Value Loyal
CUST001081,Faisalabad,2026-01-14,Dine-in,High-Value Loyal
CUST001082,Quetta,2026-06-08,Takeaway,Occasional
CUST001083,Quetta,2025-11-21,Dine-in,Promotion-Driven
CUST001084,Multan,2026-06-27,Takeaway,At-Risk
CUST001085,Quetta,2025-09-01,Website/App,Frequent
CUST001086,Sialkot,2026-06-21,Website/App,High-Value Loyal
CUST001087,Hyderabad,2026-03-25,Dine-in,Occasional
CUST001088,Peshawar,2026-07-24,Dine-in,Promotion-Driven
CUST001089,Sialkot,2026-09-03,Takeaway,New
CUST001090,Multan,2026-02-25,Dine-in,Frequent
CUST001091,Multan,2025-09-28,Dine-in,Frequent
CUST001092,Multan,2026-09-22,Takeaway,New
CUST001093,Quetta,2025-08-19,Third-Party Delivery,Frequent
CUST001094,Peshawar,2026-01-02,Website/App,Occasional
CUST001095,Islamabad,2026-04-09,Third-Party Delivery,Frequent
CUST001096,Islamabad,2025-09-28,Website/App,Promotion-Driven
CUST001097,Multan,2025-09-18,Dine-in,Occasional
CUST001098,Rawalpindi,2025-11-28,Takeaway,Frequent
CUST001099,Peshawar,2026-05-02,Third-Party Delivery,At-Risk
CUST001100,Hyderabad,2025-10-08,Third-Party Delivery,Occasional
CUST001101,Multan,2026-02-14,Website/App,High-Value Loyal
CUST001102,,2026-03-20,Website/App,Promotion-Driven
CUST001103,Islamabad,2026-02-05,Dine-in,Frequent
CUST001104,Multan,2026-07-09,Dine-in,High-Value Loyal
CUST001105,Faisalabad,2026-08-15,Website/App,At-Risk
CUST001106,Quetta,2026-07-22,Third-Party Delivery,Frequent
CUST001107,Multan,2026-05-03,Third-Party Delivery,Promotion-Driven
CUST001108,Karachi,2026-03-02,Takeaway,Frequent
CUST001109,Multan,2026-05-27,Dine-in,High-Value Loyal
CUST001110,Multan,2026-08-15,Dine-in,Occasional
CUST001111,Karachi,2026-08-07,Takeaway,Occasional
CUST001112,,2025-10-18,Dine-in,Occasional
CUST001113,Faisalabad,2026-02-28,Website/App,Occasional
CUST001114,Faisalabad,2026-07-01,Takeaway,Promotion-Driven
CUST001115,Islamabad,2026-08-28,Website/App,New
CUST001116,Islamabad,2026-04-07,Website/App,Occasional
CUST001117,Rawalpindi,2026-06-11,Takeaway,Frequent
CUST001118,Karachi,2026-09-15,Dine-in,New
CUST001119,Lahore,2025-08-16,Takeaway,Frequent
CUST001120,Multan,2026-07-19,Dine-in,Occasional
CUST001121,Peshawar,2026-02-05,Dine-in,Occasional
CUST001122,Hyderabad,2025-11-19,Dine-in,Frequent
CUST001123,Rawalpindi,2026-03-15,Takeaway,Occasional
CUST001124,Hyderabad,2026-03-15,Dine-in,Occasional
CUST001125,Peshawar,2025-11-28,Third-Party Delivery,Frequent
CUST001126,Hyderabad,2026-02-01,Dine-in,At-Risk
CUST001127,Multan,2025-09-19,Takeaway,Occasional
CUST001128,Hyderabad,2026-07-17,Takeaway,At-Risk
CUST001129,Faisalabad,2026-02-04,Takeaway,Promotion-Driven
CUST001130,Faisalabad,2026-05-05,Third-Party Delivery,Occasional
CUST001131,Karachi,2026-09-12,Dine-in,New
CUST001132,Peshawar,2025-08-31,Website/App,Frequent
CUST001133,Lahore,2026-02-19,Website/App,At-Risk
CUST001134,Hyderabad,2025-12-19,Takeaway,Promotion-Driven
CUST001135,Islamabad,2025-11-05,Dine-in,Occasional
CUST001136,Faisalabad,2025-10-01,Third-Party Delivery,Frequent
CUST001137,Rawalpindi,2026-03-20,Takeaway,Frequent
CUST001138,Lahore,2025-09-15,Dine-in,Promotion-Driven
CUST001139,Karachi,2026-07-05,Website/App,Frequent
CUST001140,Karachi,2025-11-16,Website/App,Occasional
CUST001141,Lahore,2026-06-24,Dine-in,Promotion-Driven
CUST001142,Karachi,2026-09-04,Website/App,New
CUST001143,Rawalpindi,2025-08-10,Third-Party Delivery,Frequent
CUST001144,Lahore,2025-08-25,Dine-in,Frequent
CUST001145,Quetta,2026-09-06,Website/App,Frequent
CUST001146,Multan,2026-01-17,Dine-in,High-Value Loyal
CUST001147,Peshawar,2025-12-02,Website/App,At-Risk
CUST001148,Lahore,2025-10-03,Third-Party Delivery,Occasional
CUST001149,Sialkot,2026-09-06,Takeaway,High-Value Loyal
CUST001150,Peshawar,2026-05-16,Takeaway,High-Value Loyal
CUST001151,Quetta,2025-11-13,Dine-in,Occasional
CUST001152,Rawalpindi,2025-09-04,Third-Party Delivery,Occasional
CUST001153,Faisalabad,2026-08-26,Takeaway,Occasional
CUST001154,Sialkot,2026-05-10,Dine-in,Occasional
CUST001155,Rawalpindi,2025-11-14,Third-Party Delivery,Occasional
CUST001156,Karachi,2026-05-27,Third-Party Delivery,High-Value Loyal
CUST001157,Peshawar,2025-11-18,Dine-in,Frequent
CUST001158,Peshawar,2026-09-20,Dine-in,At-Risk
CUST001159,Multan,2025-11-27,Third-Party Delivery,Promotion-Driven
CUST001160,Islamabad,2026-01-15,Dine-in,Occasional
CUST001161,Lahore,2026-08-31,Dine-in,Frequent
CUST001162,Peshawar,2025-10-14,Dine-in,Promotion-Driven
CUST001163,Multan,2026-09-07,Website/App,Occasional
CUST001164,Hyderabad,2026-06-01,Dine-in,Promotion-Driven
CUST001165,Karachi,2025-08-01,Third-Party Delivery,Occasional
CUST001166,Faisalabad,2025-12-19,Dine-in,At-Risk
CUST001167,Faisalabad,2025-10-13,Third-Party Delivery,At-Risk
CUST001168,Multan,2025-10-05,Dine-in,Frequent
CUST001169,Karachi,2026-05-03,Third-Party Delivery,At-Risk
CUST001170,Karachi,2025-12-06,Website/App,At-Risk
CUST001171,Faisalabad,2026-09-12,Dine-in,Occasional
CUST001172,Rawalpindi,2025-10-28,Website/App,Promotion-Driven
CUST001173,Islamabad,2025-09-25,Website/App,At-Risk
CUST001174,Karachi,2026-07-04,Takeaway,Frequent
CUST001175,Hyderabad,2025-08-13,Website/App,Occasional
CUST001176,Faisalabad,2025-10-06,Takeaway,Frequent
CUST001177,Multan,2025-08-07,Takeaway,Occasional
CUST001178,Sialkot,2026-01-30,Dine-in,High-Value Loyal
CUST001179,Sialkot,2026-09-08,Website/App,Frequent
CUST001180,Peshawar,2026-09-16,Dine-in,New
CUST001181,Lahore,2026-05-28,Website/App,Occasional
CUST001182,Peshawar,2026-01-12,Website/App,Frequent
CUST001183,Sialkot,2025-08-08,Website/App,At-Risk
CUST001184,Lahore,2026-09-15,Takeaway,New
CUST001185,Peshawar,2025-08-26,Third-Party Delivery,At-Risk
CUST001186,Lahore,2026-08-31,Third-Party Delivery,New
CUST001187,Rawalpindi,2026-03-03,Website/App,Occasional
CUST001188,Peshawar,2026-04-26,Third-Party Delivery,Promotion-Driven
CUST001189,Faisalabad,2026-08-31,Dine-in,New
CUST001190,Sialkot,2025-09-01,Third-Party Delivery,Frequent
CUST001191,Islamabad,2026-09-09,Website/App,New
CUST001192,Hyderabad,2026-09-12,Takeaway,New
CUST001193,Karachi,2026-04-19,Dine-in,Occasional
CUST001194,Sialkot,2026-05-30,Dine-in,At-Risk
CUST001195,Peshawar,2025-09-24,Takeaway,Frequent
CUST001196,Multan,2026-03-19,Dine-in,Frequent
CUST001197,Sialkot,2026-04-14,Website/App,At-Risk
CUST001198,Faisalabad,2025-11-21,Dine-in,Promotion-Driven
CUST001199,Quetta,2026-06-10,Dine-in,High-Value Loyal
CUST001200,Quetta,2025-08-22,Third-Party Delivery,At-Risk
CUST001201,Hyderabad,2026-08-07,Dine-in,High-Value Loyal
CUST001202,Rawalpindi,2026-09-05,Third-Party Delivery,Occasional
CUST001203,Quetta,2026-07-03,Website/App,Frequent
CUST001204,Lahore,2026-04-23,Third-Party Delivery,Frequent
CUST001205,Karachi,2026-01-01,Dine-in,At-Risk
CUST001206,Faisalabad,2026-03-22,Takeaway,Frequent
CUST001207,Karachi,2026-06-25,Dine-in,Frequent
CUST001208,Rawalpindi,2025-08-15,Takeaway,High-Value Loyal
CUST001209,Hyderabad,2025-08-31,Dine-in,At-Risk
CUST001210,Faisalabad,2026-04-02,Third-Party Delivery,At-Risk
CUST001211,Sialkot,2026-02-21,Takeaway,High-Value Loyal
CUST001212,Karachi,2026-03-06,Takeaway,Promotion-Driven
CUST001213,Lahore,2026-07-17,Third-Party Delivery,At-Risk
CUST001214,Karachi,2025-09-24,Takeaway,At-Risk
CUST001215,Islamabad,2026-04-08,Takeaway,Promotion-Driven
CUST001216,Islamabad,2026-07-30,Third-Party Delivery,Occasional
CUST001217,Multan,2026-03-15,Website/App,Occasional
CUST001218,Quetta,2026-08-26,Third-Party Delivery,New
CUST001219,Karachi,2025-09-10,Dine-in,Promotion-Driven
CUST001220,Sialkot,2026-01-11,Takeaway,High-Value Loyal
CUST001221,Multan,2026-06-07,Website/App,At-Risk
CUST001222,Hyderabad,2025-10-14,Dine-in,Frequent
CUST001223,Peshawar,2025-09-02,Takeaway,Frequent
CUST001224,Rawalpindi,2025-10-03,Dine-in,High-Value Loyal
CUST001225,Sialkot,2025-12-18,Third-Party Delivery,Occasional
CUST001226,Karachi,2026-06-15,Third-Party Delivery,Promotion-Driven
CUST001227,Quetta,2026-06-20,Website/App,At-Risk
CUST001228,Faisalabad,2026-09-06,Dine-in,New
CUST001229,Lahore,2026-07-30,Dine-in,High-Value Loyal
CUST001230,Peshawar,2026-01-13,Dine-in,Promotion-Driven
CUST001231,Lahore,2026-02-11,Dine-in,Frequent
CUST001232,Islamabad,2026-09-07,Takeaway,New
CUST001233,Rawalpindi,2026-09-09,Takeaway,New
CUST001234,Multan,2026-04-15,Takeaway,Promotion-Driven
CUST001235,Lahore,2026-06-05,Dine-in,Frequent
CUST001236,Faisalabad,2026-03-08,Dine-in,Occasional
CUST001237,Islamabad,2025-09-19,Dine-in,At-Risk
CUST001238,Faisalabad,2026-09-10,Website/App,Occasional
CUST001239,Islamabad,2026-07-25,Dine-in,Occasional
CUST001240,Faisalabad,2026-08-27,Dine-in,New
CUST001241,Multan,2026-07-01,Dine-in,Frequent
CUST001242,Faisalabad,2026-06-29,Third-Party Delivery,High-Value Loyal
CUST001243,Sialkot,2026-09-06,Website/App,New
CUST001244,Peshawar,2026-08-04,Website/App,At-Risk
CUST001245,Peshawar,2025-11-18,Dine-in,Occasional
CUST001246,Sialkot,2026-03-08,Dine-in,High-Value Loyal
CUST001247,Islamabad,2026-03-19,Takeaway,Occasional
CUST001248,Sialkot,2025-11-24,Dine-in,High-Value Loyal
CUST001249,Multan,2026-02-27,Third-Party Delivery,Promotion-Driven
CUST001250,Islamabad,2026-08-28,Third-Party Delivery,New
CUST001251,Lahore,2026-03-20,Dine-in,Occasional
CUST001252,Hyderabad,2026-02-20,Takeaway,Promotion-Driven
CUST001253,Quetta,2026-02-28,Dine-in,At-Risk
CUST001254,Rawalpindi,2026-08-08,Dine-in,Frequent
CUST001255,Quetta,2025-09-17,Website/App,Occasional
CUST001256,Multan,2026-01-07,Website/App,Promotion-Driven
CUST001257,Lahore,2026-03-06,Dine-in,Occasional
CUST001258,Peshawar,2026-01-07,Takeaway,Occasional
CUST001259,Multan,2026-07-06,Third-Party Delivery,Promotion-Driven
CUST001260,Multan,2025-12-08,Dine-in,Occasional
CUST001261,Sialkot,2026-02-07,Dine-in,Occasional
CUST001262,Multan,2026-09-02,Takeaway,New
CUST001263,Quetta,2026-03-30,Dine-in,High-Value Loyal
CUST001264,Hyderabad,2025-09-03,Dine-in,Frequent
CUST001265,,2025-09-15,Dine-in,At-Risk
CUST001266,Sialkot,2025-09-12,Dine-in,Frequent
CUST001267,Rawalpindi,2025-09-16,Dine-in,At-Risk
CUST001268,Hyderabad,2026-03-09,Dine-in,Occasional
CUST001269,Rawalpindi,2025-09-18,Takeaway,High-Value Loyal
CUST001270,Peshawar,2026-08-16,Takeaway,Promotion-Driven
CUST001271,Lahore,2026-08-13,Dine-in,Occasional
CUST001272,Rawalpindi,2026-02-06,Takeaway,Promotion-Driven
CUST001273,Multan,2026-09-19,Website/App,At-Risk
CUST001274,Quetta,2025-10-05,Dine-in,Promotion-Driven
CUST001275,Sialkot,2026-05-11,Takeaway,Promotion-Driven
CUST001276,Lahore,2025-08-30,Third-Party Delivery,Occasional
CUST001277,Quetta,2026-05-27,Takeaway,Occasional
CUST001278,Lahore,2026-05-14,Takeaway,Occasional
CUST001279,Peshawar,2026-05-14,Dine-in,At-Risk
CUST001280,Quetta,2026-01-15,Takeaway,Frequent
CUST001281,Lahore,2026-07-09,Third-Party Delivery,Frequent
CUST001282,Multan,2026-09-10,Dine-in,New
CUST001283,Sialkot,2026-01-28,Takeaway,Promotion-Driven
CUST001284,Lahore,2026-07-06,Dine-in,Frequent
CUST001285,Faisalabad,2026-08-19,Takeaway,Occasional
CUST001286,Faisalabad,2026-03-04,Dine-in,High-Value Loyal
CUST001287,Peshawar,2026-08-04,Takeaway,Occasional
CUST001288,Faisalabad,2025-08-26,Takeaway,Occasional
CUST001289,Rawalpindi,2025-12-25,Website/App,Frequent
CUST001290,Lahore,2026-06-03,Third-Party Delivery,Frequent
CUST001291,Peshawar,2026-01-06,Website/App,At-Risk
CUST001292,Rawalpindi,2026-09-20,Website/App,New
CUST001293,Sialkot,2026-05-22,Third-Party Delivery,At-Risk
CUST001294,Faisalabad,2026-04-16,Takeaway,Occasional
CUST001295,Peshawar,2025-11-16,Dine-in,Frequent
CUST001296,Rawalpindi,2025-10-18,Third-Party Delivery,Frequent
CUST001297,Sialkot,2026-07-02,Dine-in,Occasional
CUST001298,Faisalabad,2026-04-03,Dine-in,At-Risk
CUST001299,Hyderabad,2025-11-22,Takeaway,High-Value Loyal
CUST001300,Multan,2025-09-24,Website/App,Occasional
CUST001301,Lahore,2026-01-26,Third-Party Delivery,Frequent
CUST001302,Sialkot,2026-05-11,Takeaway,Occasional
CUST001303,Sialkot,2026-02-04,Takeaway,Occasional
CUST001304,Peshawar,2026-08-30,Website/App,New
CUST001305,Islamabad,2025-12-20,Dine-in,Occasional
CUST001306,Multan,2026-05-20,Dine-in,Occasional
CUST001307,Multan,2025-11-23,Dine-in,Promotion-Driven
CUST001308,Rawalpindi,2026-09-17,Third-Party Delivery,Promotion-Driven
CUST001309,Rawalpindi,2026-03-07,Third-Party Delivery,High-Value Loyal
CUST001310,Rawalpindi,2026-05-14,Website/App,Promotion-Driven
CUST001311,Faisalabad,2026-08-28,Dine-in,New
CUST001312,Hyderabad,2026-06-14,Dine-in,Occasional
CUST001313,Rawalpindi,2026-06-10,Takeaway,Occasional
CUST001314,Lahore,2026-07-11,Website/App,Frequent
CUST001315,Rawalpindi,2026-06-25,Dine-in,Frequent
CUST001316,Peshawar,2026-05-12,Website/App,At-Risk
CUST001317,Quetta,2025-08-13,Takeaway,Frequent
CUST001318,Peshawar,2026-06-07,Dine-in,Occasional
CUST001319,Peshawar,2026-07-02,Takeaway,Promotion-Driven
CUST001320,Hyderabad,2026-09-15,Takeaway,New
CUST001321,Karachi,2025-08-14,Website/App,Frequent
CUST001322,Quetta,2026-09-15,Dine-in,New
CUST001323,Peshawar,2026-07-25,Third-Party Delivery,At-Risk
CUST001324,Hyderabad,2026-09-14,Website/App,New
CUST001325,Rawalpindi,2026-01-20,Third-Party Delivery,Occasional
CUST001326,Rawalpindi,2026-01-26,Website/App,Promotion-Driven
CUST001327,Lahore,2026-09-18,Third-Party Delivery,New
CUST001328,Karachi,2025-10-12,Dine-in,At-Risk
CUST001329,Rawalpindi,2026-05-16,Third-Party Delivery,High-Value Loyal
CUST001330,Peshawar,2026-07-02,Dine-in,Frequent
CUST001331,Peshawar,2026-02-21,Third-Party Delivery,High-Value Loyal
CUST001332,Karachi,2025-09-04,Takeaway,At-Risk
CUST001333,Lahore,2025-10-11,Dine-in,Occasional
CUST001334,Rawalpindi,2026-08-14,Website/App,At-Risk
CUST001335,Peshawar,2026-06-20,Dine-in,At-Risk
CUST001336,Lahore,2025-08-15,Third-Party Delivery,High-Value Loyal
CUST001337,Sialkot,2025-09-15,Dine-in,High-Value Loyal
CUST001338,Sialkot,2026-08-17,Takeaway,High-Value Loyal
CUST001339,Islamabad,2026-09-17,Takeaway,New
CUST001340,Karachi,2026-02-08,Dine-in,Frequent
CUST001341,Faisalabad,2026-03-02,Dine-in,Frequent
CUST001342,Sialkot,2026-03-20,Dine-in,High-Value Loyal
CUST001343,Quetta,2026-01-21,Takeaway,At-Risk
CUST001344,Rawalpindi,2025-10-19,Takeaway,High-Value Loyal
CUST001345,Quetta,2026-02-05,Third-Party Delivery,Frequent
CUST001346,Karachi,2026-01-06,Third-Party Delivery,At-Risk
CUST001347,Multan,2026-08-04,Third-Party Delivery,Frequent
CUST001348,Faisalabad,2026-01-13,Third-Party Delivery,Occasional
CUST001349,Peshawar,2026-09-01,Dine-in,High-Value Loyal
CUST001350,Hyderabad,2026-05-17,Third-Party Delivery,At-Risk
CUST001351,Lahore,2026-06-01,Dine-in,Frequent
CUST001352,Islamabad,2025-09-12,Takeaway,Occasional
CUST001353,Islamabad,2025-08-26,Third-Party Delivery,Occasional
CUST001354,Quetta,2025-10-18,Dine-in,Promotion-Driven
CUST001355,Multan,2025-10-19,Dine-in,At-Risk
CUST001356,Lahore,2026-08-21,Dine-in,High-Value Loyal
CUST001357,Peshawar,2026-06-12,Dine-in,Occasional
CUST001358,Karachi,2025-08-25,Third-Party Delivery,Frequent
CUST001359,,2026-07-11,Third-Party Delivery,High-Value Loyal
CUST001360,Multan,2026-09-15,Dine-in,New
CUST001361,Rawalpindi,2026-03-14,Website/App,Occasional
CUST001362,,2026-07-04,Takeaway,High-Value Loyal
CUST001363,Karachi,2026-09-08,Dine-in,New
CUST001364,Multan,2026-06-06,Takeaway,Occasional
CUST001365,Rawalpindi,2026-03-14,Dine-in,At-Risk
CUST001366,Hyderabad,2026-02-28,Third-Party Delivery,High-Value Loyal
CUST001367,,2025-12-17,Dine-in,At-Risk
CUST001368,Quetta,2025-11-18,Website/App,Frequent
CUST001369,Hyderabad,2026-08-21,Website/App,At-Risk
CUST001370,Quetta,2026-04-19,Website/App,Frequent
CUST001371,Karachi,2025-09-27,Dine-in,High-Value Loyal
CUST001372,Quetta,2026-01-23,Dine-in,At-Risk
CUST001373,Islamabad,2026-03-08,Dine-in,At-Risk
CUST001374,Faisalabad,2026-09-14,Dine-in,New
CUST001375,Peshawar,2026-07-13,Takeaway,At-Risk
CUST001376,Lahore,2026-07-13,Website/App,At-Risk
CUST001377,,2026-05-30,Third-Party Delivery,Occasional
CUST001378,Lahore,2026-09-07,Dine-in,New
CUST001379,Multan,2026-07-07,Dine-in,High-Value Loyal
CUST001380,Hyderabad,2026-09-22,Dine-in,New
CUST001381,Islamabad,2025-11-20,Takeaway,Occasional
CUST001382,Rawalpindi,2026-02-18,Third-Party Delivery,At-Risk
CUST001383,Lahore,2026-06-02,Takeaway,Promotion-Driven
CUST001384,Peshawar,2026-09-23,Dine-in,New
CUST001385,Peshawar,2025-11-12,Dine-in,Frequent
CUST001386,Karachi,2026-01-01,Website/App,Promotion-Driven
CUST001387,Sialkot,2025-11-16,Dine-in,High-Value Loyal
CUST001388,Multan,2026-08-27,Website/App,Frequent
CUST001389,Lahore,2025-10-09,Takeaway,At-Risk
CUST001390,,2026-08-26,Website/App,At-Risk
CUST001391,Hyderabad,2025-12-08,Website/App,Promotion-Driven
CUST001392,Peshawar,2026-09-13,Takeaway,New
CUST001393,Lahore,2025-09-30,Takeaway,High-Value Loyal
CUST001394,Lahore,2026-09-08,Third-Party Delivery,New
CUST001395,Lahore,2026-08-17,Takeaway,High-Value Loyal
CUST001396,Islamabad,2026-03-08,Dine-in,Promotion-Driven
CUST001397,Islamabad,2025-10-28,Dine-in,Occasional
CUST001398,Karachi,2025-10-05,Website/App,At-Risk
CUST001399,Rawalpindi,2026-02-10,Dine-in,At-Risk
CUST001400,Rawalpindi,2026-09-01,Dine-in,New
CUST001401,Sialkot,2025-11-25,Dine-in,Promotion-Driven
CUST001402,Faisalabad,2026-04-13,Dine-in,At-Risk
CUST001403,Islamabad,2026-05-13,Website/App,Occasional
CUST001404,Quetta,2026-07-08,Website/App,Frequent
CUST001405,Quetta,2026-09-16,Takeaway,Promotion-Driven
CUST001406,Rawalpindi,2026-01-28,Website/App,Occasional
CUST001407,Multan,2025-09-05,Website/App,High-Value Loyal
CUST001408,Islamabad,2026-02-19,Website/App,Promotion-Driven
CUST001409,Rawalpindi,2026-08-14,Dine-in,Occasional
CUST001410,Sialkot,2025-08-21,Takeaway,Frequent
CUST001411,Islamabad,2026-03-11,Dine-in,Frequent
CUST001412,Quetta,2025-08-09,Third-Party Delivery,At-Risk
CUST001413,Hyderabad,2026-03-23,Dine-in,Occasional
CUST001414,Quetta,2025-09-08,Takeaway,At-Risk
CUST001415,Multan,2026-01-07,Takeaway,Promotion-Driven
CUST001416,Islamabad,2026-05-21,Dine-in,Frequent
CUST001417,Peshawar,2026-03-07,Dine-in,At-Risk
CUST001418,Rawalpindi,2026-05-20,Takeaway,At-Risk
CUST001419,Peshawar,2026-02-23,Dine-in,High-Value Loyal
CUST001420,Rawalpindi,2026-07-29,Dine-in,Occasional
CUST001421,Hyderabad,2026-06-23,Takeaway,Frequent
CUST001422,Multan,2026-03-01,Website/App,Promotion-Driven
CUST001423,Multan,2025-12-26,Dine-in,Frequent
CUST001424,Rawalpindi,2025-09-27,Dine-in,Occasional
CUST001425,Quetta,2026-09-23,Takeaway,New
CUST001426,Multan,2026-09-18,Website/App,New
CUST001427,Lahore,2026-09-14,Website/App,Frequent
CUST001428,Islamabad,2026-06-12,Dine-in,High-Value Loyal
CUST001429,Sialkot,2026-03-23,Takeaway,At-Risk
CUST001430,Peshawar,2026-07-19,Dine-in,Occasional
CUST001431,Islamabad,2026-02-01,Takeaway,Frequent
CUST001432,Hyderabad,2025-09-14,Dine-in,At-Risk
CUST001433,Faisalabad,2026-03-11,Dine-in,Occasional
CUST001434,Sialkot,2026-09-16,Website/App,New
CUST001435,Peshawar,2026-03-11,Dine-in,Frequent
CUST001436,Multan,2026-05-28,Dine-in,Frequent
CUST001437,Faisalabad,2026-02-21,Third-Party Delivery,Occasional
CUST001438,Islamabad,2026-09-21,Website/App,New
CUST001439,Sialkot,2026-02-18,Dine-in,Frequent
CUST001440,Islamabad,2026-01-05,Website/App,Occasional
CUST001441,Karachi,2026-09-13,Third-Party Delivery,New
CUST001442,Karachi,2025-11-21,Third-Party Delivery,High-Value Loyal
CUST001443,Lahore,2026-01-17,Dine-in,Occasional
CUST001444,Lahore,2026-09-02,Third-Party Delivery,Occasional
CUST001445,Islamabad,2025-10-25,Website/App,At-Risk
CUST001446,Hyderabad,2025-09-08,Website/App,Occasional
CUST001447,Islamabad,2026-09-03,Dine-in,New
CUST001448,,2025-09-27,Dine-in,High-Value Loyal
CUST001449,Multan,2026-04-28,Third-Party Delivery,Promotion-Driven
CUST001450,Rawalpindi,2026-09-17,Takeaway,New
CUST001451,Multan,2026-09-01,Third-Party Delivery,High-Value Loyal
CUST001452,Faisalabad,2026-01-25,Dine-in,Occasional
CUST001453,Sialkot,2026-08-31,Website/App,New
CUST001454,Quetta,2026-09-23,Dine-in,Frequent
CUST001455,Karachi,2026-08-28,Dine-in,New
CUST001456,Quetta,2025-10-14,Third-Party Delivery,Frequent
CUST001457,Lahore,2025-11-28,Website/App,At-Risk
CUST001458,Sialkot,2025-09-21,Takeaway,Occasional
CUST001459,Hyderabad,2025-10-13,Third-Party Delivery,Frequent
CUST001460,Faisalabad,2025-12-09,Website/App,Frequent
CUST001461,Quetta,2025-11-09,Third-Party Delivery,Promotion-Driven
CUST001462,Quetta,2025-10-27,Dine-in,Occasional
CUST001463,Lahore,2026-06-04,Dine-in,Occasional
CUST001464,Sialkot,2025-10-17,Website/App,At-Risk
CUST001465,Rawalpindi,2026-08-30,Dine-in,New
CUST001466,Multan,2026-07-01,Third-Party Delivery,Frequent
CUST001467,Multan,2025-09-07,Dine-in,Promotion-Driven
CUST001468,Faisalabad,2025-10-29,Dine-in,At-Risk
CUST001469,Quetta,2026-08-30,Third-Party Delivery,Promotion-Driven
CUST001470,Karachi,2026-06-17,Website/App,At-Risk
CUST001471,Peshawar,2026-09-09,Website/App,New
CUST001472,Sialkot,2026-08-21,Dine-in,Occasional
CUST001473,Lahore,2026-05-15,Website/App,Frequent
CUST001474,Karachi,2026-08-24,Dine-in,Occasional
CUST001475,Hyderabad,2026-05-23,Dine-in,At-Risk
CUST001476,Sialkot,2026-03-17,Takeaway,Occasional
CUST001477,Sialkot,2026-07-14,Website/App,Occasional
CUST001478,Multan,2026-05-16,Website/App,Occasional
CUST001479,Rawalpindi,2026-06-25,Website/App,Occasional
CUST001480,Karachi,2026-06-21,Dine-in,Promotion-Driven
CUST001481,Hyderabad,2026-06-15,Dine-in,Occasional
CUST001482,Quetta,2026-08-27,Dine-in,New
CUST001483,Sialkot,2026-06-17,Takeaway,At-Risk
CUST001484,Sialkot,2026-01-08,Website/App,High-Value Loyal
CUST001485,Quetta,2025-10-16,Dine-in,At-Risk
CUST001486,Multan,2026-09-21,Third-Party Delivery,New
CUST001487,Lahore,2026-03-28,Takeaway,At-Risk
CUST001488,Islamabad,2026-03-14,Third-Party Delivery,Occasional
CUST001489,Sialkot,2026-06-19,Dine-in,Occasional
CUST001490,Hyderabad,2026-01-02,Dine-in,Occasional
CUST001491,Peshawar,2026-09-11,Third-Party Delivery,At-Risk
CUST001492,Sialkot,2025-12-18,Dine-in,Frequent
CUST001493,Lahore,2026-05-29,Third-Party Delivery,Occasional
CUST001494,Rawalpindi,2025-08-28,Takeaway,Frequent
CUST001495,Karachi,2026-09-07,Takeaway,New
CUST001496,Multan,2025-09-06,Dine-in,High-Value Loyal
CUST001497,Sialkot,2026-01-05,Takeaway,At-Risk
CUST001498,Islamabad,2026-03-24,Dine-in,Frequent
CUST001499,Rawalpindi,2026-09-22,Third-Party Delivery,New
CUST001500,Rawalpindi,2025-08-29,Third-Party Delivery,At-Risk
CUST001501,Lahore,2026-02-04,Dine-in,Occasional
CUST001502,Lahore,2025-12-24,Website/App,Promotion-Driven
CUST001503,Peshawar,2026-09-03,Dine-in,New
CUST001504,Sialkot,2025-09-15,Takeaway,Frequent
CUST001505,Islamabad,2026-06-10,Third-Party Delivery,Occasional
CUST001506,Faisalabad,2026-05-31,Dine-in,Occasional
CUST001507,Karachi,2026-04-16,Third-Party Delivery,High-Value Loyal
CUST001508,Islamabad,2026-09-09,Website/App,New
CUST001509,Islamabad,2026-05-24,Third-Party Delivery,Frequent
CUST001510,Rawalpindi,2026-05-10,Website/App,Occasional
CUST001511,Peshawar,2026-09-09,Dine-in,At-Risk
CUST001512,Sialkot,2026-08-13,Third-Party Delivery,At-Risk
CUST001513,Karachi,2025-08-21,Third-Party Delivery,Occasional
CUST001514,Karachi,2026-03-18,Dine-in,Frequent
CUST001515,Hyderabad,2026-09-18,Dine-in,High-Value Loyal
CUST001516,Lahore,2026-05-19,Website/App,High-Value Loyal
CUST001517,Quetta,2026-06-29,Website/App,Frequent
CUST001518,Rawalpindi,2026-09-13,Website/App,New
CUST001519,Peshawar,2026-06-05,Dine-in,Frequent
CUST001520,Islamabad,2026-09-07,Third-Party Delivery,New
CUST001521,Multan,2025-10-16,Dine-in,Frequent
CUST001522,Rawalpindi,2025-08-31,Website/App,Occasional
CUST001523,Multan,2026-03-18,Dine-in,Occasional
CUST001524,Karachi,2025-09-21,Third-Party Delivery,Promotion-Driven
CUST001525,Lahore,2026-09-19,Website/App,Occasional
CUST001526,Hyderabad,2026-01-22,Dine-in,Frequent
CUST001527,Islamabad,2026-09-21,Dine-in,New
CUST001528,Islamabad,2026-04-15,Dine-in,Frequent
CUST001529,Hyderabad,2026-06-26,Dine-in,Frequent
CUST001530,Rawalpindi,2025-10-27,Takeaway,Occasional
CUST001531,Islamabad,2025-08-20,Third-Party Delivery,Frequent
CUST001532,Multan,2025-12-04,Dine-in,Promotion-Driven
CUST001533,Lahore,2026-07-28,Dine-in,Frequent
CUST001534,Faisalabad,2026-03-12,Takeaway,Promotion-Driven
CUST001535,Quetta,2026-09-07,Dine-in,New
CUST001536,Faisalabad,2026-04-24,Takeaway,Promotion-Driven
CUST001537,Multan,2026-06-08,Takeaway,Frequent
CUST001538,Sialkot,2025-10-20,Website/App,Occasional
CUST001539,Multan,2026-02-02,Website/App,Occasional
CUST001540,Sialkot,2026-08-25,Website/App,New
CUST001541,Peshawar,2026-09-11,Third-Party Delivery,New
CUST001542,Rawalpindi,2026-02-25,Dine-in,Frequent
CUST001543,Multan,2026-08-31,Dine-in,High-Value Loyal
CUST001544,Quetta,2026-01-20,Third-Party Delivery,At-Risk
CUST001545,Islamabad,2026-07-13,Third-Party Delivery,Occasional
CUST001546,Faisalabad,2026-06-02,Dine-in,Occasional
CUST001547,Islamabad,2025-08-26,Dine-in,High-Value Loyal
CUST001548,Sialkot,2026-09-08,Takeaway,High-Value Loyal
CUST001549,Lahore,2026-06-19,Dine-in,At-Risk
CUST001550,Hyderabad,2026-06-27,Dine-in,Promotion-Driven
CUST001551,Karachi,2026-01-18,Dine-in,Occasional
CUST001552,Sialkot,2025-09-02,Dine-in,Occasional
CUST001553,Sialkot,2026-01-15,Website/App,Promotion-Driven
CUST001554,Sialkot,2025-09-17,Takeaway,Occasional
CUST001555,Karachi,2026-09-02,Takeaway,New
CUST001556,Lahore,2026-02-13,Dine-in,High-Value Loyal
CUST001557,Peshawar,2026-09-15,Takeaway,New
CUST001558,Karachi,2026-08-05,Takeaway,At-Risk
CUST001559,Lahore,2026-07-02,Takeaway,Occasional
CUST001560,Hyderabad,2026-08-27,Takeaway,New
CUST001561,Peshawar,2025-10-15,Dine-in,Frequent
CUST001562,Multan,2026-01-17,Takeaway,Frequent
CUST001563,Islamabad,2025-09-10,Website/App,At-Risk
CUST001564,Peshawar,2026-05-25,Dine-in,Occasional
CUST001565,Faisalabad,2026-07-05,Takeaway,Occasional
CUST001566,Hyderabad,2025-10-11,Dine-in,Occasional
CUST001567,Lahore,2026-01-26,Website/App,Promotion-Driven
CUST001568,Multan,2026-01-05,Dine-in,Promotion-Driven
CUST001569,Multan,2026-07-01,Dine-in,High-Value Loyal
CUST001570,Islamabad,2026-09-02,Dine-in,New
CUST001571,Rawalpindi,2026-02-16,Third-Party Delivery,Occasional
CUST001572,Hyderabad,2025-10-05,Website/App,Occasional
CUST001573,Lahore,2026-05-31,Dine-in,Occasional
CUST001574,Faisalabad,2026-07-28,Dine-in,At-Risk
CUST001575,Islamabad,2025-09-12,Takeaway,Occasional
CUST001576,Sialkot,2026-01-05,Dine-in,Occasional
CUST001577,Multan,2026-05-13,Dine-in,Frequent
CUST001578,Hyderabad,2026-02-08,Dine-in,Frequent
CUST001579,Islamabad,2026-06-25,Dine-in,Occasional
CUST001580,Multan,2026-09-09,Third-Party Delivery,High-Value Loyal
CUST001581,Islamabad,2026-01-15,Website/App,Promotion-Driven
CUST001582,Karachi,2026-09-19,Dine-in,New
CUST001583,Lahore,2026-09-01,Dine-in,New
CUST001584,Hyderabad,2026-08-13,Dine-in,Occasional
CUST001585,Multan,2026-07-16,Takeaway,Occasional
CUST001586,Karachi,2026-04-26,Third-Party Delivery,High-Value Loyal
CUST001587,,2025-09-16,Dine-in,High-Value Loyal
CUST001588,Lahore,2026-06-26,Dine-in,Occasional
CUST001589,Faisalabad,2026-07-09,Dine-in,Occasional
CUST001590,Islamabad,2026-03-04,Takeaway,Occasional
CUST001591,Karachi,2026-04-17,Dine-in,Promotion-Driven
CUST001592,Islamabad,2026-02-01,Third-Party Delivery,Promotion-Driven
CUST001593,Peshawar,2025-08-09,Dine-in,High-Value Loyal
CUST001594,Islamabad,2026-09-14,Dine-in,New
CUST001595,Sialkot,2026-09-17,Dine-in,New
CUST001596,Rawalpindi,2026-01-21,Takeaway,At-Risk
CUST001597,Lahore,2026-08-27,Dine-in,High-Value Loyal
CUST001598,Sialkot,2026-04-05,Takeaway,Occasional
CUST001599,Karachi,2025-11-06,Takeaway,Frequent
CUST001600,Islamabad,2025-11-23,Takeaway,Occasional
CUST001601,Islamabad,2025-10-09,Website/App,Frequent
CUST001602,Lahore,2025-10-18,Website/App,Occasional
CUST001603,Multan,2025-09-08,Website/App,Frequent
CUST001604,Faisalabad,2025-12-29,Takeaway,Occasional
CUST001605,Quetta,2026-09-07,Takeaway,Occasional
CUST001606,Lahore,2026-09-07,Dine-in,New
CUST001607,Sialkot,2026-08-29,Third-Party Delivery,Promotion-Driven
CUST001608,,2026-05-03,Dine-in,High-Value Loyal
CUST001609,Quetta,2026-08-13,Website/App,At-Risk
CUST001610,Lahore,2026-04-26,Website/App,Frequent
CUST001611,Faisalabad,2025-08-19,Dine-in,High-Value Loyal
CUST001612,Quetta,2026-09-13,Website/App,New
CUST001613,Rawalpindi,2026-08-27,Takeaway,Promotion-Driven
CUST001614,Islamabad,2026-06-12,Dine-in,Frequent
CUST001615,Peshawar,2026-09-04,Third-Party Delivery,New
CUST001616,Karachi,2026-09-19,Website/App,New
CUST001617,Hyderabad,2025-10-22,Dine-in,Occasional
CUST001618,Rawalpindi,2025-10-31,Takeaway,Promotion-Driven
CUST001619,Quetta,2026-07-20,Takeaway,Occasional
CUST001620,Karachi,2026-08-29,Third-Party Delivery,At-Risk
CUST001621,Karachi,2026-06-15,Third-Party Delivery,Promotion-Driven
CUST001622,Islamabad,2026-08-26,Dine-in,New
CUST001623,Faisalabad,2025-10-23,Takeaway,Occasional
CUST001624,Sialkot,2026-08-04,Dine-in,At-Risk
CUST001625,Sialkot,2026-03-12,Dine-in,Occasional
CUST001626,Karachi,2025-08-22,Dine-in,At-Risk
CUST001627,Sialkot,2026-02-26,Dine-in,Promotion-Driven
CUST001628,Islamabad,2026-02-02,Takeaway,High-Value Loyal
CUST001629,Rawalpindi,2026-07-12,Dine-in,Occasional
CUST001630,Multan,2026-08-03,Takeaway,Frequent
CUST001631,Lahore,2025-11-29,Dine-in,Occasional
CUST001632,Multan,2026-09-04,Takeaway,New
CUST001633,Karachi,2025-12-23,Website/App,Occasional
CUST001634,Lahore,2026-08-20,Takeaway,Occasional
CUST001635,Hyderabad,2026-08-18,Dine-in,At-Risk
CUST001636,Sialkot,2026-09-05,Takeaway,Occasional
CUST001637,Sialkot,2026-03-17,Dine-in,Frequent
CUST001638,Rawalpindi,2025-11-27,Dine-in,At-Risk
CUST001639,Multan,2026-04-30,Website/App,Frequent
CUST001640,Rawalpindi,2025-11-30,Takeaway,Promotion-Driven
CUST001641,Sialkot,2026-01-05,Takeaway,Frequent
CUST001642,Quetta,2026-09-18,Dine-in,At-Risk
CUST001643,Islamabad,2026-09-08,Dine-in,New
CUST001644,Karachi,2025-11-07,Website/App,Frequent
CUST001645,Peshawar,2026-02-04,Dine-in,At-Risk
CUST001646,Faisalabad,2026-09-05,Dine-in,New
CUST001647,Sialkot,2026-03-13,Dine-in,Occasional
CUST001648,Rawalpindi,2026-08-30,Takeaway,New
CUST001649,Peshawar,2025-12-22,Third-Party Delivery,Occasional
CUST001650,Quetta,2026-09-02,Third-Party Delivery,At-Risk
CUST001651,Faisalabad,2026-09-07,Website/App,New
CUST001652,Multan,2026-04-27,Takeaway,High-Value Loyal
CUST001653,Islamabad,2026-03-02,Dine-in,Occasional
CUST001654,Peshawar,2025-10-21,Dine-in,High-Value Loyal
CUST001655,Islamabad,2026-09-17,Website/App,New
CUST001656,Rawalpindi,2026-09-14,Dine-in,At-Risk
CUST001657,Faisalabad,2026-06-05,Dine-in,Frequent
CUST001658,Hyderabad,2025-10-09,Dine-in,At-Risk
CUST001659,Faisalabad,2025-12-06,Dine-in,At-Risk
CUST001660,Islamabad,2025-08-26,Dine-in,High-Value Loyal
CUST001661,Lahore,2026-06-24,Third-Party Delivery,Promotion-Driven
CUST001662,Rawalpindi,2026-04-03,Takeaway,High-Value Loyal
CUST001663,Peshawar,2026-02-06,Takeaway,Promotion-Driven
CUST001664,Karachi,2026-05-10,Dine-in,At-Risk
CUST001665,Quetta,2025-09-21,Dine-in,Promotion-Driven
CUST001666,Faisalabad,2026-07-30,Dine-in,Frequent
CUST001667,Quetta,2026-04-21,Third-Party Delivery,Frequent
CUST001668,Multan,2026-09-14,Dine-in,New
CUST001669,Hyderabad,2025-09-11,Third-Party Delivery,Occasional
CUST001670,Peshawar,2026-09-18,Takeaway,New
CUST001671,Multan,2025-12-17,Dine-in,Occasional
CUST001672,Sialkot,2026-03-18,Dine-in,Occasional
CUST001673,Lahore,2026-04-19,Website/App,Promotion-Driven
CUST001674,Multan,2026-08-28,Dine-in,New
CUST001675,Rawalpindi,2026-03-11,Website/App,Promotion-Driven
CUST001676,Quetta,2025-09-15,Dine-in,Occasional
CUST001677,Hyderabad,2025-11-21,Website/App,Promotion-Driven
CUST001678,Quetta,2026-09-22,Dine-in,Promotion-Driven
CUST001679,Faisalabad,2026-03-18,Dine-in,Promotion-Driven
CUST001680,Lahore,2026-01-25,Dine-in,Occasional
CUST001681,Multan,2025-08-13,Third-Party Delivery,At-Risk
CUST001682,Sialkot,2026-02-28,Third-Party Delivery,At-Risk
CUST001683,Quetta,2025-08-27,Third-Party Delivery,Frequent
CUST001684,Peshawar,2026-02-18,Dine-in,Occasional
CUST001685,Sialkot,2026-04-14,Takeaway,At-Risk
CUST001686,Hyderabad,2026-02-07,Dine-in,Promotion-Driven
CUST001687,Rawalpindi,2025-11-28,Dine-in,Occasional
CUST001688,Peshawar,2026-02-13,Dine-in,At-Risk
CUST001689,Quetta,2025-09-10,Dine-in,Promotion-Driven
CUST001690,Islamabad,2026-02-07,Takeaway,Promotion-Driven
CUST001691,Karachi,2026-09-23,Third-Party Delivery,New
CUST001692,Multan,2026-01-10,Dine-in,At-Risk
CUST001693,Lahore,2025-09-19,Dine-in,Occasional
CUST001694,Quetta,2026-07-31,Third-Party Delivery,Occasional
CUST001695,Lahore,2026-06-28,Third-Party Delivery,Occasional
CUST001696,Karachi,2026-01-18,Third-Party Delivery,High-Value Loyal
CUST001697,Quetta,2026-09-09,Dine-in,Occasional
CUST001698,Multan,2025-10-13,Dine-in,Promotion-Driven
CUST001699,Islamabad,2025-10-09,Takeaway,Occasional
CUST001700,Rawalpindi,2025-08-19,Dine-in,High-Value Loyal
CUST001701,Faisalabad,2025-12-24,Dine-in,At-Risk
CUST001702,Sialkot,2026-03-29,Takeaway,At-Risk
CUST001703,Islamabad,2026-07-22,Third-Party Delivery,Frequent
CUST001704,Multan,2026-08-30,Third-Party Delivery,New
CUST001705,Peshawar,2026-07-27,Website/App,Occasional
CUST001706,Multan,2026-03-28,Website/App,Promotion-Driven
CUST001707,Islamabad,2026-03-17,Website/App,At-Risk
CUST001708,Multan,2026-06-11,Takeaway,Promotion-Driven
CUST001709,Lahore,2025-08-02,Takeaway,High-Value Loyal
CUST001710,Karachi,2025-09-09,Third-Party Delivery,Occasional
CUST001711,Multan,2025-08-09,Dine-in,At-Risk
CUST001712,Karachi,2025-12-09,Website/App,Frequent
CUST001713,Faisalabad,2025-11-18,Dine-in,At-Risk
CUST001714,Islamabad,2026-09-06,Takeaway,New
CUST001715,Hyderabad,2026-08-07,Takeaway,At-Risk
CUST001716,Hyderabad,2026-06-07,Third-Party Delivery,At-Risk
CUST001717,Sialkot,2026-04-27,Dine-in,Promotion-Driven
CUST001718,Multan,2026-03-04,Dine-in,High-Value Loyal
CUST001719,Peshawar,2025-09-25,Dine-in,Promotion-Driven
CUST001720,Multan,2026-09-01,Takeaway,Promotion-Driven
CUST001721,Quetta,2025-12-25,Dine-in,Promotion-Driven
CUST001722,Multan,2026-09-14,Third-Party Delivery,New
CUST001723,Peshawar,2025-10-01,Dine-in,Promotion-Driven
CUST001724,Karachi,2025-08-24,Dine-in,Occasional
CUST001725,Peshawar,2025-11-30,Takeaway,Occasional
CUST001726,Peshawar,2026-03-02,Website/App,High-Value Loyal
CUST001727,Sialkot,2026-06-23,Takeaway,At-Risk
CUST001728,Peshawar,2026-09-10,Dine-in,At-Risk
CUST001729,Karachi,2026-06-14,Takeaway,Occasional
CUST001730,Lahore,2026-09-21,Takeaway,New
CUST001731,Quetta,2025-09-25,Takeaway,Promotion-Driven
CUST001732,Faisalabad,2026-04-12,Dine-in,Occasional
CUST001733,Hyderabad,2026-06-01,Dine-in,Occasional
CUST001734,Faisalabad,2026-09-23,Third-Party Delivery,New
CUST001735,Faisalabad,2026-06-19,Dine-in,Occasional
CUST001736,Islamabad,2026-09-05,Dine-in,New
CUST001737,Multan,2025-12-01,Takeaway,At-Risk
CUST001738,Peshawar,2026-08-02,Dine-in,Occasional
CUST001739,Quetta,2025-10-12,Takeaway,At-Risk
CUST001740,Karachi,2025-12-27,Third-Party Delivery,Occasional
CUST001741,Quetta,2026-03-07,Takeaway,Frequent
CUST001742,Karachi,2025-07-31,Takeaway,Occasional
CUST001743,Lahore,2026-06-10,Third-Party Delivery,Occasional
CUST001744,Islamabad,2026-01-27,Takeaway,High-Value Loyal
CUST001745,Multan,2025-12-01,Takeaway,High-Value Loyal
CUST001746,Sialkot,2026-05-19,Dine-in,Occasional
CUST001747,Peshawar,2026-03-01,Dine-in,Frequent
CUST001748,Sialkot,2025-11-03,Third-Party Delivery,Frequent
CUST001749,Peshawar,2026-07-06,Website/App,Occasional
CUST001750,Sialkot,2026-07-08,Third-Party Delivery,At-Risk
CUST001751,,2025-09-12,Dine-in,Frequent
CUST001752,Faisalabad,2026-04-25,Third-Party Delivery,At-Risk
CUST001753,Sialkot,2026-01-31,Dine-in,Occasional
CUST001754,Sialkot,2026-09-07,Third-Party Delivery,New
CUST001755,Multan,2026-05-05,Takeaway,At-Risk
CUST001756,Hyderabad,2026-04-16,Third-Party Delivery,At-Risk
CUST001757,Multan,2026-09-06,Dine-in,Occasional
CUST001758,Rawalpindi,2026-04-16,Dine-in,High-Value Loyal
CUST001759,Lahore,2026-09-23,Third-Party Delivery,New
CUST001760,Karachi,2026-08-27,Dine-in,New
CUST001761,Lahore,2026-03-28,Dine-in,At-Risk
CUST001762,Multan,2025-08-22,Dine-in,High-Value Loyal
CUST001763,Peshawar,2026-06-21,Dine-in,Occasional
CUST001764,Multan,2026-09-12,Website/App,New
CUST001765,Karachi,2025-12-07,Third-Party Delivery,Occasional
CUST001766,Lahore,2026-08-17,Third-Party Delivery,At-Risk
CUST001767,Karachi,2025-08-08,Website/App,Promotion-Driven
CUST001768,Sialkot,2026-08-29,Takeaway,New
CUST001769,Hyderabad,2025-09-03,Website/App,Occasional
CUST001770,Faisalabad,2026-01-23,Website/App,Occasional
CUST001771,Faisalabad,2025-12-01,Website/App,At-Risk
CUST001772,Faisalabad,2026-09-02,Website/App,New
CUST001773,Multan,2026-06-17,Dine-in,High-Value Loyal
CUST001774,Rawalpindi,2025-09-22,Dine-in,Frequent
CUST001775,Karachi,2026-08-30,Dine-in,Promotion-Driven
CUST001776,Peshawar,2026-05-24,Takeaway,High-Value Loyal
CUST001777,Rawalpindi,2026-08-11,Takeaway,Frequent
CUST001778,Peshawar,2026-08-22,Dine-in,Occasional
CUST001779,Karachi,2026-01-17,Third-Party Delivery,Frequent
CUST001780,Peshawar,2026-09-22,Takeaway,New
CUST001781,Islamabad,2026-01-27,Website/App,High-Value Loyal
CUST001782,Hyderabad,2026-05-06,Dine-in,Occasional
CUST001783,Faisalabad,2026-01-20,Dine-in,Promotion-Driven
CUST001784,Lahore,2026-09-20,Website/App,Occasional
CUST001785,Lahore,2026-06-25,Dine-in,At-Risk
CUST001786,Lahore,2025-10-28,Dine-in,At-Risk
CUST001787,Lahore,2026-09-02,Third-Party Delivery,Frequent
CUST001788,Faisalabad,2026-09-09,Third-Party Delivery,New
CUST001789,Islamabad,2026-07-22,Dine-in,High-Value Loyal
CUST001790,Faisalabad,2026-04-02,Takeaway,Promotion-Driven
CUST001791,Quetta,2026-06-19,Dine-in,Occasional
CUST001792,Hyderabad,2025-11-01,Dine-in,Frequent
CUST001793,Peshawar,2026-09-19,Website/App,New
CUST001794,Multan,2026-09-01,Website/App,New
CUST001795,Peshawar,2026-09-01,Third-Party Delivery,Occasional
CUST001796,Karachi,2026-09-22,Takeaway,New
CUST001797,Karachi,2025-12-28,Dine-in,Frequent
CUST001798,Karachi,2025-11-11,Dine-in,At-Risk
CUST001799,Karachi,2025-08-22,Dine-in,Occasional
CUST001800,Faisalabad,2026-09-09,Third-Party Delivery,Occasional
CUST001801,Hyderabad,2026-08-26,Takeaway,New
CUST001802,Rawalpindi,2026-09-13,Dine-in,New
CUST001803,Multan,2026-09-07,Dine-in,New
CUST001804,Peshawar,2026-02-19,Takeaway,Promotion-Driven
CUST001805,Quetta,2026-09-21,Third-Party Delivery,At-Risk
CUST001806,Quetta,2026-05-05,Dine-in,High-Value Loyal
CUST001807,Quetta,2026-03-30,Takeaway,Promotion-Driven
CUST001808,Lahore,2026-09-22,Website/App,New
CUST001809,Lahore,2026-08-20,Takeaway,High-Value Loyal
CUST001810,Karachi,2026-06-27,Dine-in,Promotion-Driven
CUST001811,Hyderabad,2025-11-05,Takeaway,Frequent
CUST001812,Islamabad,2025-12-24,Third-Party Delivery,Promotion-Driven
CUST001813,Karachi,2026-08-27,Takeaway,New
CUST001814,,2026-09-03,Dine-in,At-Risk
CUST001815,Hyderabad,2025-08-24,Takeaway,Occasional
CUST001816,Multan,2026-07-01,Third-Party Delivery,Frequent
CUST001817,Peshawar,2026-01-16,Third-Party Delivery,Occasional
CUST001818,Faisalabad,2025-12-17,Dine-in,Occasional
CUST001819,Multan,2025-10-02,Website/App,Frequent
CUST001820,Sialkot,2026-09-12,Dine-in,New
CUST001821,Multan,2026-03-11,Takeaway,Promotion-Driven
CUST001822,Sialkot,2026-02-20,Website/App,At-Risk
CUST001823,Sialkot,2026-08-15,Website/App,Occasional
CUST001824,Sialkot,2026-08-26,Website/App,New
CUST001825,Rawalpindi,2026-02-13,Dine-in,At-Risk
CUST001826,Lahore,2026-09-18,Third-Party Delivery,New
CUST001827,Hyderabad,2026-04-11,Third-Party Delivery,High-Value Loyal
CUST001828,Hyderabad,2026-09-08,Takeaway,New
CUST001829,Islamabad,2026-08-25,Takeaway,New
CUST001830,Quetta,2026-09-07,Dine-in,New
CUST001831,Rawalpindi,2025-12-14,Website/App,Promotion-Driven
CUST001832,Hyderabad,2026-09-14,Third-Party Delivery,Frequent
CUST001833,Lahore,2025-09-11,Takeaway,High-Value Loyal
CUST001834,Lahore,2026-08-07,Dine-in,Promotion-Driven
CUST001835,,2026-03-05,Dine-in,Promotion-Driven
CUST001836,Faisalabad,2025-09-09,Dine-in,High-Value Loyal
CUST001837,Karachi,2026-03-08,Website/App,At-Risk
CUST001838,Peshawar,2026-06-04,Dine-in,Promotion-Driven
CUST001839,Multan,2025-10-31,Dine-in,High-Value Loyal
CUST001840,Karachi,2026-05-06,Website/App,Occasional
CUST001841,Quetta,2025-12-28,Third-Party Delivery,Occasional
CUST001842,Quetta,2026-01-11,Takeaway,At-Risk
CUST001843,Lahore,2025-09-21,Takeaway,Occasional
CUST001844,Karachi,2026-09-13,Website/App,New
CUST001845,Faisalabad,2026-07-04,Takeaway,High-Value Loyal
CUST001846,Sialkot,2025-12-29,Dine-in,Promotion-Driven
CUST001847,Rawalpindi,2026-01-03,Website/App,At-Risk
CUST001848,Sialkot,2026-03-16,Website/App,Occasional
CUST001849,Sialkot,2026-06-04,Website/App,At-Risk
CUST001850,Sialkot,2026-08-02,Dine-in,Promotion-Driven
CUST001851,Quetta,2026-03-06,Website/App,Promotion-Driven
CUST001852,Hyderabad,2025-10-24,Takeaway,Promotion-Driven
CUST001853,Karachi,2026-07-19,Third-Party Delivery,Occasional
CUST001854,Rawalpindi,2026-03-15,Dine-in,At-Risk
CUST001855,Hyderabad,2026-01-26,Dine-in,Promotion-Driven
CUST001856,Sialkot,2026-09-22,Third-Party Delivery,New
CUST001857,Islamabad,2026-08-07,Website/App,Promotion-Driven
CUST001858,Faisalabad,2026-01-27,Takeaway,Frequent
CUST001859,Peshawar,2026-06-10,Third-Party Delivery,Occasional
CUST001860,Karachi,2026-03-10,Takeaway,Promotion-Driven
CUST001861,Quetta,2025-12-18,Dine-in,Occasional
CUST001862,Rawalpindi,2026-06-23,Dine-in,Occasional
CUST001863,Sialkot,2026-09-09,Dine-in,High-Value Loyal
CUST001864,Rawalpindi,2025-08-29,Website/App,Frequent
CUST001865,Quetta,2025-09-07,Third-Party Delivery,Frequent
CUST001866,Islamabad,2026-07-09,Website/App,Frequent
CUST001867,Peshawar,2026-09-11,Takeaway,New
CUST001868,Faisalabad,2026-02-02,Takeaway,Occasional
CUST001869,Islamabad,2026-08-29,Takeaway,New
CUST001870,Multan,2026-08-18,Takeaway,Promotion-Driven
CUST001871,Quetta,2026-09-18,Dine-in,New
CUST001872,Hyderabad,2025-08-15,Dine-in,At-Risk
CUST001873,Hyderabad,2025-10-12,Dine-in,Occasional
CUST001874,Islamabad,2026-06-07,Takeaway,Promotion-Driven
CUST001875,Lahore,2026-07-13,Website/App,High-Value Loyal
CUST001876,Rawalpindi,2026-09-04,Dine-in,Occasional
CUST001877,Sialkot,2026-03-12,Dine-in,Occasional
CUST001878,Rawalpindi,2025-08-17,Website/App,At-Risk
CUST001879,Islamabad,2025-10-03,Dine-in,Frequent
CUST001880,Lahore,2026-09-16,Takeaway,New
CUST001881,Karachi,2026-09-02,Takeaway,Frequent
CUST001882,Rawalpindi,2026-06-26,Dine-in,At-Risk
CUST001883,Peshawar,2026-02-03,Third-Party Delivery,Promotion-Driven
CUST001884,Karachi,2026-02-01,Takeaway,Occasional
CUST001885,Multan,2026-02-12,Dine-in,Occasional
CUST001886,Faisalabad,2026-05-17,Takeaway,Frequent
CUST001887,Peshawar,2025-08-16,Dine-in,Promotion-Driven
CUST001888,Karachi,2026-06-05,Dine-in,High-Value Loyal
CUST001889,Sialkot,2025-10-17,Dine-in,At-Risk
CUST001890,Karachi,2026-07-13,Website/App,At-Risk
CUST001891,Faisalabad,2026-03-18,Takeaway,Promotion-Driven
CUST001892,Multan,2026-02-05,Dine-in,Frequent
CUST001893,Rawalpindi,2026-02-06,Website/App,High-Value Loyal
CUST001894,Karachi,2026-03-15,Dine-in,At-Risk
CUST001895,Hyderabad,2026-08-25,Takeaway,Occasional
CUST001896,Sialkot,2025-09-08,Third-Party Delivery,Occasional
CUST001897,Multan,2026-05-20,Dine-in,Occasional
CUST001898,Lahore,2025-10-09,Takeaway,Occasional
CUST001899,Karachi,2026-04-28,Takeaway,Frequent
CUST001900,Faisalabad,2026-02-03,Dine-in,Occasional
CUST001901,Faisalabad,2026-02-19,Dine-in,Occasional
CUST001902,Faisalabad,2026-01-07,Dine-in,Promotion-Driven
CUST001903,Lahore,2026-09-15,Dine-in,New
CUST001904,Sialkot,2025-12-05,Takeaway,Frequent
CUST001905,Sialkot,2025-09-27,Dine-in,Promotion-Driven
CUST001906,Multan,2025-08-13,Dine-in,At-Risk
CUST001907,Peshawar,2026-08-11,Third-Party Delivery,Frequent
CUST001908,Karachi,2025-11-03,Dine-in,Occasional
CUST001909,Hyderabad,2026-04-12,Third-Party Delivery,At-Risk
CUST001910,Sialkot,2026-09-11,Dine-in,New
CUST001911,Sialkot,2026-05-14,Dine-in,Occasional
CUST001912,Hyderabad,2025-09-29,Dine-in,Frequent
CUST001913,Islamabad,2025-12-12,Takeaway,At-Risk
CUST001914,Multan,2026-09-15,Dine-in,New
CUST001915,,2026-07-26,Dine-in,Promotion-Driven
CUST001916,Sialkot,2026-03-16,Dine-in,At-Risk
CUST001917,,2025-11-17,Dine-in,Occasional
CUST001918,Sialkot,2026-06-09,Dine-in,At-Risk
CUST001919,Karachi,2025-12-24,Dine-in,Occasional
CUST001920,Hyderabad,2026-07-21,Third-Party Delivery,At-Risk
CUST001921,Lahore,2026-04-08,Takeaway,Occasional
CUST001922,Quetta,2025-11-10,Dine-in,Frequent
CUST001923,Hyderabad,2025-10-01,Dine-in,Promotion-Driven
CUST001924,Quetta,2025-10-08,Website/App,Frequent
CUST001925,Multan,2025-09-06,Dine-in,Frequent
CUST001926,Islamabad,2026-03-19,Dine-in,Occasional
CUST001927,Faisalabad,2025-10-27,Dine-in,Occasional
CUST001928,Faisalabad,2026-07-31,Dine-in,Occasional
CUST001929,Quetta,2026-03-15,Website/App,Frequent
CUST001930,Multan,2025-09-13,Takeaway,At-Risk
CUST001931,Faisalabad,2026-09-18,Third-Party Delivery,Occasional
CUST001932,Hyderabad,2026-07-15,Dine-in,Occasional
CUST001933,Sialkot,2026-01-10,Dine-in,Promotion-Driven
CUST001934,Sialkot,2026-07-07,Dine-in,High-Value Loyal
CUST001935,Sialkot,2026-01-24,Takeaway,Occasional
CUST001936,Multan,2026-07-29,Dine-in,Promotion-Driven
CUST001937,Rawalpindi,2026-09-06,Dine-in,New
CUST001938,Quetta,2026-05-04,Dine-in,Promotion-Driven
CUST001939,Lahore,2025-12-26,Dine-in,Frequent
CUST001940,Rawalpindi,2025-12-31,Dine-in,Occasional
CUST001941,Faisalabad,2025-10-19,Dine-in,Occasional
CUST001942,Karachi,2026-07-30,Takeaway,Promotion-Driven
CUST001943,Lahore,2026-07-29,Dine-in,Promotion-Driven
CUST001944,Karachi,2026-07-24,Third-Party Delivery,Frequent
CUST001945,Rawalpindi,2026-06-22,Dine-in,Promotion-Driven
CUST001946,Quetta,2025-10-28,Third-Party Delivery,At-Risk
CUST001947,Hyderabad,2026-09-10,Dine-in,Promotion-Driven
CUST001948,Islamabad,2026-02-01,Dine-in,Frequent
CUST001949,Quetta,2026-04-17,Dine-in,At-Risk
CUST001950,Hyderabad,2025-11-22,Dine-in,Promotion-Driven
CUST001951,Hyderabad,2025-10-01,Website/App,Promotion-Driven
CUST001952,Rawalpindi,2025-11-10,Website/App,Promotion-Driven
CUST001953,Islamabad,2026-09-09,Dine-in,Promotion-Driven
CUST001954,Lahore,2025-10-10,Takeaway,Occasional
CUST001955,Sialkot,2025-11-29,Dine-in,At-Risk
CUST001956,Hyderabad,2026-09-08,Dine-in,New
CUST001957,Peshawar,2025-08-13,Website/App,Occasional
CUST001958,Islamabad,2026-01-31,Third-Party Delivery,Promotion-Driven
CUST001959,Rawalpindi,2026-05-10,Dine-in,Frequent
CUST001960,Hyderabad,2026-05-20,Dine-in,High-Value Loyal
CUST001961,Peshawar,2026-02-04,Dine-in,Frequent
CUST001962,Islamabad,2026-03-27,Third-Party Delivery,High-Value Loyal
CUST001963,Rawalpindi,2026-09-15,Website/App,Frequent
CUST001964,Hyderabad,2026-05-09,Website/App,Occasional
CUST001965,Rawalpindi,2025-10-05,Dine-in,Promotion-Driven
CUST001966,Hyderabad,2026-06-09,Dine-in,Frequent
CUST001967,Hyderabad,2026-09-21,Takeaway,New
CUST001968,Lahore,2026-01-05,Third-Party Delivery,Occasional
CUST001969,Rawalpindi,2026-02-19,Dine-in,Frequent
CUST001970,Hyderabad,2026-08-31,Dine-in,New
CUST001971,Hyderabad,2026-04-02,Website/App,Occasional
CUST001972,Karachi,2026-04-26,Dine-in,Occasional
CUST001973,Faisalabad,2026-02-26,Takeaway,At-Risk
CUST001974,Peshawar,2026-08-28,Dine-in,Occasional
CUST001975,Karachi,2026-02-25,Takeaway,At-Risk
CUST001976,Sialkot,2026-05-21,Third-Party Delivery,At-Risk
CUST001977,Sialkot,2025-09-06,Dine-in,Occasional
CUST001978,Quetta,2025-10-03,Takeaway,At-Risk
CUST001979,Quetta,2026-01-09,Takeaway,Promotion-Driven
CUST001980,Islamabad,2026-06-24,Takeaway,Frequent
CUST001981,Peshawar,2025-09-06,Website/App,High-Value Loyal
CUST001982,Sialkot,2026-03-18,Website/App,High-Value Loyal
CUST001983,Karachi,2026-03-26,Takeaway,High-Value Loyal
CUST001984,Peshawar,2026-09-07,Dine-in,New
CUST001985,Lahore,2026-01-23,Website/App,Promotion-Driven
CUST001986,Quetta,2025-10-04,Takeaway,High-Value Loyal
CUST001987,Sialkot,2026-09-03,Dine-in,Promotion-Driven
CUST001988,Rawalpindi,2026-05-09,Website/App,High-Value Loyal
CUST001989,Sialkot,2026-06-23,Takeaway,At-Risk
CUST001990,Lahore,2026-05-27,Website/App,Occasional
CUST001991,Multan,2025-11-01,Dine-in,Frequent
CUST001992,Peshawar,2026-08-28,Takeaway,Frequent
CUST001993,Peshawar,2025-10-05,Dine-in,Frequent
CUST001994,Peshawar,2026-03-09,Website/App,Frequent
CUST001995,Islamabad,2026-04-14,Takeaway,Frequent
CUST001996,Rawalpindi,2025-08-28,Website/App,Frequent
CUST001997,Hyderabad,2025-10-02,Dine-in,Promotion-Driven
CUST001998,Peshawar,2026-09-19,Third-Party Delivery,New
CUST001999,Multan,2026-01-02,Third-Party Delivery,Frequent
CUST002000,Karachi,2025-10-23,Dine-in,Promotion-Driven
CUST002001,Lahore,2025-10-21,Third-Party Delivery,Frequent
CUST002002,Sialkot,2026-01-12,Takeaway,Promotion-Driven
CUST002003,Peshawar,2026-07-29,Takeaway,At-Risk
CUST002004,Hyderabad,2026-09-12,Dine-in,New
CUST002005,Hyderabad,2026-04-22,Dine-in,Occasional
CUST002006,Karachi,2025-12-23,Takeaway,Occasional
CUST002007,Lahore,2025-09-09,Third-Party Delivery,At-Risk
CUST002008,Quetta,2026-09-17,Third-Party Delivery,New
CUST002009,Faisalabad,2026-06-21,Takeaway,At-Risk
CUST002010,Karachi,2026-05-09,Dine-in,Occasional
CUST002011,Lahore,2025-12-18,Dine-in,Promotion-Driven
CUST002012,Multan,2025-10-03,Dine-in,Occasional
CUST002013,Lahore,2026-09-14,Dine-in,New
CUST002014,Peshawar,2026-06-10,Takeaway,Occasional
CUST002015,Faisalabad,2026-09-21,Third-Party Delivery,New
CUST002016,Sialkot,2026-04-14,Dine-in,At-Risk
CUST002017,Islamabad,2026-06-24,Dine-in,At-Risk
CUST002018,Islamabad,2026-09-05,Dine-in,New
CUST002019,Quetta,2026-05-24,Takeaway,Occasional
CUST002020,Karachi,2025-10-17,Third-Party Delivery,Promotion-Driven
CUST002021,Rawalpindi,2025-10-26,Dine-in,Frequent
CUST002022,Lahore,2026-07-03,Dine-in,Occasional
CUST002023,Sialkot,2026-06-15,Third-Party Delivery,At-Risk
CUST002024,Lahore,2026-08-03,Takeaway,Frequent
CUST002025,Peshawar,2026-06-05,Third-Party Delivery,Frequent
CUST002026,Faisalabad,2026-01-19,Website/App,Frequent
CUST002027,Lahore,2026-05-15,Website/App,Occasional
CUST002028,Peshawar,2026-08-28,Takeaway,New
CUST002029,Hyderabad,2025-08-14,Dine-in,Frequent
CUST002030,Peshawar,2025-09-10,Website/App,At-Risk
CUST002031,Peshawar,2025-08-23,Takeaway,Promotion-Driven
CUST002032,Quetta,2026-06-24,Third-Party Delivery,Frequent
CUST002033,Faisalabad,2026-08-29,Website/App,Occasional
CUST002034,Hyderabad,2026-05-22,Third-Party Delivery,Occasional
CUST002035,Sialkot,2025-12-13,Third-Party Delivery,At-Risk
CUST002036,Hyderabad,2026-06-29,Takeaway,Occasional
CUST002037,Quetta,2025-11-15,Takeaway,At-Risk
CUST002038,Peshawar,2026-08-27,Dine-in,High-Value Loyal
CUST002039,Hyderabad,2026-05-19,Takeaway,At-Risk
CUST002040,Sialkot,2026-03-01,Website/App,Occasional
CUST002041,Peshawar,2026-06-12,Takeaway,Occasional
CUST002042,Faisalabad,2026-09-23,Dine-in,New
CUST002043,Sialkot,2026-08-26,Dine-in,New
CUST002044,Hyderabad,2026-06-17,Third-Party Delivery,Promotion-Driven
CUST002045,Multan,2026-05-06,Website/App,Frequent
CUST002046,Karachi,2025-12-26,Dine-in,Promotion-Driven
CUST002047,Faisalabad,2026-06-24,Takeaway,High-Value Loyal
CUST002048,Multan,2026-01-01,Website/App,Frequent
CUST002049,Multan,2026-04-04,Website/App,Promotion-Driven
CUST002050,Lahore,2025-12-03,Takeaway,High-Value Loyal
CUST002051,Sialkot,2026-09-16,Dine-in,At-Risk
CUST002052,Lahore,2026-09-17,Dine-in,Occasional
CUST002053,Sialkot,2026-07-16,Third-Party Delivery,High-Value Loyal
CUST002054,Karachi,2026-02-23,Third-Party Delivery,Promotion-Driven
CUST002055,Hyderabad,2026-09-09,Dine-in,New
CUST002056,Karachi,2025-09-06,Takeaway,Frequent
CUST002057,Hyderabad,2026-07-18,Takeaway,Occasional
CUST002058,Quetta,2025-08-30,Third-Party Delivery,Promotion-Driven
CUST002059,Multan,2026-09-09,Dine-in,New
CUST002060,Sialkot,2026-02-28,Third-Party Delivery,At-Risk
CUST002061,Lahore,2026-04-04,Website/App,Frequent
CUST002062,Rawalpindi,2026-03-25,Dine-in,Frequent
CUST002063,Rawalpindi,2026-09-13,Dine-in,New
CUST002064,Lahore,2026-09-19,Website/App,New
CUST002065,Sialkot,2026-01-07,Takeaway,High-Value Loyal
CUST002066,Peshawar,2026-08-02,Dine-in,Promotion-Driven
CUST002067,Multan,2026-08-31,Takeaway,New
CUST002068,Quetta,2026-01-23,Third-Party Delivery,Frequent
CUST002069,Karachi,2026-02-20,Takeaway,Frequent
CUST002070,Islamabad,2025-10-05,Dine-in,Promotion-Driven
CUST002071,Sialkot,2026-08-24,Dine-in,Frequent
CUST002072,Hyderabad,2026-02-05,Dine-in,High-Value Loyal
CUST002073,Faisalabad,2026-04-20,Dine-in,High-Value Loyal
CUST002074,Rawalpindi,2026-05-14,Website/App,High-Value Loyal
CUST002075,Rawalpindi,2025-09-23,Dine-in,At-Risk
CUST002076,Karachi,2026-09-16,Takeaway,New
CUST002077,Hyderabad,2026-03-26,Takeaway,Frequent
CUST002078,Islamabad,2026-09-15,Takeaway,New
CUST002079,Islamabad,2026-09-16,Takeaway,New
CUST002080,Sialkot,2025-10-11,Dine-in,At-Risk
CUST002081,Karachi,2026-09-22,Third-Party Delivery,New
CUST002082,Sialkot,2025-12-26,Dine-in,Frequent
CUST002083,Rawalpindi,2026-02-12,Dine-in,Frequent
CUST002084,Quetta,2026-06-11,Dine-in,Frequent
CUST002085,Lahore,2026-03-02,Takeaway,At-Risk
CUST002086,Sialkot,2025-12-05,Dine-in,Promotion-Driven
CUST002087,Quetta,2025-10-20,Takeaway,Frequent
CUST002088,Islamabad,2026-09-20,Website/App,Promotion-Driven
CUST002089,Multan,2026-08-25,Dine-in,New
CUST002090,Peshawar,2026-05-22,Takeaway,Occasional
CUST002091,Karachi,2026-09-13,Third-Party Delivery,New
CUST002092,Peshawar,2025-11-05,Website/App,High-Value Loyal
CUST002093,Faisalabad,2026-08-25,Dine-in,High-Value Loyal
CUST002094,Sialkot,2025-10-20,Website/App,Frequent
CUST002095,Lahore,2026-04-12,Website/App,Frequent
CUST002096,Multan,2026-04-20,Takeaway,Frequent
CUST002097,Rawalpindi,2026-03-27,Takeaway,Promotion-Driven
CUST002098,Quetta,2026-04-12,Dine-in,At-Risk
CUST002099,Sialkot,2026-09-08,Takeaway,New
CUST002100,Karachi,2025-08-11,Third-Party Delivery,Promotion-Driven
CUST002101,Lahore,2025-09-15,Third-Party Delivery,At-Risk
CUST002102,Karachi,2026-02-17,Dine-in,Promotion-Driven
CUST002103,Quetta,2026-09-09,Takeaway,New
CUST002104,Faisalabad,2025-12-01,Dine-in,Frequent
CUST002105,Karachi,2025-11-18,Website/App,At-Risk
CUST002106,Sialkot,2026-05-25,Website/App,High-Value Loyal
CUST002107,Islamabad,2026-01-27,Dine-in,Promotion-Driven
CUST002108,Karachi,2025-08-24,Third-Party Delivery,At-Risk
CUST002109,Hyderabad,2025-08-25,Dine-in,Frequent
CUST002110,Sialkot,2025-12-22,Website/App,Frequent
CUST002111,Lahore,2026-04-10,Website/App,At-Risk
CUST002112,Islamabad,2026-06-01,Third-Party Delivery,Promotion-Driven
CUST002113,Rawalpindi,2026-06-30,Website/App,Occasional
CUST002114,Faisalabad,2026-07-10,Third-Party Delivery,Frequent
CUST002115,Multan,2026-03-28,Takeaway,At-Risk
CUST002116,Peshawar,2025-12-24,Takeaway,Occasional
CUST002117,Multan,2026-05-01,Dine-in,Promotion-Driven
CUST002118,Karachi,2025-08-04,Third-Party Delivery,At-Risk
CUST002119,Karachi,2025-09-24,Dine-in,Promotion-Driven
CUST002120,Peshawar,2026-03-08,Third-Party Delivery,Occasional
CUST002121,Karachi,2026-08-26,Website/App,New
CUST002122,Hyderabad,2025-12-13,Takeaway,High-Value Loyal
CUST002123,Rawalpindi,2026-09-12,Website/App,New
CUST002124,Islamabad,2026-08-26,Dine-in,High-Value Loyal
CUST002125,Karachi,2026-02-22,Takeaway,High-Value Loyal
CUST002126,Karachi,2026-02-03,Third-Party Delivery,At-Risk
CUST002127,Quetta,2025-08-23,Takeaway,Occasional
CUST002128,Quetta,2026-02-21,Third-Party Delivery,Occasional
CUST002129,Peshawar,2026-09-05,Takeaway,New
CUST002130,Quetta,2026-05-14,Takeaway,Occasional
CUST002131,Karachi,2025-11-07,Dine-in,At-Risk
CUST002132,Rawalpindi,2026-09-06,Takeaway,New
CUST002133,Hyderabad,2025-12-25,Dine-in,Occasional
CUST002134,Sialkot,2025-09-06,Website/App,At-Risk
CUST002135,Sialkot,2026-02-13,Takeaway,Frequent
CUST002136,Faisalabad,2026-04-15,Takeaway,Frequent
CUST002137,Sialkot,2026-03-18,Takeaway,Occasional
CUST002138,Rawalpindi,2026-08-26,Takeaway,Occasional
CUST002139,Hyderabad,2026-09-15,Dine-in,New
CUST002140,Hyderabad,2026-06-15,Website/App,Promotion-Driven
CUST002141,Lahore,2026-07-14,Dine-in,Occasional
CUST002142,Karachi,2026-09-20,Dine-in,New
CUST002143,Lahore,2025-10-04,Dine-in,Occasional
CUST002144,Islamabad,2025-09-18,Third-Party Delivery,High-Value Loyal
CUST002145,Karachi,2026-02-17,Third-Party Delivery,Frequent
CUST002146,Peshawar,2026-08-29,Dine-in,New
CUST002147,Faisalabad,2026-01-20,Dine-in,Occasional
CUST002148,Lahore,2026-05-12,Website/App,Frequent
CUST002149,Hyderabad,2026-02-03,Dine-in,Promotion-Driven
CUST002150,Hyderabad,2026-08-21,Dine-in,High-Value Loyal
CUST002151,Islamabad,2025-10-12,Dine-in,Occasional
CUST002152,Quetta,2025-11-09,Website/App,At-Risk
CUST002153,Faisalabad,2026-06-04,Takeaway,At-Risk
CUST002154,Rawalpindi,2026-04-17,Takeaway,Frequent
CUST002155,,2026-02-21,Dine-in,Occasional
CUST002156,Peshawar,2026-09-22,Website/App,New
CUST002157,Quetta,2025-08-23,Third-Party Delivery,At-Risk
CUST002158,Multan,2025-08-19,Dine-in,Frequent
CUST002159,Quetta,2025-10-09,Dine-in,Occasional
CUST002160,Rawalpindi,2026-09-13,Takeaway,New
CUST002161,Rawalpindi,2026-09-08,Website/App,New
CUST002162,Multan,2026-04-22,Dine-in,Promotion-Driven
CUST002163,Karachi,2026-03-21,Takeaway,Frequent
CUST002164,Lahore,2025-10-15,Third-Party Delivery,Promotion-Driven
CUST002165,Multan,2026-08-26,Third-Party Delivery,New
CUST002166,Lahore,2026-04-20,Third-Party Delivery,High-Value Loyal
CUST002167,Multan,2025-10-10,Dine-in,Occasional
CUST002168,Hyderabad,2026-01-14,Website/App,High-Value Loyal
CUST002169,Islamabad,2026-06-09,Dine-in,Promotion-Driven
CUST002170,Karachi,2026-09-18,Third-Party Delivery,New
CUST002171,Peshawar,2026-02-17,Dine-in,Occasional
CUST002172,Multan,2026-08-31,Website/App,New
CUST002173,Faisalabad,2026-09-05,Dine-in,New
CUST002174,Multan,2026-01-19,Takeaway,Occasional
CUST002175,Karachi,2026-04-16,Third-Party Delivery,High-Value Loyal
CUST002176,Quetta,2026-04-17,Website/App,Occasional
CUST002177,Islamabad,2026-04-29,Website/App,High-Value Loyal
CUST002178,Lahore,2026-04-07,Dine-in,At-Risk
CUST002179,Lahore,2026-07-28,Third-Party Delivery,Frequent
CUST002180,Rawalpindi,2026-05-15,Dine-in,Occasional
CUST002181,Islamabad,2025-12-31,Third-Party Delivery,At-Risk
CUST002182,Peshawar,2026-03-31,Dine-in,Occasional
CUST002183,Peshawar,2026-09-23,Takeaway,New
CUST002184,Hyderabad,2026-02-04,Takeaway,Occasional
CUST002185,Multan,2026-01-16,Website/App,Frequent
CUST002186,Rawalpindi,2026-07-10,Takeaway,At-Risk
CUST002187,Quetta,2026-09-10,Dine-in,New
CUST002188,Quetta,2026-05-25,Website/App,Occasional
CUST002189,Rawalpindi,2026-01-04,Dine-in,Occasional
CUST002190,Hyderabad,2026-08-26,Website/App,New
CUST002191,Quetta,2026-08-06,Third-Party Delivery,High-Value Loyal
CUST002192,Hyderabad,2026-07-18,Website/App,Promotion-Driven
CUST002193,Faisalabad,2026-06-18,Website/App,High-Value Loyal
CUST002194,Quetta,2025-08-13,Takeaway,Occasional
CUST002195,Sialkot,2026-06-01,Third-Party Delivery,At-Risk
CUST002196,Faisalabad,2026-03-30,Dine-in,At-Risk
CUST002197,Islamabad,2025-12-13,Dine-in,High-Value Loyal
CUST002198,Quetta,2026-07-01,Website/App,At-Risk
CUST002199,Lahore,2026-09-04,Website/App,At-Risk
CUST002200,Multan,2026-09-01,Website/App,Promotion-Driven
CUST002201,Hyderabad,2026-05-23,Dine-in,At-Risk
CUST002202,Karachi,2026-05-22,Website/App,Occasional
CUST002203,Sialkot,2025-11-24,Third-Party Delivery,Promotion-Driven
CUST002204,Karachi,2026-08-04,Dine-in,Frequent
CUST002205,Peshawar,2025-08-26,Dine-in,High-Value Loyal
CUST002206,Rawalpindi,2026-05-25,Dine-in,High-Value Loyal
CUST002207,Islamabad,2026-04-02,Dine-in,High-Value Loyal
CUST002208,Peshawar,2025-10-26,Dine-in,High-Value Loyal
CUST002209,Faisalabad,2026-04-25,Dine-in,At-Risk
CUST002210,Lahore,2026-08-31,Takeaway,New
CUST002211,Lahore,2026-06-13,Takeaway,Occasional
CUST002212,Multan,2026-08-31,Takeaway,Frequent
CUST002213,Multan,2026-02-10,Dine-in,Occasional
CUST002214,Peshawar,2025-10-14,Takeaway,Promotion-Driven
CUST002215,Multan,2026-09-24,Dine-in,Occasional
CUST002216,Sialkot,2026-07-14,Dine-in,High-Value Loyal
CUST002217,Faisalabad,2025-12-02,Third-Party Delivery,Occasional
CUST002218,Quetta,2025-08-16,Dine-in,Frequent
CUST002219,Faisalabad,2026-09-01,Dine-in,New
CUST002220,Islamabad,2025-09-25,Takeaway,Occasional
CUST002221,Hyderabad,2026-09-23,Dine-in,New
CUST002222,Sialkot,2026-03-13,Website/App,High-Value Loyal
CUST002223,Hyderabad,2026-01-07,Website/App,Frequent
CUST002224,Multan,2026-03-02,Dine-in,Occasional
CUST002225,Multan,2026-09-10,Third-Party Delivery,New
CUST002226,Lahore,2026-09-17,Dine-in,New
CUST002227,Quetta,2026-09-07,Takeaway,New
CUST002228,Hyderabad,2026-08-31,Third-Party Delivery,Occasional
CUST002229,Multan,2026-06-09,Dine-in,At-Risk
CUST002230,Peshawar,2026-03-29,Takeaway,Frequent
CUST002231,Karachi,2026-08-31,Dine-in,New
CUST002232,Islamabad,2025-08-31,Dine-in,Occasional
CUST002233,Peshawar,2026-07-27,Website/App,Promotion-Driven
CUST002234,Sialkot,2025-10-09,Takeaway,At-Risk
CUST002235,Hyderabad,2026-04-22,Website/App,High-Value Loyal
CUST002236,Peshawar,2025-11-14,Takeaway,Promotion-Driven
CUST002237,Multan,2026-05-14,Takeaway,Promotion-Driven
CUST002238,Islamabad,2026-09-02,Dine-in,New
CUST002239,Sialkot,2026-04-01,Website/App,Occasional
CUST002240,Islamabad,2026-09-11,Dine-in,New
CUST002241,,2026-01-07,Dine-in,Occasional
CUST002242,Quetta,2025-10-27,Takeaway,Frequent
CUST002243,Faisalabad,2026-08-25,Dine-in,New
CUST002244,Lahore,2026-09-13,Dine-in,New
CUST002245,Hyderabad,2026-05-06,Takeaway,High-Value Loyal
CUST002246,Lahore,2026-09-02,Takeaway,New
CUST002247,Faisalabad,2026-08-30,Takeaway,Frequent
CUST002248,Peshawar,2026-09-02,Third-Party Delivery,New
CUST002249,Lahore,2026-06-25,Dine-in,At-Risk
CUST002250,Sialkot,2026-09-15,Takeaway,Promotion-Driven
CUST002251,Islamabad,2026-07-20,Dine-in,Occasional
CUST002252,Rawalpindi,2025-12-13,Dine-in,At-Risk
CUST002253,Lahore,2026-06-08,Website/App,Frequent
CUST002254,Faisalabad,2026-04-04,Dine-in,High-Value Loyal
CUST002255,,2025-11-06,Third-Party Delivery,At-Risk
CUST002256,Hyderabad,2025-12-04,Takeaway,Occasional
CUST002257,Islamabad,2025-12-20,Dine-in,At-Risk
CUST002258,Islamabad,2026-09-14,Third-Party Delivery,New
CUST002259,Rawalpindi,2025-11-23,Dine-in,High-Value Loyal
CUST002260,Peshawar,2026-08-30,Website/App,New
CUST002261,Faisalabad,2025-12-25,Takeaway,Promotion-Driven
CUST002262,Quetta,2026-07-26,Dine-in,Promotion-Driven
CUST002263,Sialkot,2025-11-14,Dine-in,Frequent
CUST002264,Quetta,2026-07-19,Website/App,High-Value Loyal
CUST002265,Sialkot,2026-07-26,Takeaway,Promotion-Driven
CUST002266,Hyderabad,2026-04-07,Dine-in,Occasional
CUST002267,Peshawar,2026-01-09,Third-Party Delivery,Occasional
CUST002268,Lahore,2026-04-02,Third-Party Delivery,Occasional
CUST002269,Rawalpindi,2026-01-25,Dine-in,High-Value Loyal
CUST002270,Multan,2026-05-13,Dine-in,Promotion-Driven
CUST002271,Karachi,2026-09-11,Takeaway,At-Risk
CUST002272,,2026-08-04,Website/App,At-Risk
CUST002273,Lahore,2025-12-18,Dine-in,Promotion-Driven
CUST002274,Karachi,2025-12-25,Takeaway,Promotion-Driven
CUST002275,Rawalpindi,2025-10-01,Website/App,Occasional
CUST002276,Peshawar,2026-05-20,Website/App,At-Risk
CUST002277,Faisalabad,2026-07-12,Third-Party Delivery,At-Risk
CUST002278,Islamabad,2026-05-05,Website/App,At-Risk
CUST002279,Karachi,2026-02-10,Third-Party Delivery,Occasional
CUST002280,Hyderabad,2026-02-18,Website/App,Frequent
CUST002281,Quetta,2026-09-23,Takeaway,High-Value Loyal
CUST002282,Karachi,2026-01-23,Website/App,At-Risk
CUST002283,,2026-08-29,Website/App,New
CUST002284,Rawalpindi,2025-10-13,Dine-in,Frequent
CUST002285,Multan,2025-12-26,Dine-in,At-Risk
CUST002286,Rawalpindi,2025-08-21,Website/App,Occasional
CUST002287,Faisalabad,2025-12-25,Website/App,Frequent
CUST002288,Rawalpindi,2026-07-31,Website/App,Frequent
CUST002289,Quetta,2026-09-12,Dine-in,New
CUST002290,Islamabad,2026-03-14,Takeaway,At-Risk
CUST002291,Multan,2026-09-15,Third-Party Delivery,New
CUST002292,Sialkot,2026-08-17,Website/App,High-Value Loyal
CUST002293,Karachi,2026-04-02,Dine-in,Frequent
CUST002294,Sialkot,2025-11-17,Third-Party Delivery,Frequent
CUST002295,Rawalpindi,2025-11-11,Dine-in,Frequent
CUST002296,Quetta,2026-05-02,Website/App,High-Value Loyal
CUST002297,Lahore,2025-12-16,Third-Party Delivery,Occasional
CUST002298,Sialkot,2026-05-14,Website/App,Occasional
CUST002299,Quetta,2026-09-15,Dine-in,New
CUST002300,Faisalabad,2025-10-09,Dine-in,At-Risk
CUST002301,Sialkot,2026-09-04,Third-Party Delivery,New
CUST002302,Islamabad,2026-08-14,Dine-in,Frequent
CUST002303,Sialkot,2026-05-27,Takeaway,High-Value Loyal
CUST002304,Hyderabad,2025-11-30,Takeaway,Frequent
CUST002305,Multan,2025-12-02,Dine-in,High-Value Loyal
CUST002306,Quetta,2025-08-25,Dine-in,Frequent
CUST002307,Islamabad,2026-07-08,Dine-in,At-Risk
CUST002308,Hyderabad,2026-09-16,Website/App,New
CUST002309,Lahore,2026-06-22,Takeaway,Occasional
CUST002310,Islamabad,2025-11-27,Dine-in,Occasional
CUST002311,Hyderabad,2025-08-26,Website/App,At-Risk
CUST002312,Lahore,2026-09-10,Website/App,New
CUST002313,Sialkot,2026-01-16,Dine-in,High-Value Loyal
CUST002314,Rawalpindi,2026-08-02,Website/App,Promotion-Driven
CUST002315,Quetta,2026-03-29,Website/App,Frequent
CUST002316,Rawalpindi,2025-09-20,Third-Party Delivery,High-Value Loyal
CUST002317,Multan,2026-07-14,Takeaway,Promotion-Driven
CUST002318,Multan,2026-08-29,Takeaway,Promotion-Driven
CUST002319,Faisalabad,2025-10-09,Dine-in,At-Risk
CUST002320,Rawalpindi,2025-08-02,Takeaway,Frequent
CUST002321,Islamabad,2026-05-08,Takeaway,At-Risk
CUST002322,Quetta,2025-10-19,Third-Party Delivery,Occasional
CUST002323,Lahore,2026-02-24,Dine-in,High-Value Loyal
CUST002324,Hyderabad,2026-06-30,Website/App,Occasional
CUST002325,Lahore,2026-03-31,Dine-in,High-Value Loyal
CUST002326,Peshawar,2026-04-01,Third-Party Delivery,Occasional
CUST002327,Lahore,2026-06-29,Third-Party Delivery,Frequent
CUST002328,Karachi,2025-11-10,Dine-in,Frequent
CUST002329,Islamabad,2026-09-14,Takeaway,New
CUST002330,Multan,2026-09-14,Dine-in,New
CUST002331,Karachi,2026-06-26,Dine-in,Frequent
CUST002332,Faisalabad,2025-08-30,Takeaway,Frequent
CUST002333,Peshawar,2026-08-28,Dine-in,At-Risk
CUST002334,Faisalabad,2025-09-14,Third-Party Delivery,At-Risk
CUST002335,Peshawar,2026-06-29,Dine-in,High-Value Loyal
CUST002336,Sialkot,2026-05-20,Dine-in,At-Risk
CUST002337,Karachi,2025-11-26,Website/App,Frequent
CUST002338,Peshawar,2026-08-31,Dine-in,New
CUST002339,Sialkot,2026-08-05,Dine-in,At-Risk
CUST002340,Peshawar,2025-08-19,Dine-in,At-Risk
CUST002341,Lahore,2025-10-28,Dine-in,Occasional
CUST002342,Islamabad,2026-08-26,Third-Party Delivery,New
CUST002343,Sialkot,2026-08-25,Dine-in,New
CUST002344,Rawalpindi,2025-08-18,Takeaway,Frequent
CUST002345,Quetta,2026-02-19,Third-Party Delivery,Occasional
CUST002346,Karachi,2026-09-07,Dine-in,High-Value Loyal
CUST002347,Hyderabad,2026-04-10,Dine-in,Occasional
CUST002348,Peshawar,2025-11-03,Third-Party Delivery,Occasional
CUST002349,Rawalpindi,2026-08-18,Website/App,Promotion-Driven
CUST002350,Sialkot,2025-12-26,Dine-in,Occasional
CUST002351,Karachi,2025-08-19,Takeaway,Occasional
CUST002352,Lahore,2025-08-04,Website/App,Promotion-Driven
CUST002353,Multan,2025-12-30,Takeaway,Frequent
CUST002354,Faisalabad,2026-05-17,Website/App,Promotion-Driven
CUST002355,Rawalpindi,2026-06-04,Dine-in,Occasional
CUST002356,Sialkot,2025-09-23,Third-Party Delivery,High-Value Loyal
CUST002357,Lahore,2026-01-18,Website/App,High-Value Loyal
CUST002358,Faisalabad,2026-09-09,Takeaway,New
CUST002359,Multan,2026-06-24,Dine-in,Occasional
CUST002360,Hyderabad,2026-05-05,Website/App,Promotion-Driven
CUST002361,Sialkot,2026-04-25,Takeaway,Promotion-Driven
CUST002362,Sialkot,2026-04-09,Dine-in,Promotion-Driven
CUST002363,Sialkot,2025-10-07,Dine-in,Occasional
CUST002364,Hyderabad,2026-04-15,Dine-in,Promotion-Driven
CUST002365,Rawalpindi,2026-09-15,Dine-in,New
CUST002366,Quetta,2025-11-06,Website/App,Occasional
CUST002367,Lahore,2026-09-18,Dine-in,At-Risk
CUST002368,Faisalabad,2025-09-26,Takeaway,Promotion-Driven
CUST002369,Karachi,2026-01-16,Takeaway,At-Risk
CUST002370,Peshawar,2025-10-22,Dine-in,Promotion-Driven
CUST002371,Islamabad,2026-08-09,Third-Party Delivery,Occasional
CUST002372,Lahore,2026-09-03,Dine-in,New
CUST002373,Peshawar,2025-12-09,Website/App,Frequent
CUST002374,Quetta,2026-08-02,Dine-in,Promotion-Driven
CUST002375,Quetta,2025-11-03,Dine-in,Frequent
CUST002376,Hyderabad,2025-08-07,Dine-in,High-Value Loyal
CUST002377,Sialkot,2026-08-12,Dine-in,Frequent
CUST002378,Peshawar,2026-01-19,Dine-in,Frequent
CUST002379,Sialkot,2026-09-08,Dine-in,Promotion-Driven
CUST002380,Lahore,2025-12-29,Dine-in,Frequent
CUST002381,Karachi,2026-05-17,Dine-in,Frequent
CUST002382,Quetta,2026-07-11,Takeaway,Occasional
CUST002383,Islamabad,2026-09-17,Third-Party Delivery,New
CUST002384,Sialkot,2025-10-28,Website/App,Frequent
CUST002385,Karachi,2026-06-08,Dine-in,Frequent
CUST002386,Sialkot,2026-06-23,Website/App,Promotion-Driven
CUST002387,Faisalabad,2026-02-23,Third-Party Delivery,Occasional
CUST002388,Rawalpindi,2026-09-07,Dine-in,New
CUST002389,Faisalabad,2026-09-21,Website/App,New
CUST002390,Multan,2026-02-21,Dine-in,Occasional
CUST002391,Karachi,2026-07-08,Dine-in,Frequent
CUST002392,Multan,2026-09-18,Takeaway,New
CUST002393,Quetta,2025-10-10,Takeaway,High-Value Loyal
CUST002394,Faisalabad,2026-04-01,Website/App,Occasional
CUST002395,Rawalpindi,2026-01-12,Dine-in,Occasional
CUST002396,Lahore,2025-12-05,Website/App,High-Value Loyal
CUST002397,Multan,2025-08-03,Website/App,High-Value Loyal
CUST002398,Faisalabad,2025-12-11,Takeaway,Promotion-Driven
CUST002399,Rawalpindi,2026-02-12,Website/App,Occasional
CUST002400,Lahore,2025-11-28,Dine-in,Occasional
CUST002401,Sialkot,2026-03-16,Dine-in,Frequent
CUST002402,Peshawar,2026-08-20,Takeaway,Frequent
CUST002403,Quetta,2025-12-14,Takeaway,Occasional
CUST002404,Islamabad,2026-01-15,Dine-in,At-Risk
CUST002405,,2026-09-05,Takeaway,New
CUST002406,Rawalpindi,2026-08-05,Dine-in,Occasional
CUST002407,,2026-05-20,Dine-in,Frequent
CUST002408,Rawalpindi,2025-08-05,Website/App,Occasional
CUST002409,Karachi,2025-12-11,Dine-in,At-Risk
CUST002410,Quetta,2026-06-30,Third-Party Delivery,High-Value Loyal
CUST002411,Peshawar,2026-01-31,Website/App,Occasional
CUST002412,Sialkot,2026-07-20,Website/App,Occasional
CUST002413,Faisalabad,2025-11-28,Third-Party Delivery,Occasional
CUST002414,Quetta,2026-09-02,Dine-in,New
CUST002415,Sialkot,2025-09-29,Takeaway,Occasional
CUST002416,Lahore,2026-09-14,Dine-in,New
CUST002417,Sialkot,2025-10-20,Dine-in,High-Value Loyal
CUST002418,Faisalabad,2026-09-02,Dine-in,New
CUST002419,Multan,2026-04-14,Third-Party Delivery,Frequent
CUST002420,Islamabad,2026-07-26,Takeaway,Occasional
CUST002421,Lahore,2026-08-29,Website/App,At-Risk
CUST002422,Islamabad,2026-01-06,Dine-in,Occasional
CUST002423,Peshawar,2026-07-19,Dine-in,Promotion-Driven
CUST002424,Rawalpindi,2025-09-29,Dine-in,Frequent
CUST002425,Quetta,2026-08-25,Takeaway,New
CUST002426,Faisalabad,2026-09-12,Third-Party Delivery,New
CUST002427,Faisalabad,2026-06-10,Third-Party Delivery,Frequent
CUST002428,Multan,2025-11-21,Takeaway,At-Risk
CUST002429,Sialkot,2025-11-20,Website/App,Frequent
CUST002430,Quetta,2025-10-07,Dine-in,At-Risk
CUST002431,Faisalabad,2026-04-01,Website/App,Promotion-Driven
CUST002432,Peshawar,2025-10-17,Dine-in,Occasional
CUST002433,Multan,2026-03-20,Dine-in,Occasional
CUST002434,Faisalabad,2026-08-17,Third-Party Delivery,At-Risk
CUST002435,Hyderabad,2026-06-06,Takeaway,High-Value Loyal
CUST002436,Multan,2026-02-07,Dine-in,Occasional
CUST002437,Multan,2026-02-28,Takeaway,Occasional
CUST002438,Quetta,2026-07-25,Dine-in,Occasional
CUST002439,Multan,2026-05-08,Website/App,Frequent
CUST002440,Multan,2026-08-30,Third-Party Delivery,New
CUST002441,Peshawar,2026-05-02,Dine-in,Occasional
CUST002442,Rawalpindi,2026-09-14,Website/App,Frequent
CUST002443,Lahore,2026-08-28,Takeaway,New
CUST002444,Sialkot,2025-11-19,Dine-in,Promotion-Driven
CUST002445,Peshawar,2026-08-25,Takeaway,At-Risk
CUST002446,Quetta,2025-12-04,Website/App,At-Risk
CUST002447,Multan,2026-07-14,Third-Party Delivery,Occasional
CUST002448,Hyderabad,2026-08-21,Takeaway,Promotion-Driven
CUST002449,Multan,2026-06-01,Third-Party Delivery,Occasional
CUST002450,Islamabad,2026-09-21,Website/App,New
CUST002451,Multan,2026-09-09,Dine-in,New
CUST002452,Faisalabad,2026-04-27,Takeaway,Frequent
CUST002453,Sialkot,2026-07-26,Dine-in,Occasional
CUST002454,Multan,2026-02-01,Dine-in,Occasional
CUST002455,Peshawar,2025-09-08,Dine-in,Frequent
CUST002456,Rawalpindi,2026-05-15,Third-Party Delivery,At-Risk
CUST002457,Peshawar,2025-09-26,Website/App,Promotion-Driven
CUST002458,Quetta,2025-08-31,Takeaway,Occasional
CUST002459,Islamabad,2026-05-07,Dine-in,Occasional
CUST002460,Sialkot,2026-04-15,Dine-in,At-Risk
CUST002461,Rawalpindi,2025-11-11,Dine-in,Frequent
CUST002462,Karachi,2026-09-06,Dine-in,New
CUST002463,Faisalabad,2026-09-18,Dine-in,New
CUST002464,Quetta,2026-01-14,Takeaway,Occasional
CUST002465,Rawalpindi,2026-04-23,Dine-in,Frequent
CUST002466,Faisalabad,2026-09-20,Dine-in,New
CUST002467,Sialkot,2026-07-14,Dine-in,At-Risk
CUST002468,Quetta,2026-09-01,Dine-in,New
CUST002469,Lahore,2026-05-25,Website/App,Frequent
CUST002470,Islamabad,2026-04-07,Takeaway,Frequent
CUST002471,Quetta,2025-09-15,Website/App,Occasional
CUST002472,Quetta,2026-04-18,Third-Party Delivery,Frequent
CUST002473,Peshawar,2026-03-16,Website/App,Promotion-Driven
CUST002474,Multan,2026-09-18,Website/App,Occasional
CUST002475,Faisalabad,2025-08-28,Takeaway,Occasional
CUST002476,Islamabad,2026-03-20,Dine-in,At-Risk
CUST002477,Lahore,2025-10-06,Dine-in,Frequent
CUST002478,,2026-04-19,Website/App,High-Value Loyal
CUST002479,Multan,2026-09-09,Website/App,New
CUST002480,Multan,2026-09-22,Takeaway,New
CUST002481,Quetta,2026-05-13,Third-Party Delivery,Frequent
CUST002482,Faisalabad,2026-09-02,Dine-in,New
CUST002483,Sialkot,2026-09-17,Dine-in,At-Risk
CUST002484,Quetta,2026-01-04,Third-Party Delivery,Occasional
CUST002485,Karachi,2026-08-05,Third-Party Delivery,Occasional
CUST002486,Faisalabad,2025-08-11,Dine-in,Occasional
CUST002487,Islamabad,2026-02-18,Takeaway,High-Value Loyal
CUST002488,Multan,2025-12-08,Third-Party Delivery,Promotion-Driven
CUST002489,Multan,2026-09-23,Dine-in,New
CUST002490,Multan,2026-09-17,Third-Party Delivery,New
CUST002491,Islamabad,2026-05-23,Website/App,Occasional
CUST002492,Sialkot,2026-09-22,Dine-in,New
CUST002493,Hyderabad,2026-03-04,Takeaway,Frequent
CUST002494,Faisalabad,2026-01-23,Dine-in,Frequent
CUST002495,Peshawar,2026-07-24,Dine-in,At-Risk
CUST002496,Sialkot,2025-09-01,Takeaway,Promotion-Driven
CUST002497,Rawalpindi,2026-09-22,Dine-in,New
CUST002498,Hyderabad,2026-08-25,Third-Party Delivery,New
CUST002499,Karachi,2026-03-29,Takeaway,High-Value Loyal
CUST002500,Sialkot,2025-08-16,Dine-in,At-Risk
CUST002501,Rawalpindi,2025-12-24,Third-Party Delivery,Frequent
CUST002502,Karachi,2026-09-18,Takeaway,New
CUST002503,Quetta,2026-09-19,Website/App,New
CUST002504,Multan,2026-08-27,Website/App,Promotion-Driven
CUST002505,Peshawar,2026-06-24,Dine-in,Occasional
CUST002506,Karachi,2026-08-08,Takeaway,High-Value Loyal
CUST002507,Sialkot,2026-06-26,Takeaway,Promotion-Driven
CUST002508,Hyderabad,2026-03-03,Dine-in,Occasional
CUST002509,Faisalabad,2026-02-07,Website/App,Occasional
CUST002510,Peshawar,2026-02-11,Dine-in,Occasional
CUST002511,Faisalabad,2026-03-17,Takeaway,At-Risk
CUST002512,Hyderabad,2026-02-09,Dine-in,Frequent
CUST002513,Lahore,2026-02-08,Dine-in,Promotion-Driven
CUST002514,Multan,2025-09-10,Website/App,Occasional
CUST002515,Faisalabad,2026-07-15,Dine-in,Frequent
CUST002516,Lahore,2026-07-04,Website/App,Frequent
CUST002517,Karachi,2026-05-03,Website/App,Occasional
CUST002518,Lahore,2025-10-07,Website/App,Frequent
CUST002519,,2026-06-30,Third-Party Delivery,At-Risk
CUST002520,Rawalpindi,2026-01-25,Takeaway,High-Value Loyal
CUST002521,Faisalabad,2026-09-18,Dine-in,New
CUST002522,Karachi,2026-05-02,Website/App,Promotion-Driven
CUST002523,Sialkot,2026-02-17,Third-Party Delivery,Promotion-Driven
CUST002524,Hyderabad,2026-04-27,Takeaway,Frequent
CUST002525,Hyderabad,2026-08-31,Takeaway,New
CUST002526,Hyderabad,2025-11-22,Takeaway,Frequent
CUST002527,Karachi,2025-08-01,Takeaway,Occasional
CUST002528,Quetta,2026-08-22,Third-Party Delivery,Occasional
CUST002529,Faisalabad,2025-08-11,Dine-in,Occasional
CUST002530,Hyderabad,2025-12-30,Third-Party Delivery,Occasional
CUST002531,Lahore,2026-09-02,Website/App,New
CUST002532,Sialkot,2026-08-03,Dine-in,Promotion-Driven
CUST002533,Sialkot,2026-09-10,Dine-in,New
CUST002534,Islamabad,2026-04-29,Website/App,High-Value Loyal
CUST002535,Sialkot,2026-02-10,Takeaway,Occasional
CUST002536,Sialkot,2025-11-25,Third-Party Delivery,Occasional
CUST002537,Faisalabad,2025-12-04,Takeaway,Promotion-Driven
CUST002538,Karachi,2026-03-23,Takeaway,At-Risk
CUST002539,Peshawar,2026-01-24,Takeaway,At-Risk
CUST002540,Faisalabad,2025-10-18,Dine-in,Promotion-Driven
CUST002541,Lahore,2025-12-19,Dine-in,Promotion-Driven
CUST002542,Rawalpindi,2025-11-04,Dine-in,At-Risk
CUST002543,Lahore,2026-08-06,Takeaway,Frequent
CUST002544,Faisalabad,2026-08-26,Takeaway,Promotion-Driven
CUST002545,Sialkot,2025-09-26,Dine-in,At-Risk
CUST002546,Peshawar,2025-08-16,Dine-in,Frequent
CUST002547,Sialkot,2026-09-18,Dine-in,Occasional
CUST002548,Lahore,2026-07-04,Dine-in,At-Risk
CUST002549,Sialkot,2026-03-02,Takeaway,Frequent
CUST002550,Islamabad,2026-06-10,Dine-in,Frequent
CUST002551,Karachi,2026-08-27,Dine-in,High-Value Loyal
CUST002552,Rawalpindi,2026-09-16,Website/App,New
CUST002553,Peshawar,2025-11-13,Dine-in,Promotion-Driven
CUST002554,,2025-09-03,Website/App,Promotion-Driven
CUST002555,Sialkot,2025-09-20,Dine-in,High-Value Loyal
CUST002556,Peshawar,2026-05-31,Takeaway,Promotion-Driven
CUST002557,Islamabad,2025-08-17,Takeaway,At-Risk
CUST002558,Multan,2026-03-16,Dine-in,Promotion-Driven
CUST002559,Multan,2026-06-02,Website/App,Frequent
CUST002560,Multan,2026-07-10,Dine-in,Occasional
CUST002561,Lahore,2026-08-27,Takeaway,New
CUST002562,Faisalabad,2026-09-16,Website/App,New
CUST002563,Peshawar,2026-08-14,Takeaway,Occasional
CUST002564,Faisalabad,2026-09-11,Third-Party Delivery,New
CUST002565,Quetta,2026-03-12,Website/App,Occasional
CUST002566,Karachi,2025-11-27,Third-Party Delivery,Frequent
CUST002567,Islamabad,2026-05-03,Takeaway,Occasional
CUST002568,Quetta,2025-11-19,Website/App,Frequent
CUST002569,Quetta,2026-08-21,Website/App,Promotion-Driven
CUST002570,Rawalpindi,2026-09-01,Dine-in,At-Risk
CUST002571,Lahore,2025-08-28,Dine-in,Occasional
CUST002572,Faisalabad,2025-10-10,Dine-in,High-Value Loyal
CUST002573,Lahore,2026-04-14,Website/App,Frequent
CUST002574,Hyderabad,2025-12-26,Dine-in,High-Value Loyal
CUST002575,Islamabad,2025-11-27,Third-Party Delivery,Frequent
CUST002576,Faisalabad,2026-08-25,Dine-in,New
CUST002577,Multan,2026-08-09,Third-Party Delivery,Occasional
CUST002578,Quetta,2026-05-21,Website/App,Frequent
CUST002579,Peshawar,2026-01-10,Dine-in,Promotion-Driven
CUST002580,Hyderabad,2026-09-04,Dine-in,New
CUST002581,Faisalabad,2026-09-02,Website/App,New
CUST002582,Hyderabad,2026-09-23,Dine-in,Frequent
CUST002583,Peshawar,2026-01-11,Takeaway,Frequent
CUST002584,Peshawar,2025-11-29,Website/App,High-Value Loyal
CUST002585,Faisalabad,2026-01-01,Dine-in,Promotion-Driven
CUST002586,Sialkot,2025-10-12,Website/App,Occasional
CUST002587,Faisalabad,2026-07-04,Website/App,Promotion-Driven
CUST002588,Quetta,2026-04-23,Dine-in,At-Risk
CUST002589,Faisalabad,2025-11-21,Dine-in,Frequent
CUST002590,Karachi,2026-02-27,Takeaway,Promotion-Driven
CUST002591,Rawalpindi,2026-09-15,Dine-in,New
CUST002592,Rawalpindi,2025-08-31,Takeaway,High-Value Loyal
CUST002593,Islamabad,2026-05-12,Takeaway,Frequent
CUST002594,Peshawar,2026-05-29,Third-Party Delivery,Promotion-Driven
CUST002595,Quetta,2026-08-25,Dine-in,New
CUST002596,Hyderabad,2025-10-28,Dine-in,Frequent
CUST002597,Peshawar,2026-06-16,Takeaway,Frequent
CUST002598,Karachi,2026-07-13,Dine-in,Occasional
CUST002599,Rawalpindi,2026-03-06,Dine-in,High-Value Loyal
CUST002600,Peshawar,2026-05-11,Dine-in,At-Risk
CUST002601,Quetta,2026-04-10,Dine-in,Occasional
CUST002602,Sialkot,2025-08-24,Takeaway,Occasional
CUST002603,Multan,2026-01-23,Third-Party Delivery,Promotion-Driven
CUST002604,Islamabad,2026-09-02,Takeaway,New
CUST002605,Lahore,2026-08-29,Third-Party Delivery,New
CUST002606,Peshawar,2026-04-25,Dine-in,High-Value Loyal
CUST002607,Faisalabad,2026-01-10,Dine-in,Occasional
CUST002608,Lahore,2026-07-22,Takeaway,At-Risk
CUST002609,Lahore,2026-03-01,Dine-in,High-Value Loyal
CUST002610,Islamabad,2026-09-19,Takeaway,New
CUST002611,Faisalabad,2025-12-31,Dine-in,Occasional
CUST002612,Peshawar,2026-02-08,Dine-in,At-Risk
CUST002613,Quetta,2025-11-02,Dine-in,Occasional
CUST002614,Hyderabad,2026-08-21,Takeaway,High-Value Loyal
CUST002615,Sialkot,2026-05-02,Third-Party Delivery,Frequent
CUST002616,Faisalabad,2026-09-16,Takeaway,New
CUST002617,Peshawar,2025-11-23,Website/App,At-Risk
CUST002618,Lahore,2026-08-27,Dine-in,New
CUST002619,Sialkot,2026-07-28,Third-Party Delivery,Occasional
CUST002620,Karachi,2025-10-12,Third-Party Delivery,Frequent
CUST002621,Karachi,2026-09-16,Dine-in,Occasional
CUST002622,Sialkot,2026-03-25,Dine-in,Occasional
CUST002623,Hyderabad,2025-08-29,Dine-in,High-Value Loyal
CUST002624,Rawalpindi,2026-05-14,Dine-in,High-Value Loyal
CUST002625,Quetta,2026-02-27,Takeaway,Frequent
CUST002626,Hyderabad,2026-03-01,Takeaway,High-Value Loyal
CUST002627,Karachi,2026-05-12,Dine-in,High-Value Loyal
CUST002628,Hyderabad,2026-04-28,Dine-in,Occasional
CUST002629,Rawalpindi,2025-10-07,Website/App,Promotion-Driven
CUST002630,Quetta,2026-09-16,Dine-in,New
CUST002631,Lahore,2025-12-08,Website/App,Frequent
CUST002632,Multan,2025-11-12,Dine-in,Occasional
CUST002633,Karachi,2026-01-16,Takeaway,High-Value Loyal
CUST002634,Karachi,2026-06-27,Website/App,Occasional
CUST002635,Hyderabad,2025-09-09,Dine-in,Frequent
CUST002636,Hyderabad,2026-08-27,Dine-in,New
CUST002637,Peshawar,2026-09-21,Takeaway,New
CUST002638,Rawalpindi,2026-05-01,Website/App,Occasional
CUST002639,Multan,2026-08-05,Takeaway,Frequent
CUST002640,Quetta,2026-09-22,Dine-in,New
CUST002641,Karachi,2026-09-11,Dine-in,New
CUST002642,Hyderabad,2026-07-10,Third-Party Delivery,At-Risk
CUST002643,Quetta,2026-06-05,Dine-in,Occasional
CUST002644,Faisalabad,2026-06-04,Third-Party Delivery,Frequent
CUST002645,Rawalpindi,2025-08-20,Dine-in,Frequent
CUST002646,Peshawar,2025-09-06,Dine-in,Promotion-Driven
CUST002647,Faisalabad,2025-11-04,Third-Party Delivery,At-Risk
CUST002648,Multan,2026-09-15,Third-Party Delivery,High-Value Loyal
CUST002649,Peshawar,2026-09-05,Website/App,New
CUST002650,Hyderabad,2026-08-05,Website/App,Frequent
CUST002651,Hyderabad,2026-07-09,Website/App,Occasional
CUST002652,Peshawar,2026-09-17,Dine-in,New
CUST002653,Peshawar,2026-04-02,Dine-in,Promotion-Driven
CUST002654,Karachi,2026-08-27,Dine-in,New
CUST002655,Karachi,2026-01-17,Takeaway,Frequent
CUST002656,Multan,2026-01-02,Website/App,Promotion-Driven
CUST002657,Hyderabad,2025-08-07,Website/App,Promotion-Driven
CUST002658,Islamabad,2026-08-25,Third-Party Delivery,New
CUST002659,Karachi,2025-11-05,Takeaway,Occasional
CUST002660,Rawalpindi,2026-09-20,Takeaway,New
CUST002661,Faisalabad,2026-08-17,Dine-in,Promotion-Driven
CUST002662,Rawalpindi,2026-08-21,Third-Party Delivery,Occasional
CUST002663,Karachi,2026-04-02,Takeaway,Occasional
CUST002664,Karachi,2026-09-01,Takeaway,New
CUST002665,Hyderabad,2026-06-05,Takeaway,Promotion-Driven
CUST002666,Multan,2026-07-26,Third-Party Delivery,At-Risk
CUST002667,Islamabad,2025-11-12,Dine-in,At-Risk
CUST002668,Multan,2026-02-19,Dine-in,Frequent
CUST002669,Islamabad,2025-11-30,Website/App,Occasional
CUST002670,Islamabad,2026-05-09,Dine-in,Frequent
CUST002671,Islamabad,2026-01-11,Takeaway,At-Risk
CUST002672,Rawalpindi,2026-09-01,Website/App,Promotion-Driven
CUST002673,Peshawar,2025-12-22,Dine-in,Promotion-Driven
CUST002674,Multan,2026-09-09,Takeaway,New
CUST002675,Sialkot,2026-04-30,Website/App,High-Value Loyal
CUST002676,Karachi,2026-06-28,Website/App,Frequent
CUST002677,Karachi,2026-09-14,Dine-in,New
CUST002678,Multan,2025-12-11,Takeaway,Promotion-Driven
CUST002679,Hyderabad,2026-01-31,Dine-in,Promotion-Driven
CUST002680,Rawalpindi,2026-04-19,Third-Party Delivery,Promotion-Driven
CUST002681,Peshawar,2026-04-11,Dine-in,Occasional
CUST002682,Quetta,2026-03-26,Takeaway,Occasional
CUST002683,Lahore,2025-09-19,Third-Party Delivery,Occasional
CUST002684,Peshawar,2026-08-31,Takeaway,New
CUST002685,Quetta,2026-03-28,Website/App,Occasional
CUST002686,Quetta,2026-08-24,Takeaway,Promotion-Driven
CUST002687,Hyderabad,2026-01-10,Third-Party Delivery,Frequent
CUST002688,Faisalabad,2025-11-12,Dine-in,Frequent
CUST002689,Quetta,2026-09-13,Website/App,New
CUST002690,Peshawar,2026-02-27,Dine-in,Occasional
CUST002691,Peshawar,2025-08-23,Website/App,Occasional
CUST002692,Islamabad,2026-05-15,Website/App,Occasional
CUST002693,Faisalabad,2025-11-21,Website/App,Promotion-Driven
CUST002694,Islamabad,2026-08-14,Takeaway,Occasional
CUST002695,Lahore,2025-10-13,Dine-in,At-Risk
CUST002696,Quetta,2026-09-15,Takeaway,New
CUST002697,Hyderabad,2026-05-10,Dine-in,Occasional
CUST002698,Rawalpindi,2026-05-26,Website/App,Occasional
CUST002699,Islamabad,2026-05-23,Dine-in,At-Risk
CUST002700,Lahore,2026-08-03,Third-Party Delivery,Frequent
CUST002701,Multan,2026-03-01,Dine-in,Occasional
CUST002702,Peshawar,2026-09-19,Website/App,New
CUST002703,Islamabad,2025-11-08,Dine-in,Occasional
CUST002704,Quetta,2026-09-16,Takeaway,New
CUST002705,Quetta,2026-02-10,Takeaway,Occasional
CUST002706,,2026-05-18,Third-Party Delivery,Frequent
CUST002707,Multan,2025-12-03,Third-Party Delivery,Occasional
CUST002708,Sialkot,2026-04-12,Website/App,Promotion-Driven
CUST002709,Karachi,2026-05-08,Takeaway,Occasional
CUST002710,Rawalpindi,2026-09-02,Dine-in,New
CUST002711,Sialkot,2026-09-15,Takeaway,New
CUST002712,Lahore,2026-08-25,Third-Party Delivery,Occasional
CUST002713,Sialkot,2026-09-24,Third-Party Delivery,At-Risk
CUST002714,Quetta,2026-04-07,Website/App,At-Risk
CUST002715,Hyderabad,2026-08-05,Dine-in,Promotion-Driven
CUST002716,Peshawar,2026-06-24,Takeaway,Occasional
CUST002717,Sialkot,2026-08-13,Website/App,At-Risk
CUST002718,Sialkot,2026-09-09,Dine-in,New
CUST002719,Faisalabad,2025-10-25,Takeaway,Promotion-Driven
CUST002720,Islamabad,2026-08-10,Dine-in,Frequent
CUST002721,Islamabad,2026-09-11,Third-Party Delivery,Frequent
CUST002722,Quetta,2026-01-27,Dine-in,Occasional
CUST002723,Peshawar,2025-10-25,Takeaway,Promotion-Driven
CUST002724,Karachi,2025-10-10,Dine-in,High-Value Loyal
CUST002725,Sialkot,2026-08-03,Takeaway,Frequent
CUST002726,Islamabad,2026-05-06,Takeaway,Occasional
CUST002727,Multan,2026-04-07,Dine-in,Promotion-Driven
CUST002728,Hyderabad,2026-08-25,Website/App,New
CUST002729,Faisalabad,2026-09-03,Dine-in,New
CUST002730,Rawalpindi,2025-08-30,Dine-in,Occasional
CUST002731,Hyderabad,2026-04-25,Third-Party Delivery,Occasional
CUST002732,Rawalpindi,2025-08-17,Dine-in,High-Value Loyal
CUST002733,Sialkot,2025-09-07,Third-Party Delivery,At-Risk
CUST002734,,2026-09-22,Takeaway,At-Risk
CUST002735,Faisalabad,2026-07-08,Dine-in,Occasional
CUST002736,Multan,2026-08-30,Website/App,New
CUST002737,Faisalabad,2026-09-10,Takeaway,New
CUST002738,Islamabad,2025-10-09,Website/App,Occasional
CUST002739,Multan,2026-09-16,Takeaway,New
CUST002740,Quetta,2025-09-03,Website/App,Occasional
CUST002741,Sialkot,2026-09-19,Takeaway,New
CUST002742,Quetta,2025-08-04,Third-Party Delivery,At-Risk
CUST002743,Multan,2025-11-19,Takeaway,At-Risk
CUST002744,Hyderabad,2026-04-15,Takeaway,Frequent
CUST002745,Peshawar,2026-03-21,Takeaway,Frequent
CUST002746,Quetta,2026-09-22,Dine-in,New
CUST002747,Faisalabad,2026-06-12,Takeaway,Frequent
CUST002748,Multan,2026-06-22,Website/App,High-Value Loyal
CUST002749,Faisalabad,2026-08-25,Dine-in,New
CUST002750,Faisalabad,2026-06-11,Dine-in,At-Risk
CUST002751,Quetta,2026-04-04,Takeaway,Promotion-Driven
CUST002752,Islamabad,2026-09-08,Website/App,New
CUST002753,Hyderabad,2025-08-08,Dine-in,Promotion-Driven
CUST002754,Islamabad,2025-08-03,Dine-in,Frequent
CUST002755,Karachi,2026-04-29,Dine-in,Frequent
CUST002756,Faisalabad,2026-05-09,Third-Party Delivery,Promotion-Driven
CUST002757,Lahore,2026-02-26,Dine-in,Promotion-Driven
CUST002758,Peshawar,2025-08-06,Dine-in,At-Risk
CUST002759,Rawalpindi,2025-08-08,Dine-in,Occasional
CUST002760,Rawalpindi,2026-04-28,Dine-in,At-Risk
CUST002761,Multan,2026-08-04,Third-Party Delivery,Promotion-Driven
CUST002762,Sialkot,2025-12-18,Third-Party Delivery,Occasional
CUST002763,Rawalpindi,2026-09-14,Third-Party Delivery,New
CUST002764,Rawalpindi,2025-08-08,Website/App,Promotion-Driven
CUST002765,Lahore,2026-04-14,Takeaway,Occasional
CUST002766,Multan,2026-09-20,Third-Party Delivery,At-Risk
CUST002767,Multan,2026-07-23,Takeaway,Occasional
CUST002768,Karachi,2026-07-11,Dine-in,High-Value Loyal
CUST002769,Quetta,2026-03-08,Dine-in,At-Risk
CUST002770,Sialkot,2026-09-16,Takeaway,Frequent
CUST002771,Peshawar,2025-10-30,Dine-in,Occasional
CUST002772,Multan,2025-09-23,Website/App,Frequent
CUST002773,Sialkot,2025-09-18,Takeaway,At-Risk
CUST002774,Quetta,2026-04-25,Website/App,High-Value Loyal
CUST002775,Rawalpindi,2025-10-15,Dine-in,Occasional
CUST002776,Lahore,2025-12-01,Third-Party Delivery,Occasional
CUST002777,Multan,2025-11-06,Third-Party Delivery,At-Risk
CUST002778,Peshawar,2026-06-13,Dine-in,Occasional
CUST002779,Karachi,2026-04-26,Takeaway,Occasional
CUST002780,Hyderabad,2026-08-28,Dine-in,New
CUST002781,Faisalabad,2026-09-15,Takeaway,New
CUST002782,Rawalpindi,2026-09-11,Website/App,New
CUST002783,Hyderabad,2025-09-09,Website/App,Occasional
CUST002784,Rawalpindi,2026-02-07,Third-Party Delivery,High-Value Loyal
CUST002785,Multan,2026-02-23,Third-Party Delivery,Promotion-Driven
CUST002786,Sialkot,2026-03-23,Dine-in,Frequent
CUST002787,Sialkot,2026-05-16,Dine-in,Occasional
CUST002788,Multan,2025-12-02,Third-Party Delivery,Occasional
CUST002789,Peshawar,2026-09-16,Third-Party Delivery,New
CUST002790,Quetta,2025-12-31,Dine-in,Promotion-Driven
CUST002791,Lahore,2026-07-16,Takeaway,High-Value Loyal
CUST002792,Sialkot,2025-09-10,Takeaway,Occasional
CUST002793,Quetta,2026-06-30,Third-Party Delivery,Occasional
CUST002794,Quetta,2026-06-28,Takeaway,High-Value Loyal
CUST002795,Islamabad,2026-08-23,Takeaway,At-Risk
CUST002796,Rawalpindi,2025-08-16,Dine-in,Occasional
CUST002797,Hyderabad,2025-09-16,Takeaway,Frequent
CUST002798,Sialkot,2026-02-23,Dine-in,Promotion-Driven
CUST002799,Islamabad,2026-02-10,Website/App,Occasional
CUST002800,Faisalabad,2026-02-09,Third-Party Delivery,Promotion-Driven
CUST002801,Peshawar,2026-05-09,Dine-in,Occasional
CUST002802,Peshawar,2026-09-22,Dine-in,New
CUST002803,Karachi,2026-06-22,Dine-in,High-Value Loyal
CUST002804,Islamabad,2025-08-04,Website/App,At-Risk
CUST002805,Karachi,2026-07-25,Dine-in,Promotion-Driven
CUST002806,Karachi,2025-10-26,Takeaway,High-Value Loyal
CUST002807,Multan,2025-09-11,Dine-in,Frequent
CUST002808,Rawalpindi,2026-08-27,Website/App,New
CUST002809,Islamabad,2026-03-10,Website/App,Frequent
CUST002810,Multan,2026-06-26,Takeaway,Frequent
CUST002811,Peshawar,2026-09-05,Takeaway,Occasional
CUST002812,Hyderabad,2026-01-16,Website/App,Promotion-Driven
CUST002813,Sialkot,2026-05-16,Dine-in,Promotion-Driven
CUST002814,Peshawar,2025-09-17,Dine-in,Frequent
CUST002815,Multan,2026-08-25,Dine-in,New
CUST002816,Faisalabad,2025-08-21,Website/App,Promotion-Driven
CUST002817,Multan,2025-11-25,Website/App,Frequent
CUST002818,Lahore,2025-11-16,Website/App,Frequent
CUST002819,Rawalpindi,2026-07-20,Dine-in,High-Value Loyal
CUST002820,Sialkot,2026-09-08,Dine-in,New
CUST002821,Hyderabad,2025-12-16,Takeaway,Frequent
CUST002822,Multan,2026-08-25,Takeaway,New
CUST002823,Sialkot,2025-09-07,Dine-in,Promotion-Driven
CUST002824,Karachi,2026-07-16,Third-Party Delivery,Occasional
CUST002825,,2025-12-21,Dine-in,High-Value Loyal
CUST002826,Rawalpindi,2026-09-05,Takeaway,New
CUST002827,Islamabad,2026-07-02,Website/App,Frequent
CUST002828,Peshawar,2025-08-16,Dine-in,Promotion-Driven
CUST002829,Karachi,2026-08-25,Dine-in,New
CUST002830,Faisalabad,2026-01-08,Third-Party Delivery,Occasional
CUST002831,Hyderabad,2025-08-08,Dine-in,Occasional
CUST002832,Islamabad,2026-09-05,Dine-in,New
CUST002833,Islamabad,2026-08-30,Dine-in,New
CUST002834,Peshawar,2026-09-24,Takeaway,High-Value Loyal
CUST002835,Rawalpindi,2026-07-30,Takeaway,At-Risk
CUST002836,Faisalabad,2026-09-24,Dine-in,High-Value Loyal
CUST002837,Faisalabad,2026-02-19,Takeaway,Occasional
CUST002838,Peshawar,2025-09-08,Takeaway,Frequent
CUST002839,Lahore,2026-09-18,Third-Party Delivery,New
CUST002840,Karachi,2026-05-15,Dine-in,Occasional
CUST002841,Peshawar,2025-12-01,Dine-in,At-Risk
CUST002842,Islamabad,2026-05-17,Dine-in,High-Value Loyal
CUST002843,Lahore,2026-02-15,Website/App,At-Risk
CUST002844,Rawalpindi,2026-08-26,Takeaway,New
CUST002845,Karachi,2026-09-13,Dine-in,New
CUST002846,Peshawar,2026-02-12,Third-Party Delivery,Frequent
CUST002847,Sialkot,2026-08-21,Takeaway,Promotion-Driven
CUST002848,Lahore,2026-08-13,Third-Party Delivery,Occasional
CUST002849,Peshawar,2025-10-10,Third-Party Delivery,Occasional
CUST002850,Islamabad,2026-09-08,Dine-in,Frequent
CUST002851,Hyderabad,2026-07-18,Website/App,High-Value Loyal
CUST002852,Islamabad,2026-09-21,Dine-in,New
CUST002853,Peshawar,2026-04-13,Dine-in,Frequent
CUST002854,Lahore,2026-08-16,Dine-in,At-Risk
CUST002855,Peshawar,2026-01-24,Dine-in,Promotion-Driven
CUST002856,Quetta,2025-08-27,Dine-in,At-Risk
CUST002857,Lahore,2026-09-10,Dine-in,New
CUST002858,Faisalabad,2025-11-26,Third-Party Delivery,Occasional
CUST002859,Sialkot,2025-09-07,Website/App,Frequent
CUST002860,Rawalpindi,2026-09-04,Dine-in,New
CUST002861,Faisalabad,2026-09-04,Website/App,New
CUST002862,Sialkot,2026-09-11,Website/App,New
CUST002863,Quetta,2026-08-31,Takeaway,Occasional
CUST002864,Karachi,2026-01-14,Dine-in,Promotion-Driven
CUST002865,Multan,2025-08-15,Dine-in,High-Value Loyal
CUST002866,Karachi,2026-09-15,Dine-in,New
CUST002867,Faisalabad,2026-09-05,Takeaway,Frequent
CUST002868,Faisalabad,2026-03-18,Dine-in,Promotion-Driven
CUST002869,Quetta,2026-04-08,Takeaway,Promotion-Driven
CUST002870,Quetta,2025-11-24,Website/App,At-Risk
CUST002871,Quetta,2026-01-29,Dine-in,At-Risk
CUST002872,Multan,2026-09-11,Dine-in,New
CUST002873,Sialkot,2026-03-09,Dine-in,Promotion-Driven
CUST002874,Hyderabad,2025-11-03,Takeaway,High-Value Loyal
CUST002875,Multan,2026-07-14,Dine-in,Occasional
CUST002876,Faisalabad,2026-09-02,Third-Party Delivery,New
CUST002877,Rawalpindi,2026-02-10,Dine-in,High-Value Loyal
CUST002878,Karachi,2026-08-30,Takeaway,New
CUST002879,Peshawar,2026-06-12,Dine-in,Promotion-Driven
CUST002880,Karachi,2025-12-29,Website/App,Occasional
CUST002881,Sialkot,2026-09-12,Website/App,Promotion-Driven
CUST002882,Faisalabad,2025-12-04,Dine-in,Frequent
CUST002883,Hyderabad,2026-07-31,Website/App,At-Risk
CUST002884,Islamabad,2025-09-06,Website/App,Promotion-Driven
CUST002885,Karachi,2025-09-11,Dine-in,Promotion-Driven
CUST002886,Islamabad,2025-12-15,Third-Party Delivery,Promotion-Driven
CUST002887,Lahore,2026-09-11,Website/App,New
CUST002888,Islamabad,2026-07-30,Website/App,Promotion-Driven
CUST002889,Sialkot,2026-09-05,Takeaway,Occasional
CUST002890,Quetta,2026-06-20,Dine-in,High-Value Loyal
CUST002891,Lahore,2026-08-31,Dine-in,New
CUST002892,Faisalabad,2026-02-15,Takeaway,Promotion-Driven
CUST002893,Peshawar,2026-01-09,Dine-in,Occasional
CUST002894,Karachi,2026-01-31,Dine-in,At-Risk
CUST002895,Sialkot,2025-09-23,Website/App,Frequent
CUST002896,Sialkot,2025-09-15,Third-Party Delivery,Occasional
CUST002897,Islamabad,2025-08-02,Website/App,Occasional
CUST002898,Sialkot,2026-01-04,Third-Party Delivery,At-Risk
CUST002899,Quetta,2026-03-15,Dine-in,Promotion-Driven
CUST002900,Karachi,2026-08-30,Website/App,New
CUST002901,Islamabad,2025-12-16,Takeaway,Occasional
CUST002902,Sialkot,2026-09-19,Takeaway,New
CUST002903,Lahore,2025-09-13,Third-Party Delivery,Promotion-Driven
CUST002904,Peshawar,2025-11-03,Takeaway,High-Value Loyal
CUST002905,Karachi,2026-03-08,Dine-in,Promotion-Driven
CUST002906,Islamabad,2026-03-17,Takeaway,Occasional
CUST002907,Islamabad,2026-05-12,Dine-in,Promotion-Driven
CUST002908,Islamabad,2026-05-11,Takeaway,Frequent
CUST002909,Lahore,2026-04-19,Website/App,Promotion-Driven
CUST002910,Islamabad,2026-02-24,Dine-in,Frequent
CUST002911,Karachi,2026-09-23,Website/App,New
CUST002912,Faisalabad,2025-09-14,Takeaway,Occasional
CUST002913,Multan,2026-09-06,Third-Party Delivery,New
CUST002914,Sialkot,2025-09-16,Takeaway,Occasional
CUST002915,Multan,2026-06-01,Third-Party Delivery,Frequent
CUST002916,Quetta,2026-06-02,Dine-in,Frequent
CUST002917,Multan,2026-09-05,Dine-in,At-Risk
CUST002918,Rawalpindi,2026-01-13,Website/App,Frequent
CUST002919,Sialkot,2026-02-13,Website/App,Occasional
CUST002920,Faisalabad,2026-09-14,Third-Party Delivery,New
CUST002921,Hyderabad,2026-02-27,Takeaway,Occasional
CUST002922,Rawalpindi,2026-02-14,Dine-in,Frequent
CUST002923,Faisalabad,2026-09-21,Website/App,New
CUST002924,Peshawar,2026-08-26,Takeaway,New
CUST002925,Islamabad,2026-08-26,Website/App,New
CUST002926,Rawalpindi,2025-12-02,Takeaway,High-Value Loyal
CUST002927,Faisalabad,2026-05-19,Dine-in,At-Risk
CUST002928,Multan,2026-09-18,Website/App,New
CUST002929,Hyderabad,2026-09-11,Third-Party Delivery,New
CUST002930,Rawalpindi,2025-10-25,Dine-in,Promotion-Driven
CUST002931,Islamabad,2025-10-10,Dine-in,Occasional
CUST002932,Sialkot,2025-12-15,Dine-in,Frequent
CUST002933,Hyderabad,2026-01-01,Takeaway,High-Value Loyal
CUST002934,Peshawar,2025-12-15,Website/App,Occasional
CUST002935,Lahore,2026-09-19,Dine-in,New
CUST002936,Multan,2025-09-01,Website/App,Occasional
CUST002937,Quetta,2025-10-24,Website/App,Frequent
CUST002938,Hyderabad,2026-03-10,Dine-in,Promotion-Driven
CUST002939,Peshawar,2026-09-10,Takeaway,New
CUST002940,Peshawar,2025-12-31,Dine-in,At-Risk
CUST002941,Rawalpindi,2026-04-04,Dine-in,Promotion-Driven
CUST002942,Sialkot,2026-09-04,Takeaway,Promotion-Driven
CUST002943,Lahore,2025-09-08,Website/App,High-Value Loyal
CUST002944,Quetta,2026-01-31,Takeaway,High-Value Loyal
CUST002945,Hyderabad,2025-12-06,Website/App,High-Value Loyal
CUST002946,Hyderabad,2026-08-31,Takeaway,New
CUST002947,Karachi,2026-06-16,Third-Party Delivery,At-Risk
CUST002948,Islamabad,2026-04-10,Third-Party Delivery,Promotion-Driven
CUST002949,Quetta,2026-05-31,Dine-in,Occasional
CUST002950,Rawalpindi,2026-09-17,Takeaway,New
CUST002951,Peshawar,2026-03-22,Website/App,Promotion-Driven
CUST002952,Hyderabad,2025-09-23,Dine-in,Occasional
CUST002953,Quetta,2025-10-08,Dine-in,Occasional
CUST002954,Faisalabad,2026-01-02,Website/App,Promotion-Driven
CUST002955,Islamabad,2026-09-11,Takeaway,New
CUST002956,Sialkot,2026-01-17,Third-Party Delivery,Frequent
CUST002957,Islamabad,2026-06-13,Third-Party Delivery,At-Risk
CUST002958,Sialkot,2026-02-10,Takeaway,Occasional
CUST002959,Lahore,2026-09-15,Takeaway,Occasional
CUST002960,Karachi,2026-01-15,Takeaway,Occasional
CUST002961,Rawalpindi,2026-03-13,Dine-in,Occasional
CUST002962,Peshawar,2026-01-18,Dine-in,Occasional
CUST002963,Islamabad,2026-03-08,Website/App,Frequent
CUST002964,Sialkot,2026-09-21,Website/App,Promotion-Driven
CUST002965,Karachi,2026-06-29,Website/App,Frequent
CUST002966,Peshawar,2026-05-31,Takeaway,High-Value Loyal
CUST002967,Peshawar,2025-10-08,Third-Party Delivery,At-Risk
CUST002968,Peshawar,2025-12-31,Third-Party Delivery,At-Risk
CUST002969,Faisalabad,2026-01-11,Dine-in,Occasional
CUST002970,Peshawar,2026-06-04,Dine-in,At-Risk
CUST002971,Karachi,2026-07-21,Takeaway,Occasional
CUST002972,Sialkot,2026-09-08,Website/App,New
CUST002973,Faisalabad,2026-01-07,Dine-in,High-Value Loyal
CUST002974,Quetta,2025-10-29,Website/App,Occasional
CUST002975,Hyderabad,2026-02-19,Dine-in,Frequent
CUST002976,Lahore,2026-01-10,Dine-in,Frequent
CUST002977,Sialkot,2025-12-27,Website/App,At-Risk
CUST002978,Karachi,2026-09-01,Third-Party Delivery,New
CUST002979,Multan,2026-06-20,Third-Party Delivery,At-Risk
CUST002980,,2026-04-08,Dine-in,High-Value Loyal
CUST002981,Peshawar,2026-05-21,Dine-in,Frequent
CUST002982,,2026-09-04,Website/App,Frequent
CUST002983,Rawalpindi,2026-09-13,Dine-in,New
CUST002984,Hyderabad,2026-09-15,Dine-in,New
CUST002985,Rawalpindi,2026-09-22,Takeaway,Occasional
CUST002986,Faisalabad,2026-09-06,Third-Party Delivery,At-Risk
CUST002987,Islamabad,2026-02-17,Third-Party Delivery,Promotion-Driven
CUST002988,Rawalpindi,2026-02-02,Dine-in,High-Value Loyal
CUST002989,Multan,2025-09-27,Website/App,High-Value Loyal
CUST002990,Sialkot,2026-05-15,Third-Party Delivery,At-Risk
CUST002991,Karachi,2025-11-10,Dine-in,Frequent
CUST002992,Faisalabad,2026-05-30,Dine-in,Occasional
CUST002993,Hyderabad,2026-05-06,Takeaway,At-Risk
CUST002994,Lahore,2025-10-31,Third-Party Delivery,High-Value Loyal
CUST002995,Rawalpindi,2026-07-15,Third-Party Delivery,Occasional
CUST002996,Lahore,2026-08-28,Dine-in,Frequent
CUST002997,Sialkot,2026-05-08,Takeaway,Promotion-Driven
CUST002998,Peshawar,2026-08-31,Third-Party Delivery,New
CUST002999,Quetta,2026-09-01,Third-Party Delivery,New
CUST003000,Rawalpindi,2025-11-15,Dine-in,High-Value Loyal
CUST003001,Multan,2026-03-12,Third-Party Delivery,Promotion-Driven
CUST003002,Hyderabad,2026-09-12,Takeaway,At-Risk
CUST003003,Sialkot,2026-08-28,Dine-in,New
CUST003004,Rawalpindi,2026-07-20,Dine-in,Frequent
CUST003005,Peshawar,2026-08-28,Website/App,New
CUST003006,Lahore,2026-09-11,Takeaway,Frequent
CUST003007,Lahore,2026-09-11,Dine-in,At-Risk
CUST003008,Faisalabad,2026-02-25,Website/App,Promotion-Driven
CUST003009,Faisalabad,2026-07-10,Dine-in,Frequent
CUST003010,Lahore,2026-04-12,Third-Party Delivery,At-Risk
CUST003011,Peshawar,2025-10-10,Dine-in,Occasional
CUST003012,Faisalabad,2026-06-20,Dine-in,At-Risk
CUST003013,Islamabad,2026-09-16,Dine-in,New
CUST003014,Multan,2026-09-02,Third-Party Delivery,New
CUST003015,Islamabad,2025-10-17,Dine-in,Occasional
CUST003016,Peshawar,2026-08-01,Takeaway,Promotion-Driven
CUST003017,Sialkot,2026-03-04,Takeaway,Promotion-Driven
CUST003018,Karachi,2026-09-08,Third-Party Delivery,Occasional
CUST003019,Lahore,2026-02-09,Takeaway,Occasional
CUST003020,Peshawar,2025-09-06,Dine-in,Frequent
CUST003021,Faisalabad,2026-03-17,Third-Party Delivery,Promotion-Driven
CUST003022,Islamabad,2026-06-02,Third-Party Delivery,Occasional
CUST003023,Karachi,2026-04-02,Dine-in,High-Value Loyal
CUST003024,Hyderabad,2026-05-25,Third-Party Delivery,High-Value Loyal
CUST003025,Quetta,2026-09-06,Takeaway,New
CUST003026,Quetta,2026-04-16,Dine-in,High-Value Loyal
CUST003027,Faisalabad,2026-07-20,Third-Party Delivery,Frequent
CUST003028,Quetta,2026-09-06,Third-Party Delivery,New
CUST003029,Peshawar,2026-08-29,Website/App,New
CUST003030,Hyderabad,2026-01-31,Dine-in,Frequent
CUST003031,Multan,2026-07-25,Dine-in,At-Risk
CUST003032,Lahore,2026-09-19,Third-Party Delivery,At-Risk
CUST003033,Islamabad,2026-09-04,Third-Party Delivery,New
CUST003034,Quetta,2026-06-22,Takeaway,Promotion-Driven
CUST003035,Karachi,2025-09-12,Dine-in,Occasional
CUST003036,Quetta,2025-09-24,Takeaway,At-Risk
CUST003037,Islamabad,2026-08-28,Dine-in,Frequent
CUST003038,Hyderabad,2026-09-02,Website/App,New
CUST003039,Faisalabad,2026-07-06,Takeaway,At-Risk
CUST003040,Rawalpindi,2026-01-28,Takeaway,At-Risk
CUST003041,Multan,2025-10-24,Takeaway,At-Risk
CUST003042,Hyderabad,2026-06-27,Website/App,Promotion-Driven
CUST003043,Lahore,2026-06-09,Dine-in,Frequent
CUST003044,Multan,2025-08-22,Third-Party Delivery,Frequent
CUST003045,Islamabad,2026-09-03,Third-Party Delivery,New
CUST003046,Faisalabad,2026-07-12,Dine-in,Occasional
CUST003047,Rawalpindi,2026-06-27,Third-Party Delivery,High-Value Loyal
CUST003048,Rawalpindi,2026-02-20,Website/App,Frequent
CUST003049,Karachi,2026-08-20,Third-Party Delivery,At-Risk
CUST003050,Quetta,2026-01-16,Takeaway,High-Value Loyal
CUST003051,Multan,2026-09-11,Website/App,High-Value Loyal
CUST003052,Islamabad,2026-03-08,Dine-in,Promotion-Driven
CUST003053,Peshawar,2026-09-23,Dine-in,New
CUST003054,Hyderabad,2025-09-19,Third-Party Delivery,Promotion-Driven
CUST003055,Sialkot,2025-12-10,Dine-in,Occasional
CUST003056,Rawalpindi,2025-11-21,Dine-in,Promotion-Driven
CUST003057,Lahore,2026-04-18,Takeaway,Occasional
CUST003058,,2026-08-17,Takeaway,Promotion-Driven
CUST003059,Peshawar,2026-04-22,Takeaway,Promotion-Driven
CUST003060,Karachi,2026-05-12,Takeaway,Promotion-Driven
CUST003061,Peshawar,2026-05-24,Dine-in,At-Risk
CUST003062,Lahore,2026-09-05,Dine-in,New
CUST003063,Multan,2025-11-21,Third-Party Delivery,Frequent
CUST003064,Lahore,2026-03-16,Dine-in,Occasional
CUST003065,Quetta,2026-02-07,Dine-in,Occasional
CUST003066,Quetta,2026-02-16,Third-Party Delivery,Occasional
CUST003067,Hyderabad,2026-03-25,Website/App,High-Value Loyal
CUST003068,Quetta,2026-08-30,Website/App,Occasional
CUST003069,Rawalpindi,2026-07-13,Takeaway,At-Risk
CUST003070,Quetta,2026-09-01,Website/App,New
CUST003071,Quetta,2026-04-13,Dine-in,At-Risk
CUST003072,Quetta,2025-10-16,Third-Party Delivery,Promotion-Driven
CUST003073,Rawalpindi,2026-01-23,Website/App,Promotion-Driven
CUST003074,Quetta,2025-08-12,Third-Party Delivery,Occasional
CUST003075,Lahore,2026-04-04,Dine-in,Promotion-Driven
CUST003076,Rawalpindi,2025-09-22,Takeaway,At-Risk
CUST003077,Multan,2025-12-29,Dine-in,At-Risk
CUST003078,Hyderabad,2026-02-28,Takeaway,Occasional
CUST003079,Lahore,2025-09-12,Takeaway,Occasional
CUST003080,Quetta,2025-09-28,Dine-in,Promotion-Driven
CUST003081,Karachi,2026-08-08,Takeaway,Promotion-Driven
CUST003082,Hyderabad,2025-10-11,Takeaway,Occasional
CUST003083,Hyderabad,2026-01-25,Takeaway,Frequent
CUST003084,Islamabad,2026-01-06,Dine-in,Promotion-Driven
CUST003085,Sialkot,2026-01-22,Takeaway,Occasional
CUST003086,Lahore,2026-03-21,Website/App,At-Risk
CUST003087,Karachi,2026-09-05,Dine-in,At-Risk
CUST003088,Rawalpindi,2026-09-07,Dine-in,New
CUST003089,Hyderabad,2026-04-04,Dine-in,High-Value Loyal
CUST003090,Karachi,2026-09-08,Dine-in,New
CUST003091,Faisalabad,2025-09-18,Third-Party Delivery,Occasional
CUST003092,Faisalabad,2026-08-31,Website/App,New
CUST003093,Lahore,2026-07-22,Takeaway,Frequent
CUST003094,Rawalpindi,2026-03-19,Third-Party Delivery,Frequent
CUST003095,Rawalpindi,2026-01-10,Dine-in,Promotion-Driven
CUST003096,Peshawar,2025-09-03,Website/App,Occasional
CUST003097,Rawalpindi,2025-12-31,Third-Party Delivery,At-Risk
CUST003098,Quetta,2025-08-22,Third-Party Delivery,Promotion-Driven
CUST003099,Peshawar,2026-09-18,Website/App,Occasional
CUST003100,Rawalpindi,2026-07-29,Takeaway,At-Risk
CUST003101,Peshawar,2025-09-27,Dine-in,High-Value Loyal
CUST003102,Quetta,2025-08-11,Dine-in,Frequent
CUST003103,Hyderabad,2026-01-22,Website/App,At-Risk
CUST003104,Karachi,2026-09-20,Dine-in,New
CUST003105,Faisalabad,2026-07-12,Takeaway,At-Risk
CUST003106,Islamabad,2026-09-18,Website/App,New
CUST003107,Islamabad,2026-09-16,Dine-in,New
CUST003108,Hyderabad,2026-04-21,Dine-in,Promotion-Driven
CUST003109,Rawalpindi,2025-10-28,Website/App,At-Risk
CUST003110,Hyderabad,2026-05-09,Dine-in,At-Risk
CUST003111,Hyderabad,2025-10-20,Dine-in,Occasional
CUST003112,Karachi,2026-09-06,Third-Party Delivery,New
CUST003113,Lahore,2026-03-06,Third-Party Delivery,Occasional
CUST003114,Quetta,2026-03-24,Third-Party Delivery,High-Value Loyal
CUST003115,Peshawar,2025-11-26,Dine-in,Frequent
CUST003116,Peshawar,2026-09-11,Takeaway,New
CUST003117,Multan,2026-09-18,Dine-in,New
CUST003118,Faisalabad,2025-11-03,Dine-in,Occasional
CUST003119,Sialkot,2026-06-23,Website/App,Promotion-Driven
CUST003120,Hyderabad,2026-09-10,Third-Party Delivery,New
CUST003121,Rawalpindi,2026-02-18,Dine-in,At-Risk
CUST003122,Multan,2026-08-31,Takeaway,New
CUST003123,Peshawar,2026-06-10,Third-Party Delivery,Promotion-Driven
CUST003124,Karachi,2025-11-09,Dine-in,Occasional
CUST003125,Peshawar,2026-03-18,Third-Party Delivery,Promotion-Driven
CUST003126,Peshawar,2026-09-10,Takeaway,New
CUST003127,Multan,2026-02-15,Takeaway,High-Value Loyal
CUST003128,Rawalpindi,2025-08-02,Takeaway,Occasional
CUST003129,Multan,2026-07-26,Third-Party Delivery,Frequent
CUST003130,Quetta,2025-11-17,Dine-in,Occasional
CUST003131,Sialkot,2025-11-13,Dine-in,Promotion-Driven
CUST003132,Lahore,2026-08-30,Dine-in,New
CUST003133,Sialkot,2026-07-26,Takeaway,High-Value Loyal
CUST003134,Karachi,2026-09-18,Third-Party Delivery,Promotion-Driven
CUST003135,Quetta,2026-09-11,Third-Party Delivery,High-Value Loyal
CUST003136,Quetta,2025-09-01,Dine-in,Promotion-Driven
CUST003137,Peshawar,2026-09-20,Takeaway,New
CUST003138,Karachi,2026-09-13,Website/App,Occasional
CUST003139,Sialkot,2026-05-01,Takeaway,Occasional
CUST003140,Rawalpindi,2025-11-03,Third-Party Delivery,Frequent
CUST003141,Sialkot,2026-09-13,Dine-in,New
CUST003142,Islamabad,2025-11-08,Dine-in,Promotion-Driven
CUST003143,Lahore,2026-03-22,Third-Party Delivery,Occasional
CUST003144,Peshawar,2025-09-27,Third-Party Delivery,Occasional
CUST003145,Hyderabad,2025-12-12,Dine-in,Frequent
CUST003146,Karachi,2026-08-27,Takeaway,New
CUST003147,Sialkot,2026-04-07,Dine-in,At-Risk
CUST003148,Rawalpindi,2026-04-27,Dine-in,At-Risk
CUST003149,Quetta,2026-06-23,Takeaway,Promotion-Driven
CUST003150,Faisalabad,2026-01-07,Website/App,Promotion-Driven
CUST003151,Multan,2026-06-01,Dine-in,Promotion-Driven
CUST003152,Quetta,2026-09-04,Dine-in,New
CUST003153,Karachi,2026-02-16,Dine-in,Occasional
CUST003154,Hyderabad,2026-05-27,Dine-in,Promotion-Driven
CUST003155,Faisalabad,2025-09-27,Dine-in,Promotion-Driven
CUST003156,Hyderabad,2026-01-25,Dine-in,Occasional
CUST003157,Islamabad,2026-01-27,Dine-in,Frequent
CUST003158,Sialkot,2026-03-22,Website/App,At-Risk
CUST003159,Islamabad,2026-06-12,Website/App,High-Value Loyal
CUST003160,Hyderabad,2025-10-27,Dine-in,Frequent
CUST003161,Faisalabad,2026-09-20,Third-Party Delivery,High-Value Loyal
CUST003162,Peshawar,2026-07-10,Third-Party Delivery,Occasional
CUST003163,Lahore,2026-07-27,Takeaway,At-Risk
CUST003164,Lahore,2026-09-13,Website/App,Occasional
CUST003165,Quetta,2025-12-30,Takeaway,At-Risk
CUST003166,Quetta,2026-09-05,Dine-in,New
CUST003167,Quetta,2025-09-12,Dine-in,Frequent
CUST003168,Lahore,2026-09-19,Dine-in,New
CUST003169,Lahore,2026-09-20,Dine-in,New
CUST003170,Peshawar,2025-11-30,Website/App,Occasional
CUST003171,Rawalpindi,2026-01-03,Dine-in,Frequent
CUST003172,Lahore,2025-09-28,Dine-in,Frequent
CUST003173,Rawalpindi,2025-11-01,Takeaway,Frequent
CUST003174,Multan,2026-02-07,Takeaway,Frequent
CUST003175,Faisalabad,2026-09-19,Website/App,New
CUST003176,Rawalpindi,2026-04-18,Website/App,Occasional
CUST003177,Rawalpindi,2026-02-14,Third-Party Delivery,Occasional
CUST003178,Hyderabad,2026-03-02,Website/App,Frequent
CUST003179,Multan,2026-06-01,Dine-in,Occasional
CUST003180,Peshawar,2025-10-09,Takeaway,Promotion-Driven
CUST003181,Sialkot,2026-05-21,Website/App,Frequent
CUST003182,Lahore,2026-02-12,Dine-in,Occasional
CUST003183,Peshawar,2026-03-04,Dine-in,Frequent
CUST003184,Hyderabad,2026-09-08,Dine-in,New
CUST003185,Peshawar,2026-06-21,Dine-in,High-Value Loyal
CUST003186,Sialkot,2026-05-02,Website/App,Occasional
CUST003187,Multan,2026-07-21,Dine-in,At-Risk
CUST003188,Hyderabad,2026-06-26,Takeaway,High-Value Loyal
CUST003189,Faisalabad,2025-10-27,Third-Party Delivery,At-Risk
CUST003190,Multan,2026-05-11,Website/App,Occasional
CUST003191,Quetta,2025-10-24,Dine-in,Occasional
CUST003192,Lahore,2026-04-07,Takeaway,Occasional
CUST003193,Quetta,2026-09-19,Website/App,New
CUST003194,Multan,2025-11-03,Takeaway,Frequent
CUST003195,Islamabad,2026-01-08,Takeaway,Promotion-Driven
CUST003196,Islamabad,2026-03-18,Website/App,Promotion-Driven
CUST003197,Peshawar,2026-06-13,Dine-in,Frequent
CUST003198,Quetta,2025-08-27,Dine-in,High-Value Loyal
CUST003199,Sialkot,2026-01-30,Takeaway,Occasional
CUST003200,Islamabad,2025-08-04,Dine-in,Frequent
CUST003201,Faisalabad,2026-04-05,Website/App,Frequent
CUST003202,Sialkot,2025-10-08,Takeaway,Promotion-Driven
CUST003203,Quetta,2026-08-28,Takeaway,New
CUST003204,Rawalpindi,2026-02-12,Dine-in,Occasional
CUST003205,Peshawar,2026-09-07,Dine-in,New
CUST003206,Faisalabad,2026-06-30,Takeaway,Occasional
CUST003207,Quetta,2026-04-10,Dine-in,At-Risk
CUST003208,Karachi,2026-02-25,Dine-in,Occasional
CUST003209,Peshawar,2026-07-16,Dine-in,At-Risk
CUST003210,Hyderabad,2026-04-08,Takeaway,Promotion-Driven
CUST003211,Sialkot,2026-09-01,Third-Party Delivery,New
CUST003212,Multan,2026-09-08,Dine-in,New
CUST003213,Lahore,2025-10-24,Third-Party Delivery,Frequent
CUST003214,Faisalabad,2025-09-11,Third-Party Delivery,At-Risk
CUST003215,Multan,2026-05-16,Third-Party Delivery,High-Value Loyal
CUST003216,Multan,2025-08-15,Takeaway,Promotion-Driven
CUST003217,Islamabad,2026-09-11,Third-Party Delivery,Promotion-Driven
CUST003218,Multan,2026-09-16,Third-Party Delivery,New
CUST003219,Karachi,2025-12-27,Website/App,High-Value Loyal
CUST003220,Islamabad,2025-08-16,Website/App,Occasional
CUST003221,Hyderabad,2026-09-16,Dine-in,New
CUST003222,Rawalpindi,2026-05-02,Takeaway,Frequent
CUST003223,Peshawar,2025-12-25,Dine-in,Frequent
CUST003224,Lahore,2025-10-25,Dine-in,Promotion-Driven
CUST003225,Lahore,2026-09-03,Dine-in,At-Risk
CUST003226,Sialkot,2026-03-22,Third-Party Delivery,Occasional
CUST003227,,2026-05-16,Website/App,At-Risk
CUST003228,Multan,2026-08-15,Takeaway,Occasional
CUST003229,Multan,2026-08-30,Dine-in,New
CUST003230,Quetta,2026-04-10,Third-Party Delivery,Frequent
CUST003231,Multan,2026-05-08,Third-Party Delivery,Occasional
CUST003232,Peshawar,2026-04-18,Third-Party Delivery,Promotion-Driven
CUST003233,Rawalpindi,2025-09-26,Takeaway,High-Value Loyal
CUST003234,Karachi,2026-05-20,Dine-in,Promotion-Driven
CUST003235,Peshawar,2025-09-27,Takeaway,Frequent
CUST003236,Faisalabad,2025-12-15,Takeaway,At-Risk
CUST003237,Multan,2026-08-31,Dine-in,Frequent
CUST003238,Rawalpindi,2026-05-05,Website/App,Promotion-Driven
CUST003239,Quetta,2026-02-03,Dine-in,High-Value Loyal
CUST003240,Karachi,2026-05-04,Third-Party Delivery,Frequent
CUST003241,Lahore,2026-08-22,Takeaway,Promotion-Driven
CUST003242,Multan,2025-08-21,Website/App,Occasional
CUST003243,Islamabad,2026-08-24,Dine-in,Occasional
CUST003244,Rawalpindi,2026-08-03,Dine-in,Promotion-Driven
CUST003245,Rawalpindi,2026-03-13,Dine-in,Frequent
CUST003246,Rawalpindi,2026-05-06,Dine-in,Frequent
CUST003247,Quetta,2025-11-19,Third-Party Delivery,Frequent
CUST003248,Sialkot,2026-03-05,Dine-in,Occasional
CUST003249,Multan,2026-08-31,Dine-in,New
CUST003250,Faisalabad,2026-06-30,Dine-in,At-Risk
CUST003251,Rawalpindi,2026-09-16,Third-Party Delivery,New
CUST003252,Hyderabad,2025-12-30,Website/App,At-Risk
CUST003253,Lahore,2025-08-16,Third-Party Delivery,Frequent
CUST003254,Sialkot,2026-03-18,Dine-in,At-Risk
CUST003255,Hyderabad,2025-12-12,Takeaway,High-Value Loyal
CUST003256,Faisalabad,2026-01-25,Dine-in,At-Risk
CUST003257,Sialkot,2026-09-22,Third-Party Delivery,Promotion-Driven
CUST003258,Faisalabad,2025-09-13,Takeaway,At-Risk
CUST003259,Sialkot,2026-03-12,Dine-in,Frequent
CUST003260,Sialkot,2026-08-30,Website/App,New
CUST003261,Lahore,2026-09-16,Website/App,New
CUST003262,Peshawar,2025-11-15,Dine-in,Promotion-Driven
CUST003263,Hyderabad,2026-09-19,Takeaway,Frequent
CUST003264,Hyderabad,2026-08-12,Dine-in,At-Risk
CUST003265,Rawalpindi,2026-05-28,Dine-in,Frequent
CUST003266,Islamabad,2026-09-12,Website/App,New
CUST003267,Quetta,2026-07-29,Dine-in,At-Risk
CUST003268,Peshawar,2026-06-08,Dine-in,At-Risk
CUST003269,Multan,2026-06-19,Dine-in,Occasional
CUST003270,Lahore,2026-03-07,Dine-in,Frequent
CUST003271,Sialkot,2025-10-23,Dine-in,Occasional
CUST003272,Peshawar,2026-06-11,Third-Party Delivery,Frequent
CUST003273,Peshawar,2025-10-10,Website/App,High-Value Loyal
CUST003274,Sialkot,2026-09-05,Dine-in,Promotion-Driven
CUST003275,Karachi,2025-11-13,Third-Party Delivery,High-Value Loyal
CUST003276,Faisalabad,2026-09-20,Third-Party Delivery,High-Value Loyal
CUST003277,Islamabad,2025-11-13,Website/App,Promotion-Driven
CUST003278,Peshawar,2026-09-16,Dine-in,Frequent
CUST003279,Lahore,2025-08-30,Third-Party Delivery,Occasional
CUST003280,Hyderabad,2026-05-18,Dine-in,Frequent
CUST003281,Lahore,2026-01-26,Website/App,High-Value Loyal
CUST003282,Rawalpindi,2026-04-29,Third-Party Delivery,Frequent
CUST003283,Lahore,2026-09-04,Dine-in,New
CUST003284,Karachi,2026-09-18,Dine-in,New
CUST003285,Hyderabad,2026-09-01,Dine-in,New
CUST003286,Peshawar,2026-09-14,Takeaway,New
CUST003287,Islamabad,2026-05-20,Takeaway,Promotion-Driven
CUST003288,Rawalpindi,2025-12-14,Dine-in,Occasional
CUST003289,Rawalpindi,2026-04-20,Dine-in,Frequent
CUST003290,Quetta,2026-07-13,Takeaway,Occasional
CUST003291,Peshawar,2026-09-21,Dine-in,At-Risk
CUST003292,Multan,2025-09-17,Website/App,At-Risk
CUST003293,Rawalpindi,2025-10-08,Website/App,Promotion-Driven
CUST003294,Sialkot,2026-08-19,Dine-in,Frequent
CUST003295,Faisalabad,2026-09-06,Dine-in,Occasional
CUST003296,Faisalabad,2026-02-26,Takeaway,Frequent
CUST003297,Karachi,2026-09-15,Website/App,New
CUST003298,Karachi,2026-09-19,Dine-in,New
CUST003299,Lahore,2026-07-25,Takeaway,Occasional
CUST003300,Multan,2025-10-06,Website/App,At-Risk
CUST003301,Islamabad,2025-12-05,Dine-in,High-Value Loyal
CUST003302,Rawalpindi,2025-10-13,Website/App,High-Value Loyal
CUST003303,Lahore,2026-07-30,Takeaway,Frequent
CUST003304,Hyderabad,2026-01-11,Website/App,Occasional
CUST003305,Hyderabad,2026-08-30,Dine-in,New
CUST003306,Multan,2026-09-11,Takeaway,New
CUST003307,Faisalabad,2026-04-07,Website/App,At-Risk
CUST003308,Sialkot,2026-09-05,Dine-in,New
CUST003309,Peshawar,2026-06-19,Dine-in,Promotion-Driven
CUST003310,Multan,2026-09-03,Dine-in,New
CUST003311,Sialkot,2026-02-28,Takeaway,Occasional
CUST003312,Islamabad,2026-09-09,Dine-in,New
CUST003313,Lahore,2025-09-07,Website/App,Occasional
CUST003314,Hyderabad,2026-06-20,Dine-in,Promotion-Driven
CUST003315,Multan,2026-09-10,Third-Party Delivery,Occasional
CUST003316,Faisalabad,2026-09-21,Dine-in,New
CUST003317,Lahore,2026-02-22,Dine-in,Promotion-Driven
CUST003318,Rawalpindi,2026-04-20,Dine-in,Promotion-Driven
CUST003319,Multan,2026-09-15,Takeaway,New
CUST003320,Hyderabad,2026-07-21,Dine-in,Promotion-Driven
CUST003321,Faisalabad,2026-02-04,Dine-in,Occasional
CUST003322,Lahore,2026-03-20,Takeaway,Occasional
CUST003323,Peshawar,2026-04-06,Third-Party Delivery,Occasional
CUST003324,Rawalpindi,2026-09-05,Dine-in,New
CUST003325,Sialkot,2025-08-01,Takeaway,Promotion-Driven
CUST003326,Multan,2026-08-31,Third-Party Delivery,At-Risk
CUST003327,Lahore,2026-09-21,Website/App,New
CUST003328,Lahore,2026-08-09,Takeaway,Occasional
CUST003329,Quetta,2026-03-22,Takeaway,Occasional
CUST003330,Faisalabad,2026-06-21,Website/App,Promotion-Driven
CUST003331,Islamabad,2026-07-06,Takeaway,Frequent
CUST003332,Karachi,2026-07-23,Dine-in,Occasional
CUST003333,Sialkot,2026-08-27,Dine-in,New
CUST003334,Islamabad,2025-09-01,Dine-in,Occasional
CUST003335,Quetta,2026-09-06,Dine-in,New
CUST003336,Karachi,2026-02-19,Third-Party Delivery,High-Value Loyal
CUST003337,Faisalabad,2026-09-10,Dine-in,New
CUST003338,Islamabad,2025-11-16,Dine-in,At-Risk
CUST003339,Islamabad,2026-04-10,Takeaway,Occasional
CUST003340,Multan,2025-12-15,Takeaway,At-Risk
CUST003341,Islamabad,2026-01-12,Dine-in,At-Risk
CUST003342,Lahore,2025-12-23,Website/App,Promotion-Driven
CUST003343,Lahore,2026-01-19,Third-Party Delivery,Frequent
CUST003344,Karachi,2026-05-07,Dine-in,Promotion-Driven
CUST003345,Lahore,2026-05-22,Dine-in,At-Risk
CUST003346,Quetta,2025-10-05,Website/App,Promotion-Driven
CUST003347,Rawalpindi,2026-05-16,Website/App,At-Risk
CUST003348,Faisalabad,2026-08-29,Dine-in,New
CUST003349,Faisalabad,2026-08-26,Third-Party Delivery,New
CUST003350,Quetta,2026-07-15,Dine-in,Frequent
CUST003351,Islamabad,2026-08-25,Dine-in,Frequent
CUST003352,Peshawar,2025-08-24,Dine-in,Frequent
CUST003353,Lahore,2026-09-20,Takeaway,New
CUST003354,Rawalpindi,2026-06-16,Dine-in,Promotion-Driven
CUST003355,Sialkot,2026-09-05,Website/App,Occasional
CUST003356,Rawalpindi,2026-03-23,Third-Party Delivery,Frequent
CUST003357,Quetta,2025-08-08,Takeaway,Promotion-Driven
CUST003358,,2025-10-02,Dine-in,Promotion-Driven
CUST003359,Sialkot,2026-09-09,Takeaway,New
CUST003360,Faisalabad,2026-03-21,Website/App,High-Value Loyal
CUST003361,Lahore,2025-07-31,Third-Party Delivery,Promotion-Driven
CUST003362,Lahore,2026-03-07,Dine-in,Occasional
CUST003363,Hyderabad,2025-11-11,Dine-in,Occasional
CUST003364,Islamabad,2026-07-18,Third-Party Delivery,High-Value Loyal
CUST003365,,2025-10-06,Takeaway,Promotion-Driven
CUST003366,Lahore,2026-06-28,Dine-in,Occasional
CUST003367,Rawalpindi,2026-01-01,Third-Party Delivery,At-Risk
CUST003368,Sialkot,2025-10-20,Third-Party Delivery,Occasional
CUST003369,Sialkot,2025-12-18,Dine-in,High-Value Loyal
CUST003370,Islamabad,2025-09-16,Dine-in,Promotion-Driven
CUST003371,Sialkot,2026-07-01,Takeaway,Occasional
CUST003372,Rawalpindi,2026-01-31,Dine-in,Occasional
CUST003373,Rawalpindi,2026-09-21,Website/App,New
CUST003374,Sialkot,2026-09-02,Dine-in,New
CUST003375,Rawalpindi,2026-06-28,Dine-in,Frequent
CUST003376,Hyderabad,2025-10-23,Website/App,At-Risk
CUST003377,Quetta,2026-09-11,Third-Party Delivery,New
CUST003378,Hyderabad,2026-06-16,Third-Party Delivery,At-Risk
CUST003379,Islamabad,2026-01-03,Website/App,Occasional
CUST003380,Multan,2026-08-06,Takeaway,Frequent
CUST003381,Karachi,2026-07-24,Takeaway,Occasional
CUST003382,Sialkot,2026-08-21,Website/App,Promotion-Driven
CUST003383,Islamabad,2025-11-27,Third-Party Delivery,Occasional
CUST003384,Sialkot,2026-03-07,Website/App,High-Value Loyal
CUST003385,Peshawar,2026-07-01,Third-Party Delivery,Occasional
CUST003386,Rawalpindi,2025-09-15,Dine-in,Occasional
CUST003387,Peshawar,2026-07-26,Website/App,Occasional
CUST003388,Rawalpindi,2025-09-17,Dine-in,High-Value Loyal
CUST003389,Faisalabad,2026-09-17,Takeaway,New
CUST003390,Hyderabad,2026-04-01,Dine-in,Frequent
CUST003391,Karachi,2026-09-19,Dine-in,New
CUST003392,Multan,2026-05-30,Dine-in,Promotion-Driven
CUST003393,Rawalpindi,2025-11-23,Dine-in,Frequent
CUST003394,Sialkot,2026-04-22,Website/App,Occasional
CUST003395,Quetta,2026-07-14,Third-Party Delivery,Occasional
CUST003396,Hyderabad,2026-03-15,Dine-in,At-Risk
CUST003397,Quetta,2025-08-04,Website/App,Promotion-Driven
CUST003398,Karachi,2026-09-01,Third-Party Delivery,New
CUST003399,Sialkot,2026-01-22,Dine-in,Frequent
CUST003400,Peshawar,2026-09-20,Dine-in,New
CUST003401,Karachi,2026-03-04,Website/App,Promotion-Driven
CUST003402,Multan,2026-07-21,Website/App,High-Value Loyal
CUST003403,Lahore,2025-10-06,Dine-in,High-Value Loyal
CUST003404,Peshawar,2026-04-01,Takeaway,High-Value Loyal
CUST003405,Faisalabad,2025-09-05,Third-Party Delivery,At-Risk
CUST003406,Sialkot,2025-11-25,Takeaway,Promotion-Driven
CUST003407,Lahore,2026-02-12,Takeaway,Occasional
CUST003408,Islamabad,2025-09-14,Dine-in,Frequent
CUST003409,Hyderabad,2026-08-09,Dine-in,Promotion-Driven
CUST003410,Faisalabad,2026-09-16,Third-Party Delivery,At-Risk
CUST003411,Peshawar,2025-09-21,Website/App,At-Risk
CUST003412,Hyderabad,2025-09-21,Website/App,Occasional
CUST003413,Islamabad,2026-01-07,Takeaway,At-Risk
CUST003414,Quetta,2026-02-04,Dine-in,Occasional
CUST003415,Rawalpindi,2025-12-31,Dine-in,High-Value Loyal
CUST003416,Multan,2025-10-09,Dine-in,Occasional
CUST003417,Islamabad,2026-02-11,Dine-in,Occasional
CUST003418,Islamabad,2026-08-31,Dine-in,Occasional
CUST003419,Sialkot,2026-09-20,Third-Party Delivery,Occasional
CUST003420,Hyderabad,2026-08-20,Dine-in,Occasional
CUST003421,Hyderabad,2025-10-07,Takeaway,Occasional
CUST003422,Faisalabad,2026-06-24,Dine-in,Occasional
CUST003423,Islamabad,2026-07-12,Website/App,Occasional
CUST003424,Faisalabad,2025-10-12,Third-Party Delivery,High-Value Loyal
CUST003425,Sialkot,2025-09-04,Takeaway,Promotion-Driven
CUST003426,Lahore,2026-04-28,Dine-in,Promotion-Driven
CUST003427,Multan,2026-05-15,Takeaway,Promotion-Driven
CUST003428,Lahore,2025-08-04,Dine-in,Frequent
CUST003429,Sialkot,2026-09-03,Website/App,New
CUST003430,Karachi,2025-10-23,Dine-in,Frequent
CUST003431,Peshawar,2026-03-13,Website/App,High-Value Loyal
CUST003432,Islamabad,2026-01-26,Third-Party Delivery,At-Risk
CUST003433,Faisalabad,2026-08-04,Dine-in,Occasional
CUST003434,Lahore,2026-09-03,Dine-in,New
CUST003435,Faisalabad,2026-09-19,Third-Party Delivery,New
CUST003436,Rawalpindi,2026-02-26,Website/App,Frequent
CUST003437,Islamabad,2026-06-11,Website/App,Frequent
CUST003438,Multan,2026-07-17,Takeaway,Promotion-Driven
CUST003439,Islamabad,2026-03-14,Takeaway,Frequent
CUST003440,Karachi,2025-11-19,Website/App,High-Value Loyal
CUST003441,Sialkot,2025-09-13,Takeaway,Occasional
CUST003442,Multan,2026-09-19,Dine-in,New
CUST003443,Islamabad,2026-08-20,Dine-in,Frequent
CUST003444,Peshawar,2026-09-05,Takeaway,New
CUST003445,Quetta,2026-09-11,Dine-in,New
CUST003446,Sialkot,2026-01-26,Dine-in,At-Risk
CUST003447,Sialkot,2026-09-13,Third-Party Delivery,New
CUST003448,Rawalpindi,2026-09-09,Website/App,Promotion-Driven
CUST003449,Multan,2025-10-10,Takeaway,Frequent
CUST003450,Faisalabad,2026-09-15,Takeaway,New
CUST003451,Rawalpindi,2026-06-26,Website/App,Occasional
CUST003452,Karachi,2025-09-12,Website/App,Occasional
CUST003453,Multan,2025-12-05,Website/App,Occasional
CUST003454,Multan,2026-05-10,Dine-in,Frequent
CUST003455,Lahore,2026-09-04,Dine-in,New
CUST003456,Karachi,2026-08-04,Takeaway,Occasional
CUST003457,Quetta,2026-09-14,Third-Party Delivery,New
CUST003458,Lahore,2026-09-02,Dine-in,Promotion-Driven
CUST003459,Quetta,2026-07-19,Dine-in,At-Risk
CUST003460,Quetta,2025-08-13,Third-Party Delivery,Promotion-Driven
CUST003461,Sialkot,2026-07-03,Dine-in,Frequent
CUST003462,Islamabad,2026-09-17,Dine-in,New
CUST003463,Multan,2026-04-22,Takeaway,At-Risk
CUST003464,Islamabad,2026-06-06,Takeaway,Frequent
CUST003465,Islamabad,2026-09-17,Website/App,New
CUST003466,Multan,2026-08-17,Takeaway,Frequent
CUST003467,Multan,2026-02-16,Takeaway,Promotion-Driven
CUST003468,Hyderabad,2025-12-29,Third-Party Delivery,Occasional
CUST003469,Peshawar,2026-06-26,Third-Party Delivery,Occasional
CUST003470,Hyderabad,2025-08-27,Dine-in,At-Risk
CUST003471,Faisalabad,2026-09-05,Dine-in,Occasional
CUST003472,Islamabad,2026-09-10,Takeaway,Occasional
CUST003473,Rawalpindi,2025-11-30,Third-Party Delivery,At-Risk
CUST003474,Faisalabad,2026-09-11,Third-Party Delivery,New
CUST003475,Sialkot,2025-09-26,Website/App,Frequent
CUST003476,Peshawar,2026-09-08,Dine-in,New
CUST003477,Peshawar,2026-06-22,Dine-in,Promotion-Driven
CUST003478,Peshawar,2026-05-31,Website/App,Frequent
CUST003479,Islamabad,2025-09-05,Website/App,Frequent
CUST003480,Quetta,2026-04-27,Dine-in,Occasional
CUST003481,Rawalpindi,2025-08-06,Dine-in,High-Value Loyal
CUST003482,Multan,2026-01-31,Dine-in,At-Risk
CUST003483,Lahore,2026-01-09,Takeaway,Occasional
CUST003484,Peshawar,2026-09-11,Dine-in,New
CUST003485,Hyderabad,2026-05-18,Dine-in,Promotion-Driven
CUST003486,Karachi,2026-09-12,Dine-in,New
CUST003487,Rawalpindi,2026-05-06,Takeaway,Frequent
CUST003488,Rawalpindi,2026-07-15,Dine-in,Frequent
CUST003489,Faisalabad,2025-10-27,Website/App,Occasional
CUST003490,Faisalabad,2026-09-08,Takeaway,New
CUST003491,Quetta,2026-08-29,Third-Party Delivery,Occasional
CUST003492,Rawalpindi,2026-09-23,Takeaway,New
CUST003493,Karachi,2026-05-27,Website/App,Promotion-Driven
CUST003494,Faisalabad,2025-09-03,Dine-in,Occasional
CUST003495,Islamabad,2026-09-15,Takeaway,New
CUST003496,Multan,2025-11-18,Third-Party Delivery,Frequent
CUST003497,Rawalpindi,2025-08-20,Website/App,Frequent
CUST003498,Lahore,2025-08-30,Takeaway,Frequent
CUST003499,Lahore,2026-09-08,Third-Party Delivery,Frequent
CUST003500,Sialkot,2026-02-19,Third-Party Delivery,Promotion-Driven
CUST003501,Rawalpindi,2026-04-16,Takeaway,At-Risk
CUST003502,Hyderabad,2025-12-24,Dine-in,Frequent
CUST003503,Karachi,2026-06-17,Dine-in,Occasional
CUST003504,Islamabad,2026-07-30,Website/App,Occasional
CUST003505,Peshawar,2026-04-13,Dine-in,High-Value Loyal
CUST003506,Quetta,2026-08-27,Takeaway,Occasional
CUST003507,Lahore,2026-02-28,Dine-in,Occasional
CUST003508,Islamabad,2026-03-04,Dine-in,Frequent
CUST003509,Karachi,2026-09-11,Takeaway,New
CUST003510,Karachi,2025-09-11,Third-Party Delivery,Frequent
CUST003511,Multan,2026-06-23,Dine-in,Occasional
CUST003512,Rawalpindi,2026-05-01,Takeaway,At-Risk
CUST003513,Rawalpindi,2026-09-04,Third-Party Delivery,New
CUST003514,Karachi,2025-10-17,Dine-in,Promotion-Driven
CUST003515,Sialkot,2025-12-20,Dine-in,High-Value Loyal
CUST003516,Rawalpindi,2025-09-11,Takeaway,At-Risk
CUST003517,Lahore,2026-01-05,Dine-in,At-Risk
CUST003518,Multan,2025-09-09,Website/App,Frequent
CUST003519,Sialkot,2026-04-18,Website/App,Frequent
CUST003520,Quetta,2025-11-12,Dine-in,Promotion-Driven
CUST003521,Lahore,2026-09-17,Third-Party Delivery,At-Risk
CUST003522,Faisalabad,2025-10-18,Website/App,High-Value Loyal
CUST003523,Hyderabad,2026-05-01,Takeaway,At-Risk
CUST003524,Sialkot,2026-01-14,Takeaway,Promotion-Driven
CUST003525,Hyderabad,2026-02-16,Website/App,High-Value Loyal
CUST003526,Peshawar,2026-05-27,Takeaway,High-Value Loyal
CUST003527,Faisalabad,2026-08-30,Dine-in,New
CUST003528,Karachi,2026-06-28,Third-Party Delivery,Occasional
CUST003529,,2026-07-14,Dine-in,At-Risk
CUST003530,Rawalpindi,2026-09-21,Website/App,New
CUST003531,Rawalpindi,2026-01-05,Website/App,Promotion-Driven
CUST003532,Karachi,2026-07-23,Website/App,Frequent
CUST003533,Lahore,2026-03-11,Dine-in,At-Risk
CUST003534,Multan,2026-08-08,Takeaway,Occasional
CUST003535,Islamabad,2025-11-30,Website/App,Frequent
CUST003536,Islamabad,2025-08-29,Third-Party Delivery,At-Risk
CUST003537,Islamabad,2025-12-03,Dine-in,Promotion-Driven
CUST003538,Sialkot,2025-09-13,Website/App,Occasional
CUST003539,,2026-03-10,Takeaway,High-Value Loyal
CUST003540,Rawalpindi,2026-09-09,Dine-in,New
CUST003541,Karachi,2026-06-09,Dine-in,At-Risk
CUST003542,Hyderabad,2026-06-07,Dine-in,High-Value Loyal
CUST003543,Karachi,2025-08-28,Website/App,Frequent
CUST003544,Sialkot,2026-01-05,Dine-in,Frequent
CUST003545,Sialkot,2026-07-07,Third-Party Delivery,Occasional
CUST003546,Hyderabad,2026-08-14,Takeaway,Frequent
CUST003547,Rawalpindi,2026-08-31,Takeaway,New
CUST003548,Multan,2025-10-28,Takeaway,Occasional
CUST003549,Rawalpindi,2025-09-30,Dine-in,Frequent
CUST003550,Quetta,2025-08-06,Dine-in,At-Risk
CUST003551,Rawalpindi,2026-07-28,Dine-in,Promotion-Driven
CUST003552,Rawalpindi,2025-10-09,Takeaway,At-Risk
CUST003553,Peshawar,2026-07-25,Third-Party Delivery,Occasional
CUST003554,Sialkot,2025-08-05,Dine-in,Occasional
CUST003555,Islamabad,2025-10-22,Dine-in,Occasional
CUST003556,Faisalabad,2026-04-11,Dine-in,Frequent
CUST003557,Rawalpindi,2026-01-24,Third-Party Delivery,Occasional
CUST003558,Sialkot,2026-04-24,Third-Party Delivery,Promotion-Driven
CUST003559,Hyderabad,2026-04-21,Takeaway,Frequent
CUST003560,Peshawar,2026-08-28,Takeaway,New
CUST003561,Islamabad,2026-08-04,Dine-in,Occasional
CUST003562,Islamabad,2025-12-10,Dine-in,Frequent
CUST003563,Peshawar,2025-10-24,Third-Party Delivery,Frequent
CUST003564,Peshawar,2026-02-06,Dine-in,Promotion-Driven
CUST003565,Lahore,2025-10-03,Website/App,Frequent
CUST003566,Quetta,2026-08-18,Dine-in,Promotion-Driven
CUST003567,Karachi,2026-09-03,Dine-in,At-Risk
CUST003568,Multan,2025-12-15,Third-Party Delivery,High-Value Loyal
CUST003569,Islamabad,2026-08-10,Third-Party Delivery,Frequent
CUST003570,Lahore,2025-09-29,Takeaway,Occasional
CUST003571,Peshawar,2026-08-26,Third-Party Delivery,New
CUST003572,Sialkot,2025-08-15,Dine-in,Frequent
CUST003573,Rawalpindi,2026-01-18,Takeaway,At-Risk
CUST003574,Islamabad,2026-09-17,Dine-in,At-Risk
CUST003575,Peshawar,2026-03-07,Dine-in,Occasional
CUST003576,Rawalpindi,2026-09-07,Website/App,New
CUST003577,Faisalabad,2026-09-15,Third-Party Delivery,New
CUST003578,Quetta,2026-07-30,Dine-in,Occasional
CUST003579,Hyderabad,2026-05-22,Dine-in,Promotion-Driven
CUST003580,Multan,2026-06-17,Dine-in,Occasional
CUST003581,Sialkot,2025-09-08,Dine-in,Frequent
CUST003582,Faisalabad,2026-04-11,Website/App,At-Risk
CUST003583,Karachi,2026-03-21,Dine-in,At-Risk
CUST003584,Islamabad,2026-04-18,Third-Party Delivery,Promotion-Driven
CUST003585,Lahore,2026-01-31,Takeaway,Frequent
CUST003586,Islamabad,2025-08-28,Dine-in,Promotion-Driven
CUST003587,Peshawar,2026-04-12,Dine-in,Frequent
CUST003588,Lahore,2026-09-18,Website/App,New
CUST003589,Rawalpindi,2026-02-04,Takeaway,Promotion-Driven
CUST003590,Faisalabad,2025-10-19,Third-Party Delivery,At-Risk
CUST003591,Karachi,2025-12-08,Website/App,Promotion-Driven
CUST003592,Lahore,2026-08-30,Dine-in,Occasional
CUST003593,Multan,2026-08-26,Website/App,New
CUST003594,Quetta,2026-05-20,Dine-in,Promotion-Driven
CUST003595,,2026-07-11,Website/App,High-Value Loyal
CUST003596,Multan,2026-08-05,Dine-in,Promotion-Driven
CUST003597,Islamabad,2025-09-28,Third-Party Delivery,High-Value Loyal
CUST003598,Faisalabad,2025-11-24,Website/App,Frequent
CUST003599,Multan,2026-08-14,Website/App,Promotion-Driven
CUST003600,Lahore,2026-04-17,Website/App,Promotion-Driven
CUST003601,Karachi,2025-08-01,Dine-in,Promotion-Driven
CUST003602,Sialkot,2025-08-22,Dine-in,High-Value Loyal
CUST003603,Peshawar,2025-08-06,Dine-in,High-Value Loyal
CUST003604,Lahore,2025-12-03,Dine-in,At-Risk
CUST003605,Quetta,2025-08-23,Third-Party Delivery,High-Value Loyal
CUST003606,Hyderabad,2026-03-29,Website/App,Promotion-Driven
CUST003607,Karachi,2026-02-02,Dine-in,At-Risk
CUST003608,Quetta,2026-02-12,Takeaway,Occasional
CUST003609,Quetta,2026-09-18,Dine-in,New
CUST003610,Sialkot,2025-08-18,Takeaway,Promotion-Driven
CUST003611,Hyderabad,2026-05-10,Dine-in,High-Value Loyal
CUST003612,Lahore,2026-08-25,Website/App,New
CUST003613,Karachi,2026-07-31,Third-Party Delivery,Promotion-Driven
CUST003614,Faisalabad,2026-08-14,Third-Party Delivery,Promotion-Driven
CUST003615,Sialkot,2026-07-01,Dine-in,Occasional
CUST003616,Karachi,2026-09-16,Website/App,New
CUST003617,Karachi,2026-01-11,Third-Party Delivery,High-Value Loyal
CUST003618,Hyderabad,2026-09-10,Third-Party Delivery,New
CUST003619,Multan,2026-08-03,Dine-in,High-Value Loyal
CUST003620,Lahore,2026-09-15,Dine-in,New
CUST003621,Lahore,2025-09-08,Dine-in,High-Value Loyal
CUST003622,Rawalpindi,2026-05-19,Dine-in,At-Risk
CUST003623,Multan,2026-02-06,Dine-in,Occasional
CUST003624,Peshawar,2026-09-07,Takeaway,New
CUST003625,Faisalabad,2026-08-26,Takeaway,New
CUST003626,Sialkot,2025-08-26,Third-Party Delivery,Occasional
CUST003627,Islamabad,2025-10-30,Third-Party Delivery,High-Value Loyal
CUST003628,Faisalabad,2025-11-22,Dine-in,Occasional
CUST003629,Multan,2026-09-15,Takeaway,At-Risk
CUST003630,Lahore,2026-09-22,Dine-in,New
CUST003631,Quetta,2026-09-21,Dine-in,New
CUST003632,Rawalpindi,2026-08-27,Dine-in,New
CUST003633,Lahore,2025-12-22,Takeaway,At-Risk
CUST003634,Karachi,2026-08-31,Website/App,Frequent
CUST003635,Faisalabad,2026-01-06,Dine-in,Frequent
CUST003636,Sialkot,2026-01-14,Website/App,Promotion-Driven
CUST003637,Rawalpindi,2025-09-13,Takeaway,Occasional
CUST003638,Faisalabad,2026-05-10,Dine-in,At-Risk
CUST003639,Sialkot,2026-09-23,Dine-in,New
CUST003640,Peshawar,2026-02-04,Dine-in,Frequent
CUST003641,Faisalabad,2025-11-10,Third-Party Delivery,Promotion-Driven
CUST003642,Lahore,2025-12-27,Third-Party Delivery,Occasional
CUST003643,,2026-05-15,Takeaway,Occasional
CUST003644,Rawalpindi,2026-09-05,Website/App,Promotion-Driven
CUST003645,Multan,2026-01-02,Third-Party Delivery,Frequent
CUST003646,Peshawar,2026-08-13,Dine-in,High-Value Loyal
CUST003647,Rawalpindi,2026-06-14,Website/App,At-Risk
CUST003648,Hyderabad,2026-09-09,Takeaway,New
CUST003649,Multan,2026-02-04,Third-Party Delivery,Occasional
CUST003650,Peshawar,2026-05-29,Dine-in,At-Risk
CUST003651,Islamabad,2026-04-09,Website/App,At-Risk
CUST003652,Islamabad,2026-08-30,Dine-in,At-Risk
CUST003653,Karachi,2026-09-01,Takeaway,High-Value Loyal
CUST003654,Sialkot,2025-11-08,Dine-in,Occasional
CUST003655,Quetta,2026-08-10,Third-Party Delivery,Frequent
CUST003656,Rawalpindi,2026-05-06,Takeaway,Frequent
CUST003657,Peshawar,2026-08-24,Dine-in,Occasional
CUST003658,Rawalpindi,2026-09-11,Website/App,At-Risk
CUST003659,Faisalabad,2026-09-19,Third-Party Delivery,New
CUST003660,Hyderabad,2025-08-03,Website/App,Occasional
CUST003661,Islamabad,2026-02-25,Dine-in,High-Value Loyal
CUST003662,Sialkot,2025-08-12,Website/App,At-Risk
CUST003663,Karachi,2025-11-27,Dine-in,Occasional
CUST003664,Peshawar,2026-05-04,Website/App,Promotion-Driven
CUST003665,Multan,2026-01-24,Dine-in,Occasional
CUST003666,Quetta,2026-08-28,Dine-in,New
CUST003667,Peshawar,2026-07-21,Third-Party Delivery,Frequent
CUST003668,Rawalpindi,2025-08-04,Dine-in,Frequent
CUST003669,Quetta,2026-01-18,Dine-in,At-Risk
CUST003670,Rawalpindi,2025-07-31,Dine-in,Occasional
CUST003671,Rawalpindi,2026-08-23,Third-Party Delivery,At-Risk
CUST003672,Faisalabad,2026-07-02,Dine-in,Frequent
CUST003673,Peshawar,2026-02-08,Third-Party Delivery,Frequent
CUST003674,Lahore,2026-08-12,Takeaway,Frequent
CUST003675,Sialkot,2026-08-07,Takeaway,Occasional
CUST003676,Peshawar,2026-01-04,Website/App,Frequent
CUST003677,Hyderabad,2025-09-22,Dine-in,Occasional
CUST003678,Karachi,2026-09-07,Third-Party Delivery,New
CUST003679,Quetta,2026-09-10,Website/App,New
CUST003680,Multan,2026-04-08,Dine-in,High-Value Loyal
CUST003681,Sialkot,2025-08-30,Third-Party Delivery,Occasional
CUST003682,Quetta,2025-10-11,Takeaway,Occasional
CUST003683,Multan,2026-07-30,Dine-in,Promotion-Driven
CUST003684,Karachi,2026-09-21,Dine-in,New
CUST003685,Karachi,2025-08-22,Website/App,Occasional
CUST003686,Rawalpindi,2025-11-26,Website/App,Frequent
CUST003687,Faisalabad,2026-09-10,Website/App,New
CUST003688,Islamabad,2026-07-24,Takeaway,Occasional
CUST003689,Hyderabad,2026-02-06,Dine-in,At-Risk
CUST003690,Karachi,2026-03-22,Takeaway,Frequent
CUST003691,Karachi,2026-09-21,Dine-in,New
CUST003692,Rawalpindi,2026-09-20,Dine-in,New
CUST003693,Hyderabad,2026-04-15,Dine-in,High-Value Loyal
CUST003694,Rawalpindi,2025-10-07,Takeaway,Frequent
CUST003695,Faisalabad,2026-08-28,Dine-in,New
CUST003696,Hyderabad,2026-02-17,Takeaway,At-Risk
CUST003697,Islamabad,2025-09-07,Takeaway,Promotion-Driven
CUST003698,Peshawar,2026-05-30,Dine-in,At-Risk
CUST003699,Sialkot,2026-05-17,Takeaway,High-Value Loyal
CUST003700,Sialkot,2025-08-31,Website/App,High-Value Loyal
CUST003701,Rawalpindi,2026-03-10,Takeaway,Occasional
CUST003702,Faisalabad,2026-07-05,Website/App,Promotion-Driven
CUST003703,Sialkot,2025-10-05,Dine-in,Occasional
CUST003704,Faisalabad,2025-11-29,Third-Party Delivery,Frequent
CUST003705,Lahore,2025-12-27,Website/App,Frequent
CUST003706,Faisalabad,2026-08-27,Dine-in,New
CUST003707,Sialkot,2026-01-08,Takeaway,Occasional
CUST003708,Quetta,2026-09-14,Takeaway,Promotion-Driven
CUST003709,Hyderabad,2026-02-17,Takeaway,At-Risk
CUST003710,Peshawar,2026-07-24,Takeaway,High-Value Loyal
CUST003711,Faisalabad,2026-08-11,Website/App,Promotion-Driven
CUST003712,Sialkot,2026-01-14,Takeaway,Promotion-Driven
CUST003713,Karachi,2026-01-09,Dine-in,High-Value Loyal
CUST003714,Rawalpindi,2026-03-19,Third-Party Delivery,Occasional
CUST003715,Quetta,2025-12-17,Website/App,Promotion-Driven
CUST003716,Islamabad,2025-11-27,Third-Party Delivery,Occasional
CUST003717,Multan,2025-09-07,Website/App,Occasional
CUST003718,Lahore,2025-11-11,Dine-in,Occasional
CUST003719,Peshawar,2025-10-08,Takeaway,Frequent
CUST003720,Faisalabad,2026-09-03,Takeaway,Occasional
CUST003721,Quetta,2026-08-29,Dine-in,Occasional
CUST003722,Karachi,2026-05-26,Website/App,Occasional
CUST003723,Hyderabad,2025-09-24,Website/App,Occasional
CUST003724,Lahore,2025-10-18,Takeaway,Frequent
CUST003725,Faisalabad,2025-09-23,Dine-in,Occasional
CUST003726,Quetta,2025-10-23,Dine-in,Frequent
CUST003727,Multan,2026-03-18,Dine-in,At-Risk
CUST003728,Multan,2026-09-13,Website/App,New
CUST003729,Rawalpindi,2026-02-24,Dine-in,Promotion-Driven
CUST003730,Lahore,2026-09-06,Dine-in,New
CUST003731,Quetta,2026-01-30,Third-Party Delivery,Occasional
CUST003732,Lahore,2026-08-29,Third-Party Delivery,Occasional
CUST003733,Multan,2025-11-14,Third-Party Delivery,Promotion-Driven
CUST003734,Karachi,2026-09-14,Website/App,New
CUST003735,Hyderabad,2026-03-25,Dine-in,At-Risk
CUST003736,Rawalpindi,2025-12-13,Takeaway,Occasional
CUST003737,Karachi,2025-09-30,Dine-in,Occasional
CUST003738,Lahore,2025-09-15,Third-Party Delivery,Occasional
CUST003739,Hyderabad,2025-10-19,Dine-in,Frequent
CUST003740,Sialkot,2026-09-17,Third-Party Delivery,Occasional
CUST003741,Lahore,2026-07-17,Website/App,Promotion-Driven
CUST003742,Multan,2026-01-02,Dine-in,Occasional
CUST003743,,2026-09-01,Dine-in,New
CUST003744,Quetta,2026-06-04,Website/App,At-Risk
CUST003745,,2025-08-20,Takeaway,At-Risk
CUST003746,Islamabad,2025-11-18,Website/App,Frequent
CUST003747,Peshawar,2026-01-14,Website/App,Frequent
CUST003748,,2025-10-14,Takeaway,Promotion-Driven
CUST003749,Karachi,2026-09-01,Third-Party Delivery,New
CUST003750,Faisalabad,2025-12-05,Dine-in,Occasional
CUST003751,Islamabad,2026-09-11,Website/App,New
CUST003752,Hyderabad,2026-04-19,Takeaway,Occasional
CUST003753,Karachi,2025-08-25,Dine-in,Promotion-Driven
CUST003754,Multan,2026-07-12,Third-Party Delivery,High-Value Loyal
CUST003755,Lahore,2025-12-31,Dine-in,Occasional
CUST003756,Karachi,2025-12-11,Takeaway,Frequent
CUST003757,Lahore,2026-09-23,Takeaway,Promotion-Driven
CUST003758,Multan,2026-09-23,Takeaway,New
CUST003759,Islamabad,2026-02-23,Dine-in,Promotion-Driven
CUST003760,Peshawar,2026-03-19,Third-Party Delivery,At-Risk
CUST003761,Lahore,2026-05-11,Takeaway,Frequent
CUST003762,Multan,2026-09-06,Takeaway,New
CUST003763,Peshawar,2026-09-20,Dine-in,New
CUST003764,Islamabad,2026-03-24,Dine-in,Frequent
CUST003765,Faisalabad,2026-08-29,Takeaway,New
CUST003766,Hyderabad,2026-09-10,Website/App,Frequent
CUST003767,Sialkot,2025-10-10,Third-Party Delivery,Occasional
CUST003768,Islamabad,2026-09-23,Dine-in,New
CUST003769,Karachi,2025-08-31,Website/App,Promotion-Driven
CUST003770,Faisalabad,2026-09-16,Dine-in,New
CUST003771,Quetta,2025-10-05,Takeaway,High-Value Loyal
CUST003772,Lahore,2026-08-28,Website/App,New
CUST003773,Faisalabad,2026-02-21,Third-Party Delivery,Promotion-Driven
CUST003774,Multan,2026-02-06,Website/App,Occasional
CUST003775,Peshawar,2026-07-17,Third-Party Delivery,Frequent
CUST003776,Sialkot,2026-06-18,Takeaway,Frequent
CUST003777,Rawalpindi,2026-06-26,Dine-in,Occasional
CUST003778,Karachi,2025-09-12,Third-Party Delivery,At-Risk
CUST003779,Islamabad,2026-05-25,Dine-in,Promotion-Driven
CUST003780,Islamabad,2026-05-27,Website/App,At-Risk
CUST003781,Lahore,2025-12-10,Website/App,At-Risk
CUST003782,Lahore,2026-09-20,Dine-in,Promotion-Driven
CUST003783,,2025-09-07,Website/App,Frequent
CUST003784,Hyderabad,2026-09-21,Takeaway,New
CUST003785,Lahore,2025-11-09,Website/App,Occasional
CUST003786,Islamabad,2026-06-26,Website/App,Frequent
CUST003787,Karachi,2026-03-15,Website/App,High-Value Loyal
CUST003788,Multan,2026-09-19,Takeaway,New
CUST003789,Peshawar,2025-09-16,Dine-in,At-Risk
CUST003790,Quetta,2026-09-18,Dine-in,Occasional
CUST003791,Peshawar,2026-01-16,Website/App,High-Value Loyal
CUST003792,Sialkot,2025-10-01,Dine-in,Occasional
CUST003793,Islamabad,2026-09-09,Dine-in,New
CUST003794,Rawalpindi,2025-08-25,Takeaway,Occasional
CUST003795,Faisalabad,2025-10-25,Takeaway,Occasional
CUST003796,Lahore,2026-05-20,Dine-in,Frequent
CUST003797,Quetta,2026-03-09,Third-Party Delivery,Occasional
CUST003798,Islamabad,2026-08-31,Dine-in,New
CUST003799,Karachi,2026-02-18,Dine-in,At-Risk
CUST003800,Multan,2026-04-11,Takeaway,Frequent
CUST003801,Karachi,2025-08-15,Third-Party Delivery,Promotion-Driven
CUST003802,Peshawar,2026-02-11,Takeaway,Occasional
CUST003803,Peshawar,2026-07-15,Third-Party Delivery,At-Risk
CUST003804,Multan,2026-03-06,Third-Party Delivery,Frequent
CUST003805,Rawalpindi,2026-09-12,Takeaway,New
CUST003806,,2025-11-17,Dine-in,Occasional
CUST003807,Quetta,2026-09-15,Takeaway,New
CUST003808,Faisalabad,2025-12-21,Website/App,Frequent
CUST003809,Peshawar,2026-03-16,Third-Party Delivery,High-Value Loyal
CUST003810,Islamabad,2025-10-15,Dine-in,Occasional
CUST003811,Sialkot,2026-09-04,Third-Party Delivery,New
CUST003812,Hyderabad,2026-06-13,Takeaway,Occasional
CUST003813,Sialkot,2026-06-11,Website/App,Frequent
CUST003814,Hyderabad,2025-12-03,Dine-in,Frequent
CUST003815,Multan,2026-06-27,Dine-in,Frequent
CUST003816,Islamabad,2025-12-29,Dine-in,At-Risk
CUST003817,Karachi,2026-04-12,Dine-in,At-Risk
CUST003818,Hyderabad,2026-02-26,Takeaway,Occasional
CUST003819,Rawalpindi,2026-05-08,Dine-in,Occasional
CUST003820,Rawalpindi,2026-04-02,Website/App,High-Value Loyal
CUST003821,Karachi,2025-08-31,Website/App,Occasional
CUST003822,Peshawar,2025-09-13,Dine-in,High-Value Loyal
CUST003823,Hyderabad,2025-12-21,Dine-in,Occasional
CUST003824,Quetta,2026-02-12,Dine-in,Occasional
CUST003825,Karachi,2025-10-09,Dine-in,Frequent
CUST003826,Islamabad,2026-03-02,Website/App,Occasional
CUST003827,Karachi,2025-11-10,Takeaway,Occasional
CUST003828,Rawalpindi,2026-06-25,Takeaway,Promotion-Driven
CUST003829,Karachi,2026-09-12,Takeaway,Occasional
CUST003830,Peshawar,2026-04-26,Website/App,Occasional
CUST003831,Karachi,2025-12-05,Dine-in,At-Risk
CUST003832,Lahore,2026-06-18,Website/App,Promotion-Driven
CUST003833,Sialkot,2026-09-14,Dine-in,At-Risk
CUST003834,Rawalpindi,2026-05-05,Dine-in,Occasional
CUST003835,Karachi,2026-09-10,Website/App,High-Value Loyal
CUST003836,Quetta,2026-09-11,Dine-in,New
CUST003837,Islamabad,2026-09-04,Dine-in,At-Risk
CUST003838,Peshawar,2026-07-31,Dine-in,Promotion-Driven
CUST003839,Multan,2026-09-08,Dine-in,New
CUST003840,Islamabad,2026-05-05,Third-Party Delivery,High-Value Loyal
CUST003841,Faisalabad,2026-09-04,Third-Party Delivery,Promotion-Driven
CUST003842,Quetta,2026-04-05,Third-Party Delivery,Frequent
CUST003843,Lahore,2026-01-23,Takeaway,At-Risk
CUST003844,Faisalabad,2026-05-16,Third-Party Delivery,Occasional
CUST003845,Multan,2026-09-13,Third-Party Delivery,New
CUST003846,Rawalpindi,2026-02-14,Dine-in,Frequent
CUST003847,Faisalabad,2025-12-16,Website/App,Promotion-Driven
CUST003848,Sialkot,2026-09-23,Third-Party Delivery,New
CUST003849,Faisalabad,2026-01-10,Takeaway,Occasional
CUST003850,Peshawar,2026-06-01,Dine-in,High-Value Loyal
CUST003851,Lahore,2025-11-20,Takeaway,High-Value Loyal
CUST003852,Lahore,2025-08-15,Dine-in,Occasional
CUST003853,Quetta,2026-08-30,Website/App,New
CUST003854,Peshawar,2025-12-21,Third-Party Delivery,Occasional
CUST003855,Peshawar,2025-08-29,Dine-in,Frequent
CUST003856,Multan,2026-09-18,Third-Party Delivery,Frequent
CUST003857,Karachi,2026-03-29,Dine-in,Promotion-Driven
CUST003858,Peshawar,2026-04-28,Dine-in,At-Risk
CUST003859,Quetta,2026-01-30,Dine-in,Occasional
CUST003860,Karachi,2026-08-27,Third-Party Delivery,Promotion-Driven
CUST003861,Karachi,2026-05-26,Dine-in,High-Value Loyal
CUST003862,Hyderabad,2025-11-27,Dine-in,Occasional
CUST003863,Karachi,2025-10-20,Dine-in,Occasional
CUST003864,Lahore,2025-09-20,Takeaway,At-Risk
CUST003865,Islamabad,2025-12-04,Takeaway,Frequent
CUST003866,Quetta,2026-07-02,Website/App,Occasional
CUST003867,Rawalpindi,2025-12-01,Website/App,At-Risk
CUST003868,Quetta,2025-12-14,Takeaway,High-Value Loyal
CUST003869,Karachi,2026-04-30,Dine-in,Frequent
CUST003870,Quetta,2026-09-21,Third-Party Delivery,Promotion-Driven
CUST003871,Islamabad,2026-09-09,Dine-in,Occasional
CUST003872,Hyderabad,2026-08-12,Website/App,Promotion-Driven
CUST003873,Islamabad,2025-08-28,Website/App,High-Value Loyal
CUST003874,Peshawar,2026-09-16,Website/App,New
CUST003875,Multan,2026-05-21,Takeaway,High-Value Loyal
CUST003876,,2026-09-12,Third-Party Delivery,At-Risk
CUST003877,Quetta,2026-02-14,Takeaway,Occasional
CUST003878,Karachi,2026-01-28,Website/App,Occasional
CUST003879,Peshawar,2025-10-27,Dine-in,Occasional
CUST003880,Quetta,2026-09-16,Dine-in,New
CUST003881,Lahore,2026-05-30,Takeaway,At-Risk
CUST003882,Peshawar,2026-01-09,Takeaway,At-Risk
CUST003883,Rawalpindi,2026-09-16,Dine-in,Frequent
CUST003884,Sialkot,2026-08-12,Dine-in,Frequent
CUST003885,Faisalabad,2026-07-23,Dine-in,Occasional
CUST003886,Rawalpindi,2026-01-30,Dine-in,At-Risk
CUST003887,Karachi,2026-05-29,Dine-in,Promotion-Driven
CUST003888,Karachi,2025-08-14,Website/App,Frequent
CUST003889,Hyderabad,2026-07-26,Website/App,Promotion-Driven
CUST003890,,2026-07-24,Takeaway,Occasional
CUST003891,Karachi,2026-09-05,Takeaway,New
CUST003892,Peshawar,2026-05-15,Dine-in,At-Risk
CUST003893,Quetta,2026-09-05,Dine-in,New
CUST003894,Faisalabad,2025-11-04,Takeaway,High-Value Loyal
CUST003895,Quetta,2026-09-18,Third-Party Delivery,Frequent
CUST003896,Faisalabad,2026-04-09,Third-Party Delivery,Promotion-Driven
CUST003897,Peshawar,2026-09-14,Dine-in,New
CUST003898,Hyderabad,2026-09-08,Dine-in,New
CUST003899,Faisalabad,2025-08-19,Website/App,At-Risk
CUST003900,,2025-09-15,Website/App,Promotion-Driven
CUST003901,Lahore,2025-08-28,Dine-in,At-Risk
CUST003902,Karachi,2025-11-27,Takeaway,Frequent
CUST003903,Islamabad,2026-06-04,Third-Party Delivery,Promotion-Driven
CUST003904,Quetta,2025-11-20,Website/App,Occasional
CUST003905,Peshawar,2025-08-10,Dine-in,Occasional
CUST003906,Islamabad,2026-04-26,Dine-in,Frequent
CUST003907,Peshawar,2026-04-01,Website/App,Occasional
CUST003908,Lahore,2026-09-13,Website/App,New
CUST003909,Karachi,2026-06-10,Dine-in,At-Risk
CUST003910,Quetta,2025-11-11,Dine-in,Promotion-Driven
CUST003911,Multan,2026-09-16,Dine-in,Occasional
CUST003912,Rawalpindi,2025-10-05,Website/App,High-Value Loyal
CUST003913,Peshawar,2026-01-21,Takeaway,Frequent
CUST003914,Faisalabad,2026-08-02,Dine-in,Occasional
CUST003915,Lahore,2025-10-29,Dine-in,At-Risk
CUST003916,Rawalpindi,2026-08-27,Third-Party Delivery,New
CUST003917,Faisalabad,2026-09-22,Third-Party Delivery,New
CUST003918,Peshawar,2025-08-11,Dine-in,At-Risk
CUST003919,Lahore,2026-09-05,Dine-in,New
CUST003920,Multan,2026-07-26,Dine-in,Occasional
CUST003921,Quetta,2025-10-11,Dine-in,Occasional
CUST003922,Faisalabad,2026-08-31,Dine-in,Frequent
CUST003923,Peshawar,2025-09-25,Takeaway,Occasional
CUST003924,Peshawar,2026-04-26,Website/App,Occasional
CUST003925,Islamabad,2026-02-02,Third-Party Delivery,Occasional
CUST003926,Lahore,2025-09-06,Third-Party Delivery,Frequent
CUST003927,Faisalabad,2026-02-07,Takeaway,Occasional
CUST003928,Rawalpindi,2026-07-26,Third-Party Delivery,Frequent
CUST003929,Rawalpindi,2026-07-05,Takeaway,Promotion-Driven
CUST003930,Rawalpindi,2026-09-05,Dine-in,New
CUST003931,Faisalabad,2025-09-20,Takeaway,High-Value Loyal
CUST003932,Multan,2026-09-14,Dine-in,New
CUST003933,Faisalabad,2026-01-12,Website/App,Frequent
CUST003934,Rawalpindi,2026-09-18,Website/App,New
CUST003935,Faisalabad,2026-08-09,Dine-in,Promotion-Driven
CUST003936,Sialkot,2026-08-29,Takeaway,New
CUST003937,Hyderabad,2026-09-08,Website/App,New
CUST003938,Islamabad,2026-06-28,Website/App,Promotion-Driven
CUST003939,Faisalabad,2026-01-09,Website/App,Frequent
CUST003940,Rawalpindi,2025-10-28,Third-Party Delivery,Occasional
CUST003941,Karachi,2026-07-28,Takeaway,Promotion-Driven
CUST003942,Hyderabad,2026-05-14,Takeaway,Frequent
CUST003943,Quetta,2026-07-21,Dine-in,At-Risk
CUST003944,Hyderabad,2026-08-29,Dine-in,New
CUST003945,Quetta,2026-01-29,Dine-in,High-Value Loyal
CUST003946,Faisalabad,2025-11-22,Dine-in,Frequent
CUST003947,Rawalpindi,2026-07-06,Third-Party Delivery,Promotion-Driven
CUST003948,Faisalabad,2026-05-28,Dine-in,High-Value Loyal
CUST003949,Quetta,2026-09-21,Website/App,Occasional
CUST003950,Islamabad,2025-10-28,Website/App,Frequent
CUST003951,Sialkot,2026-02-09,Website/App,Promotion-Driven
CUST003952,Peshawar,2026-01-04,Website/App,At-Risk
CUST003953,Peshawar,2026-08-10,Website/App,At-Risk
CUST003954,Islamabad,2026-09-14,Takeaway,New
CUST003955,Rawalpindi,2025-10-04,Dine-in,At-Risk
CUST003956,Islamabad,2025-10-29,Takeaway,Promotion-Driven
CUST003957,Multan,2026-08-08,Third-Party Delivery,Occasional
CUST003958,Quetta,2025-07-31,Dine-in,Frequent
CUST003959,Sialkot,2026-09-05,Third-Party Delivery,New
CUST003960,Karachi,2026-02-16,Dine-in,At-Risk
CUST003961,Hyderabad,2026-08-29,Website/App,Frequent
CUST003962,Hyderabad,2026-09-22,Third-Party Delivery,New
CUST003963,Sialkot,2025-11-01,Dine-in,Frequent
CUST003964,Multan,2026-06-04,Third-Party Delivery,High-Value Loyal
CUST003965,Multan,2026-01-09,Dine-in,At-Risk
CUST003966,Rawalpindi,2026-09-18,Takeaway,Promotion-Driven
CUST003967,Sialkot,2026-09-16,Website/App,New
CUST003968,Peshawar,2026-06-23,Website/App,Occasional
CUST003969,Sialkot,2026-05-16,Website/App,At-Risk
CUST003970,Karachi,2025-09-22,Dine-in,Occasional
CUST003971,Lahore,2026-09-19,Dine-in,New
CUST003972,Quetta,2026-08-31,Takeaway,New
CUST003973,Peshawar,2025-09-08,Dine-in,High-Value Loyal
CUST003974,Lahore,2025-11-29,Dine-in,At-Risk
CUST003975,Sialkot,2026-09-13,Dine-in,New
CUST003976,Islamabad,2025-10-24,Takeaway,Promotion-Driven
CUST003977,Multan,2026-08-26,Dine-in,New
CUST003978,Karachi,2025-09-14,Dine-in,Occasional
CUST003979,Faisalabad,2026-09-24,Takeaway,At-Risk
CUST003980,Hyderabad,2026-07-28,Dine-in,At-Risk
CUST003981,Islamabad,2026-07-09,Dine-in,Promotion-Driven
CUST003982,Faisalabad,2026-06-23,Dine-in,Occasional
CUST003983,Islamabad,2026-08-08,Website/App,Frequent
CUST003984,Multan,2026-01-18,Takeaway,Promotion-Driven
CUST003985,Multan,2026-03-16,Website/App,Occasional
CUST003986,Islamabad,2025-08-05,Dine-in,Frequent
CUST003987,Hyderabad,2025-12-13,Website/App,Occasional
CUST003988,Rawalpindi,2025-11-15,Dine-in,Frequent
CUST003989,Islamabad,2025-12-05,Takeaway,Promotion-Driven
CUST003990,Quetta,2026-07-20,Dine-in,Frequent
CUST003991,Islamabad,2025-09-03,Third-Party Delivery,Frequent
CUST003992,Quetta,2026-01-26,Dine-in,Frequent
CUST003993,Multan,2026-08-29,Dine-in,New
CUST003994,Sialkot,2026-08-31,Third-Party Delivery,New
CUST003995,Karachi,2025-07-31,Takeaway,Occasional
CUST003996,Hyderabad,2025-08-24,Takeaway,High-Value Loyal
CUST003997,Hyderabad,2026-02-13,Website/App,Frequent
CUST003998,Islamabad,2026-03-12,Dine-in,Occasional
CUST003999,Sialkot,2026-08-10,Dine-in,Frequent
CUST004000,Islamabad,2026-03-02,Takeaway,Frequent
