rating_id,customer_id,item_id,restaurant_id,order_id,rating,review_date
RATE0000001,CUST003680,M0032,R015,ORD0001916,4,2026-08-19
RATE0000002,CUST000528,M0098,R008,ORD0001638,4,2026-09-25
RATE0000003,CUST000854,M0084,R019,ORD0003824,4,2025-10-21
RATE0000004,CUST000607,M0107,R013,ORD0008389,4,2026-08-31
RATE0000005,CUST003341,M0070,R003,ORD0005783,5,2026-08-12
RATE0000006,CUST002255,M0135,R005,ORD0006617,4,2025-12-20
RATE0000007,CUST003253,M0036,R009,ORD0004227,5,2025-12-21
RATE0000008,CUST003709,M0086,R009,ORD0003334,4,2026-06-07
RATE0000009,CUST000468,M0057,R014,ORD0007077,5,2026-09-17
RATE0000010,CUST003895,M0138,R018,ORD0002506,4,2026-09-21
RATE0000011,CUST001258,M0134,R007,ORD0003466,4,2026-08-19
RATE0000012,CUST000970,M0002,R018,ORD0003735,4,2026-02-06
RATE0000013,CUST002295,M0135,R005,ORD0008811,3,2026-04-08
RATE0000014,CUST003705,M0141,R002,ORD0007689,3,2026-07-05
RATE0000015,CUST001560,M0139,R009,ORD0000405,5,2026-09-06
RATE0000016,CUST003637,M0051,R004,ORD0000340,4,2026-02-18
RATE0000017,CUST003577,M0043,R005,ORD0008810,3,2026-09-18
RATE0000018,CUST000198,M0133,R009,ORD0000195,5,2026-09-09
RATE0000019,CUST003623,M0105,R016,ORD0003615,4,2026-06-17
RATE0000020,CUST003912,M0057,R004,ORD0006674,4,2026-07-08
RATE0000021,CUST002065,M0105,R020,ORD0006744,5,2026-06-25
RATE0000022,CUST001970,M0094,R019,ORD0006120,4,2026-09-07
RATE0000023,CUST002672,M0081,R014,ORD0008016,4,2026-09-07
RATE0000024,CUST001712,M0105,R011,ORD0001520,4,2026-06-28
RATE0000025,CUST001838,M0133,R017,ORD0004503,3,2026-07-04
RATE0000026,CUST001024,M0094,R003,ORD0003246,3,2026-04-30
RATE0000027,CUST002574,M0157,R009,ORD0007313,4,2025-12-30
RATE0000028,CUST001195,M0144,R017,ORD0007328,4,2025-12-15
RATE0000029,CUST002715,M0048,R007,ORD0003525,4,2026-09-13
RATE0000030,CUST003587,M0124,R017,ORD0008242,3,2026-09-03
RATE0000031,CUST003729,M0133,R018,ORD0000569,4,2026-03-16
RATE0000032,CUST002599,M0015,R004,ORD0006297,3,2026-08-05
RATE0000033,CUST002016,M0025,R020,ORD0004190,3,2026-07-06
RATE0000034,CUST003649,M0065,R016,ORD0008891,5,2026-06-09
RATE0000035,CUST000222,M0055,R011,ORD0007858,3,2026-09-23
RATE0000036,CUST001143,M0026,R014,ORD0007916,3,2026-05-09
RATE0000037,CUST001446,M0051,R016,ORD0005191,5,2026-04-13
RATE0000038,CUST001609,M0154,R008,ORD0003574,4,2026-09-03
RATE0000039,CUST003893,M0114,R018,ORD0005411,5,2026-09-17
RATE0000040,CUST002135,M0082,R020,ORD0000066,4,2026-08-11
RATE0000041,CUST000108,M0044,R008,ORD0000806,4,2026-08-28
RATE0000042,CUST001417,M0066,R007,ORD0004679,4,2026-05-03
RATE0000043,CUST003404,M0111,R014,ORD0005328,4,2026-09-26
RATE0000044,CUST003063,M0006,R016,ORD0000656,4,2026-07-25
RATE0000045,CUST003765,M0092,R015,ORD0006358,4,2026-09-23
RATE0000046,CUST000324,M0065,R007,ORD0006513,4,2026-04-21
RATE0000047,CUST001116,M0111,R013,ORD0000538,4,2026-04-17
RATE0000048,CUST003599,M0086,R016,ORD0007420,4,2026-09-07
RATE0000049,CUST002540,M0117,R015,ORD0001039,4,2026-05-06
RATE0000050,CUST000904,M0045,R002,ORD0007615,4,2026-09-26
RATE0000051,CUST000223,M0121,R019,ORD0005152,4,2026-09-10
RATE0000052,CUST000984,M0111,R008,ORD0005768,4,2026-05-05
RATE0000053,CUST000055,M0064,R011,ORD0005515,4,2026-09-17
RATE0000054,CUST000449,M0084,R006,ORD0002819,5,2026-09-05
RATE0000055,CUST000975,M0025,R002,ORD0005521,4,2026-04-22
RATE0000056,CUST002427,M0073,R005,ORD0003306,4,2026-08-13
RATE0000057,CUST000015,M0151,R013,ORD0003964,4,2025-12-29
RATE0000058,CUST003914,M0073,R005,ORD0001399,3,2026-09-11
RATE0000059,CUST000459,M0120,R008,ORD0005137,4,2025-12-21
RATE0000060,CUST002549,M0122,R020,ORD0004257,5,2026-05-04
RATE0000061,CUST000872,M0081,R014,ORD0008990,5,2026-09-29
RATE0000062,CUST002982,M0133,R008,ORD0008570,4,2026-09-19
RATE0000063,CUST003856,M0124,R016,ORD0001825,3,2026-09-26
RATE0000064,CUST002145,M0151,R011,ORD0001241,4,2026-09-02
RATE0000065,CUST003726,M0033,R008,ORD0008431,4,2026-06-25
RATE0000066,CUST001806,M0113,R008,ORD0007715,0,2026-08-17
RATE0000067,CUST003679,M0080,R018,ORD0005608,4,2026-09-22
RATE0000068,CUST003640,M0019,R007,ORD0007081,5,2026-08-05
RATE0000069,CUST001528,M0130,R001,ORD0004348,4,2026-08-06
RATE0000070,CUST003111,M0113,R019,ORD0008503,3,2026-04-05
RATE0000071,CUST003978,M0065,R011,ORD0005261,4,2026-04-24
RATE0000072,CUST000130,M0107,R010,ORD0008370,5,2026-07-20
RATE0000073,CUST001304,M0083,R007,ORD0000542,4,2026-09-01
RATE0000074,CUST000782,M0106,R008,ORD0002529,4,2026-04-11
RATE0000075,CUST001593,M0061,R007,ORD0002010,4,2025-09-05
RATE0000076,CUST003156,M0149,R007,ORD0000391,5,2026-07-06
RATE0000077,CUST003703,M0098,R020,ORD0002301,5,2026-08-27
RATE0000078,CUST001337,M0152,R010,ORD0007124,4,2026-03-07
RATE0000079,CUST002542,M0087,R006,ORD0002438,4,2026-07-04
RATE0000080,CUST003093,M0138,R009,ORD0001607,4,2026-09-08
RATE0000081,CUST000869,M0133,R008,ORD0000703,4,2025-12-02
RATE0000082,CUST001712,M0148,R011,ORD0008073,4,2026-05-20
RATE0000083,CUST002100,M0007,R011,ORD0003623,4,2026-09-08
RATE0000084,CUST000782,M0025,R014,ORD0001848,3,2026-09-26
RATE0000085,CUST000538,M0009,R010,ORD0003507,4,2026-07-30
RATE0000086,CUST000293,M0122,R007,ORD0001172,4,2026-09-25
RATE0000087,CUST000368,M0042,R017,ORD0003081,4,2026-05-31
RATE0000088,CUST000217,M0042,R004,ORD0008416,5,2025-10-06
RATE0000089,CUST001872,M0099,R009,ORD0004572,4,2026-01-30
RATE0000090,CUST002145,M0143,R011,ORD0001241,4,2026-09-01
RATE0000091,CUST002263,M0086,R010,ORD0005616,5,2026-02-09
RATE0000092,CUST000197,M0099,R014,ORD0002270,4,2026-09-14
RATE0000093,CUST002588,M0078,R018,ORD0001161,3,2026-09-24
RATE0000094,CUST002648,M0097,R016,ORD0007550,4,2026-09-25
RATE0000095,CUST002637,M0057,R017,ORD0002970,4,2026-09-24
RATE0000096,CUST002905,M0020,R011,ORD0006391,3,2026-07-28
RATE0000097,CUST000401,M0119,R002,ORD0003551,3,2026-06-17
RATE0000098,CUST001850,M0032,R020,ORD0007385,5,2026-08-02
RATE0000099,CUST002544,M0122,R005,ORD0008904,4,2026-09-22
RATE0000100,CUST002228,M0004,R009,ORD0001359,4,2026-09-18
RATE0000101,CUST000543,M0103,R012,ORD0005498,4,2026-06-11
RATE0000102,CUST003569,M0025,R003,ORD0008241,4,2026-09-11
RATE0000103,CUST002002,M0062,R010,ORD0008982,3,2026-01-25
RATE0000104,CUST000279,M0097,R013,ORD0000102,3,2026-09-10
RATE0000105,CUST001745,M0122,R007,ORD0008404,5,2026-05-03
RATE0000106,CUST002686,M0005,R018,ORD0006549,4,2026-08-24
RATE0000107,CUST003674,M0001,R002,ORD0001963,5,2026-08-24
RATE0000108,CUST002603,M0027,R006,ORD0006706,3,2026-09-04
RATE0000109,CUST001857,M0135,R003,ORD0001745,4,2026-09-17
RATE0000110,CUST000300,M0038,R006,ORD0002644,3,2026-01-18
RATE0000111,CUST002408,M0004,R014,ORD0003228,5,2026-04-26
RATE0000112,CUST003048,M0014,R004,ORD0003635,0,2026-04-28
RATE0000113,CUST001939,M0036,R012,ORD0001829,4,2026-03-29
RATE0000114,CUST001712,M0122,R003,ORD0006868,5,2026-08-08
RATE0000115,CUST003470,M0073,R019,ORD0000400,4,2026-05-27
RATE0000116,CUST002908,M0032,R003,ORD0007958,4,2026-07-22
RATE0000117,CUST003850,M0019,R017,ORD0000101,4,2026-08-10
RATE0000118,CUST003963,M0092,R010,ORD0002229,3,2026-08-03
RATE0000119,CUST002322,M0079,R008,ORD0008653,5,2026-06-07
RATE0000120,CUST000721,M0123,R007,ORD0006103,4,2026-04-01
RATE0000121,CUST001417,M0135,R018,ORD0007631,5,2026-04-28
RATE0000122,CUST003461,M0020,R020,ORD0004542,5,2026-09-07
RATE0000123,CUST003525,M0086,R019,ORD0001861,4,2026-06-26
RATE0000124,CUST001683,M0120,R007,ORD0003758,5,2025-11-14
RATE0000125,CUST002247,M0053,R005,ORD0006846,4,2026-09-05
RATE0000126,CUST003044,M0135,R006,ORD0008229,3,2026-01-22
RATE0000127,CUST000214,M0131,R003,ORD0005929,3,2026-09-20
RATE0000128,CUST000866,M0121,R011,ORD0003222,3,2025-12-29
RATE0000129,CUST000979,M0009,R012,ORD0003126,4,2025-12-24
RATE0000130,CUST002236,M0029,R008,ORD0002414,4,2026-06-11
RATE0000131,CUST003847,M0054,R005,ORD0003742,3,2026-08-14
RATE0000132,CUST001781,M0091,R003,ORD0002881,5,2026-05-21
RATE0000133,CUST001853,M0093,R001,ORD0005655,4,2026-08-07
RATE0000134,CUST001578,M0128,R019,ORD0006958,3,2026-04-29
RATE0000135,CUST000965,M0109,R007,ORD0001706,4,2026-09-01
RATE0000136,CUST002544,M0001,R010,ORD0003807,5,2026-09-05
RATE0000137,CUST002828,M0120,R007,ORD0002233,5,2025-10-15
RATE0000138,CUST001803,M0107,R016,ORD0007578,3,2026-09-12
RATE0000139,CUST000314,M0053,R016,ORD0006189,3,2026-01-01
RATE0000140,CUST000565,M0067,R009,ORD0003843,4,2026-08-16
RATE0000141,CUST000852,M0037,R020,ORD0006484,5,2026-07-18
RATE0000142,CUST001242,M0099,R005,ORD0003517,5,2026-07-13
RATE0000143,CUST000625,M0103,R019,ORD0006703,3,2026-09-12
RATE0000144,CUST003982,M0063,R008,ORD0005000,5,2026-06-28
RATE0000145,CUST000112,M0087,R017,ORD0004365,5,2026-04-20
RATE0000146,CUST003840,M0014,R003,ORD0001997,5,2026-06-23
RATE0000147,CUST001562,M0093,R016,ORD0003902,4,2026-05-09
RATE0000148,CUST002208,M0099,R016,ORD0000052,4,2026-08-22
RATE0000149,CUST001211,M0003,R020,ORD0003203,5,2026-08-29
RATE0000150,CUST001159,M0124,R016,ORD0002123,4,2026-01-11
RATE0000151,CUST000255,M0093,R014,ORD0002808,3,2026-03-25
RATE0000152,CUST002074,M0090,R004,ORD0001123,5,2026-06-18
RATE0000153,CUST002879,M0108,R016,ORD0005469,4,2026-08-01
RATE0000154,CUST003677,M0118,R009,ORD0000555,3,2025-12-02
RATE0000155,CUST002390,M0020,R006,ORD0004445,4,2026-08-26
RATE0000156,CUST002809,M0133,R013,ORD0005210,4,2026-08-13
RATE0000157,CUST001331,M0060,R017,ORD0008112,3,2026-05-05
RATE0000158,CUST000322,M0084,R001,ORD0003493,3,2026-09-07
RATE0000159,CUST000277,M0099,R001,ORD0004133,5,2026-07-12
RATE0000160,CUST000869,M0065,R008,ORD0002065,4,2026-01-31
RATE0000161,CUST001859,M0124,R007,ORD0001457,5,2026-07-22
RATE0000162,CUST003275,M0066,R011,ORD0004294,4,2026-07-14
RATE0000163,CUST001309,M0079,R005,ORD0002380,4,2026-07-15
RATE0000164,CUST003868,M0082,R008,ORD0005716,3,2025-12-15
RATE0000165,CUST002988,M0132,R004,ORD0007503,3,2026-02-13
RATE0000166,CUST003929,M0044,R014,ORD0008249,5,2026-07-23
RATE0000167,CUST003948,M0042,R015,ORD0007910,4,2026-08-25
RATE0000168,CUST002216,M0135,R019,ORD0002725,4,2026-09-11
RATE0000169,CUST003875,M0117,R016,ORD0001315,5,2026-07-30
RATE0000170,CUST001423,M0029,R006,ORD0008673,3,2026-08-06
RATE0000171,CUST002347,M0114,R009,ORD0007780,4,2026-08-12
RATE0000172,CUST003611,M0136,R013,ORD0006996,4,2026-06-15
RATE0000173,CUST001504,M0149,R010,ORD0003702,5,2026-09-06
RATE0000174,CUST002376,M0063,R019,ORD0005402,4,2026-04-06
RATE0000175,CUST001640,M0124,R004,ORD0001866,3,2026-03-22
RATE0000176,CUST000191,M0009,R014,ORD0006796,4,2026-05-24
RATE0000177,CUST000169,M0139,R014,ORD0001332,5,2026-08-09
RATE0000178,CUST000568,M0081,R003,ORD0001044,3,2026-05-23
RATE0000179,CUST000108,M0033,R018,ORD0006000,5,2026-08-29
RATE0000180,CUST003047,M0127,R017,ORD0003878,5,2026-07-31
RATE0000181,CUST001511,M0156,R017,ORD0003116,3,2026-09-13
RATE0000182,CUST001723,M0072,R007,ORD0003571,4,2026-02-18
RATE0000183,CUST000124,M0148,R020,ORD0000776,4,2026-07-30
RATE0000184,CUST002813,M0007,R020,ORD0002823,3,2026-05-29
RATE0000185,CUST000528,M0054,R008,ORD0003362,4,2026-09-12
RATE0000186,CUST001803,M0001,R016,ORD0007578,5,2026-09-08
RATE0000187,CUST002908,M0091,R003,ORD0007958,5,2026-07-27
RATE0000188,CUST000846,M0117,R020,ORD0008315,5,2026-08-01
RATE0000189,CUST002809,M0093,R013,ORD0005210,3,2026-08-09
RATE0000190,CUST002242,M0032,R018,ORD0005622,4,2026-07-28
RATE0000191,CUST003809,M0119,R017,ORD0005990,2,2026-08-22
RATE0000192,CUST003599,M0003,R016,ORD0007420,4,2026-09-04
RATE0000193,CUST002511,M0120,R020,ORD0000946,4,2026-08-01
RATE0000194,CUST001264,M0105,R019,ORD0005365,5,2026-07-01
RATE0000195,CUST000547,M0051,R014,ORD0000490,3,2026-05-25
RATE0000196,CUST001791,M0123,R008,ORD0008363,4,2026-09-02
RATE0000197,CUST000713,M0091,R018,ORD0005012,5,2025-12-04
RATE0000198,CUST001023,M0092,R012,ORD0005831,3,2026-09-16
RATE0000199,CUST002982,M0004,R018,ORD0003637,4,2026-09-05
RATE0000200,CUST001713,M0131,R003,ORD0001052,4,2025-12-13
RATE0000201,CUST001675,M0022,R014,ORD0006953,3,2026-08-08
RATE0000202,CUST001179,M0148,R010,ORD0002046,4,2026-09-11
RATE0000203,CUST001215,M0138,R003,ORD0006919,4,2026-08-18
RATE0000204,CUST001476,M0068,R020,ORD0003924,4,2026-07-01
RATE0000205,CUST000096,M0133,R014,ORD0006460,3,2026-09-28
RATE0000206,CUST000915,M0067,R018,ORD0002421,4,2026-09-23
RATE0000207,CUST002046,M0114,R001,ORD0002576,5,2026-06-04
RATE0000208,CUST000472,M0099,R001,ORD0006581,5,2026-09-26
RATE0000209,CUST002718,M0121,R020,ORD0001899,3,2026-09-27
RATE0000210,CUST001119,M0043,R012,ORD0003170,3,2026-07-13
RATE0000211,CUST003982,M0119,R005,ORD0005457,3,2026-07-06
RATE0000212,CUST001674,M0069,R016,ORD0005377,4,2026-09-03
RATE0000213,CUST000752,M0057,R007,ORD0007881,4,2026-09-04
RATE0000214,CUST001264,M0010,R019,ORD0003475,4,2026-07-18
RATE0000215,CUST002072,M0105,R009,ORD0007353,5,2026-08-30
RATE0000216,CUST000765,M0135,R011,ORD0007016,3,2026-05-16
RATE0000217,CUST001073,M0094,R019,ORD0006355,4,2026-09-09
RATE0000218,CUST002867,M0135,R015,ORD0000503,3,2026-09-20
RATE0000219,CUST000203,M0019,R018,ORD0005904,4,2026-06-20
RATE0000220,CUST002549,M0098,R018,ORD0005955,5,2026-09-22
RATE0000221,CUST000973,M0037,R017,ORD0000242,4,2026-08-20
RATE0000222,CUST001043,M0063,R007,ORD0000252,4,2026-05-04
RATE0000223,CUST003326,M0007,R016,ORD0003406,4,2026-09-10
RATE0000224,CUST002269,M0105,R014,ORD0000911,4,2026-03-26
RATE0000225,CUST000561,M0002,R006,ORD0004613,4,2026-05-08
RATE0000226,CUST003321,M0093,R005,ORD0001374,3,2026-07-27
RATE0000227,CUST002797,M0042,R009,ORD0001746,5,2025-12-17
RATE0000228,CUST000001,M0146,R017,ORD0003520,4,2026-04-05
RATE0000229,CUST001129,M0107,R005,ORD0008334,5,2026-08-10
RATE0000230,CUST003315,M0099,R016,ORD0007348,4,2026-09-20
RATE0000231,CUST000377,M0135,R020,ORD0000975,4,2026-09-24
RATE0000232,CUST000475,M0093,R020,ORD0005562,4,2026-09-27
RATE0000233,CUST000222,M0068,R011,ORD0007858,4,2026-09-25
RATE0000234,CUST000920,M0053,R010,ORD0003952,2,2026-07-10
RATE0000235,CUST003993,M0036,R016,ORD0008797,5,2026-09-23
RATE0000236,CUST002749,M0082,R009,ORD0005451,4,2026-09-01
RATE0000237,CUST000047,M0063,R006,ORD0008281,4,2026-06-01
RATE0000238,CUST001851,M0079,R020,ORD0005408,5,2026-04-21
RATE0000239,CUST002933,M0135,R019,ORD0001606,5,2026-06-08
RATE0000240,CUST003183,M0055,R007,ORD0008298,3,2026-09-17
RATE0000241,CUST001670,M0064,R017,ORD0004072,5,2026-09-24
RATE0000242,CUST001037,M0006,R007,ORD0005613,4,2026-09-08
RATE0000243,CUST002544,M0073,R010,ORD0003807,4,2026-09-05
RATE0000244,CUST001593,M0135,R017,ORD0003191,3,2026-04-02
RATE0000245,CUST000196,M0120,R019,ORD0001007,5,2026-09-28
RATE0000246,CUST002989,M0120,R006,ORD0003581,5,2025-10-23
RATE0000247,CUST000067,M0119,R013,ORD0006629,4,2025-12-24
RATE0000248,CUST001331,M0087,R015,ORD0002527,4,2026-09-16
RATE0000249,CUST001071,M0022,R020,ORD0001859,4,2026-08-13
RATE0000250,CUST000603,M0022,R001,ORD0004885,4,2026-07-10
RATE0000251,CUST001985,M0092,R012,ORD0002348,3,2026-08-07
RATE0000252,CUST001264,M0129,R019,ORD0000876,4,2025-11-14
RATE0000253,CUST000574,M0006,R011,ORD0000868,4,2026-09-15
RATE0000254,CUST003152,M0065,R018,ORD0008026,4,2026-09-15
RATE0000255,CUST003318,M0067,R014,ORD0004071,4,2026-05-02
RATE0000256,CUST003023,M0133,R001,ORD0000379,4,2026-05-04
RATE0000257,CUST001241,M0036,R016,ORD0006048,4,2026-07-23
RATE0000258,CUST001934,M0129,R010,ORD0001312,5,2026-09-02
RATE0000259,CUST003515,M0051,R010,ORD0003007,4,2026-04-03
RATE0000260,CUST000005,M0079,R007,ORD0007936,4,2026-08-06
RATE0000261,CUST001422,M0094,R016,ORD0001178,3,2026-04-12
RATE0000262,CUST002809,M0047,R013,ORD0002960,4,2026-09-08
RATE0000263,CUST003263,M0094,R006,ORD0007837,4,2026-09-22
RATE0000264,CUST002385,M0081,R001,ORD0007075,4,2026-08-16
RATE0000265,CUST000870,M0135,R008,ORD0005814,4,2026-09-20
RATE0000266,CUST001752,M0123,R005,ORD0007168,3,2026-06-08
RATE0000267,CUST003432,M0147,R003,ORD0004779,4,2026-03-28
RATE0000268,CUST000326,M0148,R005,ORD0005629,4,2026-07-29
RATE0000269,CUST003694,M0131,R014,ORD0001960,3,2026-01-03
RATE0000270,CUST002323,M0096,R012,ORD0005014,3,2026-07-17
RATE0000271,CUST000130,M0124,R010,ORD0004325,4,2026-09-18
RATE0000272,CUST000193,M0089,R009,ORD0008921,4,2026-04-13
RATE0000273,CUST003636,M0097,R010,ORD0006575,3,2026-07-01
RATE0000274,CUST000154,M0036,R006,ORD0002648,3,2026-07-06
RATE0000275,CUST002454,M0003,R011,ORD0007656,3,2026-09-24
RATE0000276,CUST002334,M0154,R015,ORD0002138,5,2026-07-30
RATE0000277,CUST002317,M0003,R016,ORD0000778,4,2026-08-09
RATE0000278,CUST000339,M0001,R011,ORD0006136,4,2026-09-02
RATE0000279,CUST000368,M0148,R001,ORD0007648,4,2025-10-18
RATE0000280,CUST002303,M0139,R020,ORD0004826,3,2026-08-20
RATE0000281,CUST000695,M0093,R006,ORD0000090,3,2026-09-06
RATE0000282,CUST000273,M0089,R008,ORD0007805,4,2026-09-28
RATE0000283,CUST000143,M0133,R006,ORD0001105,4,2026-08-10
RATE0000284,CUST001347,M0017,R016,ORD0004107,6,2026-09-06
RATE0000285,CUST001202,M0004,R018,ORD0001818,4,2026-09-12
RATE0000286,CUST001925,M0111,R016,ORD0004477,4,2026-04-19
RATE0000287,CUST000277,M0050,R001,ORD0008169,3,2026-08-09
RATE0000288,CUST000407,M0019,R005,ORD0008006,4,2026-05-25
RATE0000289,CUST001710,M0051,R001,ORD0000018,4,2026-06-13
RATE0000290,CUST002587,M0111,R015,ORD0000545,5,2026-07-29
RATE0000291,CUST000102,M0041,R013,ORD0003022,4,2026-09-22
RATE0000292,CUST000110,M0042,R009,ORD0002122,4,2026-08-22
RATE0000293,CUST000834,M0138,R015,ORD0000380,4,2026-07-17
RATE0000294,CUST001524,M0135,R011,ORD0008821,4,2026-08-06
RATE0000295,CUST003128,M0081,R004,ORD0006531,5,2025-09-26
RATE0000296,CUST000124,M0128,R010,ORD0006078,3,2026-09-18
RATE0000297,CUST002366,M0090,R008,ORD0001602,5,2026-05-07
RATE0000298,CUST000368,M0026,R007,ORD0004054,4,2026-05-29
RATE0000299,CUST001376,M0149,R012,ORD0001385,3,2026-09-12
RATE0000300,CUST001711,M0135,R014,ORD0008075,3,2025-09-13
RATE0000301,CUST001673,M0094,R002,ORD0001329,4,2026-08-11
RATE0000302,CUST003595,M0051,R004,ORD0006153,4,2026-07-27
RATE0000303,CUST002082,M0120,R020,ORD0002005,4,2026-02-24
RATE0000304,CUST003069,M0133,R004,ORD0000614,4,2026-08-28
RATE0000305,CUST003235,M0114,R007,ORD0005322,5,2026-04-26
RATE0000306,CUST001680,M0020,R002,ORD0006033,5,2026-04-05
RATE0000307,CUST000394,M0151,R001,ORD0007848,5,2026-04-03
RATE0000308,CUST002942,M0046,R010,ORD0003783,4,2026-09-20
RATE0000309,CUST002259,M0042,R014,ORD0004565,4,2026-02-04
RATE0000310,CUST002410,M0146,R008,ORD0005581,4,2026-07-14
RATE0000311,CUST003753,M0107,R011,ORD0002180,4,2026-01-04
RATE0000312,CUST000067,M0123,R013,ORD0004909,3,2026-04-22
RATE0000313,CUST000555,M0028,R008,ORD0004581,4,2026-04-13
RATE0000314,CUST002561,M0130,R012,ORD0004637,3,2026-09-23
RATE0000315,CUST001539,M0045,R006,ORD0006007,4,2026-09-18
RATE0000316,CUST001559,M0019,R012,ORD0000345,3,2026-07-25
RATE0000317,CUST002485,M0105,R011,ORD0008061,4,2026-09-10
RATE0000318,CUST003827,M0112,R001,ORD0005775,4,2026-05-18
RATE0000319,CUST001969,M0089,R004,ORD0002102,4,2026-04-13
RATE0000320,CUST001538,M0093,R010,ORD0002450,3,2026-09-02
RATE0000321,CUST001706,M0055,R016,ORD0003323,3,2026-05-20
RATE0000322,CUST002127,M0046,R018,ORD0005320,5,2026-04-23
RATE0000323,CUST003801,M0032,R001,ORD0003537,4,2026-02-17
RATE0000324,CUST003295,M0064,R005,ORD0001974,5,2026-09-07
RATE0000325,CUST003424,M0137,R015,ORD0000591,4,2026-05-12
RATE0000326,CUST001859,M0093,R007,ORD0008931,5,2026-09-23
RATE0000327,CUST001254,M0048,R014,ORD0003336,4,2026-08-15
RATE0000328,CUST001516,M0006,R012,ORD0008125,4,2026-08-24
RATE0000329,CUST001491,M0131,R007,ORD0004061,4,2026-09-27
RATE0000330,CUST001286,M0021,R005,ORD0003287,4,2026-08-09
RATE0000331,CUST001723,M0087,R009,ORD0008274,5,2026-05-28
RATE0000332,CUST001295,M0071,R005,ORD0006225,3,2026-04-30
RATE0000333,CUST003209,M0029,R003,ORD0007121,4,2026-07-31
RATE0000334,CUST003705,M0148,R012,ORD0008076,4,2026-08-29
RATE0000335,CUST002093,M0057,R015,ORD0003763,5,2026-09-13
RATE0000336,CUST002988,M0093,R004,ORD0007503,3,2026-02-10
RATE0000337,CUST002703,M0121,R003,ORD0001626,3,2025-12-15
RATE0000338,CUST000304,M0086,R010,ORD0001693,4,2026-09-23
RATE0000339,CUST001208,M0105,R014,ORD0004364,5,2026-01-09
RATE0000340,CUST002016,M0007,R020,ORD0004190,4,2026-07-11
RATE0000341,CUST000945,M0057,R014,ORD0007424,4,2026-09-02
RATE0000342,CUST002174,M0066,R006,ORD0004648,4,2026-01-26
RATE0000343,CUST003320,M0022,R009,ORD0006599,4,2026-09-09
RATE0000344,CUST000088,M0146,R018,ORD0006085,5,2025-11-18
RATE0000345,CUST001551,M0119,R011,ORD0002509,4,2026-03-09
RATE0000346,CUST001603,M0060,R016,ORD0000803,4,2025-11-26
RATE0000347,CUST001858,M0001,R005,ORD0008421,5,2026-05-14
RATE0000348,CUST002970,M0139,R007,ORD0007218,4,2026-09-17
RATE0000349,CUST002073,M0148,R015,ORD0007728,5,2026-05-27
RATE0000350,CUST001000,M0064,R012,ORD0004587,4,2026-04-26
RATE0000351,CUST002953,M0105,R008,ORD0008035,5,2026-03-24
RATE0000352,CUST003802,M0046,R017,ORD0001036,4,2026-04-12
RATE0000353,CUST000654,M0112,R013,ORD0008413,5,2026-09-08
RATE0000354,CUST000407,M0103,R011,ORD0008138,3,2026-05-23
RATE0000355,CUST000031,M0081,R020,ORD0005062,5,2026-02-28
RATE0000356,CUST002315,M0120,R018,ORD0008870,4,2026-05-08
RATE0000357,CUST003098,M0121,R008,ORD0005886,4,2025-09-16
RATE0000358,CUST001021,M0066,R016,ORD0007726,4,2026-03-30
RATE0000359,CUST002764,M0115,R014,ORD0002660,5,2026-06-06
RATE0000360,CUST000542,M0102,R011,ORD0002312,4,2026-09-23
RATE0000361,CUST000515,M0036,R014,ORD0003993,4,2026-07-04
RATE0000362,CUST003661,M0030,R013,ORD0007467,3,2026-05-19
RATE0000363,CUST003133,M0124,R010,ORD0006643,5,2026-08-06
RATE0000364,CUST003335,M0124,R008,ORD0004248,3,2026-09-18
RATE0000365,CUST002204,M0003,R001,ORD0004270,5,2026-09-18
RATE0000366,CUST002809,M0136,R013,ORD0001446,4,2026-05-06
RATE0000367,CUST001359,M0064,R012,ORD0006904,3,2026-09-15
RATE0000368,CUST000404,M0076,R008,ORD0008789,3,2026-07-08
RATE0000369,CUST002764,M0090,R014,ORD0002259,3,2026-05-27
RATE0000370,CUST001607,M0121,R020,ORD0002439,3,2026-09-19
RATE0000371,CUST002688,M0058,R005,ORD0002249,3,2025-12-15
RATE0000372,CUST002766,M0038,R016,ORD0005677,3,2026-09-22
RATE0000373,CUST003253,M0046,R012,ORD0001388,4,2025-12-26
RATE0000374,CUST000738,M0066,R006,ORD0002239,5,2026-01-05
RATE0000375,CUST002650,M0105,R019,ORD0007202,4,2026-09-11
RATE0000376,CUST002956,M0119,R020,ORD0008636,3,2026-09-09
RATE0000377,CUST002582,M0020,R009,ORD0006476,4,2026-09-24
RATE0000378,CUST000582,M0129,R016,ORD0002963,5,2026-09-20
RATE0000379,CUST003764,M0139,R013,ORD0008791,5,2026-07-30
RATE0000380,CUST003856,M0072,R006,ORD0003357,4,2026-09-27
RATE0000381,CUST000536,M0079,R017,ORD0006705,4,2026-02-27
RATE0000382,CUST003429,M0148,R010,ORD0006797,3,2026-09-20
RATE0000383,CUST001359,M0120,R012,ORD0007587,4,2026-08-23
RATE0000384,CUST000905,M0086,R009,ORD0008758,4,2026-04-05
RATE0000385,CUST002135,M0072,R010,ORD0001043,5,2026-08-09
RATE0000386,CUST001565,M0081,R005,ORD0007123,3,2026-07-15
RATE0000387,CUST001417,M0051,R018,ORD0007631,4,2026-04-27
RATE0000388,CUST000058,M0148,R005,ORD0001719,4,2026-08-24
RATE0000389,CUST001834,M0105,R012,ORD0007872,4,2026-08-25
RATE0000390,CUST003893,M0063,R008,ORD0007721,5,2026-09-13
RATE0000391,CUST003467,M0053,R006,ORD0001406,3,2026-09-01
RATE0000392,CUST000439,M0086,R011,ORD0001264,5,2026-03-10
RATE0000393,CUST003813,M0073,R010,ORD0007931,4,2026-08-20
RATE0000394,CUST000565,M0060,R019,ORD0008483,4,2026-09-07
RATE0000395,CUST000130,M0079,R010,ORD0004325,4,2026-09-20
RATE0000396,CUST002166,M0149,R002,ORD0003428,4,2026-08-14
RATE0000397,CUST002170,M0080,R001,ORD0004247,4,2026-09-19
RATE0000398,CUST003216,M0103,R002,ORD0001292,4,2026-04-18
RATE0000399,CUST000358,M0074,R005,ORD0008490,4,2026-09-28
RATE0000400,CUST001372,M0108,R008,ORD0002524,4,2026-01-28
RATE0000401,CUST001309,M0150,R005,ORD0002380,4,2026-07-14
RATE0000402,CUST003626,M0123,R020,ORD0000807,4,2025-11-16
RATE0000403,CUST002712,M0123,R012,ORD0000160,3,2026-09-14
RATE0000404,CUST000647,M0092,R016,ORD0004199,3,2026-02-03
RATE0000405,CUST002687,M0120,R009,ORD0001811,4,2026-05-26
RATE0000406,CUST001906,M0046,R016,ORD0003977,3,2025-11-20
RATE0000407,CUST003224,M0124,R012,ORD0008995,4,2026-09-18
RATE0000408,CUST001498,M0092,R013,ORD0001731,4,2026-04-23
RATE0000409,CUST003066,M0063,R008,ORD0008796,5,2026-07-27
RATE0000410,CUST000649,M0051,R009,ORD0000193,3,2026-08-30
RATE0000411,CUST002530,M0120,R009,ORD0008964,5,2026-05-25
RATE0000412,CUST003957,M0112,R016,ORD0003146,4,2026-09-12
RATE0000413,CUST002465,M0120,R004,ORD0004175,4,2026-06-16
RATE0000414,CUST000109,M0009,R019,ORD0007727,4,2026-06-13
RATE0000415,CUST002787,M0098,R020,ORD0006369,4,2026-07-19
RATE0000416,CUST002810,M0137,R006,ORD0000158,4,2026-08-18
RATE0000417,CUST001101,M0133,R016,ORD0008343,3,2026-04-21
RATE0000418,CUST001345,M0126,R018,ORD0007553,3,2026-05-20
RATE0000419,CUST001942,M0090,R013,ORD0003110,5,2026-09-04
RATE0000420,CUST003030,M0134,R019,ORD0008078,4,2026-09-05
RATE0000421,CUST002743,M0006,R001,ORD0008563,4,2026-08-25
RATE0000422,CUST003929,M0146,R004,ORD0003118,4,2026-07-11
RATE0000423,CUST000906,M0088,R020,ORD0007395,3,2026-07-20
RATE0000424,CUST002072,M0121,R009,ORD0001119,4,2026-06-14
RATE0000425,CUST003493,M0120,R001,ORD0003915,3,2026-09-25
RATE0000426,CUST002994,M0128,R012,ORD0002710,3,2026-04-05
RATE0000427,CUST002200,M0014,R006,ORD0003603,4,2026-09-19
RATE0000428,CUST003948,M0004,R005,ORD0004506,4,2026-06-22
RATE0000429,CUST003448,M0094,R014,ORD0003845,4,2026-09-11
RATE0000430,CUST001845,M0135,R005,ORD0008593,4,2026-09-07
RATE0000431,CUST003964,M0135,R006,ORD0000747,2,2026-08-15
RATE0000432,CUST002727,M0120,R016,ORD0001185,3,2026-09-16
RATE0000433,CUST000641,M0094,R017,ORD0000364,4,2026-08-20
RATE0000434,CUST000230,M0064,R008,ORD0002365,5,2026-08-08
RATE0000435,CUST000247,M0120,R001,ORD0005620,5,2026-06-20
RATE0000436,CUST000392,M0138,R008,ORD0005652,4,2025-11-25
RATE0000437,CUST000776,M0046,R011,ORD0006015,4,2026-09-19
RATE0000438,CUST000326,M0137,R005,ORD0005629,4,2026-07-28
RATE0000439,CUST002569,M0133,R008,ORD0006251,4,2026-09-17
RATE0000440,CUST003037,M0036,R013,ORD0001452,4,2026-09-05
RATE0000441,CUST003842,M0148,R018,ORD0004495,5,2026-04-29
RATE0000442,CUST002397,M0094,R016,ORD0008941,4,2026-09-24
RATE0000443,CUST000945,M0072,R014,ORD0006507,5,2026-08-20
RATE0000444,CUST001847,M0094,R004,ORD0008460,4,2026-02-28
RATE0000445,CUST003857,M0105,R011,ORD0006695,4,2026-05-05
RATE0000446,CUST000841,M0144,R017,ORD0002752,5,2026-09-18
RATE0000447,CUST001547,M0136,R003,ORD0005058,5,2025-11-14
RATE0000448,CUST002192,M0003,R009,ORD0002126,5,2026-08-14
RATE0000449,CUST003433,M0079,R009,ORD0005721,5,2026-09-08
RATE0000450,CUST001407,M0006,R016,ORD0007532,4,2025-12-12
RATE0000451,CUST000897,M0081,R017,ORD0001183,4,2026-09-20
RATE0000452,CUST003361,M0081,R007,ORD0001204,3,2026-01-23
RATE0000453,CUST001481,M0046,R009,ORD0001740,4,2026-07-31
RATE0000454,CUST000548,M0113,R014,ORD0002570,5,2026-09-24
RATE0000455,CUST000793,M0120,R010,ORD0007277,4,2026-04-29
RATE0000456,CUST002656,M0005,R016,ORD0007460,3,2026-01-24
RATE0000457,CUST000883,M0037,R004,ORD0005594,5,2026-09-17
RATE0000458,CUST001402,M0004,R005,ORD0000203,4,2026-08-28
RATE0000459,CUST000277,M0070,R001,ORD0004133,5,2026-07-11
RATE0000460,CUST001496,M0064,R016,ORD0003583,4,2026-07-10
RATE0000461,CUST003748,M0136,R013,ORD0001009,5,2026-06-17
RATE0000462,CUST000405,M0063,R013,ORD0007098,5,2026-01-04
RATE0000463,CUST003007,M0057,R002,ORD0008709,3,2026-09-27
RATE0000464,CUST000268,M0079,R006,ORD0005954,4,2026-07-03
RATE0000465,CUST001333,M0135,R012,ORD0004215,3,2025-11-01
RATE0000466,CUST002155,M0029,R020,ORD0004672,4,2026-07-02
RATE0000467,CUST000146,M0099,R016,ORD0000737,5,2026-05-29
RATE0000468,CUST000204,M0042,R016,ORD0006425,5,2026-06-19
RATE0000469,CUST003985,M0051,R006,ORD0003075,4,2026-07-07
RATE0000470,CUST001161,M0055,R002,ORD0001821,4,2026-09-15
RATE0000471,CUST003904,M0094,R008,ORD0002452,4,2026-05-01
RATE0000472,CUST002982,M0064,R018,ORD0003637,4,2026-09-05
RATE0000473,CUST003437,M0057,R018,ORD0001819,4,2026-07-02
RATE0000474,CUST003638,M0079,R015,ORD0005303,4,2026-09-13
RATE0000475,CUST000685,M0130,R004,ORD0000941,4,2026-06-24
RATE0000476,CUST001873,M0138,R019,ORD0005412,5,2026-03-11
RATE0000477,CUST003783,M0134,R010,ORD0007315,4,2025-11-25
RATE0000478,CUST001929,M0136,R018,ORD0005253,4,2026-08-10
RATE0000479,CUST003395,M0041,R018,ORD0007359,5,2026-09-25
RATE0000480,CUST001861,M0107,R008,ORD0004510,5,2026-02-11
RATE0000481,CUST002720,M0112,R013,ORD0006791,4,2026-09-16
RATE0000482,CUST000039,M0002,R016,ORD0008499,4,2026-08-27
RATE0000483,CUST000182,M0075,R020,ORD0001700,5,2026-08-30
RATE0000484,CUST000709,M0122,R014,ORD0007136,5,2026-07-20
RATE0000485,CUST002378,M0121,R017,ORD0007078,4,2026-03-24
RATE0000486,CUST002084,M0081,R018,ORD0003796,4,2026-09-17
RATE0000487,CUST000800,M0053,R017,ORD0004404,3,2026-08-11
RATE0000488,CUST001179,M0010,R010,ORD0002046,4,2026-09-11
RATE0000489,CUST002687,M0037,R009,ORD0001562,4,2026-08-02
RATE0000490,CUST002355,M0135,R014,ORD0001253,3,2026-09-19
RATE0000491,CUST002296,M0046,R018,ORD0003830,4,2026-07-13
RATE0000492,CUST002952,M0081,R019,ORD0004057,4,2026-07-21
RATE0000493,CUST003827,M0018,R001,ORD0005775,3,2026-05-22
RATE0000494,CUST000502,M0012,R016,ORD0002029,4,2026-09-25
RATE0000495,CUST001308,M0133,R004,ORD0007865,3,2026-09-25
RATE0000496,CUST002427,M0073,R015,ORD0000789,5,2026-09-12
RATE0000497,CUST003231,M0064,R006,ORD0001308,5,2026-09-08
RATE0000498,CUST002360,M0010,R016,ORD0007173,5,2026-08-01
RATE0000499,CUST001118,M0053,R005,ORD0006197,3,2026-09-24
RATE0000500,CUST003223,M0133,R017,ORD0001560,4,2026-08-18
RATE0000501,CUST003613,M0136,R011,ORD0008227,4,2026-08-22
RATE0000502,CUST001383,M0019,R012,ORD0004999,4,2026-08-05
RATE0000503,CUST001156,M0135,R001,ORD0002911,5,2026-07-27
RATE0000504,CUST003991,M0105,R013,ORD0002212,5,2025-12-14
RATE0000505,CUST001610,M0111,R012,ORD0003741,4,2026-07-14
RATE0000506,CUST001836,M0120,R007,ORD0002647,4,2026-06-23
RATE0000507,CUST001356,M0081,R002,ORD0008910,3,2026-08-24
RATE0000508,CUST002675,M0135,R010,ORD0005242,4,2026-06-03
RATE0000509,CUST003471,M0016,R005,ORD0003778,3,2026-09-14
RATE0000510,CUST001542,M0041,R004,ORD0003468,4,2026-04-26
RATE0000511,CUST003023,M0009,R001,ORD0008839,4,2026-06-19
RATE0000512,CUST000592,M0054,R010,ORD0000044,3,2026-05-25
RATE0000513,CUST003740,M0053,R010,ORD0004092,3,2026-09-21
RATE0000514,CUST001838,M0051,R017,ORD0004571,5,2026-09-26
RATE0000515,CUST003101,M0087,R017,ORD0001390,4,2026-03-27
RATE0000516,CUST000208,M0121,R014,ORD0001720,4,2026-07-25
RATE0000517,CUST002287,M0105,R015,ORD0006083,4,2026-05-08
RATE0000518,CUST001601,M0133,R013,ORD0004413,4,2026-01-13
RATE0000519,CUST003847,M0051,R015,ORD0002453,4,2026-06-22
RATE0000520,CUST000247,M0081,R001,ORD0005620,4,2026-06-21
RATE0000521,CUST003523,M0151,R019,ORD0001697,5,2026-05-09
RATE0000522,CUST002774,M0143,R018,ORD0001567,4,2026-05-27
RATE0000523,CUST001859,M0113,R007,ORD0008931,5,2026-09-21
RATE0000524,CUST003127,M0052,R006,ORD0003648,3,2026-06-17
RATE0000525,CUST000258,M0079,R001,ORD0001835,3,2026-08-23
RATE0000526,CUST000058,M0051,R015,ORD0001256,3,2026-07-24
RATE0000527,CUST001781,M0010,R003,ORD0007525,4,2026-06-21
RATE0000528,CUST000158,M0051,R015,ORD0003145,3,2026-08-03
RATE0000529,CUST002792,M0075,R020,ORD0008487,4,2026-08-27
RATE0000530,CUST003401,M0091,R001,ORD0000077,5,2026-03-17
RATE0000531,CUST002575,M0032,R013,ORD0004890,5,2026-06-23
RATE0000532,CUST002061,M0152,R002,ORD0003876,3,2026-08-12
RATE0000533,CUST003123,M0021,R017,ORD0007318,3,2026-08-10
RATE0000534,CUST000466,M0105,R013,ORD0008047,5,2026-08-06
RATE0000535,CUST003102,M0001,R018,ORD0007432,4,2026-06-21
RATE0000536,CUST000866,M0153,R010,ORD0005722,4,2026-08-19
RATE0000537,CUST002943,M0082,R012,ORD0005978,4,2026-03-13
RATE0000538,CUST003471,M0067,R005,ORD0000189,4,2026-09-13
RATE0000539,CUST000654,M0121,R013,ORD0006826,4,2026-09-25
RATE0000540,CUST001151,M0102,R002,ORD0006891,3,2026-05-12
RATE0000541,CUST001071,M0135,R010,ORD0004598,4,2026-07-03
RATE0000542,CUST000721,M0037,R017,ORD0005871,5,2026-03-30
RATE0000543,CUST002680,M0095,R006,ORD0002027,3,2026-07-23
RATE0000544,CUST003668,M0093,R004,ORD0006185,5,2025-12-24
RATE0000545,CUST002639,M0051,R014,ORD0005764,3,2026-08-15
RATE0000546,CUST002997,M0135,R013,ORD0005378,3,2026-08-16
RATE0000547,CUST002072,M0016,R009,ORD0007353,4,2026-08-31
RATE0000548,CUST000091,M0085,R008,ORD0004280,4,2026-04-06
RATE0000549,CUST002074,M0137,R012,ORD0003811,2,2026-06-15
RATE0000550,CUST002825,M0101,R010,ORD0002052,4,2026-04-27
RATE0000551,CUST003291,M0006,R017,ORD0002582,5,2026-09-22
RATE0000552,CUST002691,M0138,R017,ORD0000519,5,2026-09-20
RATE0000553,CUST002916,M0105,R018,ORD0001358,5,2026-08-04
RATE0000554,CUST003095,M0001,R014,ORD0005604,4,2026-04-07
RATE0000555,CUST003935,M0045,R005,ORD0005932,5,2026-08-13
RATE0000556,CUST003260,M0054,R006,ORD0006553,5,2026-09-15
RATE0000557,CUST003053,M0139,R007,ORD0007870,5,2026-09-23
RATE0000558,CUST001859,M0032,R017,ORD0006646,4,2026-07-11
RATE0000559,CUST000027,M0117,R016,ORD0004668,3,2026-09-12
RATE0000560,CUST003145,M0090,R019,ORD0000629,3,2025-12-28
RATE0000561,CUST000614,M0105,R011,ORD0001734,4,2026-02-27
RATE0000562,CUST003100,M0079,R004,ORD0008251,5,2026-08-09
RATE0000563,CUST002873,M0072,R020,ORD0007630,4,2026-04-29
RATE0000564,CUST003585,M0135,R012,ORD0006030,2,2026-05-13
RATE0000565,CUST001962,M0133,R018,ORD0006637,2,2026-04-02
RATE0000566,CUST000143,M0105,R006,ORD0000550,4,2026-05-15
RATE0000567,CUST001632,M0133,R015,ORD0008391,4,2026-09-23
RATE0000568,CUST001435,M0051,R007,ORD0000963,4,2026-09-07
RATE0000569,CUST003202,M0090,R010,ORD0006664,5,2025-11-30
RATE0000570,CUST000767,M0131,R006,ORD0002261,4,2026-04-19
RATE0000571,CUST000061,M0001,R006,ORD0001323,3,2026-09-20
RATE0000572,CUST003209,M0044,R008,ORD0001657,4,2026-08-02
RATE0000573,CUST001550,M0041,R019,ORD0002744,4,2026-07-25
RATE0000574,CUST002305,M0029,R006,ORD0008600,5,2026-04-03
RATE0000575,CUST002963,M0098,R003,ORD0001162,4,2026-07-23
RATE0000576,CUST000409,M0120,R006,ORD0003994,4,2026-08-11
RATE0000577,CUST001874,M0094,R013,ORD0007596,3,2026-06-21
RATE0000578,CUST000873,M0009,R014,ORD0006731,4,2026-09-22
RATE0000579,CUST003237,M0020,R016,ORD0008372,4,2026-09-03
RATE0000580,CUST003144,M0147,R017,ORD0007698,3,2026-06-12
RATE0000581,CUST000212,M0144,R002,ORD0000895,5,2026-09-29
RATE0000582,CUST003360,M0105,R005,ORD0001541,4,2026-05-20
RATE0000583,CUST002016,M0156,R020,ORD0004190,4,2026-07-06
RATE0000584,CUST003827,M0020,R001,ORD0005775,5,2026-05-19
RATE0000585,CUST000252,M0090,R019,ORD0005713,4,2026-07-27
RATE0000586,CUST003154,M0094,R009,ORD0005099,6,2026-08-25
RATE0000587,CUST003699,M0004,R020,ORD0002392,3,2026-06-23
RATE0000588,CUST001965,M0059,R004,ORD0006363,3,2025-11-27
RATE0000589,CUST003255,M0137,R009,ORD0001682,5,2026-03-04
RATE0000590,CUST000685,M0014,R005,ORD0006307,4,2026-06-21
RATE0000591,CUST002051,M0154,R020,ORD0001691,5,2026-09-24
RATE0000592,CUST003194,M0069,R016,ORD0001226,3,2026-04-28
RATE0000593,CUST002661,M0099,R015,ORD0004233,3,2026-09-13
RATE0000594,CUST003361,M0006,R002,ORD0004980,5,2026-04-02
RATE0000595,CUST003230,M0047,R018,ORD0005070,4,2026-08-23
RATE0000596,CUST000163,M0004,R004,ORD0004577,4,2026-09-28
RATE0000597,CUST001148,M0092,R002,ORD0008943,3,2026-02-16
RATE0000598,CUST000116,M0040,R016,ORD0005979,5,2026-08-14
RATE0000599,CUST002642,M0135,R019,ORD0005248,4,2026-09-09
RATE0000600,CUST003317,M0006,R012,ORD0006410,4,2026-09-27
RATE0000601,CUST003750,M0135,R005,ORD0000961,4,2026-03-28
RATE0000602,CUST003741,M0148,R002,ORD0003077,4,2026-08-19
RATE0000603,CUST001252,M0083,R019,ORD0002204,4,2026-06-30
RATE0000604,CUST001621,M0135,R001,ORD0006737,4,2026-08-19
RATE0000605,CUST001474,M0055,R001,ORD0002606,4,2026-09-07
RATE0000606,CUST001439,M0036,R020,ORD0002286,4,2026-08-24
RATE0000607,CUST003342,M0049,R012,ORD0001660,3,2026-07-31
RATE0000608,CUST002207,M0130,R013,ORD0000590,4,2026-06-17
RATE0000609,CUST000919,M0129,R005,ORD0002743,5,2026-07-11
RATE0000610,CUST003275,M0105,R015,ORD0004306,4,2026-03-16
RATE0000611,CUST003596,M0111,R006,ORD0000889,5,2026-09-09
RATE0000612,CUST000433,M0055,R005,ORD0002335,4,2026-07-14
RATE0000613,CUST001404,M0121,R008,ORD0007974,4,2026-07-15
RATE0000614,CUST000091,M0002,R012,ORD0005435,5,2026-03-12
RATE0000615,CUST002377,M0086,R010,ORD0006926,5,2026-08-28
RATE0000616,CUST000970,M0082,R008,ORD0008085,4,2026-06-11
RATE0000617,CUST003376,M0083,R009,ORD0005310,5,2026-04-17
RATE0000618,CUST002391,M0119,R011,ORD0007427,3,2026-08-24
RATE0000619,CUST000401,M0055,R002,ORD0003551,4,2026-06-22
RATE0000620,CUST001294,M0105,R015,ORD0006496,4,2026-08-26
RATE0000621,CUST000176,M0148,R017,ORD0007216,4,2026-03-09
RATE0000622,CUST003162,M0122,R018,ORD0001569,4,2026-08-08
RATE0000623,CUST002056,M0079,R001,ORD0001875,6,2025-11-29
RATE0000624,CUST000041,M0136,R004,ORD0004282,4,2025-11-20
RATE0000625,CUST000688,M0093,R001,ORD0001883,5,2026-04-06
RATE0000626,CUST003963,M0133,R010,ORD0002229,3,2026-07-30
RATE0000627,CUST002774,M0037,R008,ORD0001150,3,2026-06-12
RATE0000628,CUST002818,M0129,R012,ORD0008888,5,2025-12-17
RATE0000629,CUST001345,M0147,R018,ORD0000915,3,2026-07-19
RATE0000630,CUST002804,M0117,R003,ORD0000377,5,2025-08-25
RATE0000631,CUST002193,M0035,R005,ORD0005040,3,2026-07-03
RATE0000632,CUST002279,M0124,R007,ORD0001950,5,2026-05-08
RATE0000633,CUST003303,M0042,R012,ORD0006925,4,2026-09-23
RATE0000634,CUST001522,M0033,R014,ORD0002000,3,2026-05-10
RATE0000635,CUST003108,M0092,R009,ORD0006880,4,2026-06-18
RATE0000636,CUST002945,M0037,R009,ORD0008093,4,2026-09-09
RATE0000637,CUST000588,M0119,R020,ORD0001103,2,2026-08-31
RATE0000638,CUST000392,M0037,R014,ORD0005575,4,2025-08-27
RATE0000639,CUST002568,M0048,R008,ORD0005573,5,2026-09-22
RATE0000640,CUST002134,M0083,R010,ORD0001988,5,2026-02-05
RATE0000641,CUST000459,M0135,R020,ORD0004590,4,2025-10-12
RATE0000642,CUST000609,M0148,R013,ORD0005692,5,2026-07-12
RATE0000643,CUST002409,M0041,R011,ORD0001194,3,2026-06-08
RATE0000644,CUST000261,M0046,R015,ORD0000403,5,2026-07-13
RATE0000645,CUST000159,M0009,R007,ORD0002873,4,2026-09-14
RATE0000646,CUST002597,M0079,R007,ORD0002974,4,2026-06-18
RATE0000647,CUST000218,M0014,R009,ORD0005500,4,2026-07-31
RATE0000648,CUST000827,M0063,R013,ORD0005053,4,2025-12-24
RATE0000649,CUST002794,M0130,R018,ORD0005376,4,2026-09-02
RATE0000650,CUST002834,M0079,R007,ORD0002346,5,2026-09-23
RATE0000651,CUST000585,M0135,R001,ORD0001299,4,2026-08-08
RATE0000652,CUST001143,M0019,R004,ORD0008045,4,2025-09-17
RATE0000653,CUST001399,M0009,R014,ORD0002070,4,2026-08-08
RATE0000654,CUST001532,M0131,R016,ORD0003255,4,2026-08-29
RATE0000655,CUST000500,M0016,R010,ORD0000070,4,2026-09-28
RATE0000656,CUST003858,M0054,R017,ORD0005680,3,2026-07-17
RATE0000657,CUST000409,M0114,R017,ORD0001370,5,2026-07-10
RATE0000658,CUST000083,M0087,R004,ORD0000849,4,2026-02-02
RATE0000659,CUST002271,M0009,R011,ORD0003834,4,2026-09-22
RATE0000660,CUST002988,M0131,R004,ORD0004497,5,2026-05-02
RATE0000661,CUST002280,M0051,R009,ORD0006673,4,2026-07-21
RATE0000662,CUST002767,M0096,R016,ORD0000623,3,2026-08-26
RATE0000663,CUST000737,M0097,R005,ORD0004568,4,2026-06-06
RATE0000664,CUST003060,M0046,R001,ORD0003690,3,2026-09-26
RATE0000665,CUST003713,M0133,R001,ORD0005561,5,2026-06-18
RATE0000666,CUST003940,M0103,R014,ORD0005356,4,2026-05-14
RATE0000667,CUST000698,M0086,R004,ORD0008110,4,2026-09-15
RATE0000668,CUST001079,M0121,R009,ORD0003575,3,2026-09-08
RATE0000669,CUST002694,M0080,R003,ORD0005919,4,2026-09-21
RATE0000670,CUST000318,M0138,R017,ORD0005992,5,2026-01-18
RATE0000671,CUST000891,M0146,R003,ORD0007469,3,2025-12-12
RATE0000672,CUST002640,M0068,R004,ORD0007743,3,2026-09-24
RATE0000673,CUST000922,M0117,R014,ORD0000577,3,2026-09-18
RATE0000674,CUST001129,M0079,R005,ORD0008591,4,2026-02-10
RATE0000675,CUST001428,M0089,R003,ORD0002466,4,2026-07-04
RATE0000676,CUST002354,M0113,R011,ORD0002066,2,2026-05-20
RATE0000677,CUST003535,M0051,R013,ORD0000245,4,2026-09-17
RATE0000678,CUST000161,M0060,R016,ORD0007312,3,2026-06-03
RATE0000679,CUST002132,M0064,R014,ORD0000383,4,2026-09-11
RATE0000680,CUST001776,M0105,R013,ORD0001285,5,2026-08-15
RATE0000681,CUST003894,M0105,R003,ORD0003754,4,2026-02-25
RATE0000682,CUST003296,M0031,R020,ORD0006990,4,2026-08-06
RATE0000683,CUST001567,M0029,R012,ORD0000787,4,2026-08-16
RATE0000684,CUST001211,M0136,R013,ORD0005370,4,2026-09-15
RATE0000685,CUST001018,M0068,R008,ORD0003866,4,2025-10-08
RATE0000686,CUST001719,M0083,R017,ORD0001654,5,2025-10-22
RATE0000687,CUST003440,M0130,R011,ORD0006787,4,2025-11-24
RATE0000688,CUST003431,M0130,R017,ORD0001732,5,2026-08-13
RATE0000689,CUST000111,M0051,R004,ORD0007026,4,2026-06-12
RATE0000690,CUST001890,M0111,R011,ORD0002300,5,2026-08-12
RATE0000691,CUST001219,M0073,R011,ORD0008615,4,2026-05-05
RATE0000692,CUST001103,M0121,R013,ORD0005830,5,2026-07-06
RATE0000693,CUST000888,M0005,R015,ORD0003012,3,2026-06-28
RATE0000694,CUST000908,M0041,R015,ORD0002013,3,2026-03-26
RATE0000695,CUST000961,M0143,R018,ORD0004432,4,2026-03-29
RATE0000696,CUST002337,M0082,R011,ORD0004893,4,2025-12-24
RATE0000697,CUST003835,M0135,R011,ORD0001724,3,2026-09-16
RATE0000698,CUST003197,M0093,R017,ORD0003719,4,2026-07-24
RATE0000699,CUST000076,M0010,R017,ORD0001532,5,2026-09-22
RATE0000700,CUST003182,M0083,R012,ORD0003080,4,2026-07-17
RATE0000701,CUST003295,M0119,R015,ORD0001319,3,2026-09-19
RATE0000702,CUST002859,M0079,R010,ORD0004550,5,2026-05-18
RATE0000703,CUST001226,M0051,R014,ORD0007933,4,2026-09-02
RATE0000704,CUST000270,M0064,R001,ORD0003726,4,2026-01-08
RATE0000705,CUST000191,M0036,R004,ORD0007989,4,2026-02-05
RATE0000706,CUST002881,M0133,R010,ORD0008935,4,2026-09-24
RATE0000707,CUST000671,M0094,R005,ORD0001483,4,2025-12-06
RATE0000708,CUST000677,M0133,R003,ORD0001666,3,2026-09-08
RATE0000709,CUST000368,M0025,R017,ORD0003081,4,2026-06-01
RATE0000710,CUST000453,M0053,R010,ORD0000188,4,2026-09-20
RATE0000711,CUST001650,M0022,R008,ORD0002861,4,2026-09-10
RATE0000712,CUST003194,M0151,R003,ORD0008497,4,2026-08-07
RATE0000713,CUST003715,M0051,R018,ORD0005593,4,2026-08-16
RATE0000714,CUST003403,M0064,R004,ORD0002194,3,2026-06-11
RATE0000715,CUST000931,M0121,R017,ORD0007165,4,2025-11-20
RATE0000716,CUST001424,M0044,R014,ORD0004493,4,2026-02-17
RATE0000717,CUST003266,M0027,R013,ORD0008115,4,2026-09-15
RATE0000718,CUST001941,M0094,R015,ORD0005841,4,2026-02-25
RATE0000719,CUST002482,M0033,R005,ORD0004539,4,2026-09-23
RATE0000720,CUST002207,M0091,R013,ORD0005054,4,2026-06-24
RATE0000721,CUST002630,M0121,R017,ORD0008291,4,2026-09-24
RATE0000722,CUST003167,M0124,R018,ORD0000045,4,2026-02-19
RATE0000723,CUST003629,M0133,R006,ORD0002016,3,2026-09-20
RATE0000724,CUST002035,M0004,R010,ORD0000942,3,2026-01-20
RATE0000725,CUST000058,M0079,R002,ORD0008108,4,2026-07-20
RATE0000726,CUST001275,M0003,R010,ORD0003533,5,2026-09-21
RATE0000727,CUST003335,M0130,R012,ORD0006491,5,2026-09-19
RATE0000728,CUST001258,M0032,R007,ORD0003466,5,2026-08-19
RATE0000729,CUST001034,M0093,R016,ORD0004987,3,2025-11-12
RATE0000730,CUST002798,M0072,R020,ORD0001426,5,2026-08-20
RATE0000731,CUST003611,M0109,R019,ORD0002236,4,2026-06-04
RATE0000732,CUST003172,M0133,R004,ORD0005394,3,2026-05-28
RATE0000733,CUST002363,M0079,R020,ORD0008651,4,2025-12-09
RATE0000734,CUST003958,M0105,R008,ORD0004928,4,2026-01-13
RATE0000735,CUST002774,M0117,R008,ORD0003023,5,2026-04-29
RATE0000736,CUST001404,M0100,R008,ORD0007974,3,2026-07-12
RATE0000737,CUST001085,M0046,R018,ORD0002244,4,2025-12-15
RATE0000738,CUST002790,M0051,R008,ORD0005190,4,2026-01-06
RATE0000739,CUST000580,M0046,R006,ORD0007565,5,2026-07-05
RATE0000740,CUST002104,M0046,R005,ORD0006714,4,2026-03-08
RATE0000741,CUST000883,M0081,R006,ORD0008557,4,2026-06-15
RATE0000742,CUST003864,M0042,R012,ORD0006080,5,2026-07-12
RATE0000743,CUST003361,M0093,R007,ORD0001204,5,2026-01-19
RATE0000744,CUST000713,M0149,R018,ORD0005012,4,2025-12-06
RATE0000745,CUST003273,M0054,R017,ORD0004126,4,2026-04-17
RATE0000746,CUST001059,M0139,R008,ORD0006812,5,2026-09-17
RATE0000747,CUST000030,M0009,R002,ORD0002702,3,2026-05-21
RATE0000748,CUST003411,M0133,R007,ORD0005079,4,2025-10-30
RATE0000749,CUST003208,M0084,R011,ORD0004482,4,2026-09-02
RATE0000750,CUST002158,M0104,R006,ORD0000485,2,2025-10-17
RATE0000751,CUST000273,M0015,R008,ORD0004646,4,2026-04-08
RATE0000752,CUST000596,M0105,R011,ORD0003258,4,2026-05-31
RATE0000753,CUST001201,M0113,R019,ORD0003553,3,2026-09-23
RATE0000754,CUST000390,M0068,R010,ORD0006485,3,2026-09-01
RATE0000755,CUST002703,M0093,R013,ORD0000960,4,2026-08-06
RATE0000756,CUST002966,M0105,R007,ORD0004578,4,2026-06-23
RATE0000757,CUST002962,M0037,R017,ORD0006140,4,2026-03-10
RATE0000758,CUST000015,M0135,R013,ORD0007466,4,2025-12-31
RATE0000759,CUST000543,M0118,R020,ORD0006783,3,2026-08-15
RATE0000760,CUST001466,M0074,R006,ORD0006689,4,2026-08-24
RATE0000761,CUST002736,M0051,R006,ORD0000725,4,2026-09-14
RATE0000762,CUST000782,M0032,R008,ORD0008728,4,2026-02-20
RATE0000763,CUST000897,M0004,R007,ORD0008088,4,2026-09-23
RATE0000764,CUST000137,M0146,R006,ORD0001536,4,2026-08-24
RATE0000765,CUST001226,M0135,R014,ORD0007933,3,2026-09-02
RATE0000766,CUST003667,M0072,R007,ORD0003177,4,2026-09-10
RATE0000767,CUST002933,M0115,R009,ORD0007407,4,2026-04-23
RATE0000768,CUST001370,M0081,R008,ORD0004111,4,2026-06-22
RATE0000769,CUST001436,M0081,R016,ORD0002722,4,2026-07-16
RATE0000770,CUST001949,M0003,R008,ORD0000984,5,2026-07-03
RATE0000771,CUST002094,M0091,R010,ORD0003765,4,2026-02-04
RATE0000772,CUST003759,M0055,R013,ORD0000765,3,2026-08-08
RATE0000773,CUST001391,M0086,R009,ORD0005935,4,2026-03-25
RATE0000774,CUST001451,M0132,R006,ORD0005864,3,2026-09-15
RATE0000775,CUST001006,M0074,R015,ORD0008040,4,2026-03-01
RATE0000776,CUST002751,M0098,R008,ORD0007799,4,2026-06-01
RATE0000777,CUST003435,M0154,R015,ORD0005678,5,2026-09-22
RATE0000778,CUST002200,M0088,R006,ORD0003603,4,2026-09-19
RATE0000779,CUST001615,M0128,R007,ORD0006329,3,2026-09-25
RATE0000780,CUST003996,M0045,R011,ORD0008584,4,2026-08-18
RATE0000781,CUST003356,M0155,R014,ORD0007741,3,2026-08-08
RATE0000782,CUST002285,M0148,R006,ORD0000165,4,2026-06-19
RATE0000783,CUST002825,M0054,R020,ORD0003305,4,2026-02-15
RATE0000784,CUST000843,M0044,R010,ORD0000683,3,2026-06-27
RATE0000785,CUST003596,M0107,R006,ORD0000889,5,2026-09-07
RATE0000786,CUST000162,M0103,R019,ORD0005985,4,2026-03-22
RATE0000787,CUST002899,M0124,R018,ORD0008204,3,2026-05-01
RATE0000788,CUST000726,M0123,R017,ORD0007751,5,2026-08-13
RATE0000789,CUST001460,M0065,R005,ORD0006025,3,2026-06-03
RATE0000790,CUST000812,M0079,R006,ORD0001887,5,2026-06-27
RATE0000791,CUST003091,M0124,R010,ORD0001585,5,2026-01-29
RATE0000792,CUST001544,M0095,R018,ORD0002078,4,2026-07-31
RATE0000793,CUST000461,M0151,R009,ORD0000530,4,2026-08-31
RATE0000794,CUST000607,M0105,R013,ORD0004382,5,2026-09-27
RATE0000795,CUST003998,M0002,R003,ORD0007358,5,2026-06-25
RATE0000796,CUST000540,M0096,R005,ORD0005686,2,2026-09-06
RATE0000797,CUST000409,M0066,R017,ORD0001370,4,2026-07-11
RATE0000798,CUST003735,M0151,R009,ORD0003010,4,2026-06-16
RATE0000799,CUST001779,M0144,R009,ORD0005467,3,2026-08-04
RATE0000800,CUST001819,M0094,R006,ORD0005049,4,2026-04-19
RATE0000801,CUST002626,M0056,R008,ORD0002353,4,2026-04-20
RATE0000802,CUST001523,M0076,R020,ORD0000274,4,2026-04-01
RATE0000803,CUST000275,M0138,R015,ORD0003658,4,2026-07-21
RATE0000804,CUST000363,M0064,R008,ORD0005928,4,2026-08-18
RATE0000805,CUST000855,M0081,R005,ORD0003174,4,2026-06-23
RATE0000806,CUST000549,M0124,R011,ORD0006651,4,2026-05-14
RATE0000807,CUST001383,M0093,R010,ORD0005771,4,2026-07-21
RATE0000808,CUST003727,M0138,R016,ORD0004402,4,2026-04-29
RATE0000809,CUST003326,M0068,R014,ORD0001844,4,2026-09-07
RATE0000810,CUST002315,M0070,R018,ORD0008870,4,2026-05-08
RATE0000811,CUST001202,M0093,R014,ORD0001878,4,2026-09-27
RATE0000812,CUST003122,M0030,R005,ORD0002132,3,2026-09-02
RATE0000813,CUST003090,M0079,R011,ORD0008312,3,2026-09-10
RATE0000814,CUST001449,M0046,R016,ORD0008692,4,2026-08-03
RATE0000815,CUST002248,M0148,R017,ORD0005601,5,2026-09-08
RATE0000816,CUST001830,M0055,R018,ORD0001554,4,2026-09-15
RATE0000817,CUST003996,M0094,R002,ORD0002388,5,2026-01-24
RATE0000818,CUST003485,M0092,R009,ORD0004640,4,2026-09-24
RATE0000819,CUST002784,M0055,R004,ORD0004178,4,2026-04-20
RATE0000820,CUST001284,M0119,R002,ORD0008385,4,2026-09-14
RATE0000821,CUST002283,M0120,R019,ORD0006139,4,2026-09-23
RATE0000822,CUST003563,M0048,R017,ORD0000059,4,2025-10-31
RATE0000823,CUST001104,M0003,R006,ORD0002895,3,2026-09-22
RATE0000824,CUST001543,M0157,R016,ORD0000754,4,2026-09-11
RATE0000825,CUST002574,M0120,R019,ORD0003844,4,2026-02-27
RATE0000826,CUST000588,M0055,R020,ORD0008637,3,2026-08-08
RATE0000827,CUST000994,M0154,R002,ORD0005641,2,2026-05-27
RATE0000828,CUST000791,M0135,R017,ORD0002851,4,2025-12-15
RATE0000829,CUST000799,M0105,R007,ORD0000334,4,2026-09-16
RATE0000830,CUST003085,M0138,R010,ORD0007666,3,2026-07-31
RATE0000831,CUST001522,M0087,R014,ORD0002000,4,2026-05-07
RATE0000832,CUST002797,M0015,R019,ORD0006179,4,2025-10-04
RATE0000833,CUST003739,M0095,R009,ORD0002313,4,2026-08-26
RATE0000834,CUST003562,M0080,R003,ORD0001279,4,2026-03-03
RATE0000835,CUST000313,M0018,R003,ORD0006964,4,2026-07-05
RATE0000836,CUST002210,M0131,R002,ORD0000089,4,2026-09-24
RATE0000837,CUST000945,M0149,R004,ORD0005482,4,2026-07-19
RATE0000838,CUST000825,M0133,R007,ORD0008058,3,2026-09-10
RATE0000839,CUST002179,M0090,R002,ORD0002915,4,2026-08-02
RATE0000840,CUST002335,M0090,R007,ORD0007884,5,2026-09-26
RATE0000841,CUST002619,M0157,R020,ORD0003243,4,2026-09-12
RATE0000842,CUST001136,M0061,R015,ORD0000638,4,2026-02-05
RATE0000843,CUST003439,M0009,R003,ORD0003863,4,2026-06-20
RATE0000844,CUST000861,M0093,R015,ORD0008685,5,2026-08-10
RATE0000845,CUST001791,M0057,R018,ORD0004426,3,2026-07-31
RATE0000846,CUST002774,M0131,R008,ORD0000437,4,2026-07-26
RATE0000847,CUST001149,M0004,R010,ORD0003302,4,2026-09-23
RATE0000848,CUST003791,M0055,R007,ORD0007204,3,2026-05-20
RATE0000849,CUST000824,M0018,R012,ORD0001884,4,2026-09-04
RATE0000850,CUST002218,M0069,R018,ORD0003421,3,2026-09-06
RATE0000851,CUST001835,M0142,R010,ORD0005571,3,2026-04-11
RATE0000852,CUST002928,M0002,R016,ORD0004829,4,2026-09-26
RATE0000853,CUST000461,M0071,R009,ORD0000530,3,2026-08-30
RATE0000854,CUST001961,M0094,R007,ORD0001969,4,2026-08-28
RATE0000855,CUST003280,M0022,R019,ORD0002411,4,2026-08-29
RATE0000856,CUST002053,M0051,R010,ORD0001340,3,2026-07-28
RATE0000857,CUST003856,M0127,R016,ORD0001949,4,2026-09-21
RATE0000858,CUST003448,M0140,R014,ORD0003845,3,2026-09-13
RATE0000859,CUST002136,M0133,R018,ORD0001503,3,2026-04-24
RATE0000860,CUST000634,M0127,R002,ORD0003260,4,2026-08-13
RATE0000861,CUST002803,M0129,R011,ORD0001168,3,2026-09-23
RATE0000862,CUST003111,M0093,R009,ORD0008766,3,2026-05-13
RATE0000863,CUST003509,M0123,R011,ORD0007357,4,2026-09-20
RATE0000864,CUST001331,M0121,R017,ORD0000402,5,2026-05-29
RATE0000865,CUST000942,M0105,R001,ORD0008945,4,2025-11-07
RATE0000866,CUST000661,M0124,R014,ORD0001244,4,2026-08-11
RATE0000867,CUST001735,M0031,R005,ORD0005567,3,2026-08-05
RATE0000868,CUST001936,M0044,R006,ORD0008024,4,2026-09-09
RATE0000869,CUST002811,M0084,R007,ORD0003371,4,2026-09-26
RATE0000870,CUST002881,M0111,R010,ORD0008935,5,2026-09-22
RATE0000871,CUST002583,M0121,R007,ORD0003039,4,2026-05-15
RATE0000872,CUST001514,M0070,R011,ORD0004770,4,2026-07-14
RATE0000873,CUST000580,M0040,R006,ORD0000449,3,2026-04-25
RATE0000874,CUST002156,M0020,R007,ORD0000062,4,2026-09-25
RATE0000875,CUST002578,M0119,R008,ORD0005623,3,2026-08-09
RATE0000876,CUST002381,M0046,R001,ORD0004003,4,2026-08-29
RATE0000877,CUST002295,M0144,R004,ORD0004283,4,2025-12-11
RATE0000878,CUST003840,M0094,R013,ORD0003218,4,2026-05-26
RATE0000879,CUST002281,M0086,R018,ORD0000349,4,2026-09-23
RATE0000880,CUST000323,M0074,R018,ORD0001634,4,2026-08-19
RATE0000881,CUST001278,M0057,R012,ORD0001727,4,2026-05-23
RATE0000882,CUST002159,M0129,R002,ORD0004533,4,2026-09-11
RATE0000883,CUST001312,M0104,R009,ORD0004701,3,2026-09-07
RATE0000884,CUST001100,M0048,R019,ORD0006854,4,2026-02-23
RATE0000885,CUST000643,M0093,R007,ORD0000805,3,2026-09-23
RATE0000886,CUST002264,M0070,R008,ORD0000175,4,2026-09-21
RATE0000887,CUST003815,M0055,R006,ORD0000783,2,2026-08-13
RATE0000888,CUST003553,M0040,R017,ORD0007757,4,2026-08-24
RATE0000889,CUST002093,M0063,R005,ORD0000092,4,2026-09-12
RATE0000890,CUST003816,M0143,R013,ORD0002785,4,2026-02-28
RATE0000891,CUST002988,M0028,R014,ORD0006250,3,2026-09-23
RATE0000892,CUST001105,M0117,R015,ORD0000443,4,2026-08-16
RATE0000893,CUST001920,M0004,R009,ORD0008256,4,2026-08-27
RATE0000894,CUST000134,M0149,R004,ORD0005188,5,2026-07-08
RATE0000895,CUST000552,M0002,R014,ORD0008414,5,2026-07-27
RATE0000896,CUST001480,M0137,R011,ORD0008018,4,2026-07-09
RATE0000897,CUST003183,M0119,R007,ORD0008298,4,2026-09-15
RATE0000898,CUST002842,M0133,R013,ORD0007097,4,2026-08-06
RATE0000899,CUST003961,M0135,R009,ORD0003410,4,2026-09-12
RATE0000900,CUST001698,M0121,R016,ORD0001002,4,2025-11-01
RATE0000901,CUST000568,M0151,R009,ORD0008724,4,2026-08-14
RATE0000902,CUST003609,M0019,R018,ORD0002444,4,2026-09-27
RATE0000903,CUST000145,M0083,R003,ORD0002954,4,2026-07-04
RATE0000904,CUST003682,M0114,R018,ORD0001685,4,2026-07-10
RATE0000905,CUST003185,M0156,R007,ORD0007057,3,2026-09-20
RATE0000906,CUST002507,M0073,R010,ORD0005795,4,2026-07-27
RATE0000907,CUST003875,M0054,R016,ORD0005684,5,2026-08-21
RATE0000908,CUST001923,M0102,R009,ORD0004661,4,2026-01-08
RATE0000909,CUST001340,M0139,R016,ORD0001648,4,2026-08-16
RATE0000910,CUST003437,M0098,R003,ORD0001671,4,2026-06-15
RATE0000911,CUST002457,M0133,R007,ORD0004112,4,2026-02-04
RATE0000912,CUST003392,M0148,R016,ORD0003324,3,2026-06-11
RATE0000913,CUST002427,M0090,R015,ORD0000789,4,2026-09-12
RATE0000914,CUST000706,M0133,R011,ORD0005043,3,2026-09-25
RATE0000915,CUST001393,M0120,R012,ORD0006100,4,2026-08-10
RATE0000916,CUST002117,M0055,R006,ORD0006432,3,2026-07-17
RATE0000917,CUST000507,M0063,R007,ORD0002477,4,2026-08-31
RATE0000918,CUST000141,M0060,R012,ORD0002023,3,2026-09-05
RATE0000919,CUST000015,M0083,R013,ORD0002810,5,2026-08-06
RATE0000920,CUST002693,M0066,R015,ORD0001527,4,2026-05-15
RATE0000921,CUST001473,M0001,R012,ORD0003483,4,2026-06-18
RATE0000922,CUST001819,M0054,R006,ORD0005049,4,2026-04-23
RATE0000923,CUST001264,M0046,R019,ORD0003475,3,2026-07-17
RATE0000924,CUST000273,M0080,R008,ORD0004087,4,2026-08-24
RATE0000925,CUST001578,M0037,R019,ORD0006958,4,2026-05-03
RATE0000926,CUST002895,M0099,R010,ORD0004964,4,2026-08-23
RATE0000927,CUST000657,M0133,R006,ORD0003521,3,2026-09-11
RATE0000928,CUST003355,M0105,R020,ORD0006961,4,2026-09-10
RATE0000929,CUST002295,M0051,R005,ORD0008811,4,2026-04-09
RATE0000930,CUST002784,M0105,R014,ORD0002237,5,2026-07-16
RATE0000931,CUST002306,M0136,R010,ORD0003684,3,2026-06-05
RATE0000932,CUST003402,M0001,R016,ORD0004109,4,2026-09-22
RATE0000933,CUST002085,M0051,R002,ORD0001132,4,2026-06-08
RATE0000934,CUST000568,M0138,R003,ORD0001044,3,2026-05-20
RATE0000935,CUST002568,M0119,R018,ORD0008080,4,2026-05-23
RATE0000936,CUST003271,M0133,R020,ORD0003237,5,2026-05-23
RATE0000937,CUST001578,M0105,R019,ORD0004920,4,2026-03-30
RATE0000938,CUST000052,M0054,R012,ORD0008330,4,2026-07-07
RATE0000939,CUST000318,M0019,R017,ORD0005992,4,2026-01-20
RATE0000940,CUST000651,M0037,R011,ORD0005025,5,2026-03-27
RATE0000941,CUST003537,M0105,R003,ORD0000823,4,2026-05-10
RATE0000942,CUST002196,M0093,R005,ORD0001984,3,2026-05-14
RATE0000943,CUST001195,M0009,R017,ORD0003388,4,2026-07-19
RATE0000944,CUST000710,M0113,R014,ORD0003025,5,2026-08-02
RATE0000945,CUST001709,M0099,R012,ORD0006933,4,2025-12-24
RATE0000946,CUST002427,M0130,R015,ORD0000789,6,2026-09-10
RATE0000947,CUST003275,M0022,R011,ORD0004294,3,2026-07-17
RATE0000948,CUST002928,M0019,R016,ORD0004829,4,2026-09-26
RATE0000949,CUST000472,M0091,R001,ORD0006581,4,2026-09-26
RATE0000950,CUST000871,M0111,R011,ORD0001345,5,2026-04-29
RATE0000951,CUST002512,M0055,R019,ORD0000241,3,2026-02-21
RATE0000952,CUST001494,M0064,R004,ORD0004428,4,2026-05-24
RATE0000953,CUST000364,M0085,R006,ORD0002641,2,2026-09-23
RATE0000954,CUST002618,M0120,R012,ORD0007626,4,2026-09-13
RATE0000955,CUST000307,M0106,R011,ORD0005337,3,2026-03-14
RATE0000956,CUST000433,M0135,R005,ORD0008609,4,2026-05-20
RATE0000957,CUST000411,M0075,R006,ORD0007155,4,2026-09-22
RATE0000958,CUST003955,M0152,R004,ORD0002562,5,2026-08-04
RATE0000959,CUST000107,M0135,R018,ORD0006613,3,2025-11-15
RATE0000960,CUST001657,M0143,R014,ORD0003567,4,2026-06-20
RATE0000961,CUST001023,M0131,R012,ORD0000999,4,2026-09-16
RATE0000962,CUST001010,M0055,R003,ORD0006956,3,2026-08-23
RATE0000963,CUST000665,M0074,R008,ORD0003453,3,2026-09-25
RATE0000964,CUST002675,M0120,R020,ORD0000857,5,2026-06-02
RATE0000965,CUST002938,M0081,R009,ORD0002055,3,2026-03-16
RATE0000966,CUST002337,M0094,R011,ORD0004186,4,2026-05-16
RATE0000967,CUST000462,M0139,R010,ORD0001775,4,2026-01-17
RATE0000968,CUST000497,M0131,R016,ORD0005484,4,2026-07-24
RATE0000969,CUST001447,M0155,R003,ORD0007510,3,2026-09-13
RATE0000970,CUST001693,M0051,R002,ORD0008911,3,2025-10-25
RATE0000971,CUST000237,M0037,R016,ORD0005145,4,2026-09-15
RATE0000972,CUST001224,M0138,R004,ORD0002007,4,2025-12-16
RATE0000973,CUST002180,M0111,R004,ORD0008553,4,2026-07-27
RATE0000974,CUST000540,M0093,R005,ORD0005686,4,2026-09-10
RATE0000975,CUST001721,M0090,R008,ORD0004504,5,2026-07-27
RATE0000976,CUST002991,M0027,R011,ORD0005557,4,2025-11-30
RATE0000977,CUST002354,M0156,R011,ORD0002066,4,2026-05-20
RATE0000978,CUST002791,M0057,R002,ORD0004738,5,2026-09-07
RATE0000979,CUST003998,M0111,R003,ORD0007358,4,2026-06-29
RATE0000980,CUST000557,M0064,R014,ORD0005024,4,2026-09-16
RATE0000981,CUST001611,M0003,R012,ORD0007461,5,2025-11-03
RATE0000982,CUST003360,M0136,R005,ORD0004440,4,2026-07-12
RATE0000983,CUST002821,M0095,R019,ORD0004075,2,2026-01-06
RATE0000984,CUST000288,M0073,R008,ORD0002100,4,2026-03-21
RATE0000985,CUST000027,M0153,R015,ORD0007212,4,2026-08-28
RATE0000986,CUST000935,M0072,R015,ORD0002939,5,2025-12-10
RATE0000987,CUST000137,M0018,R016,ORD0007669,3,2026-09-09
RATE0000988,CUST001099,M0119,R017,ORD0005132,3,2026-05-29
RATE0000989,CUST002291,M0121,R016,ORD0002139,4,2026-09-27
RATE0000990,CUST001006,M0110,R006,ORD0002089,3,2026-09-22
RATE0000991,CUST001960,M0014,R007,ORD0000011,5,2026-09-22
RATE0000992,CUST003613,M0051,R001,ORD0000935,3,2026-09-21
RATE0000993,CUST002565,M0064,R018,ORD0001755,4,2026-07-23
RATE0000994,CUST000793,M0125,R010,ORD0007277,3,2026-05-02
RATE0000995,CUST001359,M0133,R002,ORD0007846,4,2026-09-01
RATE0000996,CUST001026,M0053,R001,ORD0003152,4,2026-06-15
RATE0000997,CUST002864,M0006,R011,ORD0001481,4,2026-01-23
RATE0000998,CUST003791,M0055,R017,ORD0008620,3,2026-09-23
RATE0000999,CUST002147,M0137,R015,ORD0002707,4,2026-07-26
RATE0001000,CUST003033,M0130,R013,ORD0006745,3,2026-09-09
RATE0001001,CUST000238,M0043,R003,ORD0001679,4,2026-09-22
RATE0001002,CUST000087,M0120,R005,ORD0006209,5,2026-09-19
RATE0001003,CUST002644,M0149,R005,ORD0002980,5,2026-07-29
RATE0001004,CUST003532,M0089,R011,ORD0003401,3,2026-08-02
RATE0001005,CUST003964,M0135,R016,ORD0008473,4,2026-06-09
RATE0001006,CUST001421,M0009,R009,ORD0004330,3,2026-09-13
RATE0001007,CUST002550,M0055,R003,ORD0006698,4,2026-07-20
RATE0001008,CUST003356,M0094,R014,ORD0007741,4,2026-08-11
RATE0001009,CUST002588,M0087,R018,ORD0000549,4,2026-08-13
RATE0001010,CUST003845,M0107,R016,ORD0004684,4,2026-09-22
RATE0001011,CUST003296,M0081,R020,ORD0006990,4,2026-08-11
RATE0001012,CUST000942,M0032,R001,ORD0008945,5,2025-11-11
RATE0001013,CUST000662,M0027,R016,ORD0003665,4,2026-07-18
RATE0001014,CUST001900,M0042,R005,ORD0005089,4,2026-09-20
RATE0001015,CUST003255,M0029,R009,ORD0006125,4,2026-03-16
RATE0001016,CUST000732,M0103,R010,ORD0000879,4,2025-10-28
RATE0001017,CUST003235,M0095,R005,ORD0004889,4,2026-08-09
RATE0001018,CUST001141,M0072,R012,ORD0006489,4,2026-07-15
RATE0001019,CUST003268,M0091,R007,ORD0000977,5,2026-09-25
RATE0001020,CUST002073,M0138,R015,ORD0003206,5,2026-08-16
RATE0001021,CUST001559,M0131,R012,ORD0000345,4,2026-07-20
RATE0001022,CUST001393,M0117,R005,ORD0000354,4,2026-01-22
RATE0001023,CUST003034,M0007,R018,ORD0000436,3,2026-09-19
RATE0001024,CUST000935,M0117,R005,ORD0000592,4,2026-08-28
RATE0001025,CUST001031,M0098,R012,ORD0006873,4,2026-04-30
RATE0001026,CUST001387,M0086,R020,ORD0004636,5,2025-12-23
RATE0001027,CUST000338,M0135,R003,ORD0008607,5,2026-06-25
RATE0001028,CUST000064,M0119,R009,ORD0002419,4,2026-09-27
RATE0001029,CUST000965,M0112,R017,ORD0004253,4,2026-09-20
RATE0001030,CUST002265,M0147,R020,ORD0000517,4,2026-08-18
RATE0001031,CUST001215,M0057,R003,ORD0005837,5,2026-09-17
RATE0001032,CUST001685,M0081,R010,ORD0000953,-1,2026-06-05
RATE0001033,CUST002362,M0112,R020,ORD0003862,4,2026-04-17
RATE0001034,CUST002980,M0133,R010,ORD0004655,3,2026-07-31
RATE0001035,CUST000647,M0055,R006,ORD0002904,3,2026-06-05
RATE0001036,CUST001627,M0066,R020,ORD0001438,4,2026-04-11
RATE0001037,CUST003724,M0093,R002,ORD0005221,4,2025-11-01
RATE0001038,CUST001484,M0121,R010,ORD0006762,3,2026-06-13
RATE0001039,CUST002235,M0133,R009,ORD0002396,4,2026-08-31
RATE0001040,CUST001286,M0045,R015,ORD0003003,4,2026-04-19
RATE0001041,CUST000158,M0004,R005,ORD0005353,5,2026-07-27
RATE0001042,CUST000034,M0034,R009,ORD0008829,3,2026-08-03
RATE0001043,CUST000358,M0096,R005,ORD0008490,3,2026-09-29
RATE0001044,CUST001252,M0121,R019,ORD0002204,5,2026-06-30
RATE0001045,CUST003058,M0096,R006,ORD0002395,3,2026-08-27
RATE0001046,CUST000459,M0112,R008,ORD0005137,4,2025-12-18
RATE0001047,CUST003256,M0073,R005,ORD0003686,4,2026-09-25
RATE0001048,CUST003525,M0066,R009,ORD0002693,4,2026-09-04
RATE0001049,CUST003968,M0143,R007,ORD0008968,5,2026-08-17
RATE0001050,CUST003522,M0127,R015,ORD0002940,4,2025-11-05
RATE0001051,CUST001725,M0105,R017,ORD0006729,5,2026-01-22
RATE0001052,CUST001299,M0119,R009,ORD0007546,3,2026-05-29
RATE0001053,CUST003588,M0120,R002,ORD0005321,4,2026-09-25
RATE0001054,CUST001680,M0117,R002,ORD0006033,4,2026-04-03
RATE0001055,CUST001016,M0137,R006,ORD0000836,4,2025-12-26
RATE0001056,CUST002130,M0115,R007,ORD0007422,4,2026-09-01
RATE0001057,CUST001991,M0129,R016,ORD0005728,5,2026-01-08
RATE0001058,CUST002398,M0057,R005,ORD0007509,5,2026-03-21
RATE0001059,CUST001938,M0130,R018,ORD0002537,4,2026-05-22
RATE0001060,CUST003487,M0002,R004,ORD0004807,4,2026-06-23
RATE0001061,CUST002639,M0018,R014,ORD0005764,5,2026-08-13
RATE0001062,CUST001266,M0138,R010,ORD0008862,4,2026-05-19
RATE0001063,CUST003997,M0004,R009,ORD0008331,4,2026-09-19
RATE0001064,CUST002139,M0094,R009,ORD0000883,4,2026-09-18
RATE0001065,CUST000012,M0105,R008,ORD0008495,4,2026-09-27
RATE0001066,CUST001990,M0072,R005,ORD0004315,4,2026-08-02
RATE0001067,CUST003595,M0135,R004,ORD0006153,4,2026-07-22
RATE0001068,CUST000252,M0063,R011,ORD0004484,4,2026-09-03
RATE0001069,CUST003775,M0155,R007,ORD0002763,4,2026-07-23
RATE0001070,CUST000737,M0133,R005,ORD0004568,3,2026-06-11
RATE0001071,CUST000384,M0057,R005,ORD0003748,4,2026-09-11
RATE0001072,CUST001063,M0157,R001,ORD0005774,4,2026-07-04
RATE0001073,CUST002029,M0010,R009,ORD0002136,5,2025-08-21
RATE0001074,CUST000865,M0022,R006,ORD0004052,4,2026-09-01
RATE0001075,CUST001066,M0138,R013,ORD0006916,-1,2026-09-28
RATE0001076,CUST001256,M0133,R016,ORD0002470,4,2026-04-28
RATE0001077,CUST001254,M0045,R014,ORD0003336,5,2026-08-15
RATE0001078,CUST001529,M0093,R009,ORD0004707,3,2026-09-04
RATE0001079,CUST003775,M0036,R017,ORD0001581,3,2026-08-03
RATE0001080,CUST003767,M0112,R020,ORD0000740,3,2026-03-29
RATE0001081,CUST003362,M0138,R012,ORD0002202,5,2026-08-17
RATE0001082,CUST001819,M0028,R006,ORD0000256,4,2025-10-13
RATE0001083,CUST000929,M0066,R011,ORD0003511,5,2025-11-11
RATE0001084,CUST001777,M0091,R004,ORD0006758,4,2026-09-10
RATE0001085,CUST000920,M0048,R010,ORD0003952,4,2026-07-05
RATE0001086,CUST000861,M0156,R015,ORD0001137,4,2026-04-02
RATE0001087,CUST003352,M0150,R007,ORD0000133,4,2025-09-20
RATE0001088,CUST000862,M0012,R007,ORD0000053,3,2026-04-03
RATE0001089,CUST003804,M0016,R001,ORD0007347,4,2026-06-08
RATE0001090,CUST001391,M0102,R019,ORD0004293,4,2026-03-28
RATE0001091,CUST003484,M0118,R017,ORD0003251,4,2026-09-25
RATE0001092,CUST002362,M0146,R012,ORD0007892,4,2026-04-28
RATE0001093,CUST003023,M0158,R001,ORD0001133,4,2026-05-27
RATE0001094,CUST002654,M0086,R001,ORD0007296,4,2026-09-04
RATE0001095,CUST000714,M0148,R010,ORD0003865,4,2026-07-05
RATE0001096,CUST002834,M0032,R007,ORD0002346,5,2026-09-24
RATE0001097,CUST001054,M0052,R001,ORD0008780,4,2026-08-23
RATE0001098,CUST002655,M0122,R011,ORD0002134,4,2026-07-31
RATE0001099,CUST003821,M0136,R008,ORD0008610,4,2026-05-11
RATE0001100,CUST001774,M0004,R014,ORD0004846,4,2026-09-19
RATE0001101,CUST003467,M0087,R006,ORD0001406,4,2026-08-31
RATE0001102,CUST001366,M0092,R019,ORD0002191,4,2026-03-03
RATE0001103,CUST003764,M0052,R013,ORD0003745,3,2026-08-20
RATE0001104,CUST000409,M0135,R012,ORD0001232,4,2026-03-13
RATE0001105,CUST001107,M0135,R016,ORD0001759,4,2026-07-01
RATE0001106,CUST003391,M0046,R001,ORD0001778,4,2026-09-23
RATE0001107,CUST000100,M0064,R011,ORD0003133,4,2026-09-26
RATE0001108,CUST003150,M0004,R015,ORD0002749,4,2026-02-06
RATE0001109,CUST002753,M0112,R009,ORD0001202,4,2026-06-28
RATE0001110,CUST000409,M0033,R017,ORD0001370,4,2026-07-11
RATE0001111,CUST000568,M0072,R019,ORD0003854,3,2026-05-01
RATE0001112,CUST003825,M0045,R011,ORD0005260,3,2026-09-10
RATE0001113,CUST002816,M0066,R005,ORD0002938,5,2026-07-26
RATE0001114,CUST001395,M0007,R012,ORD0003698,5,2026-09-01
RATE0001115,CUST001269,M0064,R004,ORD0001294,5,2026-05-25
RATE0001116,CUST002825,M0099,R010,ORD0008776,4,2026-04-22
RATE0001117,CUST001498,M0086,R013,ORD0001731,5,2026-04-26
RATE0001118,CUST000410,M0103,R005,ORD0000858,4,2026-04-06
RATE0001119,CUST003066,M0079,R008,ORD0007414,4,2026-07-02
RATE0001120,CUST000721,M0151,R017,ORD0005871,4,2026-03-29
RATE0001121,CUST002469,M0019,R012,ORD0007090,5,2026-07-06
RATE0001122,CUST001825,M0080,R004,ORD0003231,3,2026-06-01
RATE0001123,CUST003565,M0135,R002,ORD0008625,4,2026-01-09
RATE0001124,CUST000885,M0152,R003,ORD0006739,4,2026-08-22
RATE0001125,CUST000538,M0019,R010,ORD0005766,4,2026-09-16
RATE0001126,CUST003443,M0135,R003,ORD0005473,5,2026-09-19
RATE0001127,CUST001957,M0045,R017,ORD0002372,4,2026-01-26
RATE0001128,CUST000470,M0125,R014,ORD0001352,4,2026-01-27
RATE0001129,CUST001727,M0010,R020,ORD0001316,4,2026-09-15
RATE0001130,CUST002774,M0127,R018,ORD0001567,3,2026-05-27
RATE0001131,CUST003434,M0065,R002,ORD0008922,5,2026-09-04
RATE0001132,CUST000607,M0108,R003,ORD0001356,4,2026-09-26
RATE0001133,CUST001950,M0113,R009,ORD0006028,4,2026-09-16
RATE0001134,CUST003589,M0093,R004,ORD0001557,4,2026-09-13
RATE0001135,CUST000170,M0006,R005,ORD0004583,3,2026-08-12
RATE0001136,CUST003667,M0131,R017,ORD0001389,4,2026-09-15
RATE0001137,CUST003840,M0006,R013,ORD0006636,5,2026-08-14
RATE0001138,CUST002899,M0115,R008,ORD0007766,5,2026-08-09
RATE0001139,CUST002125,M0156,R011,ORD0002822,5,2026-07-21
RATE0001140,CUST001588,M0046,R002,ORD0002867,4,2026-08-05
RATE0001141,CUST003397,M0092,R018,ORD0008053,4,2026-09-25
RATE0001142,CUST001423,M0008,R016,ORD0003471,4,2026-01-07
RATE0001143,CUST000603,M0105,R011,ORD0006056,5,2026-06-20
RATE0001144,CUST002606,M0134,R017,ORD0001275,4,2026-07-14
RATE0001145,CUST002803,M0003,R011,ORD0005674,4,2026-06-28
RATE0001146,CUST000849,M0048,R020,ORD0000433,4,2026-01-07
RATE0001147,CUST002335,M0002,R018,ORD0006994,4,2026-07-30
RATE0001148,CUST000187,M0133,R013,ORD0006175,4,2026-05-30
RATE0001149,CUST000476,M0133,R007,ORD0007150,3,2025-12-18
RATE0001150,CUST002740,M0079,R008,ORD0005615,4,2025-11-07
RATE0001151,CUST001872,M0001,R009,ORD0004572,5,2026-01-31
RATE0001152,CUST001423,M0111,R006,ORD0008673,4,2026-08-04
RATE0001153,CUST001558,M0046,R004,ORD0002500,3,2026-08-09
RATE0001154,CUST002283,M0081,R019,ORD0006139,4,2026-09-23
RATE0001155,CUST003221,M0093,R009,ORD0006865,5,2026-09-28
RATE0001156,CUST002673,M0103,R007,ORD0000539,3,2026-02-01
RATE0001157,CUST001689,M0037,R008,ORD0000112,4,2026-07-23
RATE0001158,CUST003326,M0123,R014,ORD0001844,3,2026-09-10
RATE0001159,CUST000821,M0120,R015,ORD0001221,4,2026-08-25
RATE0001160,CUST002657,M0081,R009,ORD0000069,4,2025-08-16
RATE0001161,CUST002781,M0046,R005,ORD0003835,4,2026-09-24
RATE0001162,CUST002675,M0094,R010,ORD0005242,3,2026-06-05
RATE0001163,CUST001959,M0057,R014,ORD0004762,5,2026-09-10
RATE0001164,CUST000065,M0057,R018,ORD0003753,4,2026-08-12
RATE0001165,CUST003481,M0102,R014,ORD0008265,3,2026-04-22
RATE0001166,CUST002292,M0072,R003,ORD0008659,5,2026-09-04
RATE0001167,CUST000575,M0010,R018,ORD0004624,4,2026-04-16
RATE0001168,CUST001407,M0125,R006,ORD0006667,4,2026-05-26
RATE0001169,CUST000817,M0129,R001,ORD0007303,4,2026-01-20
RATE0001170,CUST003308,M0113,R005,ORD0005993,5,2026-09-12
RATE0001171,CUST000913,M0093,R002,ORD0005068,5,2026-08-31
RATE0001172,CUST003644,M0092,R005,ORD0007513,2,2026-09-24
RATE0001173,CUST000281,M0092,R018,ORD0001211,3,2026-09-09
RATE0001174,CUST000190,M0033,R001,ORD0004356,3,2026-06-17
RATE0001175,CUST001416,M0082,R013,ORD0000815,5,2026-08-07
RATE0001176,CUST003026,M0135,R008,ORD0007067,4,2026-04-30
RATE0001177,CUST000764,M0119,R003,ORD0002011,4,2026-05-01
RATE0001178,CUST003948,M0041,R015,ORD0005234,5,2026-09-16
RATE0001179,CUST001791,M0087,R008,ORD0008363,5,2026-08-30
RATE0001180,CUST003623,M0121,R016,ORD0003615,4,2026-06-17
RATE0001181,CUST001459,M0055,R009,ORD0001318,4,2026-05-05
RATE0001182,CUST002803,M0081,R011,ORD0004450,5,2026-07-05
RATE0001183,CUST003522,M0080,R005,ORD0005455,4,2026-04-21
RATE0001184,CUST003600,M0105,R002,ORD0002295,4,2026-06-01
RATE0001185,CUST003489,M0159,R005,ORD0000603,3,2026-03-27
RATE0001186,CUST000170,M0092,R017,ORD0004289,3,2026-06-03
RATE0001187,CUST001331,M0135,R017,ORD0005922,3,2026-08-02
RATE0001188,CUST000404,M0076,R018,ORD0004688,4,2026-08-27
RATE0001189,CUST000044,M0130,R009,ORD0003558,3,2026-03-22
RATE0001190,CUST001556,M0020,R012,ORD0007381,5,2026-03-17
RATE0001191,CUST001229,M0022,R012,ORD0006728,4,2026-09-25
RATE0001192,CUST003380,M0010,R006,ORD0001544,5,2026-08-13
RATE0001193,CUST000626,M0002,R003,ORD0005096,5,2026-07-16
RATE0001194,CUST003076,M0133,R010,ORD0005974,3,2026-02-21
RATE0001195,CUST003167,M0094,R008,ORD0006457,5,2026-09-14
RATE0001196,CUST002645,M0025,R014,ORD0008146,4,2026-05-15
RATE0001197,CUST000981,M0122,R009,ORD0005776,4,2026-08-22
RATE0001198,CUST000241,M0122,R019,ORD0007334,5,2026-02-14
RATE0001199,CUST002674,M0124,R016,ORD0002137,3,2026-09-16
RATE0001200,CUST000832,M0111,R009,ORD0007659,4,2026-09-22
RATE0001201,CUST002021,M0135,R007,ORD0007020,4,2026-01-05
RATE0001202,CUST002207,M0073,R003,ORD0007855,5,2026-09-01
RATE0001203,CUST000091,M0094,R008,ORD0007517,4,2026-09-08
RATE0001204,CUST001039,M0153,R016,ORD0003263,4,2026-09-21
RATE0001205,CUST001310,M0064,R014,ORD0004345,4,2026-07-26
RATE0001206,CUST003935,M0087,R005,ORD0005449,4,2026-09-08
RATE0001207,CUST001358,M0011,R011,ORD0001165,6,2026-08-31
RATE0001208,CUST001122,M0143,R010,ORD0008177,4,2026-06-23
RATE0001209,CUST001155,M0096,R004,ORD0006573,3,2026-08-26
RATE0001210,CUST003984,M0035,R016,ORD0006327,2,2026-08-26
RATE0001211,CUST001626,M0105,R011,ORD0003640,4,2026-02-03
RATE0001212,CUST003548,M0081,R012,ORD0007400,4,2026-04-23
RATE0001213,CUST002241,M0151,R019,ORD0005001,3,2026-07-18
RATE0001214,CUST003291,M0124,R007,ORD0004193,4,2026-09-27
RATE0001215,CUST002587,M0131,R015,ORD0004020,5,2026-09-11
RATE0001216,CUST002381,M0042,R001,ORD0001780,5,2026-09-19
RATE0001217,CUST003680,M0094,R006,ORD0002332,4,2026-09-20
RATE0001218,CUST000800,M0133,R016,ORD0002443,4,2026-05-14
RATE0001219,CUST000093,M0055,R013,ORD0004058,4,2026-07-19
RATE0001220,CUST002224,M0073,R016,ORD0003328,5,2026-08-24
RATE0001221,CUST003502,M0007,R019,ORD0003486,4,2026-03-10
RATE0001222,CUST003478,M0051,R017,ORD0008647,5,2026-06-07
RATE0001223,CUST003194,M0120,R006,ORD0008725,4,2025-11-10
RATE0001224,CUST002723,M0048,R017,ORD0006477,4,2025-11-16
RATE0001225,CUST001266,M0114,R003,ORD0008513,5,2026-08-22
RATE0001226,CUST003055,M0037,R010,ORD0005286,4,2026-08-12
RATE0001227,CUST003034,M0151,R018,ORD0008923,4,2026-09-21
RATE0001228,CUST003626,M0121,R020,ORD0000820,3,2026-09-13
RATE0001229,CUST003566,M0157,R018,ORD0007366,3,2026-09-17
RATE0001230,CUST001807,M0020,R008,ORD0006998,4,2026-07-31
RATE0001231,CUST001296,M0019,R014,ORD0003760,5,2025-12-04
RATE0001232,CUST002150,M0007,R019,ORD0003310,5,2026-08-26
RATE0001233,CUST003060,M0138,R001,ORD0003690,4,2026-09-22
RATE0001234,CUST002973,M0120,R005,ORD0007013,3,2026-04-06
RATE0001235,CUST000076,M0121,R017,ORD0001532,4,2026-09-24
RATE0001236,CUST003895,M0132,R003,ORD0008275,3,2026-09-24
RATE0001237,CUST003456,M0087,R001,ORD0007647,4,2026-09-13
RATE0001238,CUST003034,M0135,R008,ORD0006188,3,2026-07-06
RATE0001239,CUST003385,M0121,R017,ORD0008703,3,2026-07-25
RATE0001240,CUST002835,M0002,R011,ORD0007253,3,2026-09-23
RATE0001241,CUST001537,M0124,R006,ORD0004095,3,2026-08-26
RATE0001242,CUST000154,M0133,R006,ORD0004784,4,2026-09-07
RATE0001243,CUST003554,M0051,R010,ORD0005162,4,2025-08-29
RATE0001244,CUST003909,M0027,R011,ORD0006530,4,2026-08-19
RATE0001245,CUST001608,M0079,R008,ORD0003647,5,2026-07-07
RATE0001246,CUST000639,M0115,R019,ORD0005074,4,2026-02-07
RATE0001247,CUST003065,M0109,R008,ORD0007166,3,2026-04-19
RATE0001248,CUST000258,M0105,R001,ORD0005388,4,2026-05-21
RATE0001249,CUST003451,M0057,R004,ORD0007240,4,2026-07-15
RATE0001250,CUST002053,M0086,R010,ORD0004918,4,2026-09-06
RATE0001251,CUST002767,M0019,R016,ORD0006212,4,2026-07-25
RATE0001252,CUST001886,M0134,R015,ORD0000912,3,2026-08-09
RATE0001253,CUST003823,M0133,R009,ORD0005468,3,2026-07-11
RATE0001254,CUST003572,M0117,R010,ORD0002672,3,2025-11-23
RATE0001255,CUST001627,M0157,R020,ORD0001438,4,2026-04-11
RATE0001256,CUST000348,M0094,R003,ORD0004706,6,2025-11-27
RATE0001257,CUST002452,M0046,R005,ORD0002969,4,2026-08-30
RATE0001258,CUST002748,M0079,R012,ORD0008096,4,2026-07-16
RATE0001259,CUST000689,M0006,R006,ORD0003873,5,2026-09-27
RATE0001260,CUST002122,M0138,R019,ORD0005523,4,2026-05-07
RATE0001261,CUST001860,M0064,R001,ORD0006397,4,2026-06-08
RATE0001262,CUST001978,M0027,R014,ORD0005579,3,2026-08-30
RATE0001263,CUST003619,M0105,R012,ORD0001094,5,2026-08-13
RATE0001264,CUST003668,M0099,R004,ORD0006185,5,2025-12-24
RATE0001265,CUST000172,M0120,R018,ORD0000328,4,2026-08-09
RATE0001266,CUST003699,M0131,R020,ORD0002392,4,2026-06-25
RATE0001267,CUST001603,M0119,R016,ORD0000803,3,2025-11-27
RATE0001268,CUST001235,M0081,R012,ORD0000170,4,2026-08-16
RATE0001269,CUST002918,M0121,R015,ORD0003028,4,2026-06-10
RATE0001270,CUST000277,M0094,R001,ORD0008169,4,2026-08-05
RATE0001271,CUST003055,M0010,R020,ORD0004162,4,2026-07-22
RATE0001272,CUST002348,M0146,R007,ORD0001240,4,2026-04-09
RATE0001273,CUST001875,M0055,R009,ORD0002657,3,2026-08-10
RATE0001274,CUST000481,M0145,R009,ORD0002783,3,2026-09-06
RATE0001275,CUST003754,M0009,R016,ORD0006819,3,2026-08-22
RATE0001276,CUST002051,M0079,R010,ORD0007222,4,2026-09-19
RATE0001277,CUST003303,M0055,R012,ORD0001395,3,2026-09-19
RATE0001278,CUST003603,M0111,R007,ORD0003858,4,2025-11-08
RATE0001279,CUST000118,M0135,R014,ORD0005667,4,2026-09-15
RATE0001280,CUST002995,M0051,R004,ORD0001857,4,2026-08-26
RATE0001281,CUST003159,M0099,R003,ORD0000575,4,2026-08-16
RATE0001282,CUST000249,M0042,R019,ORD0006577,4,2026-07-11
RATE0001283,CUST001436,M0094,R016,ORD0005444,5,2026-06-27
RATE0001284,CUST000597,M0131,R013,ORD0003840,4,2026-08-28
RATE0001285,CUST002491,M0094,R003,ORD0001890,4,2026-08-25
RATE0001286,CUST000241,M0138,R019,ORD0000511,3,2026-04-05
RATE0001287,CUST003970,M0010,R001,ORD0004968,4,2026-07-26
RATE0001288,CUST002281,M0076,R018,ORD0000349,4,2026-09-23
RATE0001289,CUST002935,M0020,R007,ORD0003261,5,2026-09-26
RATE0001290,CUST001901,M0083,R005,ORD0008967,4,2026-07-08
RATE0001291,CUST000433,M0092,R005,ORD0002335,4,2026-07-18
RATE0001292,CUST001057,M0035,R016,ORD0004842,4,2026-07-30
RATE0001293,CUST003340,M0135,R016,ORD0008167,4,2026-07-19
RATE0001294,CUST002325,M0095,R002,ORD0004488,4,2026-04-18
RATE0001295,CUST001154,M0097,R010,ORD0003349,4,2026-09-11
RATE0001296,CUST001235,M0119,R012,ORD0005607,4,2026-07-18
RATE0001297,CUST002353,M0081,R016,ORD0003427,3,2026-01-07
RATE0001298,CUST003910,M0133,R018,ORD0001016,3,2026-08-28
RATE0001299,CUST000277,M0001,R011,ORD0000632,5,2026-07-11
RATE0001300,CUST003487,M0118,R004,ORD0000114,4,2026-05-17
RATE0001301,CUST003275,M0060,R015,ORD0004306,4,2026-03-16
RATE0001302,CUST002030,M0156,R007,ORD0001075,3,2025-10-24
RATE0001303,CUST003619,M0053,R016,ORD0008402,4,2026-09-13
RATE0001304,CUST000261,M0141,R006,ORD0007018,2,2026-09-17
RATE0001305,CUST003914,M0133,R005,ORD0001399,4,2026-09-11
RATE0001306,CUST001923,M0137,R009,ORD0007523,3,2025-12-23
RATE0001307,CUST000891,M0004,R013,ORD0002966,5,2025-10-22
RATE0001308,CUST002929,M0045,R019,ORD0006403,4,2026-09-12
RATE0001309,CUST002357,M0063,R012,ORD0008470,5,2026-02-19
RATE0001310,CUST003380,M0131,R006,ORD0005867,4,2026-08-20
RATE0001311,CUST002786,M0063,R020,ORD0004464,5,2026-09-06
RATE0001312,CUST000949,M0139,R008,ORD0004145,5,2026-06-06
RATE0001313,CUST002002,M0079,R020,ORD0002803,5,2026-06-29
RATE0001314,CUST003396,M0073,R019,ORD0004719,5,2026-09-08
RATE0001315,CUST001458,M0079,R010,ORD0003119,5,2026-08-22
RATE0001316,CUST001531,M0037,R003,ORD0006661,4,2026-01-18
RATE0001317,CUST001233,M0105,R014,ORD0003026,3,2026-09-24
RATE0001318,CUST000305,M0158,R011,ORD0005183,4,2026-04-21
RATE0001319,CUST003750,M0071,R015,ORD0002922,3,2026-08-28
RATE0001320,CUST001556,M0112,R012,ORD0004737,4,2026-08-27
RATE0001321,CUST003928,M0148,R009,ORD0008693,4,2026-08-09
RATE0001322,CUST001629,M0083,R014,ORD0001070,4,2026-07-28
RATE0001323,CUST003123,M0037,R017,ORD0007318,5,2026-08-13
RATE0001324,CUST001090,M0001,R005,ORD0004102,4,2026-06-29
RATE0001325,CUST000469,M0131,R001,ORD0004594,5,2026-06-11
RATE0001326,CUST001176,M0042,R015,ORD0006980,5,2025-11-29
RATE0001327,CUST002108,M0100,R011,ORD0000988,3,2026-03-31
RATE0001328,CUST000534,M0090,R007,ORD0006173,5,2026-02-20
RATE0001329,CUST002457,M0093,R007,ORD0004112,3,2026-02-04
RATE0001330,CUST001614,M0107,R003,ORD0003935,3,2026-07-08
RATE0001331,CUST002846,M0081,R017,ORD0002068,4,2026-07-06
RATE0001332,CUST000376,M0091,R012,ORD0008734,4,2026-06-21
RATE0001333,CUST000612,M0060,R010,ORD0002217,4,2026-04-19
RATE0001334,CUST000459,M0139,R020,ORD0008356,4,2026-08-01
RATE0001335,CUST003505,M0137,R007,ORD0000604,3,2026-05-14
RATE0001336,CUST002272,M0121,R006,ORD0002142,5,2026-08-20
RATE0001337,CUST003172,M0092,R004,ORD0005394,3,2026-05-26
RATE0001338,CUST000484,M0079,R014,ORD0001519,5,2026-04-29
RATE0001339,CUST000742,M0131,R001,ORD0001511,3,2026-08-08
RATE0001340,CUST000405,M0030,R013,ORD0007098,3,2026-01-06
RATE0001341,CUST001416,M0093,R003,ORD0008261,4,2026-09-03
RATE0001342,CUST002814,M0007,R017,ORD0006875,5,2026-03-30
RATE0001343,CUST000826,M0134,R010,ORD0005555,4,2026-09-14
RATE0001344,CUST002353,M0006,R006,ORD0001546,3,2026-07-17
RATE0001345,CUST001933,M0135,R009,ORD0000781,4,2026-04-05
RATE0001346,CUST001813,M0125,R001,ORD0004824,4,2026-09-02
RATE0001347,CUST003061,M0135,R017,ORD0002869,4,2026-07-01
RATE0001348,CUST001337,M0091,R010,ORD0007124,4,2026-03-05
RATE0001349,CUST001960,M0147,R009,ORD0004547,4,2026-08-12
RATE0001350,CUST002988,M0093,R004,ORD0006932,5,2026-02-12
RATE0001351,CUST001016,M0121,R016,ORD0004899,3,2026-01-08
RATE0001352,CUST003485,M0133,R009,ORD0004640,2,2026-09-29
RATE0001353,CUST000624,M0004,R019,ORD0003782,4,2026-07-08
RATE0001354,CUST000269,M0074,R020,ORD0002118,5,2025-11-07
RATE0001355,CUST003281,M0004,R002,ORD0000302,4,2026-06-03
RATE0001356,CUST002831,M0010,R019,ORD0005319,4,2026-07-28
RATE0001357,CUST000646,M0019,R020,ORD0001072,5,2026-08-20
RATE0001358,CUST002053,M0137,R010,ORD0007935,3,2026-09-20
RATE0001359,CUST002975,M0133,R019,ORD0000829,3,2026-08-22
RATE0001360,CUST002890,M0119,R018,ORD0000174,0,2026-08-23
RATE0001361,CUST001833,M0022,R002,ORD0008939,4,2026-08-14
RATE0001362,CUST000430,M0087,R006,ORD0004242,4,2026-08-20
RATE0001363,CUST002529,M0079,R005,ORD0007421,5,2026-03-02
RATE0001364,CUST002427,M0064,R005,ORD0003306,4,2026-08-12
RATE0001365,CUST000594,M0098,R005,ORD0007742,4,2026-05-31
RATE0001366,CUST003219,M0090,R011,ORD0003967,4,2026-09-12
RATE0001367,CUST003911,M0150,R006,ORD0004230,4,2026-09-21
RATE0001368,CUST003629,M0093,R006,ORD0002016,4,2026-09-19
RATE0001369,CUST003378,M0138,R019,ORD0001566,4,2026-08-04
RATE0001370,CUST003269,M0121,R016,ORD0001003,4,2026-09-20
RATE0001371,CUST001934,M0120,R020,ORD0001876,5,2026-08-31
RATE0001372,CUST002407,M0080,R017,ORD0003812,4,2026-09-16
RATE0001373,CUST000879,M0081,R004,ORD0005179,4,2026-02-16
RATE0001374,CUST003584,M0091,R013,ORD0006633,3,2026-05-29
RATE0001375,CUST000817,M0120,R011,ORD0005318,4,2026-02-08
RATE0001376,CUST003253,M0054,R012,ORD0008807,4,2025-11-18
RATE0001377,CUST000609,M0072,R003,ORD0000415,3,2026-06-22
RATE0001378,CUST003657,M0062,R010,ORD0006239,3,2026-09-15
RATE0001379,CUST003174,M0021,R006,ORD0002486,4,2026-03-27
RATE0001380,CUST001246,M0121,R020,ORD0003477,5,2026-07-16
RATE0001381,CUST002136,M0008,R015,ORD0002833,3,2026-06-13
RATE0001382,CUST000652,M0137,R003,ORD0005842,5,2026-09-16
RATE0001383,CUST000397,M0116,R007,ORD0004077,3,2026-07-17
RATE0001384,CUST000293,M0029,R007,ORD0001172,3,2026-09-26
RATE0001385,CUST000900,M0146,R017,ORD0004181,4,2026-07-19
RATE0001386,CUST001151,M0089,R008,ORD0002736,4,2026-07-12
RATE0001387,CUST000504,M0051,R015,ORD0005011,4,2026-09-07
RATE0001388,CUST002452,M0106,R005,ORD0004163,4,2026-08-19
RATE0001389,CUST003069,M0145,R004,ORD0004541,3,2026-07-29
RATE0001390,CUST001211,M0009,R020,ORD0006858,4,2026-09-26
RATE0001391,CUST000362,M0139,R006,ORD0004595,4,2026-07-20
RATE0001392,CUST001405,M0006,R018,ORD0007544,4,2026-09-26
RATE0001393,CUST001100,M0094,R008,ORD0007839,3,2025-11-06
RATE0001394,CUST003735,M0022,R009,ORD0003010,4,2026-06-13
RATE0001395,CUST002786,M0121,R020,ORD0002981,5,2026-09-20
RATE0001396,CUST002363,M0134,R010,ORD0007011,3,2026-06-14
RATE0001397,CUST000408,M0092,R003,ORD0001138,3,2026-06-21
RATE0001398,CUST000368,M0055,R007,ORD0006630,4,2026-01-13
RATE0001399,CUST001537,M0007,R017,ORD0000987,4,2026-06-20
RATE0001400,CUST000849,M0019,R020,ORD0000433,4,2026-01-09
RATE0001401,CUST001051,M0154,R004,ORD0005710,3,2026-06-03
RATE0001402,CUST003128,M0120,R004,ORD0006531,5,2025-09-24
RATE0001403,CUST001174,M0039,R001,ORD0000655,3,2026-09-06
RATE0001404,CUST000546,M0079,R006,ORD0005329,5,2026-09-04
RATE0001405,CUST001413,M0146,R009,ORD0006061,4,2026-06-04
RATE0001406,CUST000490,M0096,R019,ORD0001915,3,2026-08-12
RATE0001407,CUST002518,M0114,R002,ORD0001641,3,2026-08-11
RATE0001408,CUST001074,M0147,R018,ORD0002745,4,2026-08-29
RATE0001409,CUST000315,M0029,R003,ORD0005198,4,2025-11-15
RATE0001410,CUST002835,M0127,R006,ORD0008890,4,2026-09-09
RATE0001411,CUST002341,M0135,R012,ORD0003626,4,2026-09-17
RATE0001412,CUST002968,M0046,R011,ORD0000886,4,2026-05-28
RATE0001413,CUST002938,M0028,R019,ORD0001229,4,2026-05-19
RATE0001414,CUST000835,M0115,R002,ORD0003918,5,2026-08-07
RATE0001415,CUST001159,M0118,R016,ORD0000676,4,2026-04-22
RATE0001416,CUST000251,M0004,R016,ORD0005465,5,2026-09-19
RATE0001417,CUST000134,M0134,R014,ORD0005880,4,2026-09-05
RATE0001418,CUST000318,M0033,R017,ORD0005992,4,2026-01-17
RATE0001419,CUST000749,M0006,R017,ORD0002784,5,2026-02-21
RATE0001420,CUST000915,M0126,R018,ORD0002675,3,2026-09-14
RATE0001421,CUST003543,M0092,R012,ORD0001357,4,2026-02-16
RATE0001422,CUST002073,M0103,R015,ORD0007728,4,2026-05-30
RATE0001423,CUST003672,M0068,R015,ORD0005051,5,2026-09-25
RATE0001424,CUST000728,M0046,R015,ORD0003715,3,2026-06-27
RATE0001425,CUST001885,M0088,R016,ORD0000358,3,2026-03-30
RATE0001426,CUST000710,M0157,R014,ORD0003025,3,2026-08-03
RATE0001427,CUST003004,M0033,R004,ORD0002765,4,2026-09-16
RATE0001428,CUST001703,M0012,R013,ORD0004042,4,2026-08-19
RATE0001429,CUST003942,M0135,R019,ORD0004635,5,2026-08-28
RATE0001430,CUST002058,M0040,R008,ORD0002883,4,2025-10-21
RATE0001431,CUST000056,M0120,R014,ORD0003473,4,2026-06-26
RATE0001432,CUST001586,M0135,R011,ORD0002319,4,2026-09-12
RATE0001433,CUST003860,M0064,R011,ORD0003280,3,2026-09-26
RATE0001434,CUST002145,M0055,R001,ORD0006921,4,2026-09-10
RATE0001435,CUST001228,M0067,R005,ORD0004056,4,2026-09-19
RATE0001436,CUST002132,M0002,R004,ORD0002006,4,2026-09-22
RATE0001437,CUST000210,M0006,R017,ORD0003123,4,2026-09-04
RATE0001438,CUST003672,M0140,R015,ORD0005051,3,2026-09-24
RATE0001439,CUST001336,M0004,R002,ORD0005647,5,2026-04-22
RATE0001440,CUST003535,M0028,R013,ORD0007665,4,2026-07-28
RATE0001441,CUST002868,M0124,R015,ORD0000192,4,2026-06-24
RATE0001442,CUST001738,M0025,R017,ORD0002623,3,2026-08-27
RATE0001443,CUST000579,M0112,R005,ORD0002196,4,2026-03-30
RATE0001444,CUST003260,M0092,R006,ORD0006553,3,2026-09-11
RATE0001445,CUST001753,M0152,R020,ORD0001463,3,2026-02-14
RATE0001446,CUST003795,M0150,R020,ORD0002956,4,2026-07-22
RATE0001447,CUST000811,M0074,R011,ORD0000727,4,2025-10-26
RATE0001448,CUST000506,M0073,R008,ORD0000312,3,2025-11-01
RATE0001449,CUST002578,M0010,R008,ORD0003017,5,2026-08-06
RATE0001450,CUST000255,M0148,R014,ORD0004639,4,2026-03-21
RATE0001451,CUST000411,M0102,R016,ORD0005157,4,2026-07-24
RATE0001452,CUST002909,M0070,R002,ORD0000616,4,2026-08-11
RATE0001453,CUST001054,M0134,R011,ORD0000992,3,2026-08-31
RATE0001454,CUST001428,M0033,R013,ORD0003297,4,2026-08-13
RATE0001455,CUST002998,M0055,R007,ORD0003895,4,2026-09-27
RATE0001456,CUST000156,M0001,R010,ORD0008423,4,2026-07-29
RATE0001457,CUST000888,M0119,R015,ORD0006458,3,2026-09-19
RATE0001458,CUST003188,M0073,R009,ORD0006597,4,2026-07-13
RATE0001459,CUST003160,M0139,R019,ORD0003400,5,2025-11-02
RATE0001460,CUST003524,M0082,R010,ORD0007676,4,2026-05-11
RATE0001461,CUST002845,M0138,R001,ORD0002009,5,2026-09-22
RATE0001462,CUST002158,M0084,R006,ORD0000485,4,2025-10-18
RATE0001463,CUST003187,M0078,R006,ORD0007841,4,2026-09-07
RATE0001464,CUST000853,M0123,R007,ORD0007092,4,2026-09-14
RATE0001465,CUST000432,M0139,R010,ORD0005530,5,2026-09-18
RATE0001466,CUST002288,M0001,R014,ORD0001448,5,2026-09-02
RATE0001467,CUST002933,M0094,R019,ORD0001606,3,2026-06-08
RATE0001468,CUST001827,M0057,R009,ORD0008128,4,2026-05-31
RATE0001469,CUST002884,M0045,R013,ORD0001303,4,2025-12-21
RATE0001470,CUST001018,M0124,R008,ORD0003866,5,2025-10-08
RATE0001471,CUST002633,M0051,R011,ORD0003030,5,2026-08-29
RATE0001472,CUST001127,M0099,R006,ORD0002431,4,2025-11-08
RATE0001473,CUST000751,M0094,R005,ORD0008885,2,2026-09-21
RATE0001474,CUST002280,M0156,R009,ORD0007833,3,2026-04-14
RATE0001475,CUST002403,M0088,R005,ORD0001290,4,2026-06-03
RATE0001476,CUST002481,M0122,R018,ORD0004156,4,2026-07-04
RATE0001477,CUST001592,M0094,R013,ORD0003469,4,2026-07-05
RATE0001478,CUST001149,M0029,R020,ORD0002905,4,2026-09-25
RATE0001479,CUST000584,M0114,R006,ORD0000120,4,2026-09-20
RATE0001480,CUST000408,M0133,R003,ORD0001138,3,2026-06-19
RATE0001481,CUST000158,M0109,R015,ORD0003785,5,2026-09-14
RATE0001482,CUST001385,M0032,R007,ORD0006981,5,2026-05-27
RATE0001483,CUST001660,M0053,R013,ORD0000491,3,2026-09-11
RATE0001484,CUST003043,M0149,R002,ORD0002086,3,2026-08-21
RATE0001485,CUST000371,M0119,R019,ORD0002700,4,2025-11-26
RATE0001486,CUST000953,M0081,R017,ORD0005072,5,2026-09-08
RATE0001487,CUST001418,M0025,R014,ORD0008691,4,2026-08-10
RATE0001488,CUST001286,M0133,R005,ORD0003092,2,2026-09-13
RATE0001489,CUST003520,M0122,R018,ORD0001892,4,2026-06-23
RATE0001490,CUST002092,M0120,R017,ORD0002691,4,2026-04-22
RATE0001491,CUST000792,M0003,R016,ORD0004154,5,2025-12-14
RATE0001492,CUST003499,M0113,R012,ORD0003965,4,2026-09-12
RATE0001493,CUST000451,M0108,R011,ORD0005706,4,2025-12-25
RATE0001494,CUST002845,M0143,R001,ORD0002009,4,2026-09-21
RATE0001495,CUST002809,M0084,R013,ORD0004343,4,2026-08-26
RATE0001496,CUST002273,M0105,R002,ORD0000695,4,2026-01-22
RATE0001497,CUST003692,M0133,R004,ORD0006162,3,2026-09-28
RATE0001498,CUST001431,M0093,R003,ORD0005334,4,2026-05-24
RATE0001499,CUST002721,M0079,R013,ORD0005472,5,2026-09-22
RATE0001500,CUST003888,M0064,R011,ORD0004158,4,2026-04-15
RATE0001501,CUST003690,M0140,R001,ORD0005113,4,2026-09-18
RATE0001502,CUST002678,M0065,R002,ORD0005153,4,2026-05-01
RATE0001503,CUST002166,M0060,R002,ORD0003428,3,2026-08-17
RATE0001504,CUST002264,M0022,R008,ORD0002306,4,2026-09-08
RATE0001505,CUST000273,M0079,R018,ORD0004764,3,2026-09-13
RATE0001506,CUST001195,M0094,R017,ORD0005704,4,2026-03-09
RATE0001507,CUST003225,M0006,R002,ORD0003750,4,2026-09-08
RATE0001508,CUST002020,M0064,R001,ORD0004017,4,2026-06-04
RATE0001509,CUST001667,M0091,R018,ORD0000651,4,2026-06-11
RATE0001510,CUST000612,M0121,R020,ORD0008186,4,2026-03-10
RATE0001511,CUST000459,M0114,R008,ORD0005137,4,2025-12-18
RATE0001512,CUST000095,M0092,R015,ORD0005450,3,2026-06-30
RATE0001513,CUST002798,M0097,R020,ORD0001121,3,2026-07-31
RATE0001514,CUST001062,M0051,R013,ORD0001268,4,2026-04-19
RATE0001515,CUST001819,M0015,R016,ORD0002750,4,2026-02-24
RATE0001516,CUST001288,M0057,R005,ORD0005812,5,2026-05-05
RATE0001517,CUST000841,M0009,R017,ORD0002752,5,2026-09-15
RATE0001518,CUST002721,M0091,R003,ORD0004008,4,2026-09-25
RATE0001519,CUST001662,M0004,R004,ORD0006492,4,2026-09-14
RATE0001520,CUST002582,M0120,R019,ORD0007724,4,2026-09-26
RATE0001521,CUST002032,M0073,R018,ORD0008749,4,2026-08-25
RATE0001522,CUST001484,M0119,R010,ORD0004152,4,2026-05-13
RATE0001523,CUST000275,M0109,R015,ORD0003658,4,2026-07-26
RATE0001524,CUST001099,M0019,R017,ORD0005132,5,2026-05-26
RATE0001525,CUST002603,M0022,R020,ORD0001770,4,2026-04-25
RATE0001526,CUST000058,M0124,R002,ORD0008108,3,2026-07-19
RATE0001527,CUST000765,M0094,R011,ORD0007016,4,2026-05-14
RATE0001528,CUST001006,M0081,R006,ORD0002089,4,2026-09-21
RATE0001529,CUST003129,M0091,R016,ORD0001179,4,2026-08-24
RATE0001530,CUST000466,M0066,R013,ORD0001613,3,2026-09-03
RATE0001531,CUST000323,M0029,R009,ORD0000371,5,2026-03-14
RATE0001532,CUST003326,M0001,R014,ORD0001844,4,2026-09-06
RATE0001533,CUST000362,M0156,R014,ORD0003990,4,2026-07-01
RATE0001534,CUST001317,M0081,R018,ORD0004241,3,2026-01-04
RATE0001535,CUST000685,M0018,R005,ORD0006307,4,2026-06-17
RATE0001536,CUST000530,M0127,R013,ORD0006555,3,2026-07-13
RATE0001537,CUST000575,M0002,R008,ORD0002884,4,2026-02-05
RATE0001538,CUST003224,M0133,R012,ORD0004993,2,2026-02-28
RATE0001539,CUST000119,M0134,R013,ORD0006690,5,2026-07-26
RATE0001540,CUST000869,M0001,R012,ORD0003864,5,2026-03-06
RATE0001541,CUST003405,M0119,R015,ORD0000877,4,2026-03-01
RATE0001542,CUST000200,M0051,R010,ORD0006763,4,2026-05-15
RATE0001543,CUST001944,M0091,R011,ORD0000111,4,2026-09-22
RATE0001544,CUST000926,M0001,R007,ORD0000574,4,2026-09-29
RATE0001545,CUST002942,M0144,R010,ORD0003783,4,2026-09-24
RATE0001546,CUST003711,M0098,R005,ORD0001405,4,2026-09-12
RATE0001547,CUST002842,M0143,R003,ORD0001535,4,2026-08-11
RATE0001548,CUST001428,M0107,R003,ORD0004234,4,2026-07-11
RATE0001549,CUST002679,M0135,R009,ORD0008036,4,2026-08-08
RATE0001550,CUST000615,M0002,R011,ORD0006898,4,2026-02-14
RATE0001551,CUST002756,M0093,R005,ORD0002513,5,2026-09-24
RATE0001552,CUST003091,M0148,R010,ORD0001585,4,2026-01-30
RATE0001553,CUST003850,M0135,R017,ORD0000101,4,2026-08-08
RATE0001554,CUST002929,M0140,R019,ORD0006403,4,2026-09-16
RATE0001555,CUST003286,M0046,R002,ORD0001664,3,2026-09-25
RATE0001556,CUST002149,M0108,R009,ORD0007985,4,2026-02-16
RATE0001557,CUST002274,M0040,R001,ORD0005268,4,2026-09-10
RATE0001558,CUST000742,M0121,R011,ORD0004906,4,2026-08-24
RATE0001559,CUST000230,M0055,R003,ORD0000745,4,2026-09-10
RATE0001560,CUST001428,M0055,R003,ORD0007187,4,2026-07-09
RATE0001561,CUST003583,M0130,R011,ORD0001282,4,2026-09-25
RATE0001562,CUST000295,M0048,R008,ORD0004009,5,2026-08-22
RATE0001563,CUST001235,M0067,R012,ORD0006474,4,2026-09-23
RATE0001564,CUST000018,M0006,R013,ORD0006983,5,2026-09-09
RATE0001565,CUST002655,M0135,R011,ORD0002134,5,2026-08-01
RATE0001566,CUST001212,M0114,R001,ORD0000408,4,2026-03-24
RATE0001567,CUST001157,M0069,R007,ORD0000074,4,2026-09-06
RATE0001568,CUST003427,M0042,R006,ORD0007189,4,2026-07-03
RATE0001569,CUST003744,M0084,R018,ORD0008936,4,2026-08-18
RATE0001570,CUST002871,M0085,R008,ORD0001564,4,2026-08-13
RATE0001571,CUST003765,M0079,R005,ORD0000136,5,2026-09-13
RATE0001572,CUST003326,M0083,R014,ORD0001844,4,2026-09-08
RATE0001573,CUST002068,M0060,R018,ORD0006047,3,2026-05-06
RATE0001574,CUST002970,M0103,R007,ORD0007218,4,2026-09-21
RATE0001575,CUST003155,M0091,R015,ORD0005989,4,2025-10-21
RATE0001576,CUST001835,M0087,R020,ORD0006043,5,2026-03-21
RATE0001577,CUST003346,M0124,R018,ORD0001455,4,2026-03-18
RATE0001578,CUST003940,M0133,R014,ORD0003899,4,2026-07-10
RATE0001579,CUST001506,M0120,R015,ORD0003154,4,2026-09-12
RATE0001580,CUST001347,M0079,R016,ORD0003005,5,2026-09-27
RATE0001581,CUST000886,M0053,R019,ORD0008777,4,2026-09-12
RATE0001582,CUST000570,M0130,R013,ORD0008731,4,2026-09-13
RATE0001583,CUST003336,M0070,R011,ORD0001484,4,2026-09-19
RATE0001584,CUST002718,M0149,R020,ORD0001899,4,2026-09-25
RATE0001585,CUST001920,M0005,R009,ORD0008256,4,2026-08-31
RATE0001586,CUST003987,M0123,R009,ORD0003267,4,2026-05-31
RATE0001587,CUST002265,M0117,R020,ORD0000517,5,2026-08-19
RATE0001588,CUST001071,M0090,R020,ORD0001859,4,2026-08-13
RATE0001589,CUST000920,M0137,R010,ORD0001754,4,2025-12-30
RATE0001590,CUST002093,M0057,R015,ORD0003763,5,2026-09-14
RATE0001591,CUST001379,M0064,R006,ORD0007058,3,2026-09-26
RATE0001592,CUST001557,M0044,R017,ORD0005207,4,2026-09-21
RATE0001593,CUST000604,M0138,R015,ORD0002467,4,2026-03-25
RATE0001594,CUST000433,M0032,R005,ORD0002335,4,2026-07-14
RATE0001595,CUST000817,M0123,R001,ORD0007303,4,2026-01-20
RATE0001596,CUST002508,M0099,R019,ORD0007891,4,2026-08-09
RATE0001597,CUST001565,M0138,R005,ORD0005088,5,2026-09-13
RATE0001598,CUST001000,M0124,R004,ORD0001659,4,2026-08-07
RATE0001599,CUST000067,M0002,R003,ORD0001106,5,2026-08-14
RATE0001600,CUST000730,M0120,R003,ORD0003586,2,2026-08-27
RATE0001601,CUST003861,M0065,R001,ORD0007924,4,2026-07-19
RATE0001602,CUST002331,M0016,R001,ORD0008759,4,2026-08-11
RATE0001603,CUST003136,M0066,R018,ORD0000589,4,2025-09-18
RATE0001604,CUST001575,M0119,R013,ORD0008344,4,2026-06-24
RATE0001605,CUST001148,M0139,R002,ORD0000392,4,2026-06-09
RATE0001606,CUST002287,M0075,R015,ORD0007325,3,2026-08-19
RATE0001607,CUST000628,M0120,R009,ORD0004094,4,2025-09-09
RATE0001608,CUST003789,M0057,R017,ORD0001714,5,2026-08-04
RATE0001609,CUST000572,M0023,R012,ORD0007405,5,2026-05-13
RATE0001610,CUST003613,M0156,R001,ORD0002033,4,2026-08-13
RATE0001611,CUST001260,M0055,R006,ORD0007280,3,2026-08-08
RATE0001612,CUST001077,M0046,R014,ORD0008588,4,2025-12-07
RATE0001613,CUST002700,M0120,R002,ORD0000548,4,2026-09-10
RATE0001614,CUST002205,M0139,R017,ORD0000563,3,2025-12-11
RATE0001615,CUST001372,M0019,R018,ORD0006559,4,2026-02-11
RATE0001616,CUST000591,M0105,R018,ORD0005934,3,2026-08-01
RATE0001617,CUST001641,M0017,R020,ORD0006519,3,2026-09-16
RATE0001618,CUST000899,M0001,R001,ORD0002342,5,2026-01-22
RATE0001619,CUST000667,M0064,R018,ORD0007906,5,2026-07-18
RATE0001620,CUST003413,M0051,R003,ORD0000041,4,2026-06-27
RATE0001621,CUST002327,M0036,R004,ORD0004714,3,2026-07-18
RATE0001622,CUST003813,M0058,R020,ORD0003789,3,2026-08-29
RATE0001623,CUST000110,M0087,R009,ORD0002122,4,2026-08-22
RATE0001624,CUST002588,M0086,R018,ORD0002121,4,2026-05-27
RATE0001625,CUST002216,M0107,R020,ORD0007623,4,2026-08-06
RATE0001626,CUST001163,M0121,R016,ORD0003193,3,2026-09-24
RATE0001627,CUST001431,M0099,R013,ORD0004001,4,2026-09-20
RATE0001628,CUST000741,M0051,R020,ORD0006570,4,2026-03-27
RATE0001629,CUST001857,M0055,R003,ORD0001366,3,2026-09-23
RATE0001630,CUST001070,M0074,R019,ORD0003389,4,2026-09-06
RATE0001631,CUST000222,M0083,R001,ORD0001632,5,2026-09-25
RATE0001632,CUST001054,M0086,R011,ORD0000992,4,2026-08-28
RATE0001633,CUST003906,M0074,R003,ORD0001834,5,2026-07-12
RATE0001634,CUST002586,M0066,R010,ORD0005035,4,2025-11-21
RATE0001635,CUST002213,M0114,R006,ORD0004276,-1,2026-05-31
RATE0001636,CUST002499,M0038,R011,ORD0002566,4,2026-04-13
RATE0001637,CUST000191,M0006,R004,ORD0005063,5,2026-06-25
RATE0001638,CUST002748,M0083,R003,ORD0005390,4,2026-07-07
RATE0001639,CUST003253,M0112,R012,ORD0004815,4,2026-04-25
RATE0001640,CUST002020,M0027,R011,ORD0004471,3,2026-01-17
RATE0001641,CUST001117,M0014,R016,ORD0008516,4,2026-08-12
RATE0001642,CUST000834,M0125,R014,ORD0002751,4,2026-06-18
RATE0001643,CUST002590,M0003,R001,ORD0006718,4,2026-09-23
RATE0001644,CUST003532,M0011,R011,ORD0001789,3,2026-08-17
RATE0001645,CUST002361,M0079,R020,ORD0006071,3,2026-05-05
RATE0001646,CUST003864,M0046,R012,ORD0002350,4,2025-11-01
RATE0001647,CUST000837,M0072,R007,ORD0004765,5,2026-06-05
RATE0001648,CUST000831,M0128,R014,ORD0007557,3,2026-01-24
RATE0001649,CUST003257,M0120,R020,ORD0008041,4,2026-09-26
RATE0001650,CUST003417,M0065,R015,ORD0005896,4,2026-05-07
RATE0001651,CUST001284,M0112,R002,ORD0008385,4,2026-09-17
RATE0001652,CUST002942,M0076,R010,ORD0003783,5,2026-09-20
RATE0001653,CUST000792,M0079,R006,ORD0000012,5,2026-07-29
RATE0001654,CUST002193,M0018,R005,ORD0004026,4,2026-07-26
RATE0001655,CUST001850,M0004,R010,ORD0007635,3,2026-08-31
RATE0001656,CUST001349,M0095,R017,ORD0001791,3,2026-09-10
RATE0001657,CUST000297,M0004,R010,ORD0002689,3,2026-09-28
RATE0001658,CUST003924,M0090,R017,ORD0006855,4,2026-05-07
RATE0001659,CUST002104,M0020,R005,ORD0007408,4,2026-06-19
RATE0001660,CUST003051,M0059,R006,ORD0002266,3,2026-09-14
RATE0001661,CUST003721,M0133,R018,ORD0000337,4,2026-09-08
RATE0001662,CUST000004,M0146,R018,ORD0005340,5,2026-08-18
RATE0001663,CUST003103,M0075,R011,ORD0000207,4,2026-02-21
RATE0001664,CUST003913,M0066,R017,ORD0007214,5,2026-08-27
RATE0001665,CUST002496,M0011,R020,ORD0008846,4,2026-01-21
RATE0001666,CUST000009,M0051,R015,ORD0007552,3,2026-06-15
RATE0001667,CUST002379,M0054,R001,ORD0006557,3,2026-09-09
RATE0001668,CUST003873,M0098,R013,ORD0004796,4,2026-04-18
RATE0001669,CUST001337,M0093,R020,ORD0005570,4,2026-02-11
RATE0001670,CUST003912,M0121,R004,ORD0006674,4,2026-07-08
RATE0001671,CUST000861,M0079,R005,ORD0002077,5,2026-03-13
RATE0001672,CUST002318,M0055,R006,ORD0004018,5,2026-08-30
RATE0001673,CUST003629,M0059,R016,ORD0005124,4,2026-09-25
RATE0001674,CUST001718,M0114,R006,ORD0003375,3,2026-09-18
RATE0001675,CUST003253,M0010,R012,ORD0008807,-1,2025-11-14
RATE0001676,CUST000563,M0120,R014,ORD0000980,4,2026-06-11
RATE0001677,CUST003020,M0119,R007,ORD0000922,4,2026-03-26
RATE0001678,CUST003717,M0057,R016,ORD0004805,5,2025-11-19
RATE0001679,CUST000942,M0138,R001,ORD0006794,5,2026-05-13
RATE0001680,CUST003935,M0138,R008,ORD0004686,3,2026-09-02
RATE0001681,CUST002242,M0078,R018,ORD0005622,3,2026-07-29
RATE0001682,CUST001654,M0133,R005,ORD0002968,4,2026-04-23
RATE0001683,CUST002575,M0124,R011,ORD0002508,3,2026-04-16
RATE0001684,CUST003360,M0095,R015,ORD0001277,5,2026-05-06
RATE0001685,CUST001953,M0148,R013,ORD0001247,5,2026-09-26
RATE0001686,CUST003909,M0122,R001,ORD0001420,4,2026-09-11
RATE0001687,CUST003428,M0057,R012,ORD0008264,5,2025-08-10
RATE0001688,CUST003428,M0120,R012,ORD0007733,5,2026-05-23
RATE0001689,CUST001358,M0148,R014,ORD0002507,4,2026-06-24
RATE0001690,CUST003239,M0131,R008,ORD0004720,4,2026-07-05
RATE0001691,CUST001586,M0073,R001,ORD0003997,4,2026-06-11
RATE0001692,CUST003048,M0125,R004,ORD0003635,4,2026-04-28
RATE0001693,CUST002062,M0016,R004,ORD0005855,4,2026-07-09
RATE0001694,CUST002601,M0080,R001,ORD0000606,4,2026-08-11
RATE0001695,CUST003823,M0091,R009,ORD0004308,3,2026-03-20
RATE0001696,CUST003539,M0076,R005,ORD0000798,4,2026-03-24
RATE0001697,CUST001741,M0068,R018,ORD0004614,5,2026-08-27
RATE0001698,CUST000846,M0020,R008,ORD0001889,4,2026-09-07
RATE0001699,CUST001127,M0148,R006,ORD0002431,4,2025-11-08
RATE0001700,CUST001979,M0070,R006,ORD0003535,4,2026-08-07
RATE0001701,CUST002379,M0095,R001,ORD0006557,4,2026-09-11
RATE0001702,CUST002302,M0051,R013,ORD0007762,4,2026-08-19
RATE0001703,CUST003161,M0065,R005,ORD0007919,4,2026-09-25
RATE0001704,CUST000021,M0004,R013,ORD0006148,4,2026-05-02
RATE0001705,CUST000130,M0114,R010,ORD0004222,4,2026-09-03
RATE0001706,CUST002864,M0042,R011,ORD0001481,5,2026-01-23
RATE0001707,CUST002325,M0119,R008,ORD0003501,4,2026-04-30
RATE0001708,CUST001095,M0038,R003,ORD0003409,4,2026-06-28
RATE0001709,CUST000787,M0055,R010,ORD0004926,3,2026-07-22
RATE0001710,CUST002637,M0094,R017,ORD0008840,4,2026-09-26
RATE0001711,CUST002314,M0003,R014,ORD0003027,5,2026-08-27
RATE0001712,CUST001104,M0073,R016,ORD0003036,5,2026-07-30
RATE0001713,CUST002821,M0093,R009,ORD0006683,3,2026-02-15
RATE0001714,CUST000289,M0057,R010,ORD0007028,4,2026-02-06
RATE0001715,CUST002324,M0072,R019,ORD0002115,4,2026-08-30
RATE0001716,CUST002472,M0082,R008,ORD0002885,4,2026-07-03
RATE0001717,CUST002355,M0105,R014,ORD0001253,4,2026-09-17
RATE0001718,CUST002999,M0040,R018,ORD0000253,4,2026-09-23
RATE0001719,CUST001042,M0081,R003,ORD0000248,5,2026-08-03
RATE0001720,CUST003673,M0003,R017,ORD0006574,4,2026-09-08
RATE0001721,CUST002884,M0120,R003,ORD0004965,4,2026-05-18
RATE0001722,CUST000742,M0010,R011,ORD0004906,5,2026-08-28
RATE0001723,CUST000418,M0079,R016,ORD0001612,4,2026-08-02
RATE0001724,CUST002683,M0138,R002,ORD0005381,4,2026-01-09
RATE0001725,CUST002168,M0081,R013,ORD0004387,4,2026-05-07
RATE0001726,CUST000853,M0064,R017,ORD0007619,3,2026-09-10
RATE0001727,CUST001176,M0066,R015,ORD0006980,5,2025-11-27
RATE0001728,CUST003034,M0134,R008,ORD0006188,4,2026-07-03
RATE0001729,CUST000526,M0094,R018,ORD0005509,4,2026-09-26
RATE0001730,CUST002452,M0088,R020,ORD0004558,3,2026-05-15
RATE0001731,CUST003822,M0053,R017,ORD0005125,3,2026-02-04
RATE0001732,CUST001567,M0092,R012,ORD0000787,3,2026-08-18
RATE0001733,CUST003953,M0079,R017,ORD0008756,4,2026-09-11
RATE0001734,CUST001102,M0115,R011,ORD0006645,4,2026-07-15
RATE0001735,CUST003718,M0064,R012,ORD0008074,4,2025-11-21
RATE0001736,CUST002193,M0135,R005,ORD0005040,4,2026-06-28
RATE0001737,CUST002095,M0080,R012,ORD0007993,4,2026-07-17
RATE0001738,CUST002109,M0036,R003,ORD0005519,4,2026-04-20
RATE0001739,CUST000125,M0112,R015,ORD0000214,3,2026-08-17
RATE0001740,CUST003036,M0004,R008,ORD0001196,4,2025-11-07
RATE0001741,CUST002402,M0120,R017,ORD0007496,4,2026-09-13
RATE0001742,CUST002233,M0055,R017,ORD0005962,4,2026-09-11
RATE0001743,CUST001712,M0059,R011,ORD0001520,3,2026-06-25
RATE0001744,CUST003821,M0154,R001,ORD0006294,4,2026-01-08
RATE0001745,CUST003485,M0016,R009,ORD0000711,3,2026-07-01
RATE0001746,CUST001108,M0125,R001,ORD0003065,3,2026-06-12
RATE0001747,CUST000906,M0010,R019,ORD0001360,5,2026-07-17
RATE0001748,CUST003672,M0077,R005,ORD0007915,4,2026-07-13
RATE0001749,CUST000870,M0075,R008,ORD0005814,3,2026-09-19
RATE0001750,CUST001538,M0131,R010,ORD0000916,5,2026-01-09
RATE0001751,CUST003510,M0131,R001,ORD0004169,5,2026-01-24
RATE0001752,CUST003083,M0063,R009,ORD0008005,4,2026-04-15
RATE0001753,CUST001618,M0065,R014,ORD0008962,5,2026-02-14
RATE0001754,CUST000110,M0102,R004,ORD0003129,3,2026-02-10
RATE0001755,CUST002668,M0098,R006,ORD0008191,5,2026-06-12
RATE0001756,CUST002105,M0055,R001,ORD0003115,3,2026-02-14
RATE0001757,CUST000460,M0007,R008,ORD0003073,4,2026-09-13
RATE0001758,CUST002254,M0081,R015,ORD0006273,5,2026-05-14
RATE0001759,CUST001563,M0003,R003,ORD0000115,4,2026-06-19
RATE0001760,CUST000100,M0029,R001,ORD0001187,4,2026-09-26
RATE0001761,CUST003493,M0135,R011,ORD0000869,4,2026-08-13
RATE0001762,CUST003395,M0079,R008,ORD0008649,5,2026-08-07
RATE0001763,CUST003873,M0087,R013,ORD0004796,4,2026-04-19
RATE0001764,CUST002764,M0113,R014,ORD0005838,4,2025-09-08
RATE0001765,CUST003754,M0121,R016,ORD0008299,4,2026-07-23
RATE0001766,CUST002118,M0073,R001,ORD0001470,3,2026-07-03
RATE0001767,CUST000088,M0120,R008,ORD0003273,4,2025-10-18
RATE0001768,CUST002784,M0124,R004,ORD0004178,4,2026-04-22
RATE0001769,CUST002097,M0055,R014,ORD0007882,3,2026-07-27
RATE0001770,CUST001442,M0098,R015,ORD0000254,4,2026-05-28
RATE0001771,CUST000658,M0114,R015,ORD0008303,4,2026-06-20
RATE0001772,CUST002088,M0148,R013,ORD0001763,4,2026-09-25
RATE0001773,CUST001129,M0004,R007,ORD0008813,4,2026-07-23
RATE0001774,CUST000571,M0091,R002,ORD0003303,3,2026-09-28
RATE0001775,CUST003366,M0070,R012,ORD0005878,3,2026-07-18
RATE0001776,CUST003626,M0044,R020,ORD0000807,5,2025-11-19
RATE0001777,CUST003290,M0124,R018,ORD0007984,4,2026-08-11
RATE0001778,CUST000549,M0037,R013,ORD0003117,4,2026-08-09
RATE0001779,CUST000742,M0149,R011,ORD0004906,5,2026-08-23
RATE0001780,CUST003277,M0121,R003,ORD0002093,3,2026-03-22
RATE0001781,CUST003703,M0114,R020,ORD0002301,4,2026-08-26
RATE0001782,CUST001057,M0097,R006,ORD0001095,4,2026-07-26
RATE0001783,CUST003640,M0094,R006,ORD0000262,3,2026-05-28
RATE0001784,CUST000959,M0117,R004,ORD0007021,4,2026-09-07
RATE0001785,CUST003215,M0051,R016,ORD0001694,4,2026-08-06
RATE0001786,CUST000652,M0138,R013,ORD0006499,3,2026-08-28
RATE0001787,CUST000652,M0120,R003,ORD0004584,5,2025-09-18
RATE0001788,CUST001472,M0055,R010,ORD0004396,4,2026-09-04
RATE0001789,CUST003535,M0127,R013,ORD0000245,2,2026-09-13
RATE0001790,CUST003395,M0092,R008,ORD0003363,4,2026-09-10
RATE0001791,CUST003487,M0015,R004,ORD0006109,4,2026-05-24
RATE0001792,CUST003102,M0120,R006,ORD0003325,4,2026-01-31
RATE0001793,CUST002825,M0105,R010,ORD0007750,5,2026-07-09
RATE0001794,CUST000100,M0093,R011,ORD0000985,4,2026-09-25
RATE0001795,CUST001312,M0047,R019,ORD0007973,2,2026-08-03
RATE0001796,CUST003497,M0149,R014,ORD0007731,4,2026-08-13
RATE0001797,CUST000702,M0028,R003,ORD0006944,4,2026-08-28
RATE0001798,CUST002473,M0139,R007,ORD0007015,4,2026-09-22
RATE0001799,CUST002156,M0155,R017,ORD0002654,4,2026-09-27
RATE0001800,CUST003583,M0037,R011,ORD0001282,5,2026-09-24
RATE0001801,CUST003783,M0055,R010,ORD0008779,3,2026-04-08
RATE0001802,CUST000067,M0117,R013,ORD0004909,4,2026-04-25
RATE0001803,CUST003047,M0072,R014,ORD0005532,3,2026-09-11
RATE0001804,CUST001539,M0015,R006,ORD0005306,5,2026-08-22
RATE0001805,CUST002247,M0006,R005,ORD0001767,5,2026-09-20
RATE0001806,CUST001085,M0022,R018,ORD0006583,4,2026-02-09
RATE0001807,CUST000330,M0093,R012,ORD0003173,3,2025-12-07
RATE0001808,CUST001985,M0003,R012,ORD0002348,4,2026-08-07
RATE0001809,CUST001018,M0042,R018,ORD0002853,5,2025-12-30
RATE0001810,CUST001899,M0119,R011,ORD0006825,4,2026-09-09
RATE0001811,CUST003619,M0082,R020,ORD0008689,4,2026-08-11
RATE0001812,CUST000199,M0130,R003,ORD0004599,4,2026-01-08
RATE0001813,CUST002235,M0124,R009,ORD0002995,4,2026-05-05
RATE0001814,CUST000973,M0111,R012,ORD0003759,4,2026-02-05
RATE0001815,CUST001480,M0151,R001,ORD0002892,4,2026-09-21
RATE0001816,CUST000116,M0014,R016,ORD0005979,5,2026-08-18
RATE0001817,CUST002274,M0116,R001,ORD0005268,3,2026-09-10
RATE0001818,CUST001051,M0129,R004,ORD0000522,5,2026-05-01
RATE0001819,CUST002989,M0080,R006,ORD0000013,4,2026-01-16
RATE0001820,CUST003000,M0074,R004,ORD0002283,4,2026-03-08
RATE0001821,CUST003133,M0089,R020,ORD0000714,4,2026-09-11
RATE0001822,CUST001065,M0090,R017,ORD0000923,4,2026-09-24
RATE0001823,CUST002881,M0134,R010,ORD0008935,4,2026-09-19
RATE0001824,CUST002885,M0137,R001,ORD0003699,4,2026-01-15
RATE0001825,CUST002264,M0150,R018,ORD0003869,3,2026-09-14
RATE0001826,CUST003133,M0121,R020,ORD0004168,3,2026-09-10
RATE0001827,CUST001399,M0124,R004,ORD0005421,5,2026-04-15
RATE0001828,CUST003073,M0091,R005,ORD0006318,4,2026-09-04
RATE0001829,CUST002540,M0092,R015,ORD0001669,3,2026-08-06
RATE0001830,CUST001620,M0020,R001,ORD0007338,4,2026-09-08
RATE0001831,CUST002092,M0011,R017,ORD0002691,3,2026-04-22
RATE0001832,CUST000568,M0120,R019,ORD0006469,4,2026-04-28
RATE0001833,CUST001330,M0093,R007,ORD0006396,4,2026-07-13
RATE0001834,CUST001147,M0068,R007,ORD0008901,4,2026-02-03
RATE0001835,CUST001703,M0149,R013,ORD0008608,3,2026-08-25
RATE0001836,CUST002362,M0157,R020,ORD0003862,4,2026-04-18
RATE0001837,CUST001383,M0022,R010,ORD0005771,3,2026-07-22
RATE0001838,CUST001038,M0159,R011,ORD0001573,4,2026-09-07
RATE0001839,CUST003209,M0004,R003,ORD0007121,4,2026-07-31
RATE0001840,CUST002809,M0155,R003,ORD0000273,4,2026-05-14
RATE0001841,CUST001074,M0001,R018,ORD0003419,5,2026-04-03
RATE0001842,CUST003091,M0079,R010,ORD0001585,5,2026-01-28
RATE0001843,CUST001531,M0120,R003,ORD0003189,5,2025-11-28
RATE0001844,CUST001132,M0044,R007,ORD0004414,3,2026-08-20
RATE0001845,CUST002989,M0127,R006,ORD0000013,4,2026-01-15
RATE0001846,CUST000230,M0079,R003,ORD0004908,3,2026-08-04
RATE0001847,CUST002909,M0026,R012,ORD0006024,4,2026-09-01
RATE0001848,CUST001769,M0004,R009,ORD0002790,4,2025-12-17
RATE0001849,CUST001336,M0093,R005,ORD0008225,4,2026-01-23
RATE0001850,CUST002148,M0119,R012,ORD0001480,3,2026-07-24
RATE0001851,CUST000959,M0057,R004,ORD0007021,4,2026-09-08
RATE0001852,CUST003281,M0160,R010,ORD0002041,4,2026-09-02
RATE0001853,CUST001773,M0150,R016,ORD0000507,4,2026-08-04
RATE0001854,CUST003760,M0003,R007,ORD0007567,4,2026-08-14
RATE0001855,CUST001991,M0059,R016,ORD0005728,3,2026-01-08
RATE0001856,CUST001136,M0139,R005,ORD0000902,4,2025-12-02
RATE0001857,CUST003739,M0151,R009,ORD0000850,5,2026-04-28
RATE0001858,CUST001249,M0129,R006,ORD0000468,4,2026-04-10
RATE0001859,CUST002058,M0124,R018,ORD0001049,4,2026-06-23
RATE0001860,CUST001795,M0001,R017,ORD0002567,5,2026-09-24
RATE0001861,CUST003185,M0079,R007,ORD0004604,4,2026-07-15
RATE0001862,CUST003643,M0093,R013,ORD0008059,3,2026-08-30
RATE0001863,CUST000112,M0010,R007,ORD0006281,5,2026-07-03
RATE0001864,CUST003653,M0125,R001,ORD0005104,3,2026-09-17
RATE0001865,CUST001099,M0088,R017,ORD0005132,5,2026-05-27
RATE0001866,CUST001153,M0094,R005,ORD0004068,5,2026-09-05
RATE0001867,CUST000984,M0150,R010,ORD0006057,3,2026-09-07
RATE0001868,CUST000404,M0082,R018,ORD0004688,4,2026-08-26
RATE0001869,CUST000990,M0042,R013,ORD0006591,4,2026-02-27
RATE0001870,CUST001633,M0105,R001,ORD0003232,5,2026-08-03
RATE0001871,CUST003382,M0089,R002,ORD0006305,5,2026-09-17
RATE0001872,CUST001435,M0143,R017,ORD0000566,4,2026-06-14
RATE0001873,CUST003677,M0149,R009,ORD0000555,4,2025-12-01
RATE0001874,CUST003369,M0133,R017,ORD0008353,5,2026-05-07
RATE0001875,CUST001496,M0017,R006,ORD0002384,4,2026-07-10
RATE0001876,CUST003717,M0016,R016,ORD0004805,3,2025-11-20
RATE0001877,CUST000357,M0048,R014,ORD0005076,5,2026-06-19
RATE0001878,CUST001957,M0152,R017,ORD0002372,3,2026-01-24
RATE0001879,CUST002264,M0057,R008,ORD0002306,4,2026-09-05
RATE0001880,CUST003720,M0089,R015,ORD0003490,5,2026-09-09
RATE0001881,CUST003337,M0014,R005,ORD0003751,3,2026-09-18
RATE0001882,CUST000929,M0092,R011,ORD0003511,3,2025-11-11
RATE0001883,CUST000431,M0114,R017,ORD0002925,4,2026-05-19
RATE0001884,CUST000763,M0119,R011,ORD0005459,3,2026-06-26
RATE0001885,CUST003360,M0121,R005,ORD0001541,4,2026-05-22
RATE0001886,CUST001077,M0086,R004,ORD0001913,4,2026-04-07
RATE0001887,CUST000035,M0036,R018,ORD0006062,3,2026-09-24
RATE0001888,CUST002357,M0113,R012,ORD0004811,5,2026-09-09
RATE0001889,CUST001458,M0009,R005,ORD0008211,4,2025-12-22
RATE0001890,CUST003769,M0143,R011,ORD0004921,3,2026-09-07
RATE0001891,CUST003931,M0083,R005,ORD0000034,4,2026-05-25
RATE0001892,CUST000078,M0135,R015,ORD0002543,5,2026-09-20
RATE0001893,CUST003219,M0074,R011,ORD0003967,5,2026-09-09
RATE0001894,CUST002915,M0072,R016,ORD0006409,5,2026-09-19
RATE0001895,CUST000886,M0007,R009,ORD0005280,3,2026-09-29
RATE0001896,CUST000584,M0118,R016,ORD0004820,4,2026-09-11
RATE0001897,CUST001531,M0068,R003,ORD0006661,4,2026-01-22
RATE0001898,CUST001020,M0146,R019,ORD0008401,3,2026-07-26
RATE0001899,CUST002025,M0135,R007,ORD0005651,5,2026-09-11
RATE0001900,CUST002642,M0105,R019,ORD0005715,4,2026-07-22
RATE0001901,CUST002250,M0055,R010,ORD0003155,4,2026-09-21
RATE0001902,CUST002235,M0073,R009,ORD0008623,4,2026-09-03
RATE0001903,CUST000804,M0079,R005,ORD0003959,4,2026-08-15
RATE0001904,CUST002584,M0086,R007,ORD0001192,4,2025-12-08
RATE0001905,CUST000872,M0114,R004,ORD0008379,4,2026-03-25
RATE0001906,CUST001806,M0002,R018,ORD0006436,3,2026-05-29
RATE0001907,CUST002942,M0098,R020,ORD0000779,4,2026-09-10
RATE0001908,CUST000223,M0114,R018,ORD0008341,4,2026-05-05
RATE0001909,CUST001083,M0060,R008,ORD0002394,3,2026-09-21
RATE0001910,CUST000629,M0064,R012,ORD0008472,4,2026-06-04
RATE0001911,CUST002476,M0042,R003,ORD0004110,5,2026-04-28
RATE0001912,CUST001163,M0090,R006,ORD0006578,5,2026-09-12
RATE0001913,CUST001127,M0044,R006,ORD0002431,4,2025-11-12
RATE0001914,CUST002806,M0004,R001,ORD0000769,4,2025-12-13
RATE0001915,CUST002435,M0154,R012,ORD0004627,4,2026-09-09
RATE0001916,CUST003481,M0051,R004,ORD0000440,4,2026-04-30
RATE0001917,CUST003006,M0081,R002,ORD0001765,3,2026-09-12
RATE0001918,CUST002966,M0060,R017,ORD0005960,3,2026-06-14
RATE0001919,CUST003114,M0086,R008,ORD0004982,5,2026-08-22
RATE0001920,CUST002716,M0158,R017,ORD0003094,3,2026-07-21
RATE0001921,CUST003245,M0062,R014,ORD0005029,3,2026-04-04
RATE0001922,CUST001023,M0040,R010,ORD0008228,4,2026-09-16
RATE0001923,CUST001498,M0064,R013,ORD0003589,4,2026-06-25
RATE0001924,CUST000449,M0097,R006,ORD0004359,4,2026-09-11
RATE0001925,CUST002884,M0117,R003,ORD0001110,4,2026-09-02
RATE0001926,CUST001194,M0157,R020,ORD0008095,4,2026-07-02
RATE0001927,CUST001273,M0146,R006,ORD0000232,4,2026-09-28
RATE0001928,CUST002396,M0086,R002,ORD0002913,4,2026-03-30
RATE0001929,CUST002620,M0107,R011,ORD0006203,4,2026-04-12
RATE0001930,CUST001084,M0081,R016,ORD0005178,5,2026-07-21
RATE0001931,CUST002745,M0079,R007,ORD0008621,5,2026-06-13
RATE0001932,CUST000658,M0083,R005,ORD0002320,3,2026-09-12
RATE0001933,CUST000022,M0122,R017,ORD0007941,4,2026-02-11
RATE0001934,CUST001159,M0079,R016,ORD0002123,5,2026-01-10
RATE0001935,CUST000117,M0066,R012,ORD0004128,4,2025-11-16
RATE0001936,CUST002228,M0064,R009,ORD0001359,5,2026-09-17
RATE0001937,CUST003901,M0064,R002,ORD0000309,5,2026-01-18
RATE0001938,CUST001969,M0119,R014,ORD0001242,3,2026-08-16
RATE0001939,CUST003964,M0051,R016,ORD0008473,4,2026-06-12
RATE0001940,CUST000403,M0090,R015,ORD0001817,4,2026-01-11
RATE0001941,CUST001093,M0067,R018,ORD0008408,4,2026-08-08
RATE0001942,CUST001515,M0117,R019,ORD0008380,5,2026-09-18
RATE0001943,CUST003680,M0010,R006,ORD0002332,4,2026-09-18
RATE0001944,CUST003281,M0136,R012,ORD0004659,4,2026-07-01
RATE0001945,CUST002061,M0107,R002,ORD0003876,4,2026-08-11
RATE0001946,CUST002619,M0137,R020,ORD0002791,4,2026-09-27
RATE0001947,CUST002427,M0048,R005,ORD0006871,5,2026-09-27
RATE0001948,CUST002325,M0120,R002,ORD0008378,4,2026-05-13
RATE0001949,CUST001560,M0007,R009,ORD0002768,4,2026-09-16
RATE0001950,CUST001784,M0136,R012,ORD0005528,4,2026-09-23
RATE0001951,CUST001513,M0027,R011,ORD0000015,3,2026-03-15
RATE0001952,CUST001104,M0104,R006,ORD0001475,3,2026-08-13
RATE0001953,CUST003281,M0063,R012,ORD0004659,0,2026-06-29
RATE0001954,CUST002582,M0079,R009,ORD0007604,4,2026-09-25
RATE0001955,CUST001286,M0138,R015,ORD0003003,4,2026-04-18
RATE0001956,CUST001085,M0115,R018,ORD0002244,5,2025-12-15
RATE0001957,CUST003526,M0129,R017,ORD0000520,5,2026-06-28
RATE0001958,CUST001400,M0001,R004,ORD0001504,4,2026-09-16
RATE0001959,CUST000749,M0048,R017,ORD0002784,4,2026-02-18
RATE0001960,CUST001838,M0135,R017,ORD0004571,5,2026-09-24
RATE0001961,CUST001481,M0118,R009,ORD0000835,4,2026-07-14
RATE0001962,CUST001614,M0141,R013,ORD0002338,3,2026-07-16
RATE0001963,CUST003860,M0004,R011,ORD0003280,5,2026-09-23
RATE0001964,CUST001850,M0064,R010,ORD0007635,3,2026-08-31
RATE0001965,CUST000637,M0080,R012,ORD0002182,5,2026-05-09
RATE0001966,CUST003050,M0017,R018,ORD0007862,3,2026-03-28
RATE0001967,CUST003583,M0153,R001,ORD0000472,4,2026-06-06
RATE0001968,CUST003270,M0133,R002,ORD0000224,3,2026-03-12
RATE0001969,CUST001677,M0105,R019,ORD0003356,3,2026-09-03
RATE0001970,CUST003263,M0044,R019,ORD0005754,5,2026-09-26
RATE0001971,CUST000936,M0046,R009,ORD0004467,4,2026-08-27
RATE0001972,CUST003616,M0133,R011,ORD0008494,3,2026-09-24
RATE0001973,CUST001073,M0107,R019,ORD0000103,4,2026-09-05
RATE0001974,CUST000541,M0128,R007,ORD0004429,3,2026-07-31
RATE0001975,CUST003931,M0058,R016,ORD0003809,4,2026-03-02
RATE0001976,CUST003134,M0117,R001,ORD0004821,4,2026-09-28
RATE0001977,CUST001442,M0048,R011,ORD0007760,3,2026-02-25
RATE0001978,CUST001962,M0118,R013,ORD0000067,4,2026-09-17
RATE0001979,CUST002490,M0093,R016,ORD0008321,4,2026-09-23
RATE0001980,CUST002156,M0136,R017,ORD0002654,4,2026-09-27
RATE0001981,CUST003529,M0079,R012,ORD0008732,5,2026-07-22
RATE0001982,CUST001883,M0118,R007,ORD0003755,4,2026-07-11
RATE0001983,CUST000862,M0065,R007,ORD0004200,3,2026-08-03
RATE0001984,CUST000339,M0052,R011,ORD0006136,6,2026-09-02
RATE0001985,CUST001607,M0050,R010,ORD0000579,3,2026-09-23
RATE0001986,CUST002805,M0094,R001,ORD0003546,3,2026-08-21
RATE0001987,CUST001539,M0093,R006,ORD0006007,5,2026-09-18
RATE0001988,CUST000156,M0057,R010,ORD0003063,4,2026-08-24
RATE0001989,CUST000179,M0060,R005,ORD0007107,4,2026-09-20
RATE0001990,CUST000116,M0007,R006,ORD0008310,4,2026-06-17
RATE0001991,CUST000534,M0058,R017,ORD0004161,4,2026-04-05
RATE0001992,CUST001439,M0022,R020,ORD0002286,4,2026-08-25
RATE0001993,CUST000338,M0131,R013,ORD0007131,4,2026-07-31
RATE0001994,CUST001850,M0079,R020,ORD0007385,4,2026-08-06
RATE0001995,CUST002180,M0108,R014,ORD0004005,4,2026-07-11
RATE0001996,CUST000466,M0133,R003,ORD0007332,3,2026-08-15
RATE0001997,CUST003539,M0028,R006,ORD0008123,3,2026-06-17
RATE0001998,CUST000523,M0107,R020,ORD0001386,5,2026-06-27
RATE0001999,CUST000740,M0049,R012,ORD0001284,3,2025-11-12
RATE0002000,CUST002989,M0154,R016,ORD0008132,4,2025-11-01
RATE0002001,CUST001622,M0064,R003,ORD0003069,3,2026-09-23
RATE0002002,CUST003532,M0135,R001,ORD0002091,4,2026-08-24
RATE0002003,CUST000062,M0057,R002,ORD0002554,5,2026-07-12
RATE0002004,CUST003259,M0133,R010,ORD0005719,3,2026-05-19
RATE0002005,CUST000389,M0148,R018,ORD0007505,3,2026-09-24
RATE0002006,CUST000813,M0119,R006,ORD0001013,4,2026-06-27
RATE0002007,CUST001093,M0115,R008,ORD0008930,4,2025-11-07
RATE0002008,CUST003454,M0040,R006,ORD0002896,4,2026-05-18
RATE0002009,CUST002054,M0097,R001,ORD0006245,4,2026-06-12
RATE0002010,CUST002541,M0134,R012,ORD0002825,5,2026-04-09
RATE0002011,CUST003089,M0027,R009,ORD0005140,5,2026-07-09
RATE0002012,CUST002897,M0032,R013,ORD0001062,4,2025-08-29
RATE0002013,CUST001024,M0017,R003,ORD0003006,3,2026-07-20
RATE0002014,CUST002011,M0001,R012,ORD0008395,5,2026-03-15
RATE0002015,CUST000711,M0134,R005,ORD0000497,3,2026-04-24
RATE0002016,CUST000268,M0098,R006,ORD0008101,5,2026-08-21
RATE0002017,CUST002360,M0134,R019,ORD0006379,5,2026-09-26
RATE0002018,CUST001226,M0133,R001,ORD0005961,3,2026-08-16
RATE0002019,CUST000466,M0029,R013,ORD0004540,3,2026-09-25
RATE0002020,CUST001835,M0072,R010,ORD0005571,5,2026-04-09
RATE0002021,CUST002286,M0133,R014,ORD0004858,4,2026-02-08
RATE0002022,CUST002115,M0097,R006,ORD0002577,4,2026-08-27
RATE0002023,CUST003597,M0029,R013,ORD0005663,5,2026-08-01
RATE0002024,CUST001018,M0092,R008,ORD0004321,4,2026-03-14
RATE0002025,CUST002135,M0064,R010,ORD0001043,3,2026-08-09
RATE0002026,CUST001614,M0057,R013,ORD0002338,4,2026-07-21
RATE0002027,CUST003084,M0061,R013,ORD0000800,3,2026-07-30
RATE0002028,CUST000058,M0081,R015,ORD0008104,4,2026-07-02
RATE0002029,CUST003278,M0064,R007,ORD0004290,4,2026-09-18
RATE0002030,CUST002770,M0055,R010,ORD0004741,4,2026-09-26
RATE0002031,CUST000224,M0153,R019,ORD0005587,4,2026-05-27
RATE0002032,CUST000852,M0083,R010,ORD0006594,4,2026-06-27
RATE0002033,CUST000414,M0092,R006,ORD0001330,5,2026-09-25
RATE0002034,CUST002395,M0118,R004,ORD0007477,4,2026-06-03
RATE0002035,CUST001703,M0150,R013,ORD0008608,5,2026-08-29
RATE0002036,CUST003617,M0046,R011,ORD0004746,4,2026-09-25
RATE0002037,CUST003626,M0156,R020,ORD0000820,3,2026-09-14
RATE0002038,CUST002825,M0066,R010,ORD0008218,5,2026-06-27
RATE0002039,CUST001106,M0127,R008,ORD0005792,3,2026-07-31
RATE0002040,CUST001368,M0119,R018,ORD0001781,5,2026-06-20
RATE0002041,CUST001306,M0094,R016,ORD0007073,4,2026-06-22
RATE0002042,CUST002813,M0151,R020,ORD0003454,3,2026-08-27
RATE0002043,CUST003673,M0092,R007,ORD0007141,4,2026-08-13
RATE0002044,CUST000528,M0022,R018,ORD0006764,5,2026-09-28
RATE0002045,CUST000018,M0082,R003,ORD0006886,4,2026-09-12
RATE0002046,CUST001854,M0073,R004,ORD0002441,4,2026-03-15
RATE0002047,CUST001985,M0122,R012,ORD0001522,5,2026-07-01
RATE0002048,CUST000193,M0135,R005,ORD0003271,4,2026-04-23
RATE0002049,CUST002606,M0120,R017,ORD0001275,4,2026-07-13
RATE0002050,CUST001539,M0129,R006,ORD0005306,4,2026-08-19
RATE0002051,CUST002835,M0076,R006,ORD0008890,4,2026-09-10
RATE0002052,CUST002641,M0133,R011,ORD0005709,4,2026-09-22
RATE0002053,CUST003275,M0097,R001,ORD0006877,4,2026-02-07
RATE0002054,CUST000164,M0079,R010,ORD0001652,5,2026-09-15
RATE0002055,CUST003134,M0098,R011,ORD0000958,4,2026-09-18
RATE0002056,CUST002381,M0112,R011,ORD0006924,3,2026-09-11
RATE0002057,CUST000836,M0022,R008,ORD0000731,4,2026-06-17
RATE0002058,CUST002082,M0080,R010,ORD0003767,4,2026-01-11
RATE0002059,CUST003786,M0113,R006,ORD0000326,4,2026-08-08
RATE0002060,CUST001496,M0050,R012,ORD0001060,3,2026-03-24
RATE0002061,CUST001606,M0064,R012,ORD0006437,3,2026-09-16
RATE0002062,CUST002421,M0084,R002,ORD0006094,4,2026-09-05
RATE0002063,CUST002351,M0127,R011,ORD0000023,4,2025-10-04
RATE0002064,CUST001500,M0125,R014,ORD0004629,5,2026-01-25
RATE0002065,CUST002021,M0028,R014,ORD0001099,4,2026-04-21
RATE0002066,CUST000833,M0124,R014,ORD0003988,4,2026-08-11
RATE0002067,CUST000504,M0095,R015,ORD0007747,4,2026-08-18
RATE0002068,CUST001203,M0083,R008,ORD0003621,4,2026-07-22
RATE0002069,CUST001245,M0138,R014,ORD0005316,4,2026-03-18
RATE0002070,CUST003990,M0112,R018,ORD0005060,4,2026-09-20
RATE0002071,CUST001109,M0018,R006,ORD0005891,4,2026-07-22
RATE0002072,CUST002661,M0028,R020,ORD0000741,5,2026-09-08
RATE0002073,CUST003653,M0150,R001,ORD0005104,4,2026-09-14
RATE0002074,CUST001995,M0074,R003,ORD0007100,4,2026-06-02
RATE0002075,CUST000493,M0121,R016,ORD0003298,4,2026-08-27
RATE0002076,CUST001034,M0122,R016,ORD0004987,5,2025-11-14
RATE0002077,CUST002269,M0073,R004,ORD0004127,4,2026-04-03
RATE0002078,CUST000584,M0115,R016,ORD0004820,4,2026-09-10
RATE0002079,CUST003884,M0044,R020,ORD0006323,4,2026-08-29
RATE0002080,CUST000823,M0134,R020,ORD0000652,3,2026-08-15
RATE0002081,CUST000832,M0112,R015,ORD0000645,4,2026-09-20
RATE0002082,CUST002834,M0037,R017,ORD0000139,0,2026-09-28
RATE0002083,CUST003931,M0129,R016,ORD0003809,5,2026-03-01
RATE0002084,CUST001944,M0098,R011,ORD0000111,4,2026-09-21
RATE0002085,CUST000911,M0133,R019,ORD0008376,3,2026-07-11
RATE0002086,CUST001593,M0082,R007,ORD0002010,3,2025-09-04
RATE0002087,CUST003415,M0094,R015,ORD0006770,3,2026-01-27
RATE0002088,CUST000107,M0136,R018,ORD0006613,4,2025-11-15
RATE0002089,CUST003037,M0138,R003,ORD0004886,3,2026-09-11
RATE0002090,CUST001010,M0133,R003,ORD0004265,3,2026-09-01
RATE0002091,CUST000143,M0003,R016,ORD0004318,5,2026-06-22
RATE0002092,CUST000826,M0057,R010,ORD0005555,4,2026-09-14
RATE0002093,CUST001224,M0152,R004,ORD0002007,3,2025-12-20
RATE0002094,CUST002356,M0081,R010,ORD0003317,4,2026-09-06
RATE0002095,CUST003494,M0151,R005,ORD0003088,5,2025-11-28
RATE0002096,CUST001441,M0129,R011,ORD0005046,4,2026-09-19
RATE0002097,CUST001673,M0135,R002,ORD0001329,3,2026-08-14
RATE0002098,CUST002583,M0132,R007,ORD0003532,2,2026-09-02
RATE0002099,CUST003783,M0105,R010,ORD0007315,4,2025-11-24
RATE0002100,CUST003155,M0104,R015,ORD0002357,3,2026-01-28
RATE0002101,CUST000405,M0138,R013,ORD0007098,3,2026-01-08
RATE0002102,CUST003686,M0088,R016,ORD0007559,3,2026-07-22
RATE0002103,CUST000915,M0079,R018,ORD0000932,4,2026-09-20
RATE0002104,CUST001309,M0073,R014,ORD0007627,5,2026-03-09
RATE0002105,CUST000127,M0133,R009,ORD0000477,3,2025-12-19
RATE0002106,CUST001994,M0046,R012,ORD0003870,3,2026-09-23
RATE0002107,CUST002093,M0017,R005,ORD0004191,3,2026-09-03
RATE0002108,CUST002574,M0001,R019,ORD0005144,4,2026-08-28
RATE0002109,CUST000466,M0098,R013,ORD0001613,3,2026-09-08
RATE0002110,CUST003284,M0120,R012,ORD0002038,4,2026-09-24
RATE0002111,CUST000517,M0105,R001,ORD0004759,4,2026-07-18
RATE0002112,CUST003985,M0048,R006,ORD0006648,4,2026-06-08
RATE0002113,CUST000873,M0154,R014,ORD0006731,4,2026-09-20
RATE0002114,CUST000258,M0032,R001,ORD0005453,3,2026-09-13
RATE0002115,CUST002994,M0121,R012,ORD0001717,4,2026-07-31
RATE0002116,CUST003626,M0144,R020,ORD0000820,4,2026-09-12
RATE0002117,CUST002486,M0044,R015,ORD0003806,4,2025-08-17
RATE0002118,CUST000724,M0020,R009,ORD0008782,3,2026-04-22
RATE0002119,CUST002512,M0041,R019,ORD0000430,4,2026-04-04
RATE0002120,CUST001874,M0068,R013,ORD0008955,4,2026-06-20
RATE0002121,CUST003796,M0105,R002,ORD0002665,4,2026-05-31
RATE0002122,CUST002933,M0136,R019,ORD0001995,4,2026-04-29
RATE0002123,CUST000542,M0103,R001,ORD0007633,5,2026-06-13
RATE0002124,CUST002655,M0133,R001,ORD0006196,3,2026-07-10
RATE0002125,CUST003522,M0027,R015,ORD0008933,4,2026-04-13
RATE0002126,CUST001341,M0102,R015,ORD0005538,3,2026-04-08
RATE0002127,CUST000706,M0093,R011,ORD0005043,4,2026-09-27
RATE0002128,CUST000936,M0060,R009,ORD0003820,4,2026-02-01
RATE0002129,CUST000561,M0056,R006,ORD0000838,3,2026-03-05
RATE0002130,CUST001354,M0022,R020,ORD0006177,4,2026-03-11
RATE0002131,CUST003814,M0117,R019,ORD0003712,4,2026-03-10
RATE0002132,CUST002417,M0051,R010,ORD0005064,3,2026-08-28
RATE0002133,CUST000168,M0019,R009,ORD0006482,5,2026-09-26
RATE0002134,CUST001385,M0090,R007,ORD0008970,5,2026-02-23
RATE0002135,CUST000578,M0003,R016,ORD0007119,5,2026-07-05
RATE0002136,CUST000390,M0001,R020,ORD0001197,4,2026-06-04
RATE0002137,CUST000930,M0057,R012,ORD0008663,6,2026-07-27
RATE0002138,CUST002627,M0045,R001,ORD0006247,4,2026-08-20
RATE0002139,CUST000208,M0105,R014,ORD0001720,4,2026-07-24
RATE0002140,CUST000224,M0009,R009,ORD0005968,5,2026-06-16
RATE0002141,CUST000390,M0038,R010,ORD0006485,4,2026-09-05
RATE0002142,CUST001547,M0004,R013,ORD0008863,5,2026-03-02
RATE0002143,CUST001336,M0022,R002,ORD0005647,4,2026-04-21
RATE0002144,CUST000862,M0095,R017,ORD0001813,5,2026-08-17
RATE0002145,CUST001008,M0132,R007,ORD0007035,3,2026-06-25
RATE0002146,CUST000067,M0059,R003,ORD0004831,4,2026-04-29
RATE0002147,CUST000108,M0149,R008,ORD0005858,4,2026-09-29
RATE0002148,CUST001806,M0157,R008,ORD0000177,3,2026-05-30
RATE0002149,CUST002678,M0138,R006,ORD0006069,3,2026-05-31
RATE0002150,CUST003808,M0091,R005,ORD0006776,5,2026-01-18
RATE0002151,CUST000940,M0020,R016,ORD0006486,4,2026-08-14
RATE0002152,CUST001336,M0003,R002,ORD0005647,5,2026-04-21
RATE0002153,CUST001132,M0022,R017,ORD0004149,5,2025-12-02
RATE0002154,CUST002409,M0139,R011,ORD0006401,4,2026-02-09
RATE0002155,CUST002723,M0073,R017,ORD0007792,4,2026-08-15
RATE0002156,CUST002682,M0137,R008,ORD0004768,4,2026-06-27
RATE0002157,CUST000945,M0066,R004,ORD0004749,5,2026-07-31
RATE0002158,CUST000087,M0105,R010,ORD0001163,4,2026-04-16
RATE0002159,CUST000069,M0014,R011,ORD0000324,4,2026-04-18
RATE0002160,CUST000994,M0144,R007,ORD0003125,4,2026-09-02
RATE0002161,CUST000920,M0065,R019,ORD0007611,3,2025-12-10
RATE0002162,CUST000015,M0012,R003,ORD0006893,4,2026-08-20
RATE0002163,CUST002588,M0072,R018,ORD0003348,4,2026-05-14
RATE0002164,CUST000070,M0134,R014,ORD0008578,4,2026-07-15
RATE0002165,CUST001990,M0119,R002,ORD0003659,3,2026-07-24
RATE0002166,CUST001466,M0064,R006,ORD0001114,3,2026-08-29
RATE0002167,CUST001195,M0120,R007,ORD0008787,5,2026-01-06
RATE0002168,CUST000718,M0112,R007,ORD0002337,3,2026-08-24
RATE0002169,CUST002205,M0105,R007,ORD0001894,4,2026-04-02
RATE0002170,CUST003213,M0058,R002,ORD0005630,3,2026-09-06
RATE0002171,CUST002398,M0138,R005,ORD0007509,5,2026-03-22
RATE0002172,CUST001393,M0046,R012,ORD0003095,3,2026-04-29
RATE0002173,CUST003231,M0093,R006,ORD0000914,4,2026-08-20
RATE0002174,CUST000995,M0012,R015,ORD0001369,5,2026-08-09
RATE0002175,CUST000116,M0115,R006,ORD0002559,5,2026-06-21
RATE0002176,CUST001929,M0156,R018,ORD0005253,3,2026-08-06
RATE0002177,CUST000846,M0040,R020,ORD0004418,5,2026-06-07
RATE0002178,CUST002203,M0087,R010,ORD0003377,4,2026-06-20
RATE0002179,CUST003619,M0117,R020,ORD0008689,4,2026-08-12
RATE0002180,CUST003726,M0064,R018,ORD0007842,4,2025-11-16
RATE0002181,CUST001323,M0019,R017,ORD0005999,4,2026-09-22
RATE0002182,CUST001358,M0063,R003,ORD0002098,4,2025-12-27
RATE0002183,CUST000953,M0133,R017,ORD0001421,3,2026-09-05
RATE0002184,CUST001888,M0009,R001,ORD0005591,4,2026-06-28
RATE0002185,CUST003347,M0042,R014,ORD0001830,4,2026-09-22
RATE0002186,CUST003234,M0093,R011,ORD0006211,4,2026-07-04
RATE0002187,CUST003549,M0006,R004,ORD0001551,3,2026-01-26
RATE0002188,CUST002166,M0126,R012,ORD0002446,3,2026-05-05
RATE0002189,CUST000843,M0086,R020,ORD0008832,5,2026-04-06
RATE0002190,CUST000390,M0139,R020,ORD0004038,4,2026-07-23
RATE0002191,CUST001707,M0087,R009,ORD0005392,5,2026-03-30
RATE0002192,CUST001689,M0094,R008,ORD0002965,4,2026-06-01
RATE0002193,CUST003274,M0113,R010,ORD0004225,3,2026-09-07
RATE0002194,CUST001953,M0016,R003,ORD0006881,4,2026-09-18
RATE0002195,CUST000966,M0042,R009,ORD0004509,4,2026-07-02
RATE0002196,CUST000737,M0081,R015,ORD0008333,4,2026-07-07
RATE0002197,CUST003369,M0075,R010,ORD0005753,3,2025-12-26
RATE0002198,CUST002768,M0054,R011,ORD0002977,4,2026-08-01
RATE0002199,CUST001315,M0059,R014,ORD0006434,3,2026-07-11
RATE0002200,CUST003529,M0117,R012,ORD0008732,4,2026-07-23
RATE0002201,CUST000363,M0004,R002,ORD0006970,4,2026-08-17
RATE0002202,CUST000208,M0067,R014,ORD0001720,5,2026-07-28
RATE0002203,CUST002144,M0018,R003,ORD0002269,4,2025-11-15
RATE0002204,CUST003677,M0043,R019,ORD0003941,4,2026-02-14
RATE0002205,CUST001628,M0009,R013,ORD0008069,4,2026-05-01
RATE0002206,CUST003144,M0039,R017,ORD0007698,3,2026-06-07
RATE0002207,CUST000726,M0082,R020,ORD0008854,3,2026-07-27
RATE0002208,CUST000214,M0041,R013,ORD0007140,4,2026-09-24
RATE0002209,CUST000199,M0158,R003,ORD0004599,4,2026-01-08
RATE0002210,CUST000334,M0087,R015,ORD0008278,4,2026-07-27
RATE0002211,CUST002567,M0072,R003,ORD0000138,4,2026-06-05
RATE0002212,CUST002691,M0003,R017,ORD0000353,5,2026-02-17
RATE0002213,CUST000596,M0099,R005,ORD0003913,4,2025-10-05
RATE0002214,CUST000812,M0059,R011,ORD0008973,4,2026-02-09
RATE0002215,CUST000251,M0118,R016,ORD0000679,4,2026-09-05
RATE0002216,CUST001985,M0139,R012,ORD0002348,5,2026-08-09
RATE0002217,CUST002655,M0040,R001,ORD0002049,4,2026-07-11
RATE0002218,CUST000495,M0036,R012,ORD0001011,5,2026-01-15
RATE0002219,CUST002559,M0135,R006,ORD0002592,3,2026-07-24
RATE0002220,CUST003466,M0083,R013,ORD0005788,5,2026-09-07
RATE0002221,CUST001531,M0119,R013,ORD0002032,3,2026-01-12
RATE0002222,CUST003686,M0083,R004,ORD0002130,5,2025-12-19
RATE0002223,CUST001362,M0092,R002,ORD0008560,3,2026-08-19
RATE0002224,CUST003051,M0138,R006,ORD0006180,3,2026-09-20
RATE0002225,CUST002751,M0147,R008,ORD0001533,4,2026-09-03
RATE0002226,CUST002390,M0022,R006,ORD0000167,4,2026-03-04
RATE0002227,CUST000056,M0135,R014,ORD0005454,4,2026-03-07
RATE0002228,CUST002356,M0009,R012,ORD0008443,4,2026-02-08
RATE0002229,CUST002919,M0138,R020,ORD0004472,5,2026-03-25
RATE0002230,CUST003352,M0063,R007,ORD0000133,4,2025-09-19
RATE0002231,CUST002884,M0086,R003,ORD0007774,4,2026-08-17
RATE0002232,CUST003928,M0131,R004,ORD0005724,4,2026-07-28
RATE0002233,CUST002415,M0051,R003,ORD0005216,3,2026-07-09
RATE0002234,CUST001861,M0112,R008,ORD0007646,5,2026-09-12
RATE0002235,CUST001338,M0114,R020,ORD0008468,4,2026-08-30
RATE0002236,CUST000792,M0031,R016,ORD0000479,3,2026-04-13
RATE0002237,CUST000931,M0020,R017,ORD0002724,5,2026-02-03
RATE0002238,CUST000215,M0087,R012,ORD0003374,4,2026-09-20
RATE0002239,CUST002356,M0021,R020,ORD0005740,3,2025-12-24
RATE0002240,CUST000689,M0042,R006,ORD0003873,4,2026-09-28
RATE0002241,CUST001503,M0055,R017,ORD0000514,3,2026-09-23
RATE0002242,CUST002127,M0086,R018,ORD0005320,4,2026-04-25
RATE0002243,CUST003764,M0135,R013,ORD0005077,3,2026-07-28
RATE0002244,CUST002205,M0003,R017,ORD0007383,5,2025-12-18
RATE0002245,CUST002174,M0080,R016,ORD0006331,3,2026-09-01
RATE0002246,CUST000604,M0147,R015,ORD0007458,4,2026-01-24
RATE0002247,CUST000660,M0008,R020,ORD0005649,3,2026-09-19
RATE0002248,CUST001888,M0081,R011,ORD0000019,4,2026-06-11
RATE0002249,CUST003487,M0040,R004,ORD0006109,4,2026-05-24
RATE0002250,CUST000306,M0004,R005,ORD0004043,5,2026-05-11
RATE0002251,CUST002207,M0136,R003,ORD0007855,0,2026-09-05
RATE0002252,CUST003835,M0075,R011,ORD0001724,4,2026-09-20
RATE0002253,CUST000997,M0154,R017,ORD0000557,4,2026-05-02
RATE0002254,CUST002250,M0119,R010,ORD0003155,3,2026-09-19
RATE0002255,CUST003425,M0042,R020,ORD0008761,4,2026-02-08
RATE0002256,CUST002082,M0126,R010,ORD0003767,2,2026-01-12
RATE0002257,CUST003550,M0053,R008,ORD0003827,4,2025-12-22
RATE0002258,CUST001556,M0003,R002,ORD0003756,4,2026-03-27
RATE0002259,CUST002491,M0135,R003,ORD0001890,3,2026-08-21
RATE0002260,CUST000347,M0121,R011,ORD0005121,5,2026-04-09
RATE0002261,CUST000711,M0138,R005,ORD0006228,4,2026-05-21
RATE0002262,CUST000238,M0005,R003,ORD0002030,4,2026-08-30
RATE0002263,CUST003350,M0105,R018,ORD0002480,3,2026-08-01
RATE0002264,CUST003215,M0057,R008,ORD0004867,6,2026-09-22
RATE0002265,CUST001753,M0121,R020,ORD0001463,3,2026-02-15
RATE0002266,CUST002724,M0036,R011,ORD0004040,4,2026-07-04
RATE0002267,CUST000084,M0075,R010,ORD0002087,3,2026-06-07
RATE0002268,CUST000124,M0115,R010,ORD0006078,3,2026-09-16
RATE0002269,CUST003200,M0064,R013,ORD0002282,4,2025-12-02
RATE0002270,CUST002747,M0156,R015,ORD0002262,3,2026-07-08
RATE0002271,CUST002864,M0136,R009,ORD0003900,4,2026-04-23
RATE0002272,CUST003713,M0068,R011,ORD0002054,4,2026-07-25
RATE0002273,CUST003543,M0133,R012,ORD0001357,3,2026-02-18
RATE0002274,CUST000625,M0046,R018,ORD0002404,4,2026-08-22
RATE0002275,CUST000408,M0121,R003,ORD0001138,4,2026-06-21
RATE0002276,CUST003487,M0148,R004,ORD0000114,4,2026-05-17
RATE0002277,CUST000134,M0154,R014,ORD0008048,4,2026-07-06
RATE0002278,CUST003493,M0133,R017,ORD0008617,4,2026-08-17
RATE0002279,CUST001174,M0046,R011,ORD0005799,5,2026-07-05
RATE0002280,CUST002455,M0123,R017,ORD0000671,4,2026-08-27
RATE0002281,CUST000742,M0059,R011,ORD0004906,4,2026-08-26
RATE0002282,CUST001827,M0146,R009,ORD0008128,4,2026-05-29
RATE0002283,CUST001387,M0067,R020,ORD0002291,4,2026-04-18
RATE0002284,CUST000559,M0019,R020,ORD0000271,4,2025-12-23
RATE0002285,CUST001733,M0061,R009,ORD0007064,4,2026-06-09
RATE0002286,CUST001093,M0135,R018,ORD0001662,4,2026-03-09
RATE0002287,CUST002960,M0057,R001,ORD0002347,4,2026-08-30
RATE0002288,CUST000782,M0152,R008,ORD0003539,4,2026-08-04
RATE0002289,CUST003813,M0148,R010,ORD0007931,4,2026-08-22
RATE0002290,CUST002199,M0055,R002,ORD0005017,3,2026-09-19
RATE0002291,CUST003404,M0037,R017,ORD0001680,5,2026-05-20
RATE0002292,CUST003786,M0094,R013,ORD0006830,5,2026-07-24
RATE0002293,CUST003524,M0114,R010,ORD0002848,5,2026-05-14
RATE0002294,CUST000578,M0127,R016,ORD0005749,3,2026-08-01
RATE0002295,CUST000538,M0021,R010,ORD0005766,3,2026-09-20
RATE0002296,CUST003895,M0029,R008,ORD0002014,5,2026-09-22
RATE0002297,CUST002818,M0120,R012,ORD0008020,5,2026-09-07
RATE0002298,CUST002007,M0111,R002,ORD0006039,5,2026-05-14
RATE0002299,CUST001845,M0092,R005,ORD0008593,4,2026-09-07
RATE0002300,CUST001012,M0039,R013,ORD0006808,3,2026-08-08
RATE0002301,CUST000578,M0101,R016,ORD0005749,3,2026-07-31
RATE0002302,CUST001639,M0096,R016,ORD0004531,4,2026-07-06
RATE0002303,CUST000477,M0020,R018,ORD0004337,4,2026-09-22
RATE0002304,CUST001149,M0046,R020,ORD0001324,4,2026-09-20
RATE0002305,CUST002825,M0014,R020,ORD0004845,3,2026-06-05
RATE0002306,CUST000507,M0105,R007,ORD0004516,4,2026-07-05
RATE0002307,CUST002922,M0138,R004,ORD0005595,4,2026-06-19
RATE0002308,CUST002709,M0083,R001,ORD0002377,4,2026-06-10
RATE0002309,CUST003828,M0133,R014,ORD0004656,3,2026-08-24
RATE0002310,CUST000742,M0053,R011,ORD0007992,3,2026-09-01
RATE0002311,CUST001672,M0107,R020,ORD0000404,4,2026-09-26
RATE0002312,CUST001340,M0115,R011,ORD0007591,4,2026-05-13
RATE0002313,CUST002198,M0135,R010,ORD0002611,3,2026-09-06
RATE0002314,CUST003631,M0057,R018,ORD0002686,4,2026-09-26
RATE0002315,CUST001379,M0009,R006,ORD0002637,4,2026-07-21
RATE0002316,CUST002488,M0133,R016,ORD0008579,3,2026-02-27
RATE0002317,CUST001534,M0130,R015,ORD0007555,3,2026-04-03
RATE0002318,CUST002258,M0010,R013,ORD0000184,4,2026-09-24
RATE0002319,CUST002168,M0135,R019,ORD0005493,4,2026-08-23
RATE0002320,CUST003604,M0083,R002,ORD0004962,4,2026-01-29
RATE0002321,CUST003665,M0115,R016,ORD0000140,4,2026-02-02
RATE0002322,CUST000203,M0126,R018,ORD0005904,3,2026-06-25
RATE0002323,CUST001435,M0076,R007,ORD0000963,3,2026-09-06
RATE0002324,CUST001201,M0105,R019,ORD0001024,4,2026-09-15
RATE0002325,CUST003729,M0131,R014,ORD0002428,4,2026-07-03
RATE0002326,CUST001870,M0003,R006,ORD0005957,4,2026-09-24
RATE0002327,CUST001446,M0105,R019,ORD0000153,4,2026-04-13
RATE0002328,CUST003369,M0095,R017,ORD0008353,4,2026-05-07
RATE0002329,CUST001088,M0062,R007,ORD0000466,4,2026-08-30
RATE0002330,CUST000403,M0156,R015,ORD0001817,4,2026-01-12
RATE0002331,CUST003865,M0133,R003,ORD0001927,3,2026-09-26
RATE0002332,CUST003037,M0072,R003,ORD0006063,4,2026-09-22
RATE0002333,CUST001312,M0046,R019,ORD0005032,2,2026-09-16
RATE0002334,CUST000883,M0076,R004,ORD0005594,3,2026-09-21
RATE0002335,CUST002087,M0049,R008,ORD0001530,4,2026-02-23
RATE0002336,CUST002398,M0134,R005,ORD0000814,4,2026-02-27
RATE0002337,CUST001150,M0064,R012,ORD0007305,5,2026-05-22
RATE0002338,CUST003910,M0093,R018,ORD0001016,4,2026-08-26
RATE0002339,CUST001510,M0112,R019,ORD0000755,2,2026-05-20
RATE0002340,CUST002106,M0072,R020,ORD0003221,4,2026-08-05
RATE0002341,CUST000705,M0122,R007,ORD0003168,4,2026-05-15
RATE0002342,CUST001330,M0004,R009,ORD0004596,4,2026-09-24
RATE0002343,CUST000804,M0124,R005,ORD0003959,4,2026-08-10
RATE0002344,CUST003024,M0124,R009,ORD0001351,4,2026-05-24
RATE0002345,CUST001597,M0119,R002,ORD0002354,5,2026-08-29
RATE0002346,CUST000677,M0091,R003,ORD0004341,4,2026-09-02
RATE0002347,CUST000553,M0108,R010,ORD0004157,4,2026-08-25
RATE0002348,CUST000054,M0134,R009,ORD0002445,4,2026-08-14
RATE0002349,CUST003705,M0094,R002,ORD0007689,5,2026-07-06
RATE0002350,CUST001248,M0077,R020,ORD0001450,4,2026-07-30
RATE0002351,CUST001753,M0053,R020,ORD0006773,3,2026-09-11
RATE0002352,CUST001421,M0079,R019,ORD0002876,4,2026-08-10
RATE0002353,CUST000298,M0009,R014,ORD0002309,5,2025-12-24
RATE0002354,CUST000237,M0120,R006,ORD0003329,5,2026-09-22
RATE0002355,CUST003467,M0120,R016,ORD0002651,4,2026-03-30
RATE0002356,CUST003627,M0014,R013,ORD0002149,3,2025-12-21
RATE0002357,CUST001057,M0081,R016,ORD0000375,3,2026-08-24
RATE0002358,CUST000347,M0105,R011,ORD0005121,5,2026-04-10
RATE0002359,CUST002020,M0013,R011,ORD0003569,4,2025-10-24
RATE0002360,CUST001012,M0149,R013,ORD0006808,4,2026-08-06
RATE0002361,CUST001713,M0098,R003,ORD0001052,4,2025-12-10
RATE0002362,CUST003009,M0119,R015,ORD0002189,4,2026-08-28
RATE0002363,CUST001467,M0078,R006,ORD0001940,3,2026-01-13
RATE0002364,CUST001972,M0006,R011,ORD0005227,5,2026-05-08
RATE0002365,CUST003505,M0120,R017,ORD0002521,5,2026-04-29
RATE0002366,CUST000897,M0020,R007,ORD0006663,5,2026-07-11
RATE0002367,CUST001638,M0027,R004,ORD0002094,4,2026-05-10
RATE0002368,CUST001640,M0135,R004,ORD0007431,4,2025-12-23
RATE0002369,CUST002753,M0091,R009,ORD0003011,5,2025-09-09
RATE0002370,CUST002473,M0079,R007,ORD0007015,4,2026-09-24
RATE0002371,CUST003481,M0063,R004,ORD0006856,4,2025-08-29
RATE0002372,CUST001417,M0087,R007,ORD0004679,4,2026-05-05
RATE0002373,CUST001656,M0081,R004,ORD0002075,3,2026-09-24
RATE0002374,CUST002337,M0022,R011,ORD0003607,4,2026-05-28
RATE0002375,CUST002890,M0151,R002,ORD0000390,5,2026-08-18
RATE0002376,CUST001770,M0119,R005,ORD0005938,2,2026-02-15
RATE0002377,CUST003625,M0092,R005,ORD0006156,5,2026-08-28
RATE0002378,CUST002284,M0117,R008,ORD0003439,5,2025-11-08
RATE0002379,CUST000750,M0041,R010,ORD0001646,3,2026-08-29
RATE0002380,CUST001926,M0018,R003,ORD0002389,4,2026-03-30
RATE0002381,CUST000719,M0051,R015,ORD0003422,4,2026-09-09
RATE0002382,CUST001512,M0095,R020,ORD0003099,5,2026-09-05
RATE0002383,CUST000776,M0107,R011,ORD0002549,4,2026-09-16
RATE0002384,CUST002503,M0017,R018,ORD0004957,4,2026-09-26
RATE0002385,CUST003001,M0083,R006,ORD0005584,4,2026-06-20
RATE0002386,CUST002087,M0144,R018,ORD0002448,4,2026-05-08
RATE0002387,CUST003074,M0138,R008,ORD0002988,4,2026-03-17
RATE0002388,CUST000874,M0123,R005,ORD0007062,4,2026-09-15
RATE0002389,CUST002905,M0129,R001,ORD0008711,4,2026-07-05
RATE0002390,CUST003595,M0066,R004,ORD0007716,4,2026-07-27
RATE0002391,CUST001773,M0064,R016,ORD0007849,5,2026-08-08
RATE0002392,CUST003162,M0092,R017,ORD0006388,5,2026-07-29
RATE0002393,CUST000470,M0042,R014,ORD0001352,5,2026-01-31
RATE0002394,CUST003095,M0032,R003,ORD0008502,5,2026-04-22
RATE0002395,CUST003439,M0133,R013,ORD0002852,2,2026-03-25
RATE0002396,CUST002017,M0031,R013,ORD0001493,4,2026-07-16
RATE0002397,CUST000710,M0143,R014,ORD0003025,3,2026-08-04
RATE0002398,CUST002193,M0083,R005,ORD0005517,4,2026-06-24
RATE0002399,CUST002053,M0146,R010,ORD0004918,4,2026-09-06
RATE0002400,CUST002347,M0057,R019,ORD0008215,5,2026-07-02
RATE0002401,CUST000497,M0094,R006,ORD0007033,4,2026-08-20
RATE0002402,CUST002980,M0066,R010,ORD0000529,4,2026-08-27
RATE0002403,CUST001170,M0057,R001,ORD0008831,5,2026-02-02
RATE0002404,CUST001627,M0122,R020,ORD0001438,4,2026-04-08
RATE0002405,CUST000064,M0009,R009,ORD0004304,4,2026-08-10
RATE0002406,CUST002402,M0152,R007,ORD0007836,3,2026-09-24
RATE0002407,CUST003595,M0090,R004,ORD0007912,4,2026-09-18
RATE0002408,CUST002774,M0130,R008,ORD0003023,4,2026-04-29
RATE0002409,CUST000830,M0127,R007,ORD0002860,3,2026-05-18
RATE0002410,CUST001895,M0133,R019,ORD0000249,4,2026-09-02
RATE0002411,CUST000713,M0120,R008,ORD0008011,5,2025-09-29
RATE0002412,CUST002639,M0135,R014,ORD0005764,3,2026-08-15
RATE0002413,CUST003750,M0017,R015,ORD0004097,3,2026-01-04
RATE0002414,CUST002668,M0133,R016,ORD0001266,3,2026-08-20
RATE0002415,CUST000482,M0043,R003,ORD0005967,2,2026-08-01
RATE0002416,CUST000508,M0141,R017,ORD0001408,3,2026-07-21
RATE0002417,CUST000100,M0004,R011,ORD0003133,4,2026-09-23
RATE0002418,CUST000111,M0051,R011,ORD0002534,3,2026-09-17
RATE0002419,CUST003803,M0087,R008,ORD0008079,4,2026-07-25
RATE0002420,CUST000978,M0143,R020,ORD0007368,4,2026-01-06
RATE0002421,CUST001608,M0087,R018,ORD0007999,5,2026-07-31
RATE0002422,CUST001379,M0097,R016,ORD0003841,3,2026-08-06
RATE0002423,CUST002173,M0055,R015,ORD0000872,4,2026-09-15
RATE0002424,CUST002266,M0120,R009,ORD0008437,5,2026-05-04
RATE0002425,CUST001416,M0046,R013,ORD0002949,4,2026-06-18
RATE0002426,CUST000029,M0121,R003,ORD0007590,4,2026-08-22
RATE0002427,CUST001983,M0098,R001,ORD0004177,5,2026-06-12
RATE0002428,CUST003166,M0113,R018,ORD0002455,3,2026-09-21
RATE0002429,CUST000702,M0057,R003,ORD0006628,4,2026-08-07
RATE0002430,CUST002212,M0064,R016,ORD0007003,4,2026-09-21
RATE0002431,CUST000083,M0042,R004,ORD0004252,4,2026-01-01
RATE0002432,CUST002074,M0054,R004,ORD0002608,4,2026-08-28
RATE0002433,CUST002100,M0149,R001,ORD0004769,5,2026-04-23
RATE0002434,CUST000639,M0074,R019,ORD0005074,3,2026-02-08
RATE0002435,CUST000472,M0094,R001,ORD0000169,4,2026-06-20
RATE0002436,CUST002276,M0030,R007,ORD0000399,3,2026-09-14
RATE0002437,CUST003761,M0046,R012,ORD0003868,5,2026-07-03
RATE0002438,CUST001735,M0063,R005,ORD0005567,4,2026-08-08
RATE0002439,CUST000974,M0115,R009,ORD0008455,5,2026-09-15
RATE0002440,CUST000372,M0120,R013,ORD0008730,5,2026-07-13
RATE0002441,CUST001716,M0135,R009,ORD0008616,4,2026-09-26
RATE0002442,CUST001174,M0091,R011,ORD0007200,5,2026-09-04
RATE0002443,CUST000183,M0105,R001,ORD0000845,4,2026-05-19
RATE0002444,CUST002952,M0133,R019,ORD0004057,4,2026-07-22
RATE0002445,CUST003223,M0143,R007,ORD0007208,4,2026-09-14
RATE0002446,CUST003396,M0002,R009,ORD0001031,4,2026-05-30
RATE0002447,CUST001987,M0107,R010,ORD0002619,3,2026-09-16
RATE0002448,CUST001207,M0002,R020,ORD0005889,5,2026-09-10
RATE0002449,CUST001173,M0032,R004,ORD0002774,5,2026-02-11
RATE0002450,CUST001256,M0035,R006,ORD0000933,3,2026-01-25
RATE0002451,CUST001813,M0027,R001,ORD0008184,3,2026-09-25
RATE0002452,CUST002869,M0035,R018,ORD0001120,3,2026-06-24
RATE0002453,CUST000555,M0149,R008,ORD0004709,4,2026-06-14
RATE0002454,CUST000576,M0032,R009,ORD0008174,5,2026-08-24
RATE0002455,CUST002650,M0157,R019,ORD0007202,1,2026-09-12
RATE0002456,CUST001650,M0143,R018,ORD0001142,3,2026-09-02
RATE0002457,CUST002890,M0133,R008,ORD0005778,3,2026-08-15
RATE0002458,CUST003791,M0097,R017,ORD0005835,4,2026-08-29
RATE0002459,CUST003077,M0087,R006,ORD0006102,4,2026-01-13
RATE0002460,CUST001860,M0055,R001,ORD0003803,2,2026-08-26
RATE0002461,CUST002303,M0117,R020,ORD0002280,4,2026-09-24
RATE0002462,CUST002761,M0046,R016,ORD0008981,4,2026-09-11
RATE0002463,CUST003673,M0148,R017,ORD0006574,4,2026-09-11
RATE0002464,CUST002335,M0088,R009,ORD0008010,5,2026-07-23
RATE0002465,CUST001670,M0073,R017,ORD0004072,3,2026-09-25
RATE0002466,CUST001861,M0135,R008,ORD0005807,5,2026-02-18
RATE0002467,CUST001758,M0090,R014,ORD0002221,3,2026-04-28
RATE0002468,CUST002814,M0095,R017,ORD0008280,4,2026-08-22
RATE0002469,CUST003533,M0081,R012,ORD0008872,3,2026-09-02
RATE0002470,CUST002851,M0148,R019,ORD0006471,3,2026-09-14
RATE0002471,CUST002211,M0129,R002,ORD0001637,4,2026-07-17
RATE0002472,CUST003740,M0072,R010,ORD0004092,5,2026-09-24
RATE0002473,CUST000936,M0036,R009,ORD0003820,5,2026-01-31
RATE0002474,CUST000995,M0118,R015,ORD0001369,4,2026-08-04
RATE0002475,CUST003177,M0046,R014,ORD0008533,4,2026-06-25
RATE0002476,CUST000725,M0037,R018,ORD0001306,4,2026-09-19
RATE0002477,CUST002507,M0148,R010,ORD0005795,3,2026-07-27
RATE0002478,CUST001873,M0046,R019,ORD0005412,3,2026-03-11
RATE0002479,CUST002675,M0117,R020,ORD0004658,5,2026-09-07
RATE0002480,CUST000628,M0115,R009,ORD0004094,5,2025-09-08
RATE0002481,CUST000466,M0017,R003,ORD0001896,3,2026-08-27
RATE0002482,CUST002989,M0125,R016,ORD0008878,3,2026-01-04
RATE0002483,CUST001155,M0086,R004,ORD0007545,4,2026-09-11
RATE0002484,CUST000625,M0111,R019,ORD0006703,4,2026-09-10
RATE0002485,CUST000390,M0094,R010,ORD0000947,5,2026-03-01
RATE0002486,CUST003708,M0119,R018,ORD0002781,4,2026-09-29
RATE0002487,CUST003672,M0029,R016,ORD0002676,4,2026-08-17
RATE0002488,CUST003111,M0081,R019,ORD0001895,5,2025-11-17
RATE0002489,CUST001067,M0094,R011,ORD0008349,4,2026-09-01
RATE0002490,CUST000109,M0125,R019,ORD0001873,4,2026-08-09
RATE0002491,CUST003554,M0135,R010,ORD0005162,4,2025-08-30
RATE0002492,CUST001422,M0135,R006,ORD0008504,4,2026-09-26
RATE0002493,CUST003246,M0073,R004,ORD0004816,4,2026-08-05
RATE0002494,CUST003674,M0019,R002,ORD0003673,4,2026-09-03
RATE0002495,CUST001547,M0133,R013,ORD0007895,3,2026-01-20
RATE0002496,CUST002837,M0081,R005,ORD0007847,4,2026-04-08
RATE0002497,CUST003048,M0040,R004,ORD0005658,4,2026-02-25
RATE0002498,CUST003984,M0035,R016,ORD0002424,4,2026-05-04
RATE0002499,CUST001438,M0114,R013,ORD0008918,4,2026-09-23
RATE0002500,CUST000058,M0059,R015,ORD0001256,3,2026-07-25
RATE0002501,CUST002537,M0156,R005,ORD0002193,0,2026-02-08
RATE0002502,CUST003461,M0111,R020,ORD0006544,4,2026-08-25
RATE0002503,CUST000565,M0016,R018,ORD0007492,3,2026-08-13
RATE0002504,CUST002247,M0002,R005,ORD0006846,4,2026-09-09
RATE0002505,CUST003234,M0060,R011,ORD0003338,5,2026-07-17
RATE0002506,CUST000094,M0128,R013,ORD0003593,4,2026-09-20
RATE0002507,CUST002493,M0004,R009,ORD0004975,4,2026-04-25
RATE0002508,CUST001141,M0121,R012,ORD0006489,4,2026-07-14
RATE0002509,CUST002128,M0135,R018,ORD0002178,3,2026-07-05
RATE0002510,CUST002884,M0124,R003,ORD0007774,4,2026-08-16
RATE0002511,CUST000913,M0086,R001,ORD0006182,5,2026-07-17
RATE0002512,CUST000928,M0032,R007,ORD0004991,4,2026-08-28
RATE0002513,CUST001859,M0133,R007,ORD0008931,3,2026-09-22
RATE0002514,CUST001356,M0086,R006,ORD0008538,4,2026-09-17
RATE0002515,CUST001370,M0137,R018,ORD0008390,3,2026-07-18
RATE0002516,CUST002076,M0092,R011,ORD0006353,5,2026-09-28
RATE0002517,CUST000283,M0060,R010,ORD0002919,4,2026-09-13
RATE0002518,CUST000582,M0012,R016,ORD0002963,3,2026-09-18
RATE0002519,CUST000572,M0153,R012,ORD0004862,4,2026-01-15
RATE0002520,CUST003724,M0095,R002,ORD0008478,4,2026-05-19
RATE0002521,CUST003253,M0138,R012,ORD0008807,4,2025-11-18
RATE0002522,CUST001535,M0138,R008,ORD0006929,4,2026-09-21
RATE0002523,CUST001248,M0005,R010,ORD0008729,2,2026-06-21
RATE0002524,CUST000258,M0081,R001,ORD0001934,5,2026-09-25
RATE0002525,CUST001442,M0105,R011,ORD0004563,5,2026-07-12
RATE0002526,CUST002515,M0030,R015,ORD0007012,3,2026-07-31
RATE0002527,CUST002508,M0065,R009,ORD0004421,4,2026-07-12
RATE0002528,CUST002905,M0153,R001,ORD0008711,3,2026-07-05
RATE0002529,CUST001289,M0022,R002,ORD0001842,4,2026-06-13
RATE0002530,CUST002176,M0124,R008,ORD0002523,4,2026-09-06
RATE0002531,CUST000568,M0105,R019,ORD0001749,3,2026-07-10
RATE0002532,CUST003699,M0012,R020,ORD0000997,4,2026-06-03
RATE0002533,CUST002329,M0149,R013,ORD0007076,3,2026-09-27
RATE0002534,CUST002002,M0048,R020,ORD0002803,5,2026-06-29
RATE0002535,CUST002580,M0038,R019,ORD0006615,3,2026-09-26
RATE0002536,CUST003149,M0135,R018,ORD0006585,3,2026-08-15
RATE0002537,CUST002397,M0002,R006,ORD0002307,4,2025-10-05
RATE0002538,CUST000051,M0081,R019,ORD0002806,4,2026-08-27
RATE0002539,CUST003098,M0130,R008,ORD0005886,5,2025-09-14
RATE0002540,CUST000435,M0102,R007,ORD0003431,3,2026-03-30
RATE0002541,CUST002623,M0119,R006,ORD0006915,4,2026-03-15
RATE0002542,CUST002507,M0075,R010,ORD0005795,4,2026-07-28
RATE0002543,CUST000314,M0020,R018,ORD0003175,4,2026-03-17
RATE0002544,CUST002607,M0122,R015,ORD0005199,4,2026-09-21
RATE0002545,CUST003821,M0083,R001,ORD0006294,4,2026-01-08
RATE0002546,CUST003753,M0133,R011,ORD0002770,4,2025-09-22
RATE0002547,CUST001129,M0141,R015,ORD0000122,3,2026-05-30
RATE0002548,CUST002725,M0107,R020,ORD0001186,5,2026-09-02
RATE0002549,CUST003582,M0133,R013,ORD0002982,3,2026-08-12
RATE0002550,CUST000237,M0049,R016,ORD0004866,4,2026-09-21
RATE0002551,CUST000130,M0037,R010,ORD0002364,4,2026-08-23
RATE0002552,CUST001181,M0090,R002,ORD0007997,4,2026-07-16
RATE0002553,CUST002105,M0139,R001,ORD0000374,4,2026-06-25
RATE0002554,CUST001532,M0086,R016,ORD0003255,5,2026-08-26
RATE0002555,CUST002614,M0093,R009,ORD0000266,5,2026-09-10
RATE0002556,CUST001835,M0134,R010,ORD0005739,4,2026-07-22
RATE0002557,CUST003889,M0020,R009,ORD0008238,4,2026-09-25
RATE0002558,CUST001445,M0022,R003,ORD0004372,4,2026-09-24
RATE0002559,CUST002790,M0135,R008,ORD0005190,4,2026-01-09
RATE0002560,CUST001683,M0124,R018,ORD0001822,4,2026-03-30
RATE0002561,CUST003018,M0083,R011,ORD0004239,3,2026-09-10
RATE0002562,CUST001899,M0083,R011,ORD0006825,4,2026-09-09
RATE0002563,CUST000811,M0081,R011,ORD0000727,4,2025-10-23
RATE0002564,CUST000582,M0131,R016,ORD0001278,5,2026-05-16
RATE0002565,CUST003424,M0119,R015,ORD0000591,3,2026-05-17
RATE0002566,CUST003344,M0133,R001,ORD0002870,3,2026-05-28
RATE0002567,CUST001789,M0044,R013,ORD0001257,4,2026-07-26
RATE0002568,CUST001289,M0055,R002,ORD0001842,3,2026-06-10
RATE0002569,CUST001538,M0025,R010,ORD0002450,3,2026-09-05
RATE0002570,CUST001560,M0081,R009,ORD0002768,4,2026-09-18
RATE0002571,CUST000001,M0116,R017,ORD0001291,4,2026-03-01
RATE0002572,CUST000936,M0131,R009,ORD0008666,5,2026-04-09
RATE0002573,CUST003496,M0089,R016,ORD0000841,4,2025-12-10
RATE0002574,CUST001752,M0016,R005,ORD0007168,3,2026-06-08
RATE0002575,CUST002078,M0007,R013,ORD0007156,4,2026-09-22
RATE0002576,CUST003339,M0004,R013,ORD0006372,4,2026-05-23
RATE0002577,CUST003098,M0077,R008,ORD0005886,3,2025-09-15
RATE0002578,CUST001815,M0087,R019,ORD0002198,5,2026-01-24
RATE0002579,CUST000436,M0139,R019,ORD0007162,5,2026-09-06
RATE0002580,CUST000843,M0135,R010,ORD0000683,4,2026-06-24
RATE0002581,CUST000862,M0066,R017,ORD0001813,4,2026-08-16
RATE0002582,CUST002200,M0072,R016,ORD0006357,5,2026-09-16
RATE0002583,CUST000101,M0119,R019,ORD0001213,3,2026-09-23
RATE0002584,CUST001546,M0133,R005,ORD0006217,3,2026-08-20
RATE0002585,CUST001516,M0094,R002,ORD0007457,4,2026-08-04
RATE0002586,CUST003388,M0119,R004,ORD0007089,5,2025-10-11
RATE0002587,CUST002803,M0130,R011,ORD0002069,3,2026-08-03
RATE0002588,CUST002268,M0133,R019,ORD0001609,4,2026-07-21
RATE0002589,CUST001532,M0054,R016,ORD0003255,4,2026-08-26
RATE0002590,CUST003273,M0141,R017,ORD0003019,3,2026-06-14
RATE0002591,CUST002159,M0118,R007,ORD0004781,4,2026-03-01
RATE0002592,CUST003000,M0102,R014,ORD0006402,4,2026-09-09
RATE0002593,CUST002033,M0133,R005,ORD0008902,3,2026-09-26
RATE0002594,CUST002639,M0063,R006,ORD0007247,5,2026-08-06
RATE0002595,CUST000272,M0133,R016,ORD0006754,2,2026-09-15
RATE0002596,CUST003896,M0064,R005,ORD0001180,4,2026-07-11
RATE0002597,CUST001175,M0042,R009,ORD0005129,5,2025-09-24
RATE0002598,CUST002776,M0023,R014,ORD0003948,3,2026-05-14
RATE0002599,CUST002757,M0156,R012,ORD0007292,4,2026-04-21
RATE0002600,CUST001929,M0057,R018,ORD0005253,4,2026-08-11
RATE0002601,CUST001947,M0096,R019,ORD0008479,4,2026-09-27
RATE0002602,CUST001101,M0115,R016,ORD0000235,4,2026-02-22
RATE0002603,CUST000404,M0092,R008,ORD0005090,4,2026-09-27
RATE0002604,CUST004000,M0107,R020,ORD0000689,5,2026-03-27
RATE0002605,CUST003487,M0009,R004,ORD0006022,4,2026-09-21
RATE0002606,CUST001138,M0121,R012,ORD0000152,5,2026-02-25
RATE0002607,CUST003263,M0120,R009,ORD0005393,5,2026-09-21
RATE0002608,CUST002599,M0055,R004,ORD0006297,2,2026-08-06
RATE0002609,CUST003825,M0004,R011,ORD0003200,4,2026-04-17
RATE0002610,CUST003604,M0156,R002,ORD0004962,3,2026-01-31
RATE0002611,CUST000732,M0047,R008,ORD0007446,3,2026-09-04
RATE0002612,CUST000754,M0031,R002,ORD0008358,2,2026-08-09
RATE0002613,CUST003399,M0094,R020,ORD0000201,5,2026-09-15
RATE0002614,CUST003158,M0002,R010,ORD0002687,3,2026-05-24
RATE0002615,CUST001281,M0089,R012,ORD0008581,4,2026-08-07
RATE0002616,CUST001362,M0117,R002,ORD0005436,4,2026-09-06
RATE0002617,CUST003431,M0119,R017,ORD0001805,4,2026-04-29
RATE0002618,CUST003613,M0032,R011,ORD0007998,5,2026-08-24
RATE0002619,CUST003800,M0116,R006,ORD0005673,3,2026-04-30
RATE0002620,CUST002285,M0087,R006,ORD0001304,4,2026-03-19
RATE0002621,CUST000540,M0080,R005,ORD0005686,3,2026-09-07
RATE0002622,CUST000740,M0064,R009,ORD0003046,5,2026-04-24
RATE0002623,CUST000763,M0099,R011,ORD0005459,4,2026-06-23
RATE0002624,CUST000432,M0125,R010,ORD0005530,4,2026-09-19
RATE0002625,CUST003422,M0123,R005,ORD0006178,5,2026-09-23
RATE0002626,CUST003748,M0003,R013,ORD0001009,4,2026-06-16
RATE0002627,CUST001245,M0054,R007,ORD0002243,4,2026-07-14
RATE0002628,CUST001963,M0019,R004,ORD0003716,4,2026-09-24
RATE0002629,CUST001442,M0055,R011,ORD0000608,2,2026-08-06
RATE0002630,CUST001201,M0121,R019,ORD0001024,3,2026-09-19
RATE0002631,CUST003138,M0059,R011,ORD0000061,3,2026-09-17
RATE0002632,CUST000539,M0099,R020,ORD0000952,5,2026-01-12
RATE0002633,CUST003044,M0051,R006,ORD0008229,4,2026-01-20
RATE0002634,CUST000079,M0115,R014,ORD0000526,3,2026-06-22
RATE0002635,CUST000742,M0134,R001,ORD0004721,4,2026-09-18
RATE0002636,CUST001448,M0133,R010,ORD0002847,4,2025-12-19
RATE0002637,CUST002596,M0094,R019,ORD0007495,3,2026-01-17
RATE0002638,CUST003252,M0138,R019,ORD0004515,3,2026-09-09
RATE0002639,CUST001745,M0022,R007,ORD0008404,4,2026-05-04
RATE0002640,CUST002157,M0088,R008,ORD0004254,4,2026-02-18
RATE0002641,CUST001538,M0074,R010,ORD0000916,6,2026-01-12
RATE0002642,CUST001410,M0079,R010,ORD0006545,4,2026-05-16
RATE0002643,CUST002593,M0087,R013,ORD0003810,4,2026-07-09
RATE0002644,CUST003673,M0143,R010,ORD0007186,5,2026-07-10
RATE0002645,CUST000864,M0147,R016,ORD0007662,4,2025-12-02
RATE0002646,CUST001284,M0138,R002,ORD0005662,3,2026-09-05
RATE0002647,CUST002393,M0078,R008,ORD0007942,3,2026-03-18
RATE0002648,CUST001059,M0094,R008,ORD0006812,5,2026-09-18
RATE0002649,CUST002216,M0079,R010,ORD0002326,5,2026-08-17
RATE0002650,CUST002645,M0152,R014,ORD0000567,4,2025-10-30
RATE0002651,CUST002296,M0007,R008,ORD0005941,4,2026-06-24
RATE0002652,CUST002054,M0066,R001,ORD0006245,4,2026-06-14
RATE0002653,CUST001405,M0147,R018,ORD0002729,3,2026-09-23
RATE0002654,CUST002071,M0086,R010,ORD0001394,4,2026-09-12
RATE0002655,CUST000179,M0130,R005,ORD0007107,4,2026-09-21
RATE0002656,CUST001723,M0064,R017,ORD0001521,3,2025-12-18
RATE0002657,CUST003443,M0012,R003,ORD0002076,4,2026-09-05
RATE0002658,CUST002481,M0117,R015,ORD0000095,4,2026-05-24
RATE0002659,CUST001411,M0103,R013,ORD0000303,4,2026-03-23
RATE0002660,CUST001452,M0135,R015,ORD0005548,4,2026-07-22
RATE0002661,CUST003066,M0134,R018,ORD0001371,3,2026-06-01
RATE0002662,CUST003280,M0105,R019,ORD0006339,5,2026-07-27
RATE0002663,CUST003273,M0112,R017,ORD0003019,4,2026-06-17
RATE0002664,CUST001928,M0041,R005,ORD0007934,4,2026-09-04
RATE0002665,CUST002399,M0019,R006,ORD0007117,4,2026-07-22
RATE0002666,CUST003578,M0063,R010,ORD0007273,4,2026-09-16
RATE0002667,CUST002720,M0120,R013,ORD0001109,4,2026-09-10
RATE0002668,CUST003789,M0121,R007,ORD0007309,4,2026-07-27
RATE0002669,CUST002766,M0025,R016,ORD0005677,5,2026-09-24
RATE0002670,CUST002706,M0006,R011,ORD0007041,5,2026-07-13
RATE0002671,CUST000375,M0133,R004,ORD0001477,3,2026-09-18
RATE0002672,CUST000319,M0099,R009,ORD0005513,5,2026-09-10
RATE0002673,CUST003524,M0146,R010,ORD0004573,4,2026-04-16
RATE0002674,CUST002368,M0134,R015,ORD0002879,4,2025-11-09
RATE0002675,CUST002361,M0133,R017,ORD0004053,3,2026-07-21
RATE0002676,CUST002020,M0121,R011,ORD0004471,4,2026-01-20
RATE0002677,CUST000563,M0115,R004,ORD0000773,4,2026-05-11
RATE0002678,CUST001121,M0148,R017,ORD0005756,4,2026-06-30
RATE0002679,CUST002171,M0094,R017,ORD0002544,5,2026-02-28
RATE0002680,CUST003619,M0151,R016,ORD0008402,4,2026-09-14
RATE0002681,CUST000339,M0042,R014,ORD0007614,4,2026-01-29
RATE0002682,CUST001957,M0073,R017,ORD0002372,5,2026-01-25
RATE0002683,CUST000628,M0113,R019,ORD0000811,4,2025-12-09
RATE0002684,CUST003133,M0007,R020,ORD0001004,4,2026-08-22
RATE0002685,CUST001028,M0127,R008,ORD0004994,3,2026-08-31
RATE0002686,CUST003717,M0074,R006,ORD0001228,4,2026-06-01
RATE0002687,CUST002730,M0132,R014,ORD0003402,3,2025-10-19
RATE0002688,CUST003825,M0079,R011,ORD0005260,4,2026-09-12
RATE0002689,CUST001723,M0084,R017,ORD0001521,4,2025-12-13
RATE0002690,CUST000652,M0154,R003,ORD0005842,3,2026-09-16
RATE0002691,CUST002926,M0157,R004,ORD0000456,3,2026-08-01
RATE0002692,CUST003244,M0094,R014,ORD0005169,4,2026-08-08
RATE0002693,CUST003201,M0003,R005,ORD0001261,4,2026-08-28
RATE0002694,CUST003970,M0070,R001,ORD0004968,3,2026-07-24
RATE0002695,CUST000034,M0044,R019,ORD0001019,3,2026-05-15
RATE0002696,CUST001756,M0051,R009,ORD0008959,3,2026-05-11
RATE0002697,CUST000776,M0138,R011,ORD0006015,4,2026-09-21
RATE0002698,CUST003888,M0119,R001,ORD0003974,3,2026-01-17
RATE0002699,CUST003102,M0038,R018,ORD0007432,4,2026-06-19
RATE0002700,CUST002573,M0113,R012,ORD0004032,4,2026-08-11
RATE0002701,CUST003687,M0029,R005,ORD0008677,3,2026-09-17
RATE0002702,CUST002189,M0064,R014,ORD0001201,3,2026-07-29
RATE0002703,CUST001310,M0091,R004,ORD0004850,5,2026-06-17
RATE0002704,CUST003524,M0133,R010,ORD0002848,4,2026-05-14
RATE0002705,CUST001500,M0087,R014,ORD0004629,4,2026-01-20
RATE0002706,CUST000162,M0051,R009,ORD0001676,4,2026-07-01
RATE0002707,CUST000173,M0130,R017,ORD0004863,5,2026-09-26
RATE0002708,CUST002712,M0092,R012,ORD0000160,3,2026-09-13
RATE0002709,CUST001319,M0070,R007,ORD0006360,4,2026-08-09
RATE0002710,CUST002676,M0051,R004,ORD0005087,3,2026-08-14
RATE0002711,CUST000457,M0037,R014,ORD0007574,4,2026-07-26
RATE0002712,CUST000015,M0121,R003,ORD0006893,5,2026-08-24
RATE0002713,CUST001773,M0004,R016,ORD0007849,3,2026-08-07
RATE0002714,CUST001241,M0083,R016,ORD0006048,5,2026-07-25
RATE0002715,CUST003460,M0081,R018,ORD0002275,4,2025-08-29
RATE0002716,CUST000711,M0046,R015,ORD0006949,4,2026-08-28
RATE0002717,CUST002836,M0135,R015,ORD0008654,4,2026-09-25
RATE0002718,CUST002862,M0120,R016,ORD0008953,4,2026-09-14
RATE0002719,CUST002760,M0144,R014,ORD0000295,3,2026-07-13
RATE0002720,CUST001811,M0117,R019,ORD0003650,4,2026-01-17
RATE0002721,CUST000952,M0135,R017,ORD0008296,4,2026-08-10
RATE0002722,CUST001027,M0093,R003,ORD0007835,4,2026-05-29
RATE0002723,CUST002327,M0080,R002,ORD0005794,3,2026-07-03
RATE0002724,CUST003164,M0020,R002,ORD0004939,5,2026-09-14
RATE0002725,CUST001870,M0079,R006,ORD0001741,5,2026-09-15
RATE0002726,CUST000306,M0025,R005,ORD0004043,3,2026-05-16
RATE0002727,CUST003356,M0131,R014,ORD0007741,5,2026-08-09
RATE0002728,CUST000790,M0135,R012,ORD0006142,3,2026-04-06
RATE0002729,CUST003637,M0029,R004,ORD0000340,3,2026-02-15
RATE0002730,CUST002386,M0121,R010,ORD0003433,4,2026-08-09
RATE0002731,CUST003919,M0009,R012,ORD0001058,3,2026-09-12
RATE0002732,CUST001996,M0008,R004,ORD0002183,5,2025-09-17
RATE0002733,CUST000667,M0081,R001,ORD0008509,5,2026-05-14
RATE0002734,CUST001851,M0059,R018,ORD0002902,4,2026-05-08
RATE0002735,CUST000568,M0111,R019,ORD0006469,4,2026-05-02
RATE0002736,CUST000847,M0056,R012,ORD0002433,4,2026-09-02
RATE0002737,CUST001410,M0074,R006,ORD0002709,3,2025-11-26
RATE0002738,CUST001196,M0135,R016,ORD0005564,4,2026-06-06
RATE0002739,CUST002216,M0105,R010,ORD0000949,5,2026-09-09
RATE0002740,CUST000994,M0108,R007,ORD0007102,4,2026-07-01
RATE0002741,CUST000568,M0020,R019,ORD0006469,4,2026-04-27
RATE0002742,CUST002253,M0124,R008,ORD0008566,4,2026-09-10
RATE0002743,CUST002173,M0093,R005,ORD0008743,4,2026-09-08
RATE0002744,CUST002574,M0055,R019,ORD0003844,3,2026-03-02
RATE0002745,CUST001416,M0138,R013,ORD0002949,4,2026-06-18
RATE0002746,CUST002958,M0124,R010,ORD0007807,5,2026-07-13
RATE0002747,CUST000081,M0149,R020,ORD0005095,4,2026-06-16
RATE0002748,CUST001211,M0108,R020,ORD0002778,3,2026-04-03
RATE0002749,CUST001500,M0147,R014,ORD0004629,4,2026-01-23
RATE0002750,CUST002363,M0099,R012,ORD0002097,4,2026-02-09
RATE0002751,CUST003065,M0060,R018,ORD0003252,4,2026-09-21
RATE0002752,CUST002573,M0032,R012,ORD0000667,5,2026-07-25
RATE0002753,CUST000190,M0040,R001,ORD0004356,5,2026-06-20
RATE0002754,CUST002704,M0123,R008,ORD0004399,4,2026-09-22
RATE0002755,CUST001586,M0037,R011,ORD0000796,5,2026-09-12
RATE0002756,CUST000392,M0125,R014,ORD0005575,4,2025-08-27
RATE0002757,CUST003754,M0154,R016,ORD0006819,4,2026-08-25
RATE0002758,CUST002743,M0011,R001,ORD0008563,3,2026-08-24
RATE0002759,CUST000105,M0105,R008,ORD0001499,4,2026-06-17
RATE0002760,CUST003974,M0081,R002,ORD0008159,3,2026-06-19
RATE0002761,CUST001122,M0148,R014,ORD0007158,4,2025-12-27
RATE0002762,CUST000746,M0092,R010,ORD0005659,3,2026-07-16
RATE0002763,CUST001837,M0134,R011,ORD0005332,4,2026-08-17
RATE0002764,CUST002247,M0148,R005,ORD0001767,3,2026-09-19
RATE0002765,CUST000333,M0105,R004,ORD0002820,5,2026-09-25
RATE0002766,CUST001762,M0006,R016,ORD0001236,4,2026-07-01
RATE0002767,CUST002960,M0081,R011,ORD0003492,5,2026-06-04
RATE0002768,CUST003718,M0149,R012,ORD0005243,5,2026-04-27
RATE0002769,CUST003437,M0042,R003,ORD0001671,4,2026-06-15
RATE0002770,CUST003753,M0115,R011,ORD0002770,4,2025-09-21
RATE0002771,CUST002452,M0094,R020,ORD0004558,4,2026-05-14
RATE0002772,CUST003403,M0081,R012,ORD0004944,3,2026-06-07
RATE0002773,CUST001601,M0124,R013,ORD0005723,4,2025-12-28
RATE0002774,CUST000555,M0029,R008,ORD0004581,4,2026-04-15
RATE0002775,CUST000895,M0121,R017,ORD0006896,4,2025-11-29
RATE0002776,CUST000709,M0139,R004,ORD0004025,3,2026-07-30
RATE0002777,CUST003515,M0073,R010,ORD0003456,3,2026-01-13
RATE0002778,CUST000528,M0064,R008,ORD0003362,4,2026-09-08
RATE0002779,CUST002212,M0037,R006,ORD0004086,4,2026-08-31
RATE0002780,CUST001203,M0138,R018,ORD0002258,4,2026-07-22
RATE0002781,CUST001562,M0129,R016,ORD0001193,4,2026-05-15
RATE0002782,CUST000041,M0004,R004,ORD0001610,4,2026-07-11
RATE0002783,CUST000561,M0091,R006,ORD0000527,4,2026-05-06
RATE0002784,CUST002194,M0049,R008,ORD0001259,2,2026-09-24
RATE0002785,CUST003787,M0121,R011,ORD0001459,4,2026-07-26
RATE0002786,CUST003800,M0059,R006,ORD0008800,4,2026-04-16
RATE0002787,CUST001514,M0081,R001,ORD0003034,4,2026-04-12
RATE0002788,CUST000947,M0126,R009,ORD0006306,3,2026-04-16
RATE0002789,CUST003948,M0115,R005,ORD0004506,3,2026-06-25
RATE0002790,CUST000677,M0092,R003,ORD0001666,4,2026-09-10
RATE0002791,CUST000141,M0004,R012,ORD0002023,3,2026-08-31
RATE0002792,CUST001316,M0111,R017,ORD0008134,5,2026-06-23
RATE0002793,CUST000988,M0151,R020,ORD0007772,4,2026-08-23
RATE0002794,CUST001547,M0121,R003,ORD0007825,5,2025-08-30
RATE0002795,CUST000472,M0120,R001,ORD0006962,5,2026-08-01
RATE0002796,CUST000345,M0079,R017,ORD0000284,5,2026-09-17
RATE0002797,CUST000410,M0060,R015,ORD0008894,3,2026-09-13
RATE0002798,CUST002798,M0037,R020,ORD0001314,3,2026-03-02
RATE0002799,CUST001942,M0081,R013,ORD0003110,5,2026-09-04
RATE0002800,CUST003905,M0155,R007,ORD0001391,3,2026-02-26
RATE0002801,CUST001703,M0080,R005,ORD0003250,4,2026-09-29
RATE0002802,CUST000351,M0022,R004,ORD0002698,4,2026-08-09
RATE0002803,CUST002944,M0158,R018,ORD0003111,4,2026-05-14
RATE0002804,CUST003428,M0045,R012,ORD0007733,3,2026-05-22
RATE0002805,CUST000336,M0018,R020,ORD0000427,4,2026-07-10
RATE0002806,CUST002420,M0046,R003,ORD0005345,3,2026-08-11
RATE0002807,CUST000349,M0106,R015,ORD0006799,3,2026-09-04
RATE0002808,CUST003946,M0131,R005,ORD0004651,4,2025-12-09
RATE0002809,CUST003857,M0037,R001,ORD0001143,5,2026-05-14
RATE0002810,CUST002585,M0060,R015,ORD0004530,4,2026-05-20
RATE0002811,CUST001347,M0147,R016,ORD0004107,2,2026-09-07
RATE0002812,CUST002326,M0120,R007,ORD0003044,4,2026-07-04
RATE0002813,CUST003572,M0064,R017,ORD0001431,4,2026-02-16
RATE0002814,CUST003085,M0098,R020,ORD0001516,5,2026-05-19
RATE0002815,CUST001236,M0033,R004,ORD0008447,4,2026-03-22
RATE0002816,CUST003759,M0138,R013,ORD0000435,3,2026-05-28
RATE0002817,CUST000096,M0148,R004,ORD0001725,-1,2026-09-29
RATE0002818,CUST000534,M0094,R007,ORD0004681,3,2026-03-17
RATE0002819,CUST001434,M0107,R020,ORD0001678,4,2026-09-23
RATE0002820,CUST003309,M0122,R007,ORD0004357,4,2026-08-30
RATE0002821,CUST000660,M0097,R020,ORD0006237,4,2026-09-08
RATE0002822,CUST002221,M0110,R009,ORD0001901,3,2026-09-26
RATE0002823,CUST000339,M0060,R014,ORD0007486,3,2026-09-23
RATE0002824,CUST000088,M0086,R018,ORD0006085,5,2025-11-18
RATE0002825,CUST003926,M0086,R012,ORD0002542,4,2026-05-04
RATE0002826,CUST000445,M0119,R006,ORD0000210,4,2026-07-18
RATE0002827,CUST003899,M0134,R005,ORD0008295,4,2025-09-08
RATE0002828,CUST002767,M0124,R006,ORD0005082,5,2026-08-17
RATE0002829,CUST002080,M0063,R010,ORD0004224,4,2025-10-31
RATE0002830,CUST001143,M0055,R014,ORD0007916,3,2026-05-14
RATE0002831,CUST003636,M0134,R020,ORD0002798,3,2026-02-24
RATE0002832,CUST002419,M0072,R016,ORD0006927,4,2026-08-04
RATE0002833,CUST000962,M0057,R016,ORD0000438,4,2026-09-24
RATE0002834,CUST002370,M0092,R017,ORD0003842,4,2026-02-20
RATE0002835,CUST001917,M0135,R019,ORD0005802,4,2026-09-18
RATE0002836,CUST000949,M0042,R018,ORD0001509,4,2025-12-10
RATE0002837,CUST000130,M0124,R010,ORD0004222,4,2026-09-06
RATE0002838,CUST003603,M0134,R017,ORD0006608,3,2025-11-16
RATE0002839,CUST001870,M0133,R006,ORD0001741,3,2026-09-17
RATE0002840,CUST001372,M0108,R008,ORD0002524,4,2026-01-29
RATE0002841,CUST003423,M0135,R014,ORD0007413,4,2026-07-21
RATE0002842,CUST000667,M0042,R018,ORD0007906,4,2026-07-16
RATE0002843,CUST001556,M0012,R002,ORD0003373,3,2026-06-08
RATE0002844,CUST001744,M0023,R013,ORD0003963,4,2026-03-22
RATE0002845,CUST002929,M0133,R019,ORD0003602,4,2026-09-20
RATE0002846,CUST000897,M0058,R007,ORD0005006,4,2026-08-06
RATE0002847,CUST001393,M0015,R012,ORD0006100,3,2026-08-12
RATE0002848,CUST001203,M0087,R004,ORD0004249,5,2026-07-11
RATE0002849,CUST003611,M0095,R013,ORD0006996,4,2026-06-18
RATE0002850,CUST002313,M0081,R020,ORD0005338,4,2026-09-13
RATE0002851,CUST003905,M0113,R007,ORD0001391,4,2026-02-27
RATE0002852,CUST001136,M0071,R005,ORD0003009,3,2026-07-28
RATE0002853,CUST003000,M0078,R014,ORD0006402,3,2026-09-09
RATE0002854,CUST000938,M0113,R017,ORD0008893,3,2026-04-29
RATE0002855,CUST002534,M0055,R013,ORD0000628,3,2026-06-30
RATE0002856,CUST000143,M0160,R016,ORD0004318,4,2026-06-24
RATE0002857,CUST002378,M0045,R007,ORD0008989,3,2026-03-08
RATE0002858,CUST001513,M0111,R011,ORD0000015,3,2026-03-11
RATE0002859,CUST000413,M0014,R003,ORD0006134,4,2026-09-19
RATE0002860,CUST002988,M0154,R009,ORD0004553,4,2026-05-01
RATE0002861,CUST000403,M0134,R015,ORD0001817,4,2026-01-10
RATE0002862,CUST000538,M0004,R010,ORD0000954,3,2026-09-15
RATE0002863,CUST003827,M0036,R011,ORD0003127,5,2026-09-04
RATE0002864,CUST001712,M0102,R011,ORD0002375,3,2026-08-23
RATE0002865,CUST002104,M0093,R005,ORD0006638,3,2026-01-15
RATE0002866,CUST003918,M0083,R017,ORD0001342,4,2026-07-23
RATE0002867,CUST001172,M0081,R004,ORD0004933,3,2026-05-30
RATE0002868,CUST000708,M0066,R007,ORD0005005,4,2026-06-15
RATE0002869,CUST000322,M0006,R004,ORD0007362,4,2026-09-04
RATE0002870,CUST001272,M0020,R004,ORD0007127,4,2026-03-24
RATE0002871,CUST001054,M0014,R001,ORD0006246,4,2026-08-27
RATE0002872,CUST001621,M0135,R001,ORD0007079,4,2026-08-29
RATE0002873,CUST001496,M0008,R015,ORD0005385,3,2025-12-01
RATE0002874,CUST002809,M0001,R003,ORD0000273,5,2026-05-14
RATE0002875,CUST003694,M0133,R004,ORD0001603,3,2026-02-06
RATE0002876,CUST000597,M0020,R013,ORD0006344,5,2026-09-13
RATE0002877,CUST000847,M0115,R016,ORD0005274,5,2026-09-21
RATE0002878,CUST002235,M0025,R009,ORD0002995,5,2026-04-30
RATE0002879,CUST001793,M0081,R007,ORD0006843,4,2026-09-24
RATE0002880,CUST003514,M0098,R002,ORD0007425,3,2026-07-15
RATE0002881,CUST000069,M0139,R001,ORD0001407,5,2025-10-15
RATE0002882,CUST003569,M0105,R013,ORD0000989,4,2026-09-09
RATE0002883,CUST003612,M0138,R002,ORD0000804,4,2026-09-21
RATE0002884,CUST001025,M0093,R019,ORD0006260,6,2026-07-14
RATE0002885,CUST001295,M0020,R005,ORD0006225,5,2026-05-02
RATE0002886,CUST003085,M0091,R020,ORD0001516,3,2026-05-20
RATE0002887,CUST000721,M0116,R007,ORD0006103,3,2026-03-31
RATE0002888,CUST001567,M0131,R012,ORD0000787,5,2026-08-14
RATE0002889,CUST001249,M0045,R006,ORD0000468,4,2026-04-12
RATE0002890,CUST000095,M0070,R015,ORD0001061,4,2026-08-20
RATE0002891,CUST003777,M0068,R004,ORD0004027,3,2026-08-13
RATE0002892,CUST000403,M0146,R010,ORD0000571,4,2026-08-16
RATE0002893,CUST002966,M0016,R017,ORD0005960,3,2026-06-17
RATE0002894,CUST001266,M0080,R002,ORD0002609,5,2026-07-19
RATE0002895,CUST000968,M0069,R013,ORD0004438,4,2026-07-27
RATE0002896,CUST003780,M0135,R003,ORD0004963,4,2026-07-10
RATE0002897,CUST001578,M0118,R009,ORD0002799,3,2026-05-29
RATE0002898,CUST003524,M0059,R020,ORD0007680,4,2026-02-28
RATE0002899,CUST003890,M0133,R008,ORD0007370,4,2026-09-12
RATE0002900,CUST002484,M0093,R008,ORD0008548,4,2026-09-24
RATE0002901,CUST001272,M0046,R014,ORD0001447,4,2026-09-24
RATE0002902,CUST003511,M0135,R006,ORD0007961,3,2026-09-09
RATE0002903,CUST003390,M0105,R009,ORD0005848,5,2026-09-15
RATE0002904,CUST000782,M0095,R008,ORD0003539,3,2026-08-03
RATE0002905,CUST000872,M0152,R015,ORD0007254,4,2026-01-05
RATE0002906,CUST001005,M0028,R007,ORD0004838,4,2026-09-20
RATE0002907,CUST001993,M0040,R007,ORD0004700,4,2026-05-26
RATE0002908,CUST003554,M0044,R020,ORD0005330,4,2026-08-24
RATE0002909,CUST001149,M0114,R010,ORD0002532,4,2026-09-28
RATE0002910,CUST000968,M0079,R013,ORD0008326,4,2026-06-01
RATE0002911,CUST003074,M0057,R008,ORD0002988,4,2026-03-18
RATE0002912,CUST003719,M0125,R007,ORD0004361,4,2026-05-24
RATE0002913,CUST000906,M0079,R019,ORD0001360,4,2026-07-15
RATE0002914,CUST001548,M0020,R020,ORD0001656,4,2026-09-20
RATE0002915,CUST002022,M0111,R012,ORD0008675,5,2026-09-24
RATE0002916,CUST001086,M0061,R020,ORD0007589,4,2026-08-07
RATE0002917,CUST001452,M0057,R015,ORD0005548,5,2026-07-26
RATE0002918,CUST000223,M0119,R019,ORD0000810,3,2026-08-14
RATE0002919,CUST000255,M0089,R014,ORD0002140,4,2026-07-08
RATE0002920,CUST002584,M0066,R007,ORD0003713,5,2026-08-07
RATE0002921,CUST003827,M0049,R011,ORD0001935,4,2025-12-19
RATE0002922,CUST001848,M0081,R020,ORD0001245,3,2026-06-02
RATE0002923,CUST000569,M0135,R012,ORD0000938,4,2026-09-02
RATE0002924,CUST002696,M0133,R008,ORD0000528,3,2026-09-25
RATE0002925,CUST000196,M0079,R003,ORD0006375,5,2026-09-25
RATE0002926,CUST001987,M0149,R020,ORD0002478,4,2026-09-16
RATE0002927,CUST001781,M0083,R003,ORD0007943,4,2026-06-15
RATE0002928,CUST001428,M0090,R003,ORD0004234,5,2026-07-10
RATE0002929,CUST001715,M0078,R019,ORD0007333,3,2026-08-27
RATE0002930,CUST000476,M0066,R007,ORD0007150,3,2025-12-18
RATE0002931,CUST001146,M0045,R020,ORD0003148,5,2026-04-05
RATE0002932,CUST003509,M0019,R011,ORD0007357,5,2026-09-16
RATE0002933,CUST001388,M0111,R016,ORD0000317,5,2026-09-24
RATE0002934,CUST000482,M0042,R013,ORD0007437,4,2026-09-03
RATE0002935,CUST003376,M0068,R009,ORD0005310,4,2026-04-13
RATE0002936,CUST001785,M0062,R002,ORD0004793,2,2026-06-27
RATE0002937,CUST000947,M0144,R013,ORD0001709,4,2026-09-27
RATE0002938,CUST001344,M0155,R014,ORD0007241,3,2026-06-15
RATE0002939,CUST003819,M0087,R004,ORD0000973,5,2026-06-12
RATE0002940,CUST002050,M0106,R012,ORD0005525,4,2026-02-08
RATE0002941,CUST001336,M0121,R002,ORD0008508,4,2025-10-08
RATE0002942,CUST001807,M0120,R008,ORD0006998,4,2026-08-01
RATE0002943,CUST001667,M0094,R018,ORD0000651,4,2026-06-10
RATE0002944,CUST001345,M0121,R018,ORD0000915,4,2026-07-18
RATE0002945,CUST000595,M0084,R010,ORD0003677,4,2026-08-25
RATE0002946,CUST003586,M0064,R013,ORD0001381,4,2026-02-18
RATE0002947,CUST000387,M0080,R002,ORD0002317,4,2026-04-03
RATE0002948,CUST003883,M0093,R014,ORD0005010,5,2026-09-20
RATE0002949,CUST003290,M0121,R018,ORD0007984,5,2026-08-13
RATE0002950,CUST001163,M0134,R010,ORD0003846,5,2026-09-25
RATE0002951,CUST000741,M0121,R010,ORD0003082,5,2026-02-16
RATE0002952,CUST002024,M0002,R002,ORD0004142,5,2026-09-05
RATE0002953,CUST000989,M0090,R006,ORD0002133,4,2026-04-05
RATE0002954,CUST000334,M0086,R015,ORD0006220,5,2026-05-19
RATE0002955,CUST000159,M0094,R007,ORD0002873,3,2026-09-14
RATE0002956,CUST000673,M0121,R018,ORD0007810,3,2026-08-20
RATE0002957,CUST001641,M0119,R010,ORD0008716,4,2026-04-17
RATE0002958,CUST003100,M0119,R014,ORD0008459,3,2026-08-28
RATE0002959,CUST003124,M0081,R001,ORD0002586,4,2025-11-29
RATE0002960,CUST003569,M0083,R013,ORD0005116,4,2026-08-16
RATE0002961,CUST003624,M0064,R007,ORD0000121,5,2026-09-22
RATE0002962,CUST001404,M0130,R008,ORD0007974,4,2026-07-17
RATE0002963,CUST000489,M0094,R001,ORD0003434,4,2026-06-14
RATE0002964,CUST003796,M0120,R017,ORD0005982,4,2026-06-17
RATE0002965,CUST000407,M0063,R011,ORD0002241,4,2026-06-03
RATE0002966,CUST000936,M0133,R009,ORD0002613,3,2026-03-01
RATE0002967,CUST000488,M0079,R005,ORD0003676,5,2025-09-24
RATE0002968,CUST002305,M0044,R006,ORD0008600,3,2026-04-04
RATE0002969,CUST001849,M0094,R010,ORD0008144,4,2026-09-22
RATE0002970,CUST003027,M0070,R015,ORD0007618,3,2026-08-30
RATE0002971,CUST002415,M0010,R013,ORD0000619,5,2026-08-18
RATE0002972,CUST000158,M0135,R015,ORD0003145,3,2026-07-29
RATE0002973,CUST003091,M0133,R015,ORD0007007,3,2026-09-07
RATE0002974,CUST003151,M0002,R016,ORD0003447,4,2026-09-07
RATE0002975,CUST000401,M0081,R002,ORD0004727,4,2026-07-17
RATE0002976,CUST002515,M0124,R015,ORD0007012,5,2026-08-02
RATE0002977,CUST003702,M0035,R015,ORD0000716,3,2026-08-01
RATE0002978,CUST002884,M0095,R013,ORD0000612,4,2025-11-09
RATE0002979,CUST002104,M0037,R005,ORD0000598,4,2026-03-06
RATE0002980,CUST002786,M0055,R014,ORD0001943,4,2026-09-06
RATE0002981,CUST003127,M0022,R006,ORD0007712,4,2026-03-13
RATE0002982,CUST002994,M0045,R002,ORD0001716,5,2025-11-11
RATE0002983,CUST000171,M0123,R017,ORD0006336,3,2026-08-02
RATE0002984,CUST002720,M0094,R013,ORD0008070,4,2026-09-21
RATE0002985,CUST003935,M0019,R005,ORD0005449,4,2026-09-11
RATE0002986,CUST000326,M0065,R005,ORD0005629,4,2026-07-29
RATE0002987,CUST002687,M0095,R009,ORD0001713,4,2026-03-04
RATE0002988,CUST003239,M0115,R008,ORD0002321,3,2026-08-09
RATE0002989,CUST003026,M0004,R008,ORD0005937,3,2026-06-25
RATE0002990,CUST001100,M0079,R019,ORD0005605,4,2026-05-01
RATE0002991,CUST000372,M0144,R013,ORD0004937,5,2026-07-01
RATE0002992,CUST002393,M0029,R008,ORD0003060,4,2026-09-22
RATE0002993,CUST002592,M0044,R010,ORD0008057,4,2025-10-11
RATE0002994,CUST003267,M0133,R018,ORD0005423,3,2026-09-22
RATE0002995,CUST003526,M0157,R007,ORD0008451,4,2026-09-05
RATE0002996,CUST002273,M0121,R002,ORD0002298,4,2026-08-21
RATE0002997,CUST000999,M0067,R020,ORD0000482,5,2026-09-24
RATE0002998,CUST002361,M0087,R017,ORD0004053,3,2026-07-21
RATE0002999,CUST001484,M0020,R010,ORD0008217,4,2026-01-20
RATE0003000,CUST000625,M0014,R009,ORD0006815,3,2026-09-11
RATE0003001,CUST003718,M0059,R012,ORD0008074,3,2025-11-20
RATE0003002,CUST003983,M0079,R008,ORD0005699,4,2026-09-02
RATE0003003,CUST003152,M0143,R008,ORD0004747,5,2026-09-08
RATE0003004,CUST003245,M0105,R004,ORD0008168,4,2026-06-13
RATE0003005,CUST003148,M0130,R004,ORD0008086,3,2026-05-15
RATE0003006,CUST001264,M0124,R019,ORD0006805,4,2026-04-18
RATE0003007,CUST000714,M0108,R010,ORD0008346,5,2026-07-05
RATE0003008,CUST002973,M0143,R005,ORD0007013,5,2026-04-02
RATE0003009,CUST003726,M0106,R008,ORD0008431,3,2026-06-22
RATE0003010,CUST001174,M0139,R011,ORD0005799,3,2026-07-06
RATE0003011,CUST000940,M0081,R006,ORD0005759,4,2026-05-05
RATE0003012,CUST002785,M0066,R006,ORD0005288,5,2026-05-11
RATE0003013,CUST002166,M0119,R018,ORD0008815,3,2026-08-12
RATE0003014,CUST003275,M0010,R001,ORD0006384,5,2026-07-29
RATE0003015,CUST003421,M0146,R009,ORD0008216,3,2026-02-01
RATE0003016,CUST002265,M0076,R020,ORD0001501,4,2026-08-19
RATE0003017,CUST000897,M0072,R017,ORD0001183,5,2026-09-19
RATE0003018,CUST002427,M0139,R015,ORD0006716,3,2026-08-30
RATE0003019,CUST003467,M0081,R016,ORD0002299,4,2026-08-24
RATE0003020,CUST001614,M0097,R013,ORD0006562,4,2026-08-29
RATE0003021,CUST002087,M0073,R008,ORD0004305,4,2026-07-18
RATE0003022,CUST001025,M0133,R019,ORD0006260,4,2026-07-17
RATE0003023,CUST000484,M0124,R014,ORD0001519,3,2026-04-27
RATE0003024,CUST001281,M0005,R012,ORD0003983,3,2026-08-02
RATE0003025,CUST003578,M0064,R010,ORD0007273,4,2026-09-12
RATE0003026,CUST001571,M0004,R015,ORD0008175,3,2026-09-16
RATE0003027,CUST001258,M0156,R017,ORD0004642,4,2026-01-13
RATE0003028,CUST003939,M0015,R005,ORD0000751,3,2026-07-26
RATE0003029,CUST001969,M0093,R014,ORD0001242,3,2026-08-17
RATE0003030,CUST002578,M0139,R008,ORD0003017,3,2026-08-05
RATE0003031,CUST000647,M0120,R016,ORD0006166,3,2026-05-01
RATE0003032,CUST001599,M0014,R011,ORD0007990,5,2026-05-11
RATE0003033,CUST003262,M0082,R017,ORD0003308,4,2025-12-04
RATE0003034,CUST003008,M0084,R005,ORD0005958,5,2026-05-05
RATE0003035,CUST000151,M0149,R017,ORD0001577,5,2026-09-19
RATE0003036,CUST001358,M0107,R003,ORD0002098,4,2025-12-27
RATE0003037,CUST000108,M0038,R008,ORD0000806,4,2026-08-27
RATE0003038,CUST003861,M0124,R001,ORD0000091,5,2026-05-31
RATE0003039,CUST001051,M0079,R014,ORD0004730,4,2026-08-16
RATE0003040,CUST003884,M0079,R010,ORD0000801,4,2026-09-04
RATE0003041,CUST001356,M0128,R002,ORD0001321,3,2026-09-05
RATE0003042,CUST003152,M0109,R008,ORD0004747,4,2026-09-08
RATE0003043,CUST001410,M0042,R010,ORD0006545,4,2026-05-15
RATE0003044,CUST001156,M0073,R011,ORD0008031,4,2026-07-22
RATE0003045,CUST002410,M0070,R008,ORD0002807,3,2026-07-14
RATE0003046,CUST003051,M0064,R016,ORD0004135,4,2026-09-26
RATE0003047,CUST001588,M0004,R012,ORD0004951,5,2026-07-23
RATE0003048,CUST003193,M0096,R018,ORD0007661,4,2026-09-23
RATE0003049,CUST000783,M0111,R009,ORD0005093,4,2026-09-03
RATE0003050,CUST002112,M0115,R003,ORD0007485,4,2026-07-19
RATE0003051,CUST003808,M0090,R005,ORD0006561,4,2026-06-14
RATE0003052,CUST003764,M0133,R013,ORD0006351,3,2026-07-26
RATE0003053,CUST001652,M0079,R016,ORD0007538,5,2026-08-26
RATE0003054,CUST000436,M0118,R019,ORD0001629,4,2026-09-03
RATE0003055,CUST001080,M0144,R009,ORD0004966,3,2026-09-07
RATE0003056,CUST003775,M0094,R007,ORD0006908,3,2026-08-20
RATE0003057,CUST000460,M0018,R019,ORD0008039,4,2026-07-23
RATE0003058,CUST000735,M0121,R017,ORD0000180,3,2026-04-15
RATE0003059,CUST002396,M0008,R015,ORD0008411,4,2026-02-20
RATE0003060,CUST002814,M0150,R007,ORD0005638,4,2026-08-08
RATE0003061,CUST003022,M0133,R003,ORD0000305,4,2026-08-31
RATE0003062,CUST002842,M0122,R003,ORD0001535,4,2026-08-15
RATE0003063,CUST003933,M0092,R015,ORD0003144,3,2026-09-02
RATE0003064,CUST002755,M0043,R011,ORD0008984,3,2026-05-18
RATE0003065,CUST001988,M0086,R014,ORD0002796,3,2026-07-04
RATE0003066,CUST000084,M0079,R010,ORD0002563,4,2026-04-21
RATE0003067,CUST003634,M0081,R016,ORD0001217,4,2026-09-09
RATE0003068,CUST001709,M0081,R002,ORD0000920,4,2026-06-20
RATE0003069,CUST002097,M0092,R004,ORD0007759,4,2026-04-18
RATE0003070,CUST002602,M0115,R010,ORD0001959,5,2025-09-16
RATE0003071,CUST001025,M0139,R019,ORD0005568,4,2026-03-26
RATE0003072,CUST002724,M0120,R001,ORD0007964,4,2026-03-10
RATE0003073,CUST002273,M0058,R002,ORD0000695,4,2026-01-23
RATE0003074,CUST000100,M0014,R011,ORD0003133,5,2026-09-24
RATE0003075,CUST001820,M0064,R011,ORD0008436,4,2026-09-13
RATE0003076,CUST003357,M0136,R008,ORD0008400,3,2025-10-18
RATE0003077,CUST001706,M0131,R016,ORD0003323,4,2026-05-16
RATE0003078,CUST000136,M0081,R016,ORD0007394,5,2026-09-15
RATE0003079,CUST002592,M0081,R004,ORD0007649,5,2026-07-18
RATE0003080,CUST000774,M0087,R015,ORD0002120,4,2026-09-24
RATE0003081,CUST003449,M0093,R016,ORD0001254,6,2026-03-26
RATE0003082,CUST002544,M0124,R005,ORD0008904,4,2026-09-23
RATE0003083,CUST002439,M0125,R006,ORD0004508,3,2026-09-24
RATE0003084,CUST000270,M0004,R001,ORD0003726,5,2026-01-11
RATE0003085,CUST002270,M0071,R016,ORD0000543,3,2026-09-15
RATE0003086,CUST001463,M0044,R012,ORD0000272,3,2026-08-18
RATE0003087,CUST001720,M0059,R006,ORD0004388,4,2026-09-22
RATE0003088,CUST002794,M0079,R008,ORD0003618,4,2026-07-16
RATE0003089,CUST000778,M0025,R015,ORD0006702,4,2026-06-07
RATE0003090,CUST002642,M0090,R019,ORD0006095,5,2026-07-14
RATE0003091,CUST003598,M0115,R015,ORD0007194,5,2026-07-08
RATE0003092,CUST000132,M0051,R013,ORD0005131,4,2026-08-23
RATE0003093,CUST001614,M0134,R003,ORD0005551,0,2026-09-02
RATE0003094,CUST002668,M0156,R016,ORD0002696,4,2026-09-15
RATE0003095,CUST003438,M0123,R006,ORD0005887,5,2026-09-23
RATE0003096,CUST003083,M0022,R009,ORD0004050,5,2026-02-01
RATE0003097,CUST001258,M0072,R017,ORD0006332,5,2026-09-18
RATE0003098,CUST003558,M0135,R020,ORD0001468,4,2026-07-06
RATE0003099,CUST001077,M0073,R004,ORD0001913,5,2026-04-12
RATE0003100,CUST002994,M0131,R012,ORD0004431,4,2026-04-17
RATE0003101,CUST002541,M0079,R002,ORD0002548,4,2026-09-04
RATE0003102,CUST000350,M0148,R017,ORD0004726,5,2026-09-13
RATE0003103,CUST001340,M0124,R011,ORD0000117,3,2026-07-13
RATE0003104,CUST003566,M0142,R018,ORD0002071,2,2026-08-25
RATE0003105,CUST001107,M0098,R006,ORD0007498,5,2026-05-21
RATE0003106,CUST000504,M0135,R015,ORD0005011,4,2026-09-08
RATE0003107,CUST002487,M0086,R013,ORD0003120,5,2026-03-23
RATE0003108,CUST000034,M0038,R019,ORD0008201,4,2026-08-05
RATE0003109,CUST000920,M0149,R010,ORD0003952,4,2026-07-05
RATE0003110,CUST003213,M0139,R002,ORD0008531,4,2026-03-11
RATE0003111,CUST003655,M0026,R018,ORD0005661,3,2026-09-02
RATE0003112,CUST002854,M0159,R012,ORD0004084,3,2026-09-01
RATE0003113,CUST001608,M0115,R008,ORD0003647,5,2026-07-08
RATE0003114,CUST002361,M0092,R017,ORD0004053,2,2026-07-25
RATE0003115,CUST003212,M0094,R006,ORD0000382,4,2026-09-20
RATE0003116,CUST002205,M0003,R017,ORD0007383,4,2025-12-18
RATE0003117,CUST003601,M0076,R011,ORD0001964,5,2026-04-09
RATE0003118,CUST003507,M0111,R002,ORD0006860,5,2026-04-25
RATE0003119,CUST002484,M0156,R008,ORD0004201,5,2026-04-01
RATE0003120,CUST003048,M0001,R004,ORD0003635,5,2026-04-24
RATE0003121,CUST003700,M0119,R020,ORD0005959,4,2025-10-27
RATE0003122,CUST001578,M0107,R019,ORD0006958,4,2026-05-02
RATE0003123,CUST001944,M0138,R001,ORD0004502,4,2026-09-14
RATE0003124,CUST002905,M0030,R001,ORD0008711,3,2026-07-10
RATE0003125,CUST002846,M0081,R017,ORD0006767,5,2026-03-11
RATE0003126,CUST001468,M0060,R005,ORD0000365,4,2026-04-21
RATE0003127,CUST002179,M0156,R002,ORD0002915,4,2026-07-29
RATE0003128,CUST002627,M0133,R001,ORD0003515,3,2026-09-10
RATE0003129,CUST003697,M0004,R003,ORD0006036,5,2026-06-27
RATE0003130,CUST002202,M0090,R011,ORD0000610,5,2026-05-22
RATE0003131,CUST002415,M0043,R003,ORD0005216,4,2026-07-08
RATE0003132,CUST003158,M0124,R010,ORD0001068,4,2026-07-06
RATE0003133,CUST000738,M0153,R006,ORD0002239,4,2026-01-10
RATE0003134,CUST003827,M0117,R011,ORD0003127,4,2026-09-04
RATE0003135,CUST001379,M0109,R006,ORD0002637,3,2026-07-20
RATE0003136,CUST001465,M0004,R019,ORD0002762,3,2026-09-24
RATE0003137,CUST003503,M0036,R001,ORD0007856,4,2026-08-27
RATE0003138,CUST001055,M0125,R015,ORD0003424,4,2026-09-16
RATE0003139,CUST000484,M0139,R014,ORD0000743,4,2026-03-13
RATE0003140,CUST001692,M0063,R006,ORD0002716,4,2026-05-15
RATE0003141,CUST002764,M0103,R004,ORD0005158,5,2025-12-16
RATE0003142,CUST001491,M0048,R014,ORD0005898,5,2026-09-14
RATE0003143,CUST002290,M0009,R013,ORD0001234,4,2026-05-02
RATE0003144,CUST000261,M0004,R016,ORD0002067,4,2026-07-27
RATE0003145,CUST001067,M0124,R001,ORD0008952,3,2026-08-28
RATE0003146,CUST001188,M0063,R007,ORD0006697,4,2026-06-11
RATE0003147,CUST000005,M0079,R017,ORD0000928,4,2026-08-08
RATE0003148,CUST001203,M0046,R018,ORD0002258,5,2026-07-20
RATE0003149,CUST002254,M0079,R005,ORD0002021,5,2026-08-14
RATE0003150,CUST003931,M0084,R005,ORD0000034,4,2026-05-25
RATE0003151,CUST000857,M0076,R014,ORD0003706,4,2026-08-18
RATE0003152,CUST003167,M0079,R018,ORD0000045,4,2026-02-21
RATE0003153,CUST002948,M0046,R013,ORD0004462,4,2026-04-22
RATE0003154,CUST003481,M0009,R004,ORD0003418,4,2026-07-27
RATE0003155,CUST000654,M0105,R013,ORD0006826,3,2026-09-22
RATE0003156,CUST001143,M0149,R004,ORD0001216,4,2026-09-19
RATE0003157,CUST000661,M0063,R014,ORD0001244,4,2026-08-07
RATE0003158,CUST000512,M0122,R001,ORD0005417,5,2026-05-13
RATE0003159,CUST002670,M0133,R003,ORD0005566,4,2026-08-10
RATE0003160,CUST002510,M0114,R003,ORD0005019,4,2026-06-02
RATE0003161,CUST000759,M0048,R011,ORD0001597,4,2026-09-15
RATE0003162,CUST000600,M0148,R009,ORD0001951,3,2026-06-20
RATE0003163,CUST000970,M0133,R001,ORD0000705,4,2026-01-09
RATE0003164,CUST003063,M0049,R016,ORD0007616,4,2026-07-05
RATE0003165,CUST001354,M0093,R018,ORD0006713,4,2026-08-24
RATE0003166,CUST000123,M0008,R019,ORD0003579,3,2026-04-13
RATE0003167,CUST001058,M0063,R003,ORD0008595,5,2026-07-04
RATE0003168,CUST000170,M0157,R015,ORD0008113,4,2026-06-23
RATE0003169,CUST003238,M0103,R004,ORD0000238,4,2026-09-05
RATE0003170,CUST000781,M0051,R010,ORD0006803,4,2026-09-07
RATE0003171,CUST000055,M0115,R011,ORD0006527,4,2026-07-16
RATE0003172,CUST000866,M0121,R010,ORD0004560,4,2025-12-29
RATE0003173,CUST003988,M0149,R014,ORD0008772,4,2025-12-23
RATE0003174,CUST002544,M0002,R005,ORD0004592,4,2026-09-08
RATE0003175,CUST001795,M0112,R017,ORD0002567,4,2026-09-27
RATE0003176,CUST002623,M0135,R009,ORD0005890,4,2026-01-27
RATE0003177,CUST000855,M0120,R005,ORD0003174,5,2026-06-22
RATE0003178,CUST003414,M0099,R008,ORD0000728,4,2026-04-22
RATE0003179,CUST001886,M0159,R005,ORD0007039,3,2026-08-07
RATE0003180,CUST001149,M0004,R020,ORD0007758,3,2026-09-15
RATE0003181,CUST001145,M0009,R008,ORD0003314,4,2026-09-19
RATE0003182,CUST001747,M0139,R003,ORD0005406,3,2026-07-21
RATE0003183,CUST000922,M0076,R012,ORD0006572,4,2026-09-08
RATE0003184,CUST002193,M0067,R005,ORD0005517,3,2026-06-25
RATE0003185,CUST003949,M0061,R018,ORD0002827,4,2026-09-22
RATE0003186,CUST002472,M0160,R018,ORD0000894,4,2026-07-14
RATE0003187,CUST003067,M0117,R019,ORD0007947,4,2026-08-13
RATE0003188,CUST002701,M0038,R016,ORD0001784,4,2026-07-05
RATE0003189,CUST001833,M0157,R002,ORD0000547,3,2026-09-23
RATE0003190,CUST001562,M0133,R016,ORD0003902,3,2026-05-07
RATE0003191,CUST001899,M0133,R011,ORD0006825,3,2026-09-10
RATE0003192,CUST003239,M0046,R008,ORD0002321,5,2026-08-06
RATE0003193,CUST000839,M0135,R019,ORD0000996,3,2026-07-04
RATE0003194,CUST001957,M0032,R017,ORD0001881,4,2026-02-09
RATE0003195,CUST001690,M0148,R003,ORD0005717,4,2026-08-13
RATE0003196,CUST001085,M0019,R019,ORD0006067,4,2026-09-17
RATE0003197,CUST003159,M0066,R003,ORD0000575,5,2026-08-19
RATE0003198,CUST000603,M0079,R010,ORD0001354,5,2026-07-26
RATE0003199,CUST001934,M0086,R010,ORD0005840,4,2026-09-16
RATE0003200,CUST001195,M0042,R017,ORD0003388,4,2026-07-15
RATE0003201,CUST001174,M0002,R011,ORD0007200,5,2026-09-04
RATE0003202,CUST001943,M0134,R002,ORD0000906,5,2026-08-06
RATE0003203,CUST003717,M0026,R006,ORD0001228,3,2026-06-04
RATE0003204,CUST001376,M0085,R012,ORD0001385,4,2026-09-13
RATE0003205,CUST000126,M0102,R003,ORD0003408,4,2026-06-08
RATE0003206,CUST003577,M0138,R005,ORD0008810,4,2026-09-22
RATE0003207,CUST001866,M0019,R003,ORD0005069,3,2026-08-01
RATE0003208,CUST001592,M0156,R013,ORD0008354,4,2026-06-21
RATE0003209,CUST001879,M0032,R017,ORD0003826,4,2026-07-26
RATE0003210,CUST001736,M0055,R003,ORD0007398,3,2026-09-20
RATE0003211,CUST001015,M0051,R005,ORD0002797,4,2026-07-27
RATE0003212,CUST001161,M0158,R002,ORD0007784,4,2026-09-08
RATE0003213,CUST003609,M0009,R018,ORD0002444,4,2026-09-27
RATE0003214,CUST000497,M0129,R016,ORD0008022,4,2026-08-04
RATE0003215,CUST001295,M0133,R013,ORD0003379,3,2025-12-02
RATE0003216,CUST000928,M0094,R007,ORD0004991,4,2026-08-31
RATE0003217,CUST003602,M0151,R002,ORD0008562,4,2026-07-24
RATE0003218,CUST001947,M0092,R018,ORD0002616,3,2026-09-20
RATE0003219,CUST001269,M0149,R014,ORD0001372,4,2026-07-25
RATE0003220,CUST000904,M0032,R002,ORD0007615,5,2026-09-21
RATE0003221,CUST000993,M0092,R007,ORD0000825,4,2025-09-07
RATE0003222,CUST001155,M0091,R004,ORD0006573,4,2026-08-26
RATE0003223,CUST003619,M0046,R006,ORD0003498,3,2026-09-19
RATE0003224,CUST003620,M0081,R002,ORD0007339,3,2026-09-19
RATE0003225,CUST002444,M0006,R020,ORD0007537,4,2026-09-12
RATE0003226,CUST002720,M0094,R003,ORD0000813,5,2026-09-17
RATE0003227,CUST001530,M0086,R014,ORD0007369,3,2026-04-20
RATE0003228,CUST003140,M0124,R004,ORD0001906,5,2026-01-25
RATE0003229,CUST001059,M0019,R008,ORD0006812,4,2026-09-18
RATE0003230,CUST000108,M0149,R018,ORD0006000,4,2026-08-30
RATE0003231,CUST000168,M0070,R019,ORD0002821,5,2026-09-23
RATE0003232,CUST002846,M0133,R017,ORD0008515,4,2026-02-25
RATE0003233,CUST002910,M0144,R013,ORD0005769,5,2026-09-08
RATE0003234,CUST003337,M0060,R015,ORD0006899,3,2026-09-24
RATE0003235,CUST003173,M0079,R004,ORD0000100,5,2026-04-04
RATE0003236,CUST003795,M0092,R020,ORD0002956,4,2026-07-17
RATE0003237,CUST002083,M0140,R004,ORD0006407,3,2026-04-01
RATE0003238,CUST001331,M0002,R017,ORD0005922,3,2026-07-30
RATE0003239,CUST002323,M0121,R002,ORD0008511,4,2026-04-13
RATE0003240,CUST000384,M0111,R012,ORD0008427,4,2026-09-02
RATE0003241,CUST002513,M0066,R012,ORD0001636,4,2026-08-15
RATE0003242,CUST002818,M0135,R012,ORD0008020,4,2026-09-11
RATE0003243,CUST001969,M0081,R004,ORD0000601,4,2026-03-17
RATE0003244,CUST001539,M0093,R006,ORD0008162,3,2026-03-20
RATE0003245,CUST002296,M0048,R008,ORD0003694,5,2026-06-28
RATE0003246,CUST001531,M0124,R013,ORD0004237,5,2026-05-22
RATE0003247,CUST003699,M0064,R020,ORD0003697,4,2026-06-02
RATE0003248,CUST000801,M0099,R013,ORD0004198,4,2026-09-19
RATE0003249,CUST000281,M0119,R018,ORD0004667,3,2026-09-27
RATE0003250,CUST002994,M0033,R012,ORD0001717,4,2026-07-30
RATE0003251,CUST001874,M0010,R013,ORD0008955,3,2026-06-16
RATE0003252,CUST000060,M0129,R004,ORD0007372,5,2026-06-01
RATE0003253,CUST002158,M0107,R006,ORD0000485,4,2025-10-16
RATE0003254,CUST001290,M0073,R007,ORD0000127,4,2026-06-10
RATE0003255,CUST000817,M0146,R001,ORD0007303,4,2026-01-20
RATE0003256,CUST000119,M0043,R014,ORD0004210,3,2026-02-20
RATE0003257,CUST002231,M0120,R011,ORD0006759,4,2026-09-12
RATE0003258,CUST001586,M0106,R001,ORD0003997,4,2026-06-11
RATE0003259,CUST000164,M0103,R020,ORD0004876,4,2026-01-27
RATE0003260,CUST000945,M0122,R004,ORD0004749,4,2026-07-30
RATE0003261,CUST001147,M0151,R017,ORD0007746,4,2026-05-25
RATE0003262,CUST003597,M0036,R013,ORD0005663,4,2026-08-03
RATE0003263,CUST000146,M0132,R007,ORD0007684,3,2026-08-14
RATE0003264,CUST001079,M0105,R009,ORD0003575,5,2026-09-09
RATE0003265,CUST003851,M0086,R012,ORD0007122,5,2026-05-22
RATE0003266,CUST003423,M0051,R014,ORD0007413,4,2026-07-25
RATE0003267,CUST001172,M0092,R004,ORD0007977,3,2025-11-16
RATE0003268,CUST002594,M0093,R007,ORD0001758,4,2026-07-26
RATE0003269,CUST001242,M0033,R005,ORD0003517,4,2026-07-14
RATE0003270,CUST002181,M0097,R013,ORD0002209,3,2026-04-03
RATE0003271,CUST000084,M0102,R020,ORD0008963,3,2026-05-31
RATE0003272,CUST002511,M0124,R015,ORD0004316,5,2026-05-25
RATE0003273,CUST002592,M0046,R004,ORD0002690,4,2026-05-14
RATE0003274,CUST001278,M0009,R012,ORD0006988,4,2026-08-04
RATE0003275,CUST001101,M0079,R006,ORD0000650,0,2026-08-02
RATE0003276,CUST001969,M0081,R004,ORD0002102,4,2026-04-15
RATE0003277,CUST000582,M0120,R016,ORD0007560,4,2026-05-01
RATE0003278,CUST001370,M0046,R008,ORD0003407,4,2026-06-13
RATE0003279,CUST001885,M0105,R016,ORD0000358,5,2026-03-29
RATE0003280,CUST001313,M0124,R003,ORD0006892,4,2026-09-16
RATE0003281,CUST002899,M0115,R008,ORD0007766,4,2026-08-07
RATE0003282,CUST003545,M0065,R005,ORD0008582,4,2026-07-11
RATE0003283,CUST000839,M0095,R009,ORD0003346,2,2025-10-19
RATE0003284,CUST003425,M0121,R020,ORD0008761,4,2026-02-08
RATE0003285,CUST002731,M0136,R019,ORD0006938,4,2026-06-18
RATE0003286,CUST002138,M0105,R014,ORD0001494,5,2026-09-11
RATE0003287,CUST002544,M0094,R010,ORD0003807,3,2026-09-07
RATE0003288,CUST000189,M0083,R020,ORD0000179,5,2026-08-23
RATE0003289,CUST000459,M0083,R020,ORD0007084,4,2026-03-03
RATE0003290,CUST003114,M0036,R008,ORD0004982,4,2026-08-23
RATE0003291,CUST001903,M0119,R002,ORD0004518,3,2026-09-18
RATE0003292,CUST002571,M0122,R012,ORD0000453,5,2025-11-03
RATE0003293,CUST002817,M0022,R006,ORD0005761,4,2026-05-11
RATE0003294,CUST000169,M0127,R014,ORD0000757,4,2026-01-16
RATE0003295,CUST002599,M0093,R009,ORD0005022,4,2026-04-06
RATE0003296,CUST001019,M0031,R003,ORD0003514,4,2026-07-28
RATE0003297,CUST001451,M0063,R006,ORD0004517,5,2026-09-21
RATE0003298,CUST000742,M0033,R011,ORD0004906,4,2026-08-25
RATE0003299,CUST000759,M0139,R011,ORD0001816,5,2026-08-09
RATE0003300,CUST001562,M0004,R006,ORD0004527,4,2026-02-16
RATE0003301,CUST001362,M0122,R002,ORD0005436,3,2026-09-06
RATE0003302,CUST000305,M0093,R018,ORD0000049,4,2026-07-04
RATE0003303,CUST001779,M0072,R009,ORD0005467,5,2026-08-01
RATE0003304,CUST002858,M0120,R005,ORD0006074,5,2026-02-16
RATE0003305,CUST001671,M0004,R006,ORD0006503,3,2026-02-08
RATE0003306,CUST003010,M0118,R012,ORD0008313,5,2026-05-15
RATE0003307,CUST003197,M0091,R017,ORD0007110,4,2026-09-18
RATE0003308,CUST000496,M0048,R003,ORD0002381,4,2026-08-03
RATE0003309,CUST003825,M0034,R011,ORD0005260,5,2026-09-14
RATE0003310,CUST003310,M0133,R006,ORD0003091,3,2026-09-20
RATE0003311,CUST003154,M0135,R009,ORD0005099,4,2026-08-28
RATE0003312,CUST002276,M0022,R007,ORD0006814,3,2026-05-27
RATE0003313,CUST001622,M0131,R013,ORD0001968,4,2026-09-06
RATE0003314,CUST001795,M0031,R016,ORD0004771,3,2026-09-05
RATE0003315,CUST002906,M0046,R013,ORD0000658,3,2026-08-13
RATE0003316,CUST001088,M0133,R007,ORD0006285,4,2026-08-31
RATE0003317,CUST001527,M0085,R004,ORD0001488,3,2026-09-28
RATE0003318,CUST001109,M0076,R006,ORD0002531,4,2026-06-04
RATE0003319,CUST000410,M0081,R005,ORD0003779,5,2026-08-23
RATE0003320,CUST002110,M0122,R010,ORD0007046,4,2026-07-30
RATE0003321,CUST000572,M0122,R012,ORD0007405,5,2026-05-09
RATE0003322,CUST000626,M0134,R003,ORD0005096,4,2026-07-16
RATE0003323,CUST002686,M0010,R018,ORD0004302,5,2026-09-22
RATE0003324,CUST001315,M0119,R004,ORD0006720,3,2026-09-05
RATE0003325,CUST000193,M0009,R009,ORD0008921,4,2026-04-10
RATE0003326,CUST000313,M0079,R013,ORD0006014,5,2026-02-25
RATE0003327,CUST002964,M0055,R010,ORD0005048,3,2026-09-25
RATE0003328,CUST002549,M0037,R020,ORD0004257,3,2026-05-09
RATE0003329,CUST000119,M0129,R013,ORD0000581,5,2026-06-23
RATE0003330,CUST001330,M0040,R009,ORD0004596,4,2026-09-22
RATE0003331,CUST003215,M0105,R016,ORD0001524,5,2026-07-15
RATE0003332,CUST001090,M0027,R011,ORD0001115,4,2026-04-07
RATE0003333,CUST001095,M0020,R013,ORD0000307,4,2026-05-09
RATE0003334,CUST002861,M0156,R015,ORD0002843,4,2026-09-03
RATE0003335,CUST003133,M0119,R010,ORD0002459,3,2026-08-06
RATE0003336,CUST002757,M0074,R007,ORD0008114,4,2026-06-22
RATE0003337,CUST001286,M0120,R015,ORD0003474,4,2026-05-05
RATE0003338,CUST001532,M0121,R016,ORD0003255,5,2026-08-27
RATE0003339,CUST000204,M0074,R016,ORD0006425,4,2026-06-17
RATE0003340,CUST001838,M0114,R007,ORD0004848,3,2026-08-11
RATE0003341,CUST000183,M0011,R001,ORD0001113,3,2025-12-09
RATE0003342,CUST001900,M0092,R005,ORD0005089,3,2026-09-18
RATE0003343,CUST000873,M0121,R014,ORD0006731,3,2026-09-24
RATE0003344,CUST003772,M0115,R012,ORD0006736,3,2026-09-21
RATE0003345,CUST001401,M0065,R010,ORD0000863,5,2026-07-12
RATE0003346,CUST001447,M0148,R003,ORD0007510,4,2026-09-14
RATE0003347,CUST002994,M0133,R002,ORD0008484,3,2025-11-05
RATE0003348,CUST001381,M0133,R003,ORD0006199,3,2026-07-15
RATE0003349,CUST000477,M0094,R018,ORD0004337,3,2026-09-23
RATE0003350,CUST000936,M0138,R009,ORD0004467,4,2026-08-24
RATE0003351,CUST002452,M0130,R005,ORD0004163,5,2026-08-19
RATE0003352,CUST003537,M0092,R003,ORD0006882,4,2025-12-05
RATE0003353,CUST003246,M0064,R004,ORD0004816,5,2026-08-08
RATE0003354,CUST003754,M0012,R016,ORD0008299,4,2026-07-22
RATE0003355,CUST003638,M0135,R005,ORD0000513,4,2026-07-15
RATE0003356,CUST000723,M0020,R008,ORD0008907,4,2026-09-11
RATE0003357,CUST003883,M0057,R004,ORD0008577,5,2026-09-18
RATE0003358,CUST003840,M0093,R013,ORD0003248,4,2026-05-11
RATE0003359,CUST001003,M0079,R017,ORD0007031,4,2026-09-24
RATE0003360,CUST002231,M0102,R011,ORD0007787,4,2026-09-16
RATE0003361,CUST001058,M0098,R006,ORD0006045,4,2026-08-06
RATE0003362,CUST001413,M0037,R009,ORD0001485,4,2026-04-16
RATE0003363,CUST002627,M0115,R011,ORD0002265,3,2026-06-16
RATE0003364,CUST000275,M0046,R020,ORD0006378,4,2026-07-15
RATE0003365,CUST000981,M0055,R009,ORD0005495,3,2026-08-21
RATE0003366,CUST000145,M0090,R003,ORD0002954,4,2026-07-04
RATE0003367,CUST001057,M0072,R016,ORD0004842,3,2026-07-31
RATE0003368,CUST002910,M0021,R003,ORD0000639,3,2026-05-25
RATE0003369,CUST003674,M0099,R002,ORD0001963,4,2026-08-23
RATE0003370,CUST003316,M0004,R015,ORD0008843,4,2026-09-23
RATE0003371,CUST001969,M0139,R004,ORD0005201,4,2026-05-26
RATE0003372,CUST000295,M0047,R008,ORD0004582,4,2026-07-14
RATE0003373,CUST000580,M0135,R006,ORD0000449,4,2026-04-26
RATE0003374,CUST001613,M0066,R004,ORD0005250,4,2026-09-20
RATE0003375,CUST000180,M0156,R017,ORD0003147,3,2026-09-21
RATE0003376,CUST000976,M0150,R001,ORD0008628,3,2026-09-09
RATE0003377,CUST002592,M0123,R014,ORD0003242,5,2025-09-18
RATE0003378,CUST001086,M0074,R020,ORD0000292,4,2026-09-13
RATE0003379,CUST002374,M0004,R018,ORD0001443,3,2026-08-25
RATE0003380,CUST000022,M0012,R017,ORD0004710,4,2026-02-16
RATE0003381,CUST002255,M0004,R005,ORD0004532,4,2026-05-12
RATE0003382,CUST002158,M0029,R001,ORD0000852,4,2026-08-27
RATE0003383,CUST000055,M0094,R001,ORD0003339,5,2026-01-22
RATE0003384,CUST000220,M0149,R013,ORD0000816,5,2026-07-09
RATE0003385,CUST002365,M0041,R014,ORD0001021,5,2026-09-20
RATE0003386,CUST000298,M0083,R009,ORD0000974,4,2026-05-22
RATE0003387,CUST000422,M0126,R015,ORD0002923,3,2026-06-22
RATE0003388,CUST002701,M0107,R006,ORD0003985,3,2026-05-03
RATE0003389,CUST001376,M0117,R012,ORD0001385,5,2026-09-13
RATE0003390,CUST002175,M0037,R011,ORD0004420,5,2026-04-17
RATE0003391,CUST002397,M0010,R017,ORD0001246,5,2026-03-05
RATE0003392,CUST001935,M0120,R010,ORD0006171,5,2026-05-23
RATE0003393,CUST002971,M0004,R011,ORD0005463,4,2026-08-26
RATE0003394,CUST001586,M0135,R001,ORD0002635,6,2026-09-09
RATE0003395,CUST001008,M0066,R019,ORD0004808,4,2026-08-20
RATE0003396,CUST003757,M0025,R012,ORD0008735,0,2026-09-27
RATE0003397,CUST002040,M0158,R020,ORD0007801,3,2026-09-27
RATE0003398,CUST002032,M0131,R018,ORD0005218,4,2026-07-20
RATE0003399,CUST003911,M0057,R006,ORD0004230,4,2026-09-18
RATE0003400,CUST002655,M0130,R011,ORD0002134,4,2026-08-02
RATE0003401,CUST002642,M0102,R019,ORD0006095,4,2026-07-17
RATE0003402,CUST000212,M0107,R002,ORD0000895,5,2026-09-29
RATE0003403,CUST003466,M0012,R013,ORD0005788,4,2026-09-02
RATE0003404,CUST002072,M0003,R019,ORD0000007,4,2026-05-17
RATE0003405,CUST003696,M0009,R019,ORD0000948,3,2026-03-23
RATE0003406,CUST002557,M0134,R013,ORD0003674,4,2026-05-12
RATE0003407,CUST000091,M0135,R008,ORD0007517,3,2026-09-10
RATE0003408,CUST002172,M0121,R006,ORD0002754,4,2026-09-20
RATE0003409,CUST000985,M0111,R015,ORD0000718,4,2026-06-05
RATE0003410,CUST003975,M0098,R010,ORD0005478,3,2026-09-17
RATE0003411,CUST000576,M0027,R003,ORD0002610,4,2026-05-13
RATE0003412,CUST000607,M0046,R005,ORD0001944,5,2026-09-16
RATE0003413,CUST003234,M0057,R011,ORD0008440,4,2026-07-01
RATE0003414,CUST001985,M0111,R018,ORD0003049,4,2026-07-08
RATE0003415,CUST002436,M0051,R009,ORD0003013,4,2026-02-15
RATE0003416,CUST000084,M0051,R010,ORD0006423,4,2026-05-16
RATE0003417,CUST003241,M0079,R012,ORD0003043,4,2026-09-08
RATE0003418,CUST000061,M0004,R014,ORD0007304,3,2026-06-18
RATE0003419,CUST001944,M0082,R011,ORD0002850,4,2026-08-07
RATE0003420,CUST001692,M0051,R011,ORD0006977,4,2026-07-17
RATE0003421,CUST000864,M0148,R016,ORD0007662,5,2025-12-06
RATE0003422,CUST002314,M0102,R014,ORD0003027,3,2026-08-24
RATE0003423,CUST001462,M0154,R018,ORD0002238,4,2025-11-05
RATE0003424,CUST000685,M0067,R015,ORD0003047,4,2026-05-01
RATE0003425,CUST002645,M0139,R014,ORD0000567,3,2025-10-31
RATE0003426,CUST001610,M0007,R012,ORD0003741,4,2026-07-09
RATE0003427,CUST000870,M0031,R008,ORD0005814,2,2026-09-19
RATE0003428,CUST000636,M0143,R014,ORD0008360,4,2026-04-08
RATE0003429,CUST003840,M0004,R003,ORD0001997,3,2026-06-25
RATE0003430,CUST003887,M0120,R011,ORD0003254,3,2026-09-22
RATE0003431,CUST002803,M0061,R011,ORD0005674,3,2026-07-02
RATE0003432,CUST003912,M0111,R004,ORD0001505,5,2026-05-23
RATE0003433,CUST000058,M0046,R005,ORD0006584,4,2026-07-05
RATE0003434,CUST001858,M0020,R005,ORD0008421,5,2026-05-11
RATE0003435,CUST000401,M0055,R012,ORD0002993,3,2026-07-11
RATE0003436,CUST001716,M0051,R009,ORD0008616,4,2026-09-23
RATE0003437,CUST000837,M0135,R017,ORD0001600,3,2026-05-26
RATE0003438,CUST000458,M0138,R020,ORD0002358,4,2026-09-27
RATE0003439,CUST000833,M0028,R004,ORD0004857,4,2025-11-16
RATE0003440,CUST003532,M0105,R011,ORD0008467,4,2026-09-02
RATE0003441,CUST003464,M0133,R003,ORD0006626,4,2026-08-17
RATE0003442,CUST000978,M0130,R020,ORD0007368,5,2026-01-06
RATE0003443,CUST002140,M0135,R019,ORD0003387,4,2026-08-18
RATE0003444,CUST000867,M0010,R020,ORD0003822,5,2026-08-18
RATE0003445,CUST001561,M0006,R017,ORD0003884,4,2026-08-04
RATE0003446,CUST002696,M0151,R018,ORD0002961,4,2026-09-22
RATE0003447,CUST002933,M0095,R019,ORD0001995,4,2026-04-29
RATE0003448,CUST000723,M0075,R008,ORD0002425,3,2026-01-02
RATE0003449,CUST003073,M0009,R014,ORD0006152,4,2026-02-03
RATE0003450,CUST003486,M0091,R011,ORD0008814,5,2026-09-17
RATE0003451,CUST002621,M0078,R011,ORD0000388,3,2026-09-19
RATE0003452,CUST001610,M0124,R002,ORD0001627,3,2026-08-26
RATE0003453,CUST003815,M0119,R006,ORD0000783,3,2026-08-16
RATE0003454,CUST001038,M0006,R011,ORD0001573,5,2026-09-09
RATE0003455,CUST001226,M0074,R011,ORD0008340,4,2026-08-20
RATE0003456,CUST001287,M0037,R007,ORD0000146,4,2026-08-13
RATE0003457,CUST001005,M0103,R007,ORD0004838,4,2026-09-24
RATE0003458,CUST001429,M0121,R020,ORD0001176,4,2026-08-25
RATE0003459,CUST001533,M0093,R012,ORD0005309,3,2026-08-24
RATE0003460,CUST001685,M0028,R020,ORD0006032,2,2026-09-24
RATE0003461,CUST000604,M0070,R015,ORD0002467,4,2026-03-28
RATE0003462,CUST002942,M0025,R010,ORD0003703,4,2026-09-15
RATE0003463,CUST003246,M0093,R014,ORD0000782,5,2026-07-08
RATE0003464,CUST000958,M0032,R008,ORD0007448,4,2026-09-14
RATE0003465,CUST000936,M0055,R008,ORD0007571,3,2026-03-25
RATE0003466,CUST003388,M0135,R016,ORD0006965,4,2026-07-12
RATE0003467,CUST000974,M0057,R009,ORD0008455,4,2026-09-15
RATE0003468,CUST000543,M0006,R017,ORD0007786,5,2026-09-02
RATE0003469,CUST001423,M0014,R006,ORD0008673,3,2026-08-07
RATE0003470,CUST002794,M0037,R018,ORD0007478,4,2026-08-08
RATE0003471,CUST002633,M0053,R001,ORD0003460,3,2026-07-23
RATE0003472,CUST002398,M0009,R005,ORD0000814,3,2026-02-26
RATE0003473,CUST001104,M0117,R006,ORD0002401,4,2026-07-16
RATE0003474,CUST003536,M0009,R003,ORD0005640,4,2026-05-29
RATE0003475,CUST001988,M0124,R014,ORD0000865,5,2026-09-05
RATE0003476,CUST001388,M0124,R016,ORD0004546,4,2026-09-13
RATE0003477,CUST002528,M0074,R008,ORD0006848,3,2026-08-26
RATE0003478,CUST000782,M0131,R014,ORD0001848,5,2026-09-23
RATE0003479,CUST000413,M0115,R003,ORD0005373,4,2026-09-23
RATE0003480,CUST001052,M0092,R015,ORD0008277,3,2026-02-06
RATE0003481,CUST001309,M0017,R014,ORD0007627,3,2026-03-07
RATE0003482,CUST001934,M0089,R010,ORD0006901,3,2026-09-12
RATE0003483,CUST001620,M0135,R001,ORD0007338,3,2026-09-10
RATE0003484,CUST000126,M0001,R003,ORD0003408,5,2026-06-09
RATE0003485,CUST003830,M0138,R017,ORD0008136,3,2026-07-10
RATE0003486,CUST003197,M0094,R017,ORD0001572,4,2026-06-23
RATE0003487,CUST001010,M0092,R003,ORD0004265,3,2026-08-27
RATE0003488,CUST003909,M0022,R001,ORD0000315,4,2026-08-11
RATE0003489,CUST001344,M0046,R004,ORD0005913,3,2026-05-19
RATE0003490,CUST001870,M0092,R006,ORD0001741,4,2026-09-16
RATE0003491,CUST001021,M0052,R016,ORD0007726,4,2026-03-29
RATE0003492,CUST000857,M0012,R014,ORD0003706,4,2026-08-18
RATE0003493,CUST001601,M0127,R003,ORD0001586,3,2026-09-15
RATE0003494,CUST001358,M0076,R011,ORD0001165,4,2026-08-30
RATE0003495,CUST002120,M0044,R007,ORD0000900,4,2026-09-26
RATE0003496,CUST000119,M0037,R013,ORD0006690,5,2026-07-25
RATE0003497,CUST001223,M0134,R017,ORD0007655,5,2025-10-10
RATE0003498,CUST003761,M0138,R012,ORD0003868,4,2026-07-02
RATE0003499,CUST001431,M0153,R011,ORD0000909,5,2026-09-23
RATE0003500,CUST003816,M0008,R003,ORD0002489,3,2026-05-03
RATE0003501,CUST001960,M0086,R019,ORD0004271,5,2026-09-09
RATE0003502,CUST001963,M0135,R014,ORD0005317,5,2026-09-24
RATE0003503,CUST002908,M0098,R003,ORD0007866,4,2026-06-10
RATE0003504,CUST002495,M0115,R007,ORD0008971,4,2026-09-29
RATE0003505,CUST003566,M0108,R008,ORD0001523,4,2026-09-08
RATE0003506,CUST001175,M0092,R020,ORD0004411,4,2026-02-09
RATE0003507,CUST002724,M0090,R011,ORD0007813,4,2026-05-13
RATE0003508,CUST003587,M0115,R011,ORD0002349,5,2026-06-24
RATE0003509,CUST000593,M0120,R007,ORD0008573,5,2026-09-24
RATE0003510,CUST002850,M0057,R013,ORD0006804,5,2026-09-12
RATE0003511,CUST003239,M0147,R018,ORD0000220,4,2026-07-11
RATE0003512,CUST001268,M0129,R009,ORD0006606,4,2026-03-30
RATE0003513,CUST003183,M0105,R007,ORD0003098,4,2026-09-01
RATE0003514,CUST000119,M0064,R003,ORD0000327,4,2026-06-09
RATE0003515,CUST003931,M0068,R015,ORD0001559,3,2026-01-22
RATE0003516,CUST001129,M0043,R015,ORD0000122,3,2026-06-03
RATE0003517,CUST002074,M0135,R012,ORD0003811,4,2026-06-17
RATE0003518,CUST000688,M0124,R009,ORD0005203,4,2026-04-09
RATE0003519,CUST002205,M0121,R007,ORD0005915,4,2025-12-19
RATE0003520,CUST003271,M0134,R020,ORD0003237,3,2026-05-27
RATE0003521,CUST002373,M0061,R017,ORD0006650,4,2026-05-08
RATE0003522,CUST000716,M0149,R012,ORD0004946,4,2026-09-24
RATE0003523,CUST003950,M0080,R013,ORD0004098,5,2025-12-17
RATE0003524,CUST003370,M0112,R013,ORD0007688,4,2026-04-25
RATE0003525,CUST002846,M0059,R017,ORD0006767,4,2026-03-14
RATE0003526,CUST001344,M0157,R010,ORD0001601,4,2026-02-13
RATE0003527,CUST002216,M0099,R020,ORD0007623,3,2026-08-08
RATE0003528,CUST000172,M0003,R018,ORD0000328,5,2026-08-11
RATE0003529,CUST001632,M0120,R015,ORD0008391,4,2026-09-21
RATE0003530,CUST001313,M0048,R014,ORD0005818,5,2026-08-25
RATE0003531,CUST001857,M0121,R003,ORD0005966,5,2026-09-15
RATE0003532,CUST001146,M0144,R016,ORD0002734,5,2026-03-25
RATE0003533,CUST002172,M0107,R006,ORD0002754,5,2026-09-18
RATE0003534,CUST001309,M0148,R014,ORD0001269,4,2026-09-23
RATE0003535,CUST000511,M0009,R004,ORD0000190,5,2026-09-14
RATE0003536,CUST002444,M0090,R010,ORD0005108,5,2026-05-16
RATE0003537,CUST000268,M0072,R016,ORD0003663,5,2026-05-18
RATE0003538,CUST001468,M0153,R005,ORD0004491,4,2026-03-10
RATE0003539,CUST002458,M0133,R018,ORD0004115,3,2026-03-26
RATE0003540,CUST001278,M0042,R002,ORD0005323,3,2026-09-21
RATE0003541,CUST000419,M0079,R019,ORD0003212,4,2026-07-14
RATE0003542,CUST002316,M0055,R014,ORD0004179,4,2025-12-16
RATE0003543,CUST001966,M0093,R009,ORD0004566,3,2026-06-29
RATE0003544,CUST003499,M0089,R012,ORD0003683,4,2026-09-19
RATE0003545,CUST003803,M0105,R017,ORD0007718,5,2026-09-13
RATE0003546,CUST003948,M0007,R015,ORD0007910,3,2026-08-26
RATE0003547,CUST001174,M0120,R011,ORD0005799,4,2026-07-04
RATE0003548,CUST000244,M0101,R003,ORD0001730,3,2026-08-06
RATE0003549,CUST003878,M0064,R001,ORD0004187,4,2026-03-26
RATE0003550,CUST000191,M0129,R004,ORD0003167,4,2026-02-23
RATE0003551,CUST001821,M0120,R006,ORD0006040,5,2026-08-20
RATE0003552,CUST000592,M0081,R010,ORD0007779,4,2026-01-28
RATE0003553,CUST000563,M0081,R014,ORD0000980,4,2026-06-11
RATE0003554,CUST003304,M0105,R019,ORD0000163,4,2026-07-10
RATE0003555,CUST003263,M0135,R006,ORD0007837,4,2026-09-24
RATE0003556,CUST001719,M0135,R009,ORD0006708,4,2026-05-10
RATE0003557,CUST001221,M0088,R002,ORD0006137,5,2026-09-10
RATE0003558,CUST001888,M0055,R001,ORD0007059,4,2026-08-13
RATE0003559,CUST001474,M0090,R001,ORD0002366,4,2026-09-04
RATE0003560,CUST001983,M0027,R001,ORD0008680,4,2026-04-06
RATE0003561,CUST000934,M0144,R018,ORD0007052,4,2026-05-27
RATE0003562,CUST003854,M0019,R007,ORD0003996,4,2026-05-24
RATE0003563,CUST000120,M0135,R006,ORD0003064,4,2026-05-23
RATE0003564,CUST001709,M0120,R002,ORD0000920,4,2026-06-22
RATE0003565,CUST001407,M0130,R016,ORD0007828,4,2026-06-14
RATE0003566,CUST002559,M0119,R016,ORD0006165,3,2026-09-05
RATE0003567,CUST001996,M0116,R004,ORD0005793,4,2026-07-04
RATE0003568,CUST001309,M0004,R004,ORD0001293,4,2026-04-05
RATE0003569,CUST000108,M0022,R008,ORD0000806,4,2026-08-29
RATE0003570,CUST002646,M0094,R007,ORD0007900,4,2026-03-17
RATE0003571,CUST000307,M0074,R016,ORD0002568,5,2026-03-08
RATE0003572,CUST000908,M0022,R005,ORD0007061,3,2026-01-22
RATE0003573,CUST003892,M0105,R017,ORD0003153,3,2026-06-17
RATE0003574,CUST002439,M0044,R016,ORD0004322,4,2026-08-11
RATE0003575,CUST002390,M0066,R006,ORD0004445,4,2026-08-30
RATE0003576,CUST000390,M0093,R006,ORD0008027,3,2026-04-28
RATE0003577,CUST001258,M0091,R017,ORD0004642,4,2026-01-17
RATE0003578,CUST000953,M0029,R017,ORD0001421,4,2026-09-04
RATE0003579,CUST001423,M0136,R016,ORD0003849,4,2026-04-18
RATE0003580,CUST000667,M0130,R018,ORD0007906,4,2026-07-21
RATE0003581,CUST002918,M0150,R014,ORD0004586,4,2026-04-25
RATE0003582,CUST003601,M0117,R011,ORD0001964,5,2026-04-11
RATE0003583,CUST002259,M0059,R014,ORD0001980,4,2026-09-05
RATE0003584,CUST001431,M0079,R003,ORD0005930,5,2026-06-15
RATE0003585,CUST002435,M0079,R009,ORD0008808,4,2026-07-04
RATE0003586,CUST003723,M0094,R019,ORD0001902,4,2026-05-31
RATE0003587,CUST003320,M0064,R009,ORD0006599,3,2026-09-09
RATE0003588,CUST001371,M0093,R001,ORD0000767,4,2026-09-08
RATE0003589,CUST002391,M0079,R011,ORD0007427,4,2026-08-27
RATE0003590,CUST003065,M0143,R018,ORD0003252,5,2026-09-21
RATE0003591,CUST001191,M0117,R013,ORD0000250,4,2026-09-22
RATE0003592,CUST001789,M0088,R003,ORD0001280,3,2026-08-06
RATE0003593,CUST003452,M0135,R011,ORD0003545,5,2026-01-22
RATE0003594,CUST003809,M0016,R007,ORD0002159,5,2026-06-29
RATE0003595,CUST000695,M0133,R006,ORD0000090,4,2026-09-06
RATE0003596,CUST000800,M0135,R017,ORD0004404,4,2026-08-09
RATE0003597,CUST003804,M0003,R010,ORD0003307,5,2026-03-17
RATE0003598,CUST001336,M0094,R002,ORD0003159,3,2025-10-19
RATE0003599,CUST002007,M0081,R002,ORD0003705,4,2025-10-22
RATE0003600,CUST000735,M0124,R017,ORD0004376,4,2026-08-11
RATE0003601,CUST002980,M0024,R010,ORD0000529,4,2026-08-25
RATE0003602,CUST003579,M0115,R019,ORD0002111,4,2026-06-23
RATE0003603,CUST001331,M0120,R017,ORD0007160,5,2026-06-26
RATE0003604,CUST002675,M0143,R010,ORD0002176,5,2026-06-06
RATE0003605,CUST000817,M0092,R011,ORD0004841,3,2025-12-25
RATE0003606,CUST000171,M0081,R017,ORD0005197,3,2026-01-28
RATE0003607,CUST002852,M0032,R013,ORD0001863,4,2026-09-25
RATE0003608,CUST002748,M0144,R006,ORD0006131,5,2026-08-08
RATE0003609,CUST000100,M0088,R001,ORD0007236,3,2026-09-27
RATE0003610,CUST003536,M0157,R003,ORD0004065,5,2026-02-16
RATE0003611,CUST001049,M0144,R002,ORD0005184,5,2026-09-17
RATE0003612,CUST002204,M0025,R001,ORD0004270,4,2026-09-15
RATE0003613,CUST003362,M0152,R002,ORD0008886,4,2026-03-27
RATE0003614,CUST002672,M0055,R014,ORD0008016,3,2026-09-07
RATE0003615,CUST000606,M0123,R020,ORD0007823,3,2026-06-30
RATE0003616,CUST002652,M0114,R007,ORD0002538,0,2026-09-22
RATE0003617,CUST003748,M0156,R013,ORD0003446,4,2026-09-12
RATE0003618,CUST001006,M0100,R015,ORD0008040,3,2026-03-02
RATE0003619,CUST001086,M0046,R010,ORD0000454,4,2026-07-02
RATE0003620,CUST002276,M0149,R005,ORD0004872,4,2026-06-09
RATE0003621,CUST000061,M0064,R014,ORD0007304,4,2026-06-18
RATE0003622,CUST002060,M0076,R005,ORD0006174,4,2026-05-25
RATE0003623,CUST003619,M0014,R016,ORD0000094,3,2026-09-20
RATE0003624,CUST003182,M0094,R012,ORD0006421,5,2026-03-15
RATE0003625,CUST003640,M0073,R007,ORD0002646,4,2026-06-13
RATE0003626,CUST001640,M0146,R014,ORD0003829,4,2026-04-16
RATE0003627,CUST000058,M0125,R002,ORD0008108,5,2026-07-23
RATE0003628,CUST002493,M0057,R009,ORD0000394,4,2026-07-28
RATE0003629,CUST001052,M0138,R015,ORD0004860,4,2025-10-02
RATE0003630,CUST003961,M0105,R009,ORD0004275,4,2026-09-06
RATE0003631,CUST000125,M0120,R015,ORD0008131,4,2026-09-02
RATE0003632,CUST000738,M0032,R017,ORD0008697,4,2026-06-06
RATE0003633,CUST003605,M0059,R003,ORD0006505,4,2025-11-08
RATE0003634,CUST001660,M0106,R003,ORD0002167,4,2026-04-07
RATE0003635,CUST000861,M0042,R005,ORD0002077,4,2026-03-13
RATE0003636,CUST003488,M0091,R004,ORD0002172,5,2026-08-14
RATE0003637,CUST002490,M0045,R006,ORD0006467,4,2026-09-28
RATE0003638,CUST002012,M0130,R016,ORD0003946,5,2026-05-16
RATE0003639,CUST001305,M0086,R003,ORD0000270,3,2026-07-31
RATE0003640,CUST003621,M0105,R002,ORD0000384,4,2026-02-01
RATE0003641,CUST002465,M0071,R004,ORD0003290,3,2026-08-09
RATE0003642,CUST001811,M0149,R009,ORD0001595,4,2026-01-19
RATE0003643,CUST000091,M0014,R008,ORD0004280,4,2026-04-06
RATE0003644,CUST001106,M0138,R008,ORD0004335,4,2026-07-23
RATE0003645,CUST003578,M0107,R010,ORD0007273,5,2026-09-17
RATE0003646,CUST002007,M0115,R002,ORD0006039,4,2026-05-11
RATE0003647,CUST002487,M0006,R013,ORD0003120,4,2026-03-25
RATE0003648,CUST003636,M0156,R011,ORD0006987,4,2026-08-12
RATE0003649,CUST003012,M0029,R015,ORD0001347,4,2026-08-08
RATE0003650,CUST000874,M0051,R005,ORD0007062,4,2026-09-15
RATE0003651,CUST002220,M0046,R013,ORD0008700,4,2026-09-11
RATE0003652,CUST000146,M0135,R007,ORD0008565,4,2026-05-27
RATE0003653,CUST000199,M0125,R003,ORD0004599,4,2026-01-11
RATE0003654,CUST002323,M0111,R012,ORD0005014,4,2026-07-16
RATE0003655,CUST002590,M0019,R001,ORD0006718,4,2026-09-22
RATE0003656,CUST002294,M0063,R020,ORD0000276,4,2026-01-14
RATE0003657,CUST000132,M0135,R013,ORD0005131,3,2026-08-24
RATE0003658,CUST002597,M0115,R007,ORD0001090,5,2026-07-23
RATE0003659,CUST001402,M0091,R005,ORD0000203,4,2026-08-27
RATE0003660,CUST002641,M0105,R011,ORD0005709,4,2026-09-26
RATE0003661,CUST001368,M0068,R008,ORD0000682,3,2026-06-06
RATE0003662,CUST001306,M0020,R006,ORD0008051,5,2026-06-08
RATE0003663,CUST001395,M0145,R002,ORD0002341,3,2026-09-21
RATE0003664,CUST003173,M0156,R004,ORD0004138,3,2026-04-16
RATE0003665,CUST002642,M0124,R019,ORD0006095,3,2026-07-12
RATE0003666,CUST000989,M0016,R016,ORD0003628,4,2026-01-26
RATE0003667,CUST000005,M0057,R017,ORD0000928,4,2026-08-03
RATE0003668,CUST000226,M0072,R002,ORD0008449,4,2026-08-10
RATE0003669,CUST000750,M0091,R010,ORD0001646,5,2026-08-27
RATE0003670,CUST000928,M0032,R007,ORD0004991,4,2026-09-02
RATE0003671,CUST001103,M0070,R013,ORD0007584,5,2026-03-06
RATE0003672,CUST001451,M0113,R016,ORD0007536,4,2026-09-29
RATE0003673,CUST002851,M0098,R019,ORD0005290,3,2026-09-09
RATE0003674,CUST003804,M0086,R016,ORD0008643,4,2026-07-20
RATE0003675,CUST001811,M0122,R009,ORD0002008,4,2026-04-28
RATE0003676,CUST003686,M0055,R004,ORD0002130,2,2025-12-21
RATE0003677,CUST003542,M0119,R009,ORD0007548,4,2026-07-31
RATE0003678,CUST000546,M0147,R006,ORD0005329,4,2026-09-04
RATE0003679,CUST002303,M0123,R016,ORD0008308,4,2026-06-02
RATE0003680,CUST000476,M0006,R007,ORD0007150,4,2025-12-14
RATE0003681,CUST002918,M0070,R014,ORD0003470,3,2026-01-21
RATE0003682,CUST002544,M0126,R010,ORD0003807,3,2026-09-08
RATE0003683,CUST003281,M0034,R002,ORD0000302,3,2026-06-01
RATE0003684,CUST003657,M0087,R010,ORD0006239,5,2026-09-16
RATE0003685,CUST003009,M0070,R015,ORD0002189,4,2026-08-29
RATE0003686,CUST001109,M0094,R006,ORD0004731,4,2026-09-04
RATE0003687,CUST000048,M0098,R001,ORD0008833,4,2025-12-02
RATE0003688,CUST000120,M0121,R006,ORD0002605,4,2026-05-18
RATE0003689,CUST000226,M0083,R002,ORD0008449,4,2026-08-09
RATE0003690,CUST000097,M0014,R017,ORD0004415,5,2026-08-15
RATE0003691,CUST002679,M0051,R009,ORD0008036,4,2026-08-04
RATE0003692,CUST001534,M0121,R015,ORD0000653,3,2026-08-20
RATE0003693,CUST002122,M0139,R014,ORD0001946,4,2026-08-21
RATE0003694,CUST002890,M0122,R018,ORD0003654,4,2026-08-05
RATE0003695,CUST001549,M0068,R002,ORD0007229,4,2026-07-26
RATE0003696,CUST002448,M0136,R009,ORD0008746,3,2026-09-23
RATE0003697,CUST000389,M0135,R018,ORD0007505,4,2026-09-25
RATE0003698,CUST001073,M0084,R019,ORD0000103,5,2026-09-04
RATE0003699,CUST000091,M0117,R008,ORD0007517,3,2026-09-12
RATE0003700,CUST001147,M0123,R007,ORD0008901,4,2026-02-02
RATE0003701,CUST001143,M0022,R004,ORD0001216,4,2026-09-23
RATE0003702,CUST003748,M0088,R013,ORD0002927,4,2026-05-21
RATE0003703,CUST001248,M0001,R020,ORD0001851,3,2026-09-04
RATE0003704,CUST001045,M0149,R007,ORD0006390,5,2026-06-05
RATE0003705,CUST000527,M0095,R007,ORD0003105,4,2026-06-26
RATE0003706,CUST003668,M0087,R004,ORD0002163,5,2026-07-04
RATE0003707,CUST000543,M0027,R010,ORD0006640,4,2026-08-28
RATE0003708,CUST000489,M0092,R019,ORD0006001,3,2026-07-14
RATE0003709,CUST000538,M0133,R020,ORD0005200,3,2026-07-24
RATE0003710,CUST003888,M0061,R011,ORD0000079,4,2026-07-04
RATE0003711,CUST002593,M0097,R013,ORD0003810,4,2026-07-06
RATE0003712,CUST000764,M0067,R013,ORD0007045,4,2026-05-20
RATE0003713,CUST003991,M0055,R013,ORD0007217,4,2026-03-27
RATE0003714,CUST000408,M0148,R013,ORD0001199,4,2025-12-14
RATE0003715,CUST002499,M0007,R011,ORD0001651,4,2026-07-11
RATE0003716,CUST000862,M0135,R007,ORD0002540,3,2026-05-13
RATE0003717,CUST000430,M0004,R006,ORD0000025,3,2025-12-24
RATE0003718,CUST002207,M0054,R003,ORD0007855,3,2026-09-01
RATE0003719,CUST002700,M0084,R002,ORD0000548,4,2026-09-08
RATE0003720,CUST002501,M0111,R014,ORD0002165,5,2026-08-19
RATE0003721,CUST003136,M0080,R018,ORD0001101,4,2026-02-27
RATE0003722,CUST002444,M0022,R010,ORD0001414,4,2025-11-30
RATE0003723,CUST000150,M0079,R016,ORD0001508,5,2026-04-09
RATE0003724,CUST003067,M0051,R009,ORD0008770,4,2026-08-10
RATE0003725,CUST003498,M0019,R002,ORD0001442,5,2026-07-05
RATE0003726,CUST003946,M0044,R015,ORD0004825,4,2026-01-06
RATE0003727,CUST000839,M0111,R009,ORD0003346,5,2025-10-23
RATE0003728,CUST000150,M0014,R016,ORD0001195,4,2025-12-07
RATE0003729,CUST003453,M0014,R006,ORD0008386,3,2026-02-03
RATE0003730,CUST001452,M0009,R005,ORD0006483,4,2026-05-27
RATE0003731,CUST000169,M0143,R004,ORD0001086,4,2025-12-29
RATE0003732,CUST000166,M0136,R020,ORD0008369,3,2026-09-16
RATE0003733,CUST003047,M0018,R017,ORD0003878,4,2026-08-03
RATE0003734,CUST001301,M0125,R012,ORD0003132,4,2026-06-06
RATE0003735,CUST000318,M0031,R017,ORD0005992,4,2026-01-17
RATE0003736,CUST003278,M0018,R007,ORD0003210,4,2026-09-25
RATE0003737,CUST001875,M0130,R012,ORD0004931,4,2026-07-30
RATE0003738,CUST002335,M0032,R009,ORD0008010,4,2026-07-20
RATE0003739,CUST000515,M0148,R016,ORD0004852,4,2026-04-24
RATE0003740,CUST003506,M0139,R012,ORD0006580,4,2026-09-08
RATE0003741,CUST002135,M0055,R010,ORD0008668,2,2026-03-21
RATE0003742,CUST001545,M0084,R003,ORD0004390,5,2026-08-01
RATE0003743,CUST001129,M0090,R015,ORD0005900,5,2026-08-23
RATE0003744,CUST003133,M0004,R020,ORD0001004,5,2026-08-21
RATE0003745,CUST002413,M0137,R015,ORD0004790,5,2025-12-29
RATE0003746,CUST002918,M0134,R014,ORD0004586,4,2026-04-28
RATE0003747,CUST002125,M0051,R011,ORD0002822,4,2026-07-25
RATE0003748,CUST000158,M0065,R015,ORD0003145,5,2026-08-01
RATE0003749,CUST001943,M0117,R002,ORD0004657,5,2026-08-06
RATE0003750,CUST002509,M0083,R003,ORD0008293,4,2026-04-10
RATE0003751,CUST003786,M0119,R013,ORD0003211,3,2026-09-24
RATE0003752,CUST002945,M0072,R014,ORD0002775,5,2026-04-07
RATE0003753,CUST003943,M0037,R018,ORD0003761,4,2026-08-06
RATE0003754,CUST003694,M0055,R014,ORD0000346,3,2026-01-04
RATE0003755,CUST001448,M0014,R020,ORD0000260,4,2026-05-02
RATE0003756,CUST003563,M0006,R017,ORD0000059,5,2025-10-31
RATE0003757,CUST000390,M0072,R010,ORD0005599,5,2026-07-19
RATE0003758,CUST002216,M0117,R020,ORD0007623,4,2026-08-06
RATE0003759,CUST002092,M0117,R017,ORD0002691,4,2026-04-25
RATE0003760,CUST001312,M0117,R019,ORD0002113,4,2026-07-05
RATE0003761,CUST003643,M0022,R013,ORD0002153,4,2026-09-12
RATE0003762,CUST002988,M0073,R014,ORD0003687,5,2026-08-26
RATE0003763,CUST001391,M0044,R019,ORD0004293,4,2026-03-27
RATE0003764,CUST001432,M0094,R019,ORD0002279,5,2026-02-26
RATE0003765,CUST003304,M0134,R019,ORD0000163,3,2026-07-10
RATE0003766,CUST002168,M0076,R019,ORD0005057,3,2026-05-18
RATE0003767,CUST000483,M0026,R018,ORD0006428,3,2026-08-03
RATE0003768,CUST002162,M0053,R016,ORD0008977,4,2026-08-30
RATE0003769,CUST003093,M0062,R009,ORD0001607,3,2026-09-08
RATE0003770,CUST002402,M0090,R017,ORD0007789,5,2026-09-18
RATE0003771,CUST000514,M0144,R014,ORD0003769,4,2026-06-19
RATE0003772,CUST002578,M0079,R008,ORD0005623,4,2026-08-10
RATE0003773,CUST001396,M0093,R013,ORD0007023,3,2026-07-13
RATE0003774,CUST001678,M0124,R008,ORD0002447,3,2026-09-26
RATE0003775,CUST001070,M0119,R009,ORD0005981,4,2026-07-23
RATE0003776,CUST000997,M0009,R017,ORD0000557,4,2026-05-02
RATE0003777,CUST002665,M0042,R019,ORD0001051,5,2026-06-15
RATE0003778,CUST000929,M0119,R011,ORD0006618,4,2026-01-25
RATE0003779,CUST001369,M0009,R019,ORD0003054,3,2026-08-21
RATE0003780,CUST003939,M0119,R015,ORD0002746,4,2026-07-16
RATE0003781,CUST001339,M0142,R005,ORD0000460,2,2026-09-24
RATE0003782,CUST000422,M0153,R015,ORD0007286,3,2026-06-05
RATE0003783,CUST002628,M0093,R009,ORD0002859,5,2026-05-08
RATE0003784,CUST001196,M0094,R016,ORD0005564,4,2026-06-06
RATE0003785,CUST001529,M0082,R009,ORD0004078,4,2026-08-03
RATE0003786,CUST002596,M0124,R019,ORD0007960,4,2025-11-13
RATE0003787,CUST002918,M0098,R014,ORD0004586,3,2026-04-28
RATE0003788,CUST000323,M0007,R013,ORD0003689,4,2026-06-22
RATE0003789,CUST002401,M0033,R020,ORD0004114,4,2026-06-11
RATE0003790,CUST003715,M0135,R018,ORD0005593,5,2026-08-14
RATE0003791,CUST003080,M0108,R018,ORD0006090,4,2026-06-07
RATE0003792,CUST001517,M0138,R018,ORD0006356,4,2026-09-03
RATE0003793,CUST000051,M0038,R009,ORD0004772,3,2026-08-07
RATE0003794,CUST002305,M0001,R006,ORD0007693,5,2026-01-07
RATE0003795,CUST002469,M0055,R002,ORD0008899,4,2026-08-15
RATE0003796,CUST003512,M0105,R004,ORD0005066,4,2026-08-05
RATE0003797,CUST000936,M0124,R009,ORD0001404,4,2026-09-09
RATE0003798,CUST003023,M0157,R001,ORD0008839,3,2026-06-21
RATE0003799,CUST000365,M0125,R007,ORD0007129,4,2026-08-28
RATE0003800,CUST001551,M0133,R001,ORD0006922,3,2026-08-17
RATE0003801,CUST003879,M0048,R007,ORD0008179,5,2026-04-10
RATE0003802,CUST000163,M0057,R004,ORD0004577,4,2026-09-24
RATE0003803,CUST003512,M0040,R004,ORD0005066,3,2026-08-07
RATE0003804,CUST002708,M0138,R020,ORD0008248,3,2026-07-09
RATE0003805,CUST000870,M0094,R008,ORD0005814,3,2026-09-20
RATE0003806,CUST003774,M0008,R006,ORD0007308,4,2026-05-20
RATE0003807,CUST003238,M0119,R014,ORD0006431,5,2026-06-06
RATE0003808,CUST003821,M0093,R011,ORD0004745,5,2026-06-04
RATE0003809,CUST000867,M0134,R020,ORD0003822,4,2026-08-18
RATE0003810,CUST001249,M0025,R016,ORD0005757,3,2026-05-05
RATE0003811,CUST003216,M0055,R016,ORD0005164,5,2025-11-16
RATE0003812,CUST001248,M0054,R010,ORD0008729,3,2026-06-19
RATE0003813,CUST000936,M0124,R019,ORD0002994,4,2026-05-21
RATE0003814,CUST000297,M0032,R010,ORD0002689,4,2026-09-27
RATE0003815,CUST003026,M0065,R018,ORD0008631,4,2026-06-27
RATE0003816,CUST002950,M0121,R004,ORD0001549,4,2026-09-23
RATE0003817,CUST001717,M0149,R020,ORD0006556,4,2026-09-13
RATE0003818,CUST002772,M0144,R016,ORD0007717,4,2026-05-01
RATE0003819,CUST002966,M0154,R017,ORD0005720,4,2026-06-22
RATE0003820,CUST002654,M0115,R001,ORD0007296,4,2026-09-03
RATE0003821,CUST000048,M0135,R011,ORD0008141,3,2026-03-11
RATE0003822,CUST003995,M0094,R001,ORD0006849,4,2026-09-07
RATE0003823,CUST001962,M0088,R003,ORD0006984,4,2026-05-23
RATE0003824,CUST003813,M0022,R020,ORD0003789,4,2026-08-30
RATE0003825,CUST003440,M0093,R001,ORD0004882,4,2026-03-10
RATE0003826,CUST000729,M0004,R016,ORD0007091,-1,2026-09-21
RATE0003827,CUST000737,M0091,R015,ORD0008333,4,2026-07-08
RATE0003828,CUST001286,M0046,R015,ORD0003003,3,2026-04-18
RATE0003829,CUST002572,M0067,R015,ORD0008594,4,2025-11-30
RATE0003830,CUST001083,M0010,R008,ORD0002394,5,2026-09-23
RATE0003831,CUST003578,M0042,R010,ORD0007273,3,2026-09-16
RATE0003832,CUST001354,M0098,R018,ORD0006713,3,2026-08-25
RATE0003833,CUST002476,M0027,R011,ORD0008855,2,2026-06-28
RATE0003834,CUST001957,M0037,R017,ORD0002372,4,2026-01-27
RATE0003835,CUST003700,M0135,R010,ORD0002839,4,2025-09-12
RATE0003836,CUST002210,M0146,R002,ORD0000089,3,2026-09-21
RATE0003837,CUST000141,M0155,R008,ORD0003138,4,2026-07-31
RATE0003838,CUST000552,M0094,R012,ORD0004736,4,2026-03-01
RATE0003839,CUST001797,M0073,R011,ORD0007699,5,2026-06-06
RATE0003840,CUST002368,M0120,R015,ORD0002879,3,2025-11-07
RATE0003841,CUST002233,M0134,R016,ORD0004442,4,2026-08-25
RATE0003842,CUST002556,M0125,R017,ORD0004751,4,2026-06-10
RATE0003843,CUST003172,M0020,R012,ORD0005988,4,2025-12-17
RATE0003844,CUST000990,M0124,R013,ORD0003643,4,2025-12-24
RATE0003845,CUST001629,M0092,R004,ORD0000109,5,2026-07-20
RATE0003846,CUST002304,M0094,R009,ORD0002659,3,2026-01-15
RATE0003847,CUST003674,M0017,R013,ORD0001604,4,2026-09-17
RATE0003848,CUST002889,M0107,R020,ORD0006348,4,2026-09-15
RATE0003849,CUST000585,M0122,R001,ORD0001276,4,2026-08-16
RATE0003850,CUST001162,M0094,R017,ORD0004355,4,2026-08-24
RATE0003851,CUST001791,M0012,R008,ORD0008363,4,2026-08-28
RATE0003852,CUST002926,M0079,R004,ORD0007549,4,2026-07-14
RATE0003853,CUST002592,M0121,R004,ORD0007443,5,2026-09-24
RATE0003854,CUST002831,M0121,R009,ORD0008196,4,2025-08-26
RATE0003855,CUST000826,M0004,R010,ORD0005555,4,2026-09-16
RATE0003856,CUST001362,M0041,R002,ORD0001939,4,2026-07-20
RATE0003857,CUST000010,M0063,R002,ORD0005914,4,2026-09-22
RATE0003858,CUST002992,M0006,R015,ORD0002383,5,2026-06-01
RATE0003859,CUST001089,M0087,R020,ORD0005240,4,2026-09-20
RATE0003860,CUST000821,M0124,R005,ORD0007000,5,2026-08-05
RATE0003861,CUST002871,M0150,R008,ORD0001564,4,2026-08-09
RATE0003862,CUST001269,M0082,R004,ORD0006605,3,2026-06-23
RATE0003863,CUST003502,M0123,R019,ORD0001888,4,2026-05-14
RATE0003864,CUST002790,M0075,R008,ORD0001790,4,2026-01-19
RATE0003865,CUST003273,M0105,R017,ORD0003019,4,2026-06-19
RATE0003866,CUST003471,M0129,R005,ORD0003622,4,2026-09-15
RATE0003867,CUST000561,M0135,R006,ORD0004613,3,2026-05-08
RATE0003868,CUST001132,M0148,R007,ORD0004414,4,2026-08-20
RATE0003869,CUST000753,M0131,R001,ORD0008806,4,2026-05-10
RATE0003870,CUST001601,M0004,R013,ORD0004413,4,2026-01-17
RATE0003871,CUST000237,M0002,R016,ORD0002740,5,2026-09-12
RATE0003872,CUST001037,M0107,R015,ORD0008172,5,2026-09-12
RATE0003873,CUST000372,M0124,R013,ORD0004011,4,2026-08-09
RATE0003874,CUST002508,M0128,R019,ORD0007891,4,2026-08-09
RATE0003875,CUST003694,M0105,R004,ORD0008974,4,2025-11-14
RATE0003876,CUST000273,M0038,R008,ORD0008222,4,2026-05-20
RATE0003877,CUST002211,M0154,R002,ORD0001637,4,2026-07-18
RATE0003878,CUST003405,M0149,R015,ORD0000877,5,2026-02-26
RATE0003879,CUST001268,M0087,R009,ORD0008875,5,2026-09-18
RATE0003880,CUST002095,M0079,R002,ORD0004777,5,2026-07-31
RATE0003881,CUST003273,M0023,R007,ORD0005504,4,2026-03-25
RATE0003882,CUST002828,M0090,R007,ORD0007094,5,2026-07-07
RATE0003883,CUST000070,M0081,R014,ORD0008578,4,2026-07-12
RATE0003884,CUST002410,M0120,R008,ORD0005581,4,2026-07-15
RATE0003885,CUST002011,M0154,R012,ORD0008395,4,2026-03-14
RATE0003886,CUST002191,M0081,R008,ORD0006426,3,2026-09-11
RATE0003887,CUST003158,M0082,R020,ORD0000124,4,2026-06-22
RATE0003888,CUST002207,M0103,R003,ORD0007855,3,2026-09-03
RATE0003889,CUST003795,M0039,R015,ORD0005675,3,2025-12-13
RATE0003890,CUST001391,M0028,R009,ORD0005935,4,2026-03-25
RATE0003891,CUST000981,M0128,R019,ORD0001286,3,2026-07-05
RATE0003892,CUST002786,M0058,R020,ORD0003437,4,2026-06-22
RATE0003893,CUST002757,M0081,R002,ORD0003936,4,2026-08-24
RATE0003894,CUST003753,M0138,R001,ORD0002920,5,2025-08-30
RATE0003895,CUST002723,M0002,R007,ORD0007154,5,2026-08-19
RATE0003896,CUST000973,M0064,R017,ORD0000242,4,2026-08-15
RATE0003897,CUST001614,M0019,R003,ORD0003935,4,2026-07-09
RATE0003898,CUST000184,M0117,R016,ORD0006387,4,2026-09-22
RATE0003899,CUST003493,M0135,R001,ORD0001152,5,2026-09-03
RATE0003900,CUST002555,M0087,R020,ORD0008745,4,2025-12-27
RATE0003901,CUST000072,M0111,R013,ORD0008715,4,2026-08-15
RATE0003902,CUST000811,M0032,R011,ORD0000821,5,2025-12-12
RATE0003903,CUST000585,M0086,R003,ORD0005445,3,2026-07-25
RATE0003904,CUST001957,M0123,R007,ORD0003121,4,2026-03-17
RATE0003905,CUST001164,M0084,R007,ORD0008121,4,2026-09-01
RATE0003906,CUST002152,M0003,R008,ORD0000423,5,2025-12-26
RATE0003907,CUST000114,M0119,R008,ORD0005791,3,2026-02-02
RATE0003908,CUST002945,M0148,R014,ORD0002775,3,2026-04-06
RATE0003909,CUST001306,M0107,R016,ORD0007073,5,2026-06-26
RATE0003910,CUST001747,M0022,R003,ORD0005406,3,2026-07-18
RATE0003911,CUST000313,M0112,R003,ORD0006964,5,2026-07-06
RATE0003912,CUST001311,M0053,R020,ORD0004203,3,2026-09-17
RATE0003913,CUST002048,M0121,R016,ORD0002932,4,2026-03-09
RATE0003914,CUST003680,M0025,R006,ORD0006845,5,2026-08-11
RATE0003915,CUST002971,M0089,R011,ORD0003201,5,2026-09-14
RATE0003916,CUST003324,M0055,R013,ORD0004023,4,2026-09-20
RATE0003917,CUST003322,M0055,R012,ORD0003234,3,2026-04-05
RATE0003918,CUST003800,M0130,R006,ORD0008800,5,2026-04-12
RATE0003919,CUST001338,M0037,R020,ORD0008468,6,2026-08-29
RATE0003920,CUST003948,M0009,R005,ORD0007327,5,2026-06-17
RATE0003921,CUST000812,M0092,R012,ORD0006163,4,2026-03-20
RATE0003922,CUST002412,M0129,R010,ORD0000844,4,2026-08-26
RATE0003923,CUST001026,M0066,R001,ORD0006193,5,2026-08-01
RATE0003924,CUST001223,M0020,R017,ORD0007655,4,2025-10-10
RATE0003925,CUST000585,M0135,R001,ORD0001276,4,2026-08-14
RATE0003926,CUST002172,M0105,R006,ORD0002754,5,2026-09-21
RATE0003927,CUST002519,M0051,R013,ORD0007644,3,2026-09-07
RATE0003928,CUST002306,M0044,R010,ORD0003684,4,2026-06-04
RATE0003929,CUST002938,M0113,R019,ORD0001229,5,2026-05-21
RATE0003930,CUST001182,M0066,R017,ORD0007929,5,2026-09-26
RATE0003931,CUST000713,M0102,R016,ORD0000263,3,2026-09-11
RATE0003932,CUST002537,M0124,R005,ORD0006542,4,2026-04-22
RATE0003933,CUST001710,M0149,R001,ORD0000018,4,2026-06-11
RATE0003934,CUST003000,M0086,R004,ORD0002283,4,2026-03-06
RATE0003935,CUST002858,M0149,R015,ORD0004528,4,2025-12-17
RATE0003936,CUST003723,M0027,R019,ORD0001902,3,2026-06-03
RATE0003937,CUST000347,M0125,R001,ORD0008178,4,2026-03-20
RATE0003938,CUST000484,M0077,R014,ORD0001624,4,2026-05-27
RATE0003939,CUST003745,M0105,R006,ORD0008702,4,2026-01-10
RATE0003940,CUST000268,M0063,R006,ORD0008101,4,2026-08-20
RATE0003941,CUST001947,M0103,R019,ORD0008479,4,2026-09-24
RATE0003942,CUST001920,M0060,R009,ORD0008256,4,2026-08-27
RATE0003943,CUST002596,M0040,R009,ORD0004104,4,2026-07-12
RATE0003944,CUST002933,M0121,R009,ORD0003509,3,2026-08-29
RATE0003945,CUST002012,M0025,R015,ORD0007657,4,2026-04-07
RATE0003946,CUST001914,M0117,R016,ORD0006235,4,2026-09-19
RATE0003947,CUST001934,M0015,R010,ORD0006901,3,2026-09-12
RATE0003948,CUST003153,M0012,R001,ORD0000842,5,2026-09-07
RATE0003949,CUST002396,M0095,R012,ORD0003801,4,2026-06-03
RATE0003950,CUST003309,M0048,R007,ORD0007709,4,2026-09-15
RATE0003951,CUST002526,M0068,R019,ORD0005589,4,2026-04-02
RATE0003952,CUST003904,M0086,R013,ORD0000178,4,2026-08-01
RATE0003953,CUST001391,M0141,R019,ORD0000498,4,2026-07-05
RATE0003954,CUST002599,M0119,R004,ORD0006297,5,2026-08-05
RATE0003955,CUST003406,M0072,R020,ORD0000082,5,2026-07-17
RATE0003956,CUST001150,M0114,R012,ORD0007305,3,2026-05-19
RATE0003957,CUST003879,M0144,R007,ORD0008179,4,2026-04-11
RATE0003958,CUST000658,M0009,R015,ORD0008303,4,2026-06-20
RATE0003959,CUST003592,M0135,R002,ORD0000936,4,2026-09-27
RATE0003960,CUST000962,M0145,R016,ORD0000438,3,2026-09-23
RATE0003961,CUST002549,M0080,R020,ORD0004257,4,2026-05-04
RATE0003962,CUST001983,M0064,R001,ORD0004177,4,2026-06-14
RATE0003963,CUST002454,M0016,R016,ORD0002024,3,2026-08-09
RATE0003964,CUST001683,M0079,R018,ORD0001822,5,2026-03-31
RATE0003965,CUST002727,M0122,R017,ORD0006995,5,2026-09-16
RATE0003966,CUST000375,M0102,R004,ORD0001477,4,2026-09-18
RATE0003967,CUST003823,M0093,R009,ORD0005468,4,2026-07-08
RATE0003968,CUST002672,M0146,R008,ORD0007886,4,2026-09-20
RATE0003969,CUST001379,M0120,R006,ORD0005446,4,2026-07-20
RATE0003970,CUST001697,M0055,R018,ORD0007927,4,2026-09-20
RATE0003971,CUST000936,M0078,R009,ORD0004467,3,2026-08-22
RATE0003972,CUST003603,M0019,R017,ORD0000851,4,2026-01-15
RATE0003973,CUST000876,M0114,R015,ORD0003390,3,2026-09-19
RATE0003974,CUST001272,M0009,R014,ORD0006200,4,2026-03-17
RATE0003975,CUST001908,M0124,R011,ORD0000065,4,2026-05-18
RATE0003976,CUST003436,M0064,R004,ORD0003856,4,2026-06-25
RATE0003977,CUST002904,M0009,R007,ORD0003266,3,2026-05-07
RATE0003978,CUST000676,M0105,R020,ORD0007008,0,2026-08-25
RATE0003979,CUST003275,M0079,R009,ORD0006116,4,2026-09-24
RATE0003980,CUST002554,M0028,R015,ORD0004677,4,2026-08-13
RATE0003981,CUST002619,M0069,R020,ORD0001206,3,2026-08-05
RATE0003982,CUST003479,M0079,R013,ORD0008828,3,2026-02-09
RATE0003983,CUST000956,M0091,R010,ORD0003596,4,2026-08-15
RATE0003984,CUST003366,M0109,R002,ORD0004489,4,2026-07-12
RATE0003985,CUST000711,M0032,R015,ORD0006949,4,2026-08-27
RATE0003986,CUST000450,M0066,R003,ORD0008721,5,2026-07-02
RATE0003987,CUST001629,M0081,R014,ORD0001070,3,2026-07-28
RATE0003988,CUST001774,M0083,R004,ORD0007638,5,2025-11-10
RATE0003989,CUST002089,M0019,R006,ORD0000675,5,2026-09-08
RATE0003990,CUST002234,M0133,R010,ORD0008822,3,2026-06-20
RATE0003991,CUST001988,M0065,R004,ORD0006511,5,2026-09-10
RATE0003992,CUST002671,M0079,R016,ORD0006669,4,2026-03-18
RATE0003993,CUST000572,M0121,R012,ORD0007504,4,2026-06-24
RATE0003994,CUST001104,M0020,R006,ORD0005471,4,2026-08-13
RATE0003995,CUST002814,M0042,R017,ORD0008280,5,2026-08-23
RATE0003996,CUST002157,M0120,R008,ORD0007969,4,2026-03-06
RATE0003997,CUST001570,M0010,R003,ORD0008792,5,2026-09-09
RATE0003998,CUST003270,M0073,R002,ORD0000224,4,2026-03-10
RATE0003999,CUST001939,M0064,R002,ORD0004896,4,2026-04-16
RATE0004000,CUST002316,M0149,R014,ORD0003417,4,2025-10-26
RATE0004001,CUST002155,M0157,R020,ORD0004672,3,2026-07-05
RATE0004002,CUST002002,M0111,R020,ORD0006552,5,2026-08-27
RATE0004003,CUST001017,M0005,R011,ORD0001108,4,2026-08-14
RATE0004004,CUST000614,M0016,R016,ORD0000279,4,2026-06-16
RATE0004005,CUST003429,M0111,R010,ORD0006797,5,2026-09-21
RATE0004006,CUST003796,M0133,R012,ORD0006450,3,2026-06-28
RATE0004007,CUST003783,M0006,R020,ORD0005295,5,2026-09-23
RATE0004008,CUST000649,M0131,R009,ORD0000193,4,2026-08-28
RATE0004009,CUST002606,M0072,R017,ORD0007360,4,2026-09-24
RATE0004010,CUST000976,M0065,R001,ORD0008628,4,2026-09-09
RATE0004011,CUST003628,M0105,R005,ORD0008183,5,2026-04-30
RATE0004012,CUST002868,M0051,R015,ORD0004557,5,2026-06-14
RATE0004013,CUST000847,M0033,R013,ORD0008434,5,2026-08-19
RATE0004014,CUST001531,M0133,R013,ORD0000691,4,2026-03-11
RATE0004015,CUST001146,M0092,R020,ORD0003148,3,2026-04-03
RATE0004016,CUST001607,M0006,R010,ORD0003560,3,2026-09-08
RATE0004017,CUST000141,M0057,R012,ORD0002023,5,2026-09-01
RATE0004018,CUST002847,M0050,R020,ORD0000110,3,2026-09-01
RATE0004019,CUST003224,M0093,R012,ORD0004993,4,2026-02-28
RATE0004020,CUST000792,M0090,R016,ORD0004154,5,2025-12-19
RATE0004021,CUST001037,M0112,R015,ORD0008172,3,2026-09-13
RATE0004022,CUST002512,M0079,R019,ORD0000430,4,2026-04-01
RATE0004023,CUST000273,M0129,R008,ORD0004087,4,2026-08-29
RATE0004024,CUST001773,M0076,R016,ORD0003134,5,2026-09-24
RATE0004025,CUST002553,M0115,R007,ORD0008481,4,2026-03-28
RATE0004026,CUST003385,M0105,R017,ORD0008703,4,2026-07-29
RATE0004027,CUST003532,M0079,R017,ORD0002162,5,2026-08-30
RATE0004028,CUST003051,M0058,R016,ORD0008948,5,2026-09-22
RATE0004029,CUST002905,M0149,R001,ORD0008711,4,2026-07-06
RATE0004030,CUST000547,M0135,R014,ORD0000490,5,2026-05-21
RATE0004031,CUST001237,M0079,R013,ORD0007104,5,2025-10-23
RATE0004032,CUST000890,M0133,R007,ORD0004400,3,2026-06-19
RATE0004033,CUST000459,M0094,R020,ORD0008356,4,2026-08-04
RATE0004034,CUST001532,M0019,R016,ORD0003255,3,2026-08-28
RATE0004035,CUST002767,M0055,R016,ORD0006212,5,2026-07-24
RATE0004036,CUST003939,M0107,R005,ORD0000751,5,2026-07-26
RATE0004037,CUST002880,M0127,R001,ORD0003923,3,2026-07-23
RATE0004038,CUST001521,M0053,R006,ORD0007530,3,2026-05-13
RATE0004039,CUST002587,M0061,R015,ORD0004020,4,2026-09-13
RATE0004040,CUST002379,M0064,R020,ORD0005689,0,2026-09-12
RATE0004041,CUST003308,M0002,R010,ORD0001993,4,2026-09-17
RATE0004042,CUST001851,M0076,R012,ORD0005832,4,2026-07-08
RATE0004043,CUST000578,M0089,R016,ORD0008065,4,2026-07-07
RATE0004044,CUST002704,M0138,R008,ORD0008940,4,2026-09-18
RATE0004045,CUST002918,M0036,R014,ORD0004586,4,2026-04-30
RATE0004046,CUST000088,M0050,R018,ORD0006085,3,2025-11-17
RATE0004047,CUST003999,M0084,R020,ORD0005733,3,2026-08-22
RATE0004048,CUST001248,M0053,R010,ORD0008729,3,2026-06-23
RATE0004049,CUST000723,M0119,R008,ORD0005404,4,2026-01-02
RATE0004050,CUST002851,M0156,R019,ORD0005796,4,2026-09-26
RATE0004051,CUST002457,M0083,R017,ORD0000775,4,2026-05-04
RATE0004052,CUST001532,M0144,R016,ORD0005821,5,2026-09-04
RATE0004053,CUST003562,M0105,R013,ORD0003867,4,2026-07-11
RATE0004054,CUST002119,M0094,R011,ORD0008454,4,2026-08-06
RATE0004055,CUST000080,M0042,R004,ORD0001223,5,2026-01-29
RATE0004056,CUST001531,M0117,R003,ORD0003189,4,2025-11-30
RATE0004057,CUST001821,M0066,R011,ORD0005094,4,2026-05-12
RATE0004058,CUST003995,M0107,R001,ORD0006700,4,2025-11-08
RATE0004059,CUST000158,M0131,R015,ORD0007975,5,2026-08-01
RATE0004060,CUST001756,M0119,R009,ORD0002340,3,2026-08-12
RATE0004061,CUST003961,M0051,R009,ORD0003410,3,2026-09-11
RATE0004062,CUST003404,M0035,R007,ORD0005920,3,2026-08-10
RATE0004063,CUST001179,M0133,R019,ORD0000301,3,2026-09-22
RATE0004064,CUST000051,M0079,R009,ORD0007951,5,2026-08-13
RATE0004065,CUST002379,M0079,R020,ORD0001071,4,2026-09-14
RATE0004066,CUST000517,M0075,R001,ORD0004759,5,2026-07-17
RATE0004067,CUST002937,M0109,R008,ORD0006456,3,2025-12-05
RATE0004068,CUST003864,M0051,R012,ORD0000414,3,2025-12-18
RATE0004069,CUST000752,M0149,R007,ORD0007881,4,2026-09-04
RATE0004070,CUST002073,M0046,R015,ORD0003206,3,2026-08-12
RATE0004071,CUST000632,M0036,R002,ORD0007803,4,2026-04-18
RATE0004072,CUST000587,M0131,R015,ORD0006631,4,2026-07-05
RATE0004073,CUST000308,M0083,R010,ORD0006632,5,2026-06-27
RATE0004074,CUST001215,M0010,R013,ORD0000420,5,2026-08-16
RATE0004075,CUST000036,M0068,R007,ORD0008202,4,2026-09-14
RATE0004076,CUST000870,M0094,R008,ORD0005814,3,2026-09-20
RATE0004077,CUST000334,M0150,R015,ORD0002393,4,2026-05-19
RATE0004078,CUST001484,M0051,R010,ORD0001860,4,2026-04-18
RATE0004079,CUST003769,M0131,R011,ORD0004921,5,2026-09-06
RATE0004080,CUST000979,M0120,R012,ORD0006192,5,2026-08-13
RATE0004081,CUST000841,M0048,R017,ORD0002752,4,2026-09-15
RATE0004082,CUST003340,M0117,R017,ORD0000473,5,2026-07-20
RATE0004083,CUST003422,M0009,R005,ORD0000299,5,2026-09-07
RATE0004084,CUST000543,M0086,R012,ORD0005498,4,2026-06-14
RATE0004085,CUST000338,M0051,R003,ORD0008607,4,2026-06-23
RATE0004086,CUST000450,M0091,R013,ORD0002998,5,2026-07-25
RATE0004087,CUST003857,M0094,R011,ORD0006695,3,2026-05-05
RATE0004088,CUST002886,M0119,R003,ORD0008927,4,2026-07-13
RATE0004089,CUST003512,M0149,R014,ORD0004884,4,2026-05-24
RATE0004090,CUST003265,M0019,R004,ORD0004574,5,2026-08-07
RATE0004091,CUST002557,M0092,R013,ORD0003674,4,2026-05-11
RATE0004092,CUST001762,M0094,R018,ORD0005458,3,2026-04-08
RATE0004093,CUST003310,M0123,R006,ORD0003091,4,2026-09-21
RATE0004094,CUST001723,M0072,R009,ORD0008274,4,2026-05-25
RATE0004095,CUST001309,M0115,R004,ORD0001293,4,2026-04-08
RATE0004096,CUST000466,M0004,R003,ORD0008842,4,2026-09-19
RATE0004097,CUST000640,M0117,R010,ORD0008860,5,2026-09-27
RATE0004098,CUST000266,M0151,R006,ORD0008676,3,2026-07-31
RATE0004099,CUST001239,M0150,R003,ORD0007606,4,2026-08-08
RATE0004100,CUST000861,M0092,R015,ORD0001137,4,2026-04-01
RATE0004101,CUST003597,M0099,R003,ORD0005291,4,2025-12-21
RATE0004102,CUST000116,M0082,R016,ORD0005979,3,2026-08-19
RATE0004103,CUST000469,M0072,R001,ORD0004594,3,2026-06-07
RATE0004104,CUST001580,M0111,R003,ORD0007055,5,2026-09-14
RATE0004105,CUST002096,M0124,R019,ORD0007025,3,2026-05-28
RATE0004106,CUST001221,M0114,R016,ORD0006311,4,2026-08-28
RATE0004107,CUST001557,M0028,R017,ORD0005207,4,2026-09-25
RATE0004108,CUST003613,M0152,R001,ORD0007274,4,2026-08-23
RATE0004109,CUST001195,M0080,R017,ORD0005704,4,2026-03-14
RATE0004110,CUST002724,M0136,R011,ORD0004040,3,2026-07-03
RATE0004111,CUST002744,M0148,R020,ORD0002362,4,2026-06-02
RATE0004112,CUST001278,M0041,R012,ORD0006988,4,2026-08-04
RATE0004113,CUST003641,M0107,R015,ORD0008835,4,2026-08-13
RATE0004114,CUST001391,M0136,R009,ORD0005935,4,2026-03-24
RATE0004115,CUST001561,M0127,R017,ORD0003884,3,2026-08-08
RATE0004116,CUST000889,M0079,R002,ORD0001056,5,2026-03-22
RATE0004117,CUST002402,M0135,R017,ORD0007789,5,2026-09-23
RATE0004118,CUST003905,M0105,R007,ORD0004618,5,2025-09-16
RATE0004119,CUST001957,M0059,R017,ORD0002372,3,2026-01-27
RATE0004120,CUST001157,M0003,R007,ORD0000074,5,2026-09-06
RATE0004121,CUST003944,M0114,R019,ORD0001663,4,2026-09-19
RATE0004122,CUST001100,M0108,R019,ORD0006854,5,2026-02-22
RATE0004123,CUST003580,M0111,R006,ORD0007233,4,2026-08-08
RATE0004124,CUST001747,M0001,R007,ORD0003079,4,2026-05-25
RATE0004125,CUST003849,M0130,R005,ORD0006259,4,2026-03-06
RATE0004126,CUST002220,M0130,R009,ORD0001050,4,2026-02-03
RATE0004127,CUST003627,M0033,R013,ORD0002149,4,2025-12-19
RATE0004128,CUST000534,M0024,R017,ORD0004161,3,2026-04-06
RATE0004129,CUST002264,M0135,R008,ORD0005827,4,2026-08-07
RATE0004130,CUST002019,M0081,R008,ORD0001177,3,2026-09-26
RATE0004131,CUST002110,M0105,R010,ORD0007046,4,2026-07-29
RATE0004132,CUST001939,M0065,R002,ORD0007095,3,2026-04-29
RATE0004133,CUST002615,M0079,R010,ORD0006936,4,2026-08-18
RATE0004134,CUST003133,M0121,R010,ORD0004251,5,2026-09-05
RATE0004135,CUST001269,M0136,R014,ORD0006976,4,2025-10-29
RATE0004136,CUST002773,M0150,R020,ORD0002284,5,2025-11-03
RATE0004137,CUST001355,M0120,R016,ORD0001139,5,2026-08-08
RATE0004138,CUST002259,M0025,R014,ORD0001980,4,2026-09-08
RATE0004139,CUST000464,M0121,R004,ORD0006122,4,2026-05-14
RATE0004140,CUST000199,M0060,R003,ORD0004599,3,2026-01-08
RATE0004141,CUST002743,M0093,R016,ORD0001445,4,2026-09-03
RATE0004142,CUST001281,M0135,R012,ORD0003983,5,2026-08-06
RATE0004143,CUST001909,M0131,R009,ORD0000578,4,2026-04-25
RATE0004144,CUST000079,M0063,R004,ORD0007968,4,2026-08-07
RATE0004145,CUST003481,M0025,R014,ORD0004894,4,2026-02-04
RATE0004146,CUST001709,M0157,R012,ORD0006933,4,2025-12-22
RATE0004147,CUST001718,M0095,R006,ORD0006319,4,2026-06-11
RATE0004148,CUST001559,M0006,R012,ORD0000345,4,2026-07-22
RATE0004149,CUST003657,M0135,R017,ORD0002247,5,2026-09-13
RATE0004150,CUST002894,M0138,R001,ORD0004292,5,2026-02-09
RATE0004151,CUST001972,M0004,R001,ORD0008023,3,2026-06-07
RATE0004152,CUST002038,M0019,R002,ORD0006592,4,2026-09-26
RATE0004153,CUST001399,M0009,R014,ORD0007749,4,2026-03-02
RATE0004154,CUST001563,M0088,R003,ORD0000115,3,2026-06-20
RATE0004155,CUST003528,M0119,R011,ORD0002297,3,2026-08-10
RATE0004156,CUST001347,M0002,R016,ORD0004107,4,2026-09-06
RATE0004157,CUST003861,M0102,R001,ORD0007924,2,2026-07-16
RATE0004158,CUST002323,M0070,R012,ORD0005014,3,2026-07-13
RATE0004159,CUST003668,M0004,R004,ORD0002163,0,2026-07-04
RATE0004160,CUST002373,M0006,R017,ORD0003467,4,2026-06-06
RATE0004161,CUST003478,M0055,R017,ORD0008272,4,2026-07-15
RATE0004162,CUST003603,M0116,R017,ORD0000851,4,2026-01-15
RATE0004163,CUST002309,M0124,R002,ORD0003392,4,2026-08-24
RATE0004164,CUST000565,M0122,R009,ORD0003843,4,2026-08-18
RATE0004165,CUST001780,M0037,R017,ORD0004634,4,2026-09-22
RATE0004166,CUST000775,M0153,R014,ORD0003180,3,2026-09-24
RATE0004167,CUST002320,M0008,R004,ORD0006170,3,2026-05-04
RATE0004168,CUST001101,M0082,R016,ORD0000235,3,2026-02-21
RATE0004169,CUST002935,M0012,R002,ORD0006550,3,2026-09-25
RATE0004170,CUST003458,M0135,R002,ORD0006213,4,2026-09-26
RATE0004171,CUST002357,M0093,R012,ORD0008470,3,2026-02-19
RATE0004172,CUST001924,M0064,R008,ORD0000897,4,2026-03-21
RATE0004173,CUST002592,M0086,R004,ORD0002690,4,2026-05-15
RATE0004174,CUST001657,M0046,R005,ORD0002333,3,2026-06-11
RATE0004175,CUST003603,M0033,R017,ORD0004129,4,2025-11-03
RATE0004176,CUST000834,M0031,R014,ORD0002751,3,2026-06-20
RATE0004177,CUST000304,M0092,R010,ORD0004443,3,2026-09-13
RATE0004178,CUST002619,M0037,R020,ORD0001206,5,2026-08-06
RATE0004179,CUST003892,M0079,R007,ORD0005693,5,2026-07-17
RATE0004180,CUST003439,M0135,R003,ORD0004197,3,2026-04-24
RATE0004181,CUST001264,M0121,R019,ORD0000876,4,2025-11-15
RATE0004182,CUST003717,M0069,R016,ORD0002047,4,2026-05-24
RATE0004183,CUST001388,M0048,R016,ORD0000317,4,2026-09-25
RATE0004184,CUST001164,M0099,R007,ORD0008121,4,2026-09-02
RATE0004185,CUST000520,M0105,R004,ORD0000764,5,2026-09-03
RATE0004186,CUST003700,M0092,R020,ORD0006658,3,2026-09-19
RATE0004187,CUST002310,M0105,R013,ORD0001574,4,2026-08-01
RATE0004188,CUST002942,M0120,R020,ORD0006769,4,2026-09-06
RATE0004189,CUST003281,M0122,R012,ORD0004659,4,2026-07-04
RATE0004190,CUST001446,M0121,R019,ORD0000153,4,2026-04-14
RATE0004191,CUST003522,M0063,R016,ORD0001430,4,2026-05-25
RATE0004192,CUST001653,M0108,R003,ORD0003104,4,2026-06-13
RATE0004193,CUST003860,M0010,R001,ORD0003217,4,2026-09-21
RATE0004194,CUST003764,M0094,R013,ORD0005077,4,2026-07-28
RATE0004195,CUST002539,M0113,R007,ORD0000797,3,2026-08-08
RATE0004196,CUST003643,M0105,R013,ORD0006157,4,2026-09-18
RATE0004197,CUST003868,M0111,R008,ORD0005716,4,2025-12-18
RATE0004198,CUST000899,M0046,R001,ORD0002342,4,2026-01-22
RATE0004199,CUST003488,M0098,R004,ORD0002172,3,2026-08-12
RATE0004200,CUST003507,M0014,R002,ORD0004891,4,2026-05-11
RATE0004201,CUST001213,M0127,R004,ORD0001903,3,2026-09-24
RATE0004202,CUST002145,M0113,R018,ORD0005363,3,2026-04-22
RATE0004203,CUST001816,M0133,R016,ORD0003933,3,2026-07-18
RATE0004204,CUST001187,M0099,R004,ORD0005527,4,2026-03-24
RATE0004205,CUST001049,M0099,R012,ORD0001622,5,2026-09-24
RATE0004206,CUST003699,M0123,R010,ORD0006320,4,2026-08-22
RATE0004207,CUST003485,M0093,R009,ORD0004640,3,2026-09-25
RATE0004208,CUST003234,M0098,R011,ORD0005703,4,2026-06-28
RATE0004209,CUST001254,M0135,R014,ORD0003336,4,2026-08-13
RATE0004210,CUST002516,M0118,R012,ORD0004827,4,2026-08-12
RATE0004211,CUST002542,M0139,R006,ORD0002438,5,2026-07-05
RATE0004212,CUST002809,M0060,R003,ORD0006270,4,2026-04-26
RATE0004213,CUST000492,M0010,R006,ORD0004791,4,2026-06-08
RATE0004214,CUST003840,M0022,R003,ORD0001997,5,2026-06-22
RATE0004215,CUST003845,M0107,R016,ORD0004684,3,2026-09-22
RATE0004216,CUST003647,M0120,R004,ORD0008148,5,2026-09-29
RATE0004217,CUST002599,M0148,R014,ORD0003330,4,2026-05-19
RATE0004218,CUST003558,M0093,R020,ORD0003570,4,2026-06-26
RATE0004219,CUST000508,M0032,R017,ORD0008626,4,2026-08-22
RATE0004220,CUST001601,M0079,R013,ORD0005723,5,2025-12-26
RATE0004221,CUST002596,M0007,R019,ORD0006889,4,2026-02-09
RATE0004222,CUST003909,M0019,R001,ORD0007354,4,2026-06-23
RATE0004223,CUST003496,M0133,R016,ORD0000841,2,2025-12-11
RATE0004224,CUST000886,M0135,R009,ORD0003656,3,2026-06-23
RATE0004225,CUST000384,M0055,R002,ORD0001118,3,2026-09-23
RATE0004226,CUST003466,M0102,R016,ORD0008032,3,2026-09-24
RATE0004227,CUST002034,M0037,R009,ORD0000363,5,2026-05-26
RATE0004228,CUST000095,M0011,R015,ORD0006738,4,2026-08-23
RATE0004229,CUST000400,M0004,R012,ORD0004374,3,2026-08-19
RATE0004230,CUST000169,M0156,R014,ORD0003818,4,2026-07-04
RATE0004231,CUST000611,M0087,R011,ORD0005586,5,2026-01-12
RATE0004232,CUST002720,M0112,R003,ORD0000813,3,2026-09-18
RATE0004233,CUST002303,M0154,R016,ORD0008308,4,2026-06-03
RATE0004234,CUST003537,M0042,R003,ORD0007378,4,2026-03-14
RATE0004235,CUST000588,M0119,R010,ORD0002587,4,2026-09-19
RATE0004236,CUST001337,M0133,R020,ORD0005570,4,2026-02-13
RATE0004237,CUST001797,M0082,R011,ORD0004665,4,2026-03-27
RATE0004238,CUST002276,M0029,R007,ORD0006814,4,2026-05-28
RATE0004239,CUST003814,M0110,R019,ORD0008706,3,2026-01-31
RATE0004240,CUST001531,M0094,R013,ORD0006186,4,2026-05-05
RATE0004241,CUST000984,M0091,R020,ORD0007896,4,2026-08-25
RATE0004242,CUST001717,M0006,R010,ORD0001258,5,2026-05-15
RATE0004243,CUST002854,M0154,R012,ORD0004084,4,2026-08-30
RATE0004244,CUST000162,M0068,R019,ORD0005985,4,2026-03-18
RATE0004245,CUST003461,M0150,R020,ORD0005995,4,2026-09-23
RATE0004246,CUST003720,M0122,R001,ORD0000493,4,2026-09-17
RATE0004247,CUST003868,M0131,R008,ORD0005716,4,2025-12-15
RATE0004248,CUST000890,M0045,R003,ORD0003791,5,2026-04-24
RATE0004249,CUST000106,M0138,R012,ORD0005668,4,2026-05-12
RATE0004250,CUST001352,M0079,R013,ORD0005510,4,2026-03-11
RATE0004251,CUST000171,M0064,R017,ORD0001845,4,2025-12-18
RATE0004252,CUST000185,M0042,R005,ORD0004855,5,2026-09-20
RATE0004253,CUST000764,M0041,R013,ORD0008856,4,2026-07-02
RATE0004254,CUST002158,M0016,R016,ORD0005836,4,2025-10-28
RATE0004255,CUST000975,M0112,R012,ORD0001616,4,2026-09-25
RATE0004256,CUST001535,M0046,R008,ORD0006929,4,2026-09-21
RATE0004257,CUST002439,M0007,R006,ORD0004508,3,2026-09-23
RATE0004258,CUST002609,M0064,R003,ORD0005743,5,2026-05-24
RATE0004259,CUST000872,M0042,R014,ORD0008990,4,2026-09-28
RATE0004260,CUST000886,M0002,R019,ORD0008777,4,2026-09-14
RATE0004261,CUST001660,M0130,R013,ORD0003385,4,2026-02-28
RATE0004262,CUST001502,M0048,R012,ORD0001135,3,2026-08-18
RATE0004263,CUST002966,M0074,R017,ORD0000020,4,2026-07-24
RATE0004264,CUST002144,M0042,R015,ORD0003414,4,2026-03-08
RATE0004265,CUST000333,M0105,R004,ORD0002820,4,2026-09-22
RATE0004266,CUST000933,M0064,R003,ORD0000422,4,2026-03-16
RATE0004267,CUST002668,M0073,R006,ORD0006371,5,2026-09-10
RATE0004268,CUST001924,M0004,R008,ORD0000897,4,2026-03-22
RATE0004269,CUST000510,M0102,R009,ORD0008519,3,2026-01-05
RATE0004270,CUST002304,M0124,R009,ORD0004995,4,2026-04-02
RATE0004271,CUST003563,M0132,R007,ORD0003052,2,2025-10-27
RATE0004272,CUST000891,M0037,R003,ORD0007469,3,2025-12-08
RATE0004273,CUST002206,M0040,R004,ORD0001947,3,2026-07-03
RATE0004274,CUST001484,M0135,R010,ORD0001860,4,2026-04-16
RATE0004275,CUST000035,M0051,R018,ORD0005824,4,2026-05-12
RATE0004276,CUST001512,M0018,R020,ORD0003099,4,2026-09-09
RATE0004277,CUST000572,M0014,R002,ORD0001667,4,2026-06-14
RATE0004278,CUST003770,M0090,R005,ORD0007051,4,2026-09-26
RATE0004279,CUST000435,M0050,R008,ORD0004499,3,2026-06-01
RATE0004280,CUST001020,M0094,R019,ORD0004652,4,2026-08-09
RATE0004281,CUST001309,M0044,R014,ORD0001269,4,2026-09-21
RATE0004282,CUST000673,M0065,R008,ORD0006991,4,2026-08-20
RATE0004283,CUST003230,M0097,R018,ORD0005027,4,2026-08-21
RATE0004284,CUST000889,M0048,R002,ORD0008804,4,2026-05-26
RATE0004285,CUST003809,M0060,R017,ORD0005969,4,2026-08-24
RATE0004286,CUST001845,M0119,R010,ORD0003059,3,2026-08-08
RATE0004287,CUST004000,M0105,R003,ORD0005552,4,2026-06-22
RATE0004288,CUST000741,M0059,R020,ORD0006570,3,2026-03-26
RATE0004289,CUST000994,M0113,R007,ORD0006201,4,2026-09-15
RATE0004290,CUST000775,M0122,R006,ORD0007878,3,2026-09-22
RATE0004291,CUST002794,M0120,R018,ORD0005376,4,2026-08-29
RATE0004292,CUST001273,M0032,R006,ORD0000232,4,2026-09-25
RATE0004293,CUST000808,M0124,R006,ORD0002210,3,2026-09-22
RATE0004294,CUST000973,M0122,R017,ORD0000242,4,2026-08-17
RATE0004295,CUST002633,M0051,R011,ORD0008526,4,2026-04-27
RATE0004296,CUST002687,M0146,R009,ORD0001713,3,2026-03-07
RATE0004297,CUST001531,M0135,R013,ORD0006186,4,2026-05-05
RATE0004298,CUST002245,M0133,R009,ORD0007250,4,2026-09-12
RATE0004299,CUST002450,M0084,R011,ORD0003438,3,2026-09-22
RATE0004300,CUST002573,M0016,R012,ORD0004032,3,2026-08-12
RATE0004301,CUST001116,M0072,R002,ORD0008881,5,2026-09-13
RATE0004302,CUST003234,M0107,R014,ORD0008847,4,2026-06-18
RATE0004303,CUST000162,M0028,R019,ORD0006475,4,2026-08-18
RATE0004304,CUST002247,M0135,R014,ORD0005405,4,2026-09-21
RATE0004305,CUST002166,M0004,R002,ORD0003428,4,2026-08-16
RATE0004306,CUST003395,M0120,R018,ORD0006440,5,2026-08-28
RATE0004307,CUST003520,M0013,R018,ORD0004256,4,2026-09-15
RATE0004308,CUST002367,M0019,R002,ORD0002759,3,2026-09-24
RATE0004309,CUST003179,M0145,R017,ORD0005042,3,2026-08-27
RATE0004310,CUST001404,M0042,R008,ORD0007974,4,2026-07-12
RATE0004311,CUST003595,M0081,R004,ORD0008978,5,2026-09-17
RATE0004312,CUST001435,M0108,R007,ORD0006439,3,2026-09-16
RATE0004313,CUST000764,M0094,R013,ORD0007045,4,2026-05-20
RATE0004314,CUST002724,M0081,R001,ORD0007964,4,2026-03-06
RATE0004315,CUST003466,M0125,R013,ORD0005788,4,2026-09-03
RATE0004316,CUST001592,M0042,R013,ORD0000130,5,2026-07-30
RATE0004317,CUST000326,M0051,R005,ORD0005629,4,2026-07-27
RATE0004318,CUST003314,M0064,R019,ORD0001063,3,2026-07-27
RATE0004319,CUST002279,M0105,R007,ORD0001950,5,2026-05-10
RATE0004320,CUST001679,M0135,R005,ORD0000799,5,2026-05-23
RATE0004321,CUST001963,M0092,R019,ORD0005255,4,2026-09-27
RATE0004322,CUST003085,M0143,R020,ORD0001516,3,2026-05-15
RATE0004323,CUST001195,M0045,R008,ORD0001283,4,2025-12-20
RATE0004324,CUST003108,M0133,R009,ORD0006880,3,2026-06-20
RATE0004325,CUST003732,M0038,R002,ORD0005300,3,2026-09-25
RATE0004326,CUST002040,M0099,R020,ORD0007801,4,2026-09-25
RATE0004327,CUST000687,M0150,R013,ORD0004117,3,2026-06-09
RATE0004328,CUST002721,M0105,R003,ORD0007594,5,2026-09-17
RATE0004329,CUST003955,M0133,R014,ORD0004873,3,2025-11-05
RATE0004330,CUST003114,M0127,R018,ORD0000554,4,2026-08-03
RATE0004331,CUST000268,M0138,R006,ORD0006308,3,2026-07-02
RATE0004332,CUST000334,M0101,R006,ORD0007920,4,2026-08-24
RATE0004333,CUST000249,M0105,R019,ORD0006577,5,2026-07-12
RATE0004334,CUST002600,M0144,R007,ORD0000792,3,2026-05-29
RATE0004335,CUST003562,M0087,R003,ORD0001279,5,2026-03-02
RATE0004336,CUST002383,M0074,R003,ORD0004758,4,2026-09-17
RATE0004337,CUST003454,M0048,R006,ORD0007316,5,2026-09-07
RATE0004338,CUST002442,M0025,R008,ORD0005639,5,2026-09-26
RATE0004339,CUST001272,M0121,R014,ORD0006200,4,2026-03-16
RATE0004340,CUST001157,M0020,R007,ORD0003230,3,2026-04-18
RATE0004341,CUST001091,M0086,R006,ORD0002838,4,2026-01-16
RATE0004342,CUST001767,M0135,R011,ORD0006494,4,2026-05-29
RATE0004343,CUST002809,M0024,R013,ORD0002960,4,2026-09-06
RATE0004344,CUST002285,M0080,R016,ORD0001238,3,2026-06-21
RATE0004345,CUST002036,M0004,R011,ORD0001076,4,2026-08-12
RATE0004346,CUST002344,M0057,R001,ORD0007143,4,2025-09-06
RATE0004347,CUST002427,M0143,R005,ORD0006871,4,2026-09-28
RATE0004348,CUST002654,M0040,R001,ORD0007296,3,2026-09-02
RATE0004349,CUST001683,M0124,R008,ORD0001030,4,2026-05-30
RATE0004350,CUST002989,M0052,R006,ORD0007199,4,2026-02-23
RATE0004351,CUST000134,M0133,R014,ORD0005252,4,2026-04-16
RATE0004352,CUST000193,M0012,R015,ORD0008492,4,2026-08-01
RATE0004353,CUST003847,M0088,R005,ORD0003457,4,2026-03-07
RATE0004354,CUST000334,M0094,R015,ORD0006208,4,2026-09-03
RATE0004355,CUST000500,M0120,R020,ORD0005975,4,2026-07-13
RATE0004356,CUST000644,M0129,R016,ORD0008231,5,2026-06-08
RATE0004357,CUST001421,M0124,R019,ORD0002876,3,2026-08-06
RATE0004358,CUST001234,M0156,R006,ORD0001952,4,2026-07-25
RATE0004359,CUST000268,M0124,R006,ORD0005954,4,2026-07-05
RATE0004360,CUST002223,M0082,R009,ORD0000647,3,2026-07-10
RATE0004361,CUST003985,M0135,R006,ORD0003075,4,2026-07-09
RATE0004362,CUST002859,M0098,R010,ORD0004550,4,2026-05-20
RATE0004363,CUST002639,M0053,R013,ORD0004392,3,2026-09-11
RATE0004364,CUST000584,M0036,R016,ORD0004820,4,2026-09-12
RATE0004365,CUST000134,M0093,R014,ORD0005252,3,2026-04-13
RATE0004366,CUST000318,M0066,R017,ORD0007863,5,2025-12-23
RATE0004367,CUST000687,M0009,R013,ORD0003464,4,2026-09-25
RATE0004368,CUST003405,M0147,R020,ORD0005004,3,2025-12-14
RATE0004369,CUST003601,M0004,R011,ORD0008960,5,2026-01-17
RATE0004370,CUST001146,M0141,R016,ORD0002734,4,2026-03-25
RATE0004371,CUST000994,M0125,R002,ORD0005641,5,2026-05-26
RATE0004372,CUST001460,M0029,R005,ORD0006025,4,2026-06-05
RATE0004373,CUST002362,M0003,R012,ORD0007892,5,2026-04-30
RATE0004374,CUST000401,M0133,R002,ORD0006376,3,2026-07-17
RATE0004375,CUST003051,M0149,R016,ORD0008948,5,2026-09-23
RATE0004376,CUST001509,M0004,R013,ORD0007476,4,2026-07-28
RATE0004377,CUST000572,M0066,R012,ORD0007405,4,2026-05-12
RATE0004378,CUST002234,M0087,R010,ORD0008822,4,2026-06-18
RATE0004379,CUST001507,M0079,R001,ORD0005149,4,2026-08-18
RATE0004380,CUST002657,M0114,R009,ORD0005829,4,2026-06-02
RATE0004381,CUST003436,M0120,R014,ORD0003394,5,2026-09-07
RATE0004382,CUST003050,M0099,R018,ORD0007862,4,2026-03-27
RATE0004383,CUST002596,M0079,R019,ORD0007960,5,2025-11-12
RATE0004384,CUST003405,M0081,R020,ORD0005004,4,2025-12-12
RATE0004385,CUST003882,M0060,R017,ORD0002683,4,2026-09-15
RATE0004386,CUST002295,M0057,R014,ORD0003752,5,2026-06-20
RATE0004387,CUST002073,M0119,R015,ORD0002400,5,2026-09-26
RATE0004388,CUST000765,M0113,R001,ORD0001955,4,2026-04-17
RATE0004389,CUST001352,M0010,R013,ORD0005510,4,2026-03-10
RATE0004390,CUST000034,M0137,R019,ORD0001019,4,2026-05-13
RATE0004391,CUST003888,M0064,R011,ORD0000809,4,2026-09-26
RATE0004392,CUST001484,M0087,R010,ORD0006762,4,2026-06-11
RATE0004393,CUST003063,M0132,R006,ORD0002405,4,2026-06-28
RATE0004394,CUST002484,M0091,R008,ORD0004201,4,2026-04-03
RATE0004395,CUST000367,M0120,R018,ORD0008783,5,2026-05-26
RATE0004396,CUST003668,M0149,R004,ORD0002163,3,2026-07-01
RATE0004397,CUST000326,M0047,R015,ORD0005611,3,2026-09-08
RATE0004398,CUST003896,M0004,R005,ORD0001180,4,2026-07-11
RATE0004399,CUST003311,M0079,R011,ORD0004833,5,2026-08-05
RATE0004400,CUST000625,M0117,R019,ORD0006703,5,2026-09-08
RATE0004401,CUST002230,M0076,R007,ORD0006598,3,2026-06-23
RATE0004402,CUST001258,M0093,R017,ORD0004642,4,2026-01-13
RATE0004403,CUST001731,M0139,R018,ORD0008946,4,2026-07-21
RATE0004404,CUST000770,M0079,R005,ORD0005215,4,2025-11-13
RATE0004405,CUST002481,M0064,R008,ORD0008742,4,2026-06-05
RATE0004406,CUST003293,M0025,R016,ORD0006330,4,2026-03-02
RATE0004407,CUST001104,M0081,R006,ORD0001475,4,2026-08-10
RATE0004408,CUST003060,M0041,R011,ORD0002678,4,2026-08-20
RATE0004409,CUST000010,M0145,R004,ORD0004433,4,2026-09-26
RATE0004410,CUST002873,M0097,R020,ORD0007049,5,2026-08-12
RATE0004411,CUST001703,M0083,R003,ORD0003597,4,2026-08-04
RATE0004412,CUST003904,M0097,R008,ORD0002452,4,2026-04-30
RATE0004413,CUST003208,M0092,R011,ORD0003503,3,2026-04-29
RATE0004414,CUST000277,M0136,R011,ORD0000632,4,2026-07-13
RATE0004415,CUST003270,M0092,R002,ORD0000224,3,2026-03-11
RATE0004416,CUST002597,M0137,R007,ORD0002974,4,2026-06-18
RATE0004417,CUST000833,M0124,R004,ORD0003037,3,2025-10-20
RATE0004418,CUST003166,M0055,R018,ORD0008661,4,2026-09-24
RATE0004419,CUST002540,M0044,R015,ORD0000962,4,2026-09-01
RATE0004420,CUST002333,M0010,R007,ORD0000840,4,2026-09-01
RATE0004421,CUST000592,M0120,R010,ORD0005189,3,2025-10-04
RATE0004422,CUST000635,M0135,R008,ORD0005725,5,2025-12-07
RATE0004423,CUST003705,M0128,R012,ORD0008076,3,2026-08-30
RATE0004424,CUST002137,M0103,R010,ORD0006077,4,2026-06-30
RATE0004425,CUST001433,M0033,R015,ORD0006653,4,2026-04-22
RATE0004426,CUST000216,M0081,R013,ORD0001843,4,2025-11-13
RATE0004427,CUST003820,M0094,R004,ORD0001471,3,2026-05-28
RATE0004428,CUST003583,M0155,R011,ORD0005666,3,2026-05-16
RATE0004429,CUST001819,M0004,R006,ORD0000256,4,2025-10-12
RATE0004430,CUST001733,M0121,R019,ORD0004498,4,2026-09-05
RATE0004431,CUST001196,M0121,R006,ORD0000369,3,2026-07-16
RATE0004432,CUST001744,M0086,R013,ORD0003963,4,2026-03-23
RATE0004433,CUST003524,M0009,R010,ORD0002848,3,2026-05-11
RATE0004434,CUST002403,M0010,R005,ORD0001290,4,2026-06-01
RATE0004435,CUST001534,M0072,R015,ORD0003519,4,2026-09-12
RATE0004436,CUST002980,M0092,R010,ORD0004655,4,2026-08-03
RATE0004437,CUST002973,M0129,R005,ORD0007013,5,2026-04-06
RATE0004438,CUST001537,M0046,R017,ORD0000987,4,2026-06-22
RATE0004439,CUST002276,M0059,R007,ORD0006814,2,2026-05-29
RATE0004440,CUST002169,M0046,R003,ORD0002201,4,2026-06-18
RATE0004441,CUST000644,M0042,R016,ORD0008231,4,2026-06-05
RATE0004442,CUST000733,M0054,R002,ORD0001729,5,2026-07-04
RATE0004443,CUST003549,M0128,R014,ORD0002188,3,2026-01-03
RATE0004444,CUST000863,M0079,R012,ORD0006124,4,2026-04-27
RATE0004445,CUST002050,M0003,R012,ORD0005525,4,2026-02-12
RATE0004446,CUST002397,M0107,R016,ORD0005882,3,2026-02-18
RATE0004447,CUST003948,M0027,R015,ORD0005234,4,2026-09-16
RATE0004448,CUST001431,M0004,R003,ORD0005930,3,2026-06-10
RATE0004449,CUST000798,M0051,R015,ORD0005371,4,2025-09-24
RATE0004450,CUST001041,M0087,R013,ORD0004501,5,2026-08-27
RATE0004451,CUST000022,M0093,R017,ORD0004710,4,2026-02-16
RATE0004452,CUST001272,M0138,R014,ORD0001447,3,2026-09-22
RATE0004453,CUST003388,M0001,R016,ORD0006965,4,2026-07-13
RATE0004454,CUST002609,M0036,R012,ORD0005856,3,2026-08-26
RATE0004455,CUST000775,M0025,R004,ORD0001558,4,2026-09-23
RATE0004456,CUST001206,M0081,R015,ORD0005315,5,2026-05-05
RATE0004457,CUST000031,M0120,R020,ORD0005062,5,2026-03-02
RATE0004458,CUST000013,M0087,R013,ORD0000585,4,2026-09-20
RATE0004459,CUST001774,M0064,R014,ORD0004846,6,2026-09-17
RATE0004460,CUST001791,M0002,R018,ORD0004426,4,2026-07-28
RATE0004461,CUST001010,M0119,R003,ORD0006956,3,2026-08-20
RATE0004462,CUST000779,M0104,R020,ORD0008644,3,2026-02-22
RATE0004463,CUST001309,M0004,R014,ORD0002704,5,2026-09-24
RATE0004464,CUST001965,M0083,R014,ORD0004753,4,2025-11-07
RATE0004465,CUST002645,M0051,R004,ORD0001849,4,2026-06-14
RATE0004466,CUST001650,M0064,R018,ORD0001142,5,2026-09-07
RATE0004467,CUST002058,M0117,R008,ORD0005135,4,2025-09-09
RATE0004468,CUST002102,M0091,R001,ORD0000288,4,2026-09-19
RATE0004469,CUST002991,M0057,R001,ORD0005945,4,2026-06-17
RATE0004470,CUST003780,M0138,R013,ORD0000187,4,2026-06-28
RATE0004471,CUST002110,M0119,R020,ORD0004311,4,2026-02-11
RATE0004472,CUST000036,M0124,R007,ORD0004711,4,2026-05-16
RATE0004473,CUST000800,M0093,R013,ORD0000118,5,2026-06-10
RATE0004474,CUST001718,M0016,R006,ORD0006319,4,2026-06-14
RATE0004475,CUST003454,M0079,R016,ORD0007672,4,2026-06-30
RATE0004476,CUST003799,M0004,R004,ORD0002924,4,2026-03-15
RATE0004477,CUST001607,M0084,R010,ORD0003560,4,2026-09-11
RATE0004478,CUST000538,M0064,R010,ORD0000954,5,2026-09-18
RATE0004479,CUST003759,M0119,R013,ORD0000765,3,2026-08-09
RATE0004480,CUST003282,M0093,R014,ORD0008657,4,2026-06-07
RATE0004481,CUST002850,M0028,R013,ORD0003205,4,2026-09-21
RATE0004482,CUST001183,M0051,R010,ORD0005553,4,2026-08-16
RATE0004483,CUST001543,M0003,R011,ORD0008825,5,2026-09-18
RATE0004484,CUST001532,M0037,R016,ORD0004633,3,2026-04-01
RATE0004485,CUST002963,M0133,R003,ORD0004150,3,2026-09-07
RATE0004486,CUST001856,M0046,R004,ORD0001274,3,2026-09-21
RATE0004487,CUST002812,M0055,R009,ORD0003342,3,2026-02-16
RATE0004488,CUST002568,M0041,R001,ORD0002073,4,2026-07-22
RATE0004489,CUST000973,M0080,R017,ORD0007415,5,2026-06-08
RATE0004490,CUST003280,M0117,R019,ORD0006339,4,2026-07-24
RATE0004491,CUST000061,M0093,R006,ORD0001323,3,2026-09-19
RATE0004492,CUST003712,M0147,R010,ORD0000724,3,2026-02-24
RATE0004493,CUST002379,M0136,R010,ORD0004165,4,2026-09-19
RATE0004494,CUST001278,M0139,R012,ORD0006988,4,2026-08-07
RATE0004495,CUST002287,M0122,R005,ORD0008306,4,2026-01-26
RATE0004496,CUST000947,M0139,R013,ORD0001709,5,2026-09-28
RATE0004497,CUST000371,M0120,R001,ORD0008775,5,2025-12-21
RATE0004498,CUST001234,M0105,R006,ORD0001952,4,2026-07-25
RATE0004499,CUST000334,M0057,R015,ORD0002393,4,2026-05-20
RATE0004500,CUST003155,M0006,R005,ORD0002742,4,2026-08-12
RATE0004501,CUST003069,M0084,R014,ORD0001489,3,2026-09-23
RATE0004502,CUST002529,M0076,R005,ORD0007421,4,2026-03-07
RATE0004503,CUST001286,M0092,R005,ORD0003092,4,2026-09-15
RATE0004504,CUST002884,M0134,R013,ORD0000612,3,2025-11-06
RATE0004505,CUST003645,M0020,R016,ORD0005862,5,2026-07-13
RATE0004506,CUST000308,M0049,R010,ORD0006632,4,2026-06-23
RATE0004507,CUST001976,M0136,R020,ORD0004610,3,2026-08-27
RATE0004508,CUST003605,M0089,R018,ORD0003512,4,2026-01-15
RATE0004509,CUST000792,M0124,R006,ORD0000012,4,2026-07-26
RATE0004510,CUST002175,M0055,R011,ORD0000257,5,2026-07-17
RATE0004511,CUST003750,M0027,R015,ORD0002922,4,2026-08-24
RATE0004512,CUST001562,M0042,R006,ORD0008180,3,2026-02-01
RATE0004513,CUST002222,M0097,R010,ORD0000240,3,2026-06-28
RATE0004514,CUST003190,M0124,R016,ORD0007811,4,2026-06-28
RATE0004515,CUST000229,M0064,R001,ORD0005399,4,2026-09-23
RATE0004516,CUST001431,M0045,R003,ORD0005653,4,2026-04-19
RATE0004517,CUST003479,M0124,R013,ORD0008828,3,2026-02-04
RATE0004518,CUST001963,M0133,R004,ORD0004983,4,2026-09-24
RATE0004519,CUST000711,M0051,R015,ORD0003274,4,2026-03-02
RATE0004520,CUST003553,M0053,R017,ORD0007757,4,2026-08-29
RATE0004521,CUST000051,M0006,R009,ORD0004772,4,2026-08-07
RATE0004522,CUST003187,M0118,R006,ORD0007841,5,2026-09-09
RATE0004523,CUST003986,M0119,R013,ORD0001397,4,2025-12-24
RATE0004524,CUST002303,M0103,R020,ORD0005438,4,2026-09-04
RATE0004525,CUST000775,M0139,R004,ORD0004743,5,2026-09-26
RATE0004526,CUST003923,M0114,R017,ORD0001059,5,2026-09-25
RATE0004527,CUST001634,M0121,R012,ORD0006350,4,2026-08-31
RATE0004528,CUST001059,M0067,R018,ORD0003184,4,2026-09-19
RATE0004529,CUST003411,M0001,R017,ORD0007048,3,2025-10-06
RATE0004530,CUST000660,M0153,R020,ORD0005885,3,2026-09-09
RATE0004531,CUST003180,M0131,R017,ORD0002215,5,2026-09-23
RATE0004532,CUST003912,M0028,R014,ORD0003364,4,2026-03-30
RATE0004533,CUST000515,M0148,R014,ORD0003993,3,2026-07-01
RATE0004534,CUST000812,M0029,R011,ORD0008973,5,2026-02-13
RATE0004535,CUST001969,M0130,R014,ORD0001242,3,2026-08-16
RATE0004536,CUST002200,M0102,R006,ORD0001214,4,2026-09-24
RATE0004537,CUST002945,M0046,R009,ORD0008093,4,2026-09-05
RATE0004538,CUST003543,M0138,R011,ORD0005083,3,2026-08-27
RATE0004539,CUST000628,M0094,R019,ORD0007462,5,2026-08-29
RATE0004540,CUST001422,M0051,R006,ORD0008504,4,2026-09-24
RATE0004541,CUST003001,M0137,R006,ORD0005584,4,2026-06-23
RATE0004542,CUST000512,M0100,R011,ORD0006917,-1,2026-06-27
RATE0004543,CUST000414,M0080,R006,ORD0001330,3,2026-09-27
RATE0004544,CUST002395,M0014,R004,ORD0007477,4,2026-06-04
RATE0004545,CUST003764,M0135,R013,ORD0008791,4,2026-07-27
RATE0004546,CUST001707,M0070,R003,ORD0007389,4,2026-03-30
RATE0004547,CUST000863,M0103,R012,ORD0000039,4,2026-04-12
RATE0004548,CUST000258,M0151,R001,ORD0005453,3,2026-09-15
RATE0004549,CUST003555,M0038,R013,ORD0006684,4,2026-02-26
RATE0004550,CUST001431,M0152,R011,ORD0000909,3,2026-09-25
RATE0004551,CUST002944,M0149,R018,ORD0006807,5,2026-04-23
RATE0004552,CUST000313,M0011,R013,ORD0004492,5,2026-04-26
RATE0004553,CUST000457,M0020,R004,ORD0002090,3,2026-03-18
RATE0004554,CUST003686,M0010,R014,ORD0007820,4,2026-02-01
RATE0004555,CUST000449,M0082,R006,ORD0004359,3,2026-09-13
RATE0004556,CUST003034,M0074,R018,ORD0000436,3,2026-09-18
RATE0004557,CUST000004,M0105,R018,ORD0008259,5,2026-05-26
RATE0004558,CUST001718,M0038,R006,ORD0004519,4,2026-05-20
RATE0004559,CUST001601,M0046,R013,ORD0000609,4,2026-07-24
RATE0004560,CUST002363,M0081,R020,ORD0008651,4,2025-12-09
RATE0004561,CUST000658,M0158,R005,ORD0005102,3,2026-09-04
RATE0004562,CUST002193,M0058,R005,ORD0007642,2,2026-09-17
RATE0004563,CUST002448,M0046,R009,ORD0006680,4,2026-09-08
RATE0004564,CUST002650,M0092,R019,ORD0004096,3,2026-08-13
RATE0004565,CUST000908,M0040,R005,ORD0007061,4,2026-01-25
RATE0004566,CUST003894,M0099,R015,ORD0003083,3,2026-06-16
RATE0004567,CUST000450,M0028,R013,ORD0007242,4,2026-08-16
RATE0004568,CUST000646,M0103,R020,ORD0006755,4,2026-09-23
RATE0004569,CUST001873,M0120,R019,ORD0003332,4,2025-12-09
RATE0004570,CUST000234,M0100,R003,ORD0007257,5,2026-09-16
RATE0004571,CUST003493,M0072,R001,ORD0000580,3,2026-09-12
RATE0004572,CUST000961,M0113,R018,ORD0004432,4,2026-03-31
RATE0004573,CUST001507,M0040,R011,ORD0008914,4,2026-08-13
RATE0004574,CUST001080,M0068,R009,ORD0007105,4,2026-06-16
RATE0004575,CUST002635,M0064,R019,ORD0001100,4,2025-11-08
RATE0004576,CUST002323,M0111,R012,ORD0005347,4,2026-09-18
RATE0004577,CUST000098,M0006,R001,ORD0006533,4,2026-09-10
RATE0004578,CUST002062,M0139,R014,ORD0001089,3,2026-05-22
RATE0004579,CUST001264,M0105,R019,ORD0004196,3,2026-08-31
RATE0004580,CUST003351,M0003,R013,ORD0008719,5,2026-09-06
RATE0004581,CUST002205,M0115,R017,ORD0000563,4,2025-12-09
RATE0004582,CUST003814,M0154,R019,ORD0008706,4,2026-01-30
RATE0004583,CUST001026,M0039,R001,ORD0006193,3,2026-08-03
RATE0004584,CUST000015,M0074,R013,ORD0002810,4,2026-08-07
RATE0004585,CUST002158,M0129,R006,ORD0000485,4,2025-10-15
RATE0004586,CUST000003,M0076,R006,ORD0000904,4,2026-07-15
RATE0004587,CUST003878,M0065,R011,ORD0008539,3,2026-03-16
RATE0004588,CUST000759,M0091,R003,ORD0007002,5,2026-07-28
RATE0004589,CUST001418,M0093,R014,ORD0008691,4,2026-08-14
RATE0004590,CUST001121,M0012,R014,ORD0006685,4,2026-04-03
RATE0004591,CUST001779,M0037,R011,ORD0003544,5,2026-08-11
RATE0004592,CUST000389,M0093,R018,ORD0007505,4,2026-09-26
RATE0004593,CUST003895,M0007,R008,ORD0008932,5,2026-09-25
RATE0004594,CUST003187,M0032,R005,ORD0008458,4,2026-09-06
RATE0004595,CUST000188,M0121,R003,ORD0002795,5,2026-01-07
RATE0004596,CUST003533,M0057,R012,ORD0008872,4,2026-08-30
RATE0004597,CUST000335,M0037,R001,ORD0005522,4,2026-08-18
RATE0004598,CUST003552,M0014,R004,ORD0005888,6,2026-07-15
RATE0004599,CUST002862,M0010,R016,ORD0008953,5,2026-09-18
RATE0004600,CUST002036,M0051,R014,ORD0008318,4,2026-07-10
RATE0004601,CUST002821,M0133,R009,ORD0006683,3,2026-02-15
RATE0004602,CUST002839,M0010,R002,ORD0007284,5,2026-09-24
RATE0004603,CUST001070,M0093,R019,ORD0005037,4,2026-01-09
RATE0004604,CUST001534,M0020,R015,ORD0007555,4,2026-04-01
RATE0004605,CUST003619,M0077,R012,ORD0001094,3,2026-08-12
RATE0004606,CUST002786,M0119,R014,ORD0001943,3,2026-09-06
RATE0004607,CUST001934,M0022,R010,ORD0005840,4,2026-09-20
RATE0004608,CUST002465,M0081,R004,ORD0004175,4,2026-06-15
RATE0004609,CUST002221,M0122,R009,ORD0001901,5,2026-09-25
RATE0004610,CUST000388,M0121,R003,ORD0000304,4,2026-08-30
RATE0004611,CUST000508,M0149,R017,ORD0000893,4,2026-08-18
RATE0004612,CUST001220,M0006,R020,ORD0007452,5,2026-05-08
RATE0004613,CUST003399,M0157,R020,ORD0006992,5,2026-03-09
RATE0004614,CUST000741,M0083,R020,ORD0006570,3,2026-03-26
RATE0004615,CUST003640,M0079,R007,ORD0002460,4,2026-02-08
RATE0004616,CUST003764,M0114,R013,ORD0008791,4,2026-07-31
RATE0004617,CUST000134,M0095,R004,ORD0005188,4,2026-07-07
RATE0004618,CUST003863,M0086,R001,ORD0000735,5,2026-04-02
RATE0004619,CUST001907,M0088,R016,ORD0002208,5,2026-09-19
RATE0004620,CUST003380,M0130,R006,ORD0003937,3,2026-09-11
RATE0004621,CUST002041,M0019,R005,ORD0004231,0,2026-09-03
RATE0004622,CUST000339,M0051,R004,ORD0001169,4,2026-01-24
RATE0004623,CUST002439,M0064,R006,ORD0004508,5,2026-09-19
RATE0004624,CUST003302,M0094,R004,ORD0000086,4,2026-04-08
RATE0004625,CUST001051,M0019,R004,ORD0000522,4,2026-04-27
RATE0004626,CUST003863,M0009,R001,ORD0000735,4,2026-03-31
RATE0004627,CUST000652,M0010,R007,ORD0006093,5,2025-12-08
RATE0004628,CUST002879,M0113,R017,ORD0006785,3,2026-07-05
RATE0004629,CUST002523,M0093,R020,ORD0007363,4,2026-07-11
RATE0004630,CUST002700,M0059,R012,ORD0001991,4,2026-09-01
RATE0004631,CUST002905,M0025,R011,ORD0006847,4,2026-08-07
RATE0004632,CUST003059,M0037,R017,ORD0003183,5,2026-04-30
RATE0004633,CUST000821,M0074,R015,ORD0007231,2,2026-09-07
RATE0004634,CUST000576,M0138,R019,ORD0006589,4,2026-01-09
RATE0004635,CUST003640,M0053,R006,ORD0000262,4,2026-05-24
RATE0004636,CUST002000,M0089,R011,ORD0001668,3,2026-05-28
RATE0004637,CUST002834,M0029,R007,ORD0002346,5,2026-09-23
RATE0004638,CUST002805,M0111,R001,ORD0005172,4,2026-09-05
RATE0004639,CUST003644,M0092,R014,ORD0002550,3,2026-09-16
RATE0004640,CUST003237,M0129,R016,ORD0008372,4,2026-09-01
RATE0004641,CUST000741,M0051,R020,ORD0007434,3,2026-06-24
RATE0004642,CUST000759,M0065,R011,ORD0001597,0,2026-09-15
RATE0004643,CUST003931,M0064,R015,ORD0000699,3,2026-03-28
RATE0004644,CUST002846,M0092,R017,ORD0008515,4,2026-02-24
RATE0004645,CUST001591,M0143,R001,ORD0007800,4,2026-09-12
RATE0004646,CUST000482,M0087,R003,ORD0005967,5,2026-07-29
RATE0004647,CUST001968,M0124,R012,ORD0006973,3,2026-09-08
RATE0004648,CUST002436,M0022,R006,ORD0002906,2,2026-09-09
RATE0004649,CUST003931,M0122,R015,ORD0001559,4,2026-01-21
RATE0004650,CUST002379,M0148,R001,ORD0006557,3,2026-09-07
RATE0004651,CUST002687,M0081,R009,ORD0001811,3,2026-05-24
RATE0004652,CUST000349,M0086,R005,ORD0005770,4,2026-09-09
RATE0004653,CUST000255,M0040,R014,ORD0002140,5,2026-07-11
RATE0004654,CUST002624,M0107,R014,ORD0007228,5,2026-08-17
RATE0004655,CUST003384,M0138,R010,ORD0007605,3,2026-04-02
RATE0004656,CUST000147,M0121,R014,ORD0005582,4,2026-06-20
RATE0004657,CUST003599,M0055,R006,ORD0000496,4,2026-09-08
RATE0004658,CUST003628,M0063,R005,ORD0008183,4,2026-04-27
RATE0004659,CUST002987,M0112,R013,ORD0007423,4,2026-05-19
RATE0004660,CUST003801,M0105,R001,ORD0001862,5,2025-10-13
RATE0004661,CUST001900,M0115,R005,ORD0005089,3,2026-09-18
RATE0004662,CUST002181,M0141,R013,ORD0002209,3,2026-04-03
RATE0004663,CUST003602,M0102,R002,ORD0008562,3,2026-07-25
RATE0004664,CUST002988,M0135,R018,ORD0005861,5,2026-03-04
RATE0004665,CUST001225,M0105,R010,ORD0000826,5,2026-01-17
RATE0004666,CUST000670,M0091,R001,ORD0002398,0,2026-09-09
RATE0004667,CUST003423,M0107,R014,ORD0007413,5,2026-07-24
RATE0004668,CUST003129,M0133,R006,ORD0007621,4,2026-08-25
RATE0004669,CUST003215,M0019,R016,ORD0001694,4,2026-08-05
RATE0004670,CUST003058,M0149,R006,ORD0000624,5,2026-09-14
RATE0004671,CUST003883,M0133,R004,ORD0008771,4,2026-09-25
RATE0004672,CUST001614,M0121,R013,ORD0005031,4,2026-09-08
RATE0004673,CUST000401,M0092,R002,ORD0006376,3,2026-07-18
RATE0004674,CUST002628,M0133,R009,ORD0002859,4,2026-05-05
RATE0004675,CUST001156,M0053,R001,ORD0002911,4,2026-07-24
RATE0004676,CUST000334,M0051,R015,ORD0008278,5,2026-07-22
RATE0004677,CUST000635,M0133,R008,ORD0003365,4,2026-05-09
RATE0004678,CUST002453,M0134,R010,ORD0008124,5,2026-09-07
RATE0004679,CUST002205,M0087,R017,ORD0007383,5,2025-12-18
RATE0004680,CUST003223,M0073,R017,ORD0001926,3,2026-03-06
RATE0004681,CUST001859,M0079,R007,ORD0003563,4,2026-06-19
RATE0004682,CUST003607,M0040,R011,ORD0005642,4,2026-09-18
RATE0004683,CUST003963,M0087,R001,ORD0005903,4,2025-11-02
RATE0004684,CUST001779,M0007,R011,ORD0008790,5,2026-08-04
RATE0004685,CUST001062,M0120,R013,ORD0001268,3,2026-04-21
RATE0004686,CUST002724,M0133,R011,ORD0005276,4,2026-07-16
RATE0004687,CUST003065,M0124,R008,ORD0007166,3,2026-04-18
RATE0004688,CUST003683,M0066,R006,ORD0002599,4,2026-08-09
RATE0004689,CUST003672,M0073,R005,ORD0006302,4,2026-07-14
RATE0004690,CUST002814,M0050,R017,ORD0006875,3,2026-04-01
RATE0004691,CUST002672,M0119,R014,ORD0008016,3,2026-09-07
RATE0004692,CUST003739,M0146,R009,ORD0007829,3,2026-08-04
RATE0004693,CUST000512,M0073,R011,ORD0006917,4,2026-06-30
RATE0004694,CUST003808,M0135,R005,ORD0006776,5,2026-01-18
RATE0004695,CUST002207,M0083,R013,ORD0005054,4,2026-06-24
RATE0004696,CUST000560,M0129,R006,ORD0000106,4,2026-08-30
RATE0004697,CUST000625,M0143,R019,ORD0006703,4,2026-09-11
RATE0004698,CUST000493,M0121,R006,ORD0001064,4,2025-11-21
RATE0004699,CUST000392,M0046,R008,ORD0005652,4,2025-11-26
RATE0004700,CUST002263,M0018,R010,ORD0006829,4,2026-04-02
RATE0004701,CUST002675,M0081,R020,ORD0004658,3,2026-09-05
RATE0004702,CUST001498,M0057,R013,ORD0003589,5,2026-06-21
RATE0004703,CUST002838,M0093,R007,ORD0002600,4,2026-08-27
RATE0004704,CUST001462,M0038,R018,ORD0000615,5,2026-01-24
RATE0004705,CUST003820,M0025,R014,ORD0004902,3,2026-09-14
RATE0004706,CUST002682,M0022,R008,ORD0004768,3,2026-06-25
RATE0004707,CUST003192,M0122,R012,ORD0005430,4,2026-07-12
RATE0004708,CUST003726,M0004,R018,ORD0007842,4,2025-11-15
RATE0004709,CUST003226,M0133,R020,ORD0007152,4,2026-09-04
RATE0004710,CUST002370,M0092,R013,ORD0005208,3,2025-12-21
RATE0004711,CUST002056,M0046,R001,ORD0001124,4,2025-09-09
RATE0004712,CUST000983,M0016,R014,ORD0005946,3,2026-06-15
RATE0004713,CUST000799,M0151,R017,ORD0004487,4,2025-11-29
RATE0004714,CUST002019,M0118,R008,ORD0001177,5,2026-09-26
RATE0004715,CUST000368,M0067,R017,ORD0003081,3,2026-05-28
RATE0004716,CUST001103,M0120,R013,ORD0002546,4,2026-03-20
RATE0004717,CUST002551,M0147,R001,ORD0001325,4,2026-09-09
RATE0004718,CUST002439,M0081,R016,ORD0004322,4,2026-08-10
RATE0004719,CUST003327,M0046,R012,ORD0000389,4,2026-09-21
RATE0004720,CUST002599,M0134,R014,ORD0003330,4,2026-05-19
RATE0004721,CUST000372,M0032,R013,ORD0004937,4,2026-06-28
RATE0004722,CUST003304,M0087,R019,ORD0000163,4,2026-07-10
RATE0004723,CUST003404,M0121,R017,ORD0004347,4,2026-04-02
RATE0004724,CUST001509,M0046,R014,ORD0002535,4,2026-06-24
RATE0004725,CUST000705,M0138,R005,ORD0001582,4,2026-07-29
RATE0004726,CUST000685,M0092,R005,ORD0006307,4,2026-06-17
RATE0004727,CUST000631,M0147,R015,ORD0006222,3,2026-07-09
RATE0004728,CUST002994,M0070,R019,ORD0008475,3,2025-11-03
RATE0004729,CUST003123,M0115,R017,ORD0007318,5,2026-08-15
RATE0004730,CUST001950,M0125,R009,ORD0005730,3,2026-03-03
RATE0004731,CUST000736,M0084,R016,ORD0008127,4,2026-09-15
RATE0004732,CUST000647,M0105,R016,ORD0002522,4,2025-09-26
RATE0004733,CUST000780,M0033,R001,ORD0006844,3,2026-02-04
RATE0004734,CUST000764,M0118,R013,ORD0008856,4,2026-07-06
RATE0004735,CUST003357,M0021,R008,ORD0008400,3,2025-10-18
RATE0004736,CUST001191,M0077,R013,ORD0000250,2,2026-09-20
RATE0004737,CUST000465,M0111,R014,ORD0003319,4,2026-09-13
RATE0004738,CUST002825,M0081,R010,ORD0001561,4,2026-06-06
RATE0004739,CUST000168,M0060,R009,ORD0006482,3,2026-09-28
RATE0004740,CUST002856,M0087,R018,ORD0002828,5,2026-02-27
RATE0004741,CUST003204,M0085,R014,ORD0003943,5,2026-03-19
RATE0004742,CUST001480,M0149,R011,ORD0008018,4,2026-07-10
RATE0004743,CUST003140,M0002,R004,ORD0001906,4,2026-01-23
RATE0004744,CUST002890,M0060,R008,ORD0005778,4,2026-08-15
RATE0004745,CUST002269,M0099,R014,ORD0007652,4,2026-08-26
RATE0004746,CUST002264,M0006,R008,ORD0004384,4,2026-08-13
RATE0004747,CUST002541,M0123,R002,ORD0002548,4,2026-08-31
RATE0004748,CUST002994,M0123,R015,ORD0005671,4,2026-08-09
RATE0004749,CUST003314,M0003,R009,ORD0006780,5,2026-09-11
RATE0004750,CUST000191,M0042,R014,ORD0006796,4,2026-05-28
RATE0004751,CUST000988,M0138,R010,ORD0008704,4,2026-08-05
RATE0004752,CUST002457,M0118,R017,ORD0004300,3,2026-01-07
RATE0004753,CUST001241,M0146,R006,ORD0001837,5,2026-08-16
RATE0004754,CUST002379,M0008,R001,ORD0006557,3,2026-09-10
RATE0004755,CUST001792,M0113,R009,ORD0003847,4,2026-06-03
RATE0004756,CUST001413,M0058,R009,ORD0001485,4,2026-04-18
RATE0004757,CUST002316,M0007,R004,ORD0008850,4,2026-07-10
RATE0004758,CUST003200,M0004,R013,ORD0002282,4,2025-12-03
RATE0004759,CUST002522,M0157,R011,ORD0001265,4,2026-09-17
RATE0004760,CUST001054,M0121,R011,ORD0000351,4,2026-09-04
RATE0004761,CUST000262,M0093,R004,ORD0003057,4,2026-09-22
RATE0004762,CUST003515,M0086,R010,ORD0003456,4,2026-01-14
RATE0004763,CUST002606,M0057,R007,ORD0002984,4,2026-05-25
RATE0004764,CUST000833,M0114,R004,ORD0008028,4,2026-01-07
RATE0004765,CUST002827,M0129,R003,ORD0008286,4,2026-09-05
RATE0004766,CUST001566,M0022,R019,ORD0006150,4,2026-01-07
RATE0004767,CUST003255,M0087,R009,ORD0007967,5,2026-08-20
RATE0004768,CUST003425,M0079,R010,ORD0003458,4,2025-09-03
RATE0004769,CUST000776,M0115,R011,ORD0006015,5,2026-09-21
RATE0004770,CUST003783,M0119,R010,ORD0008779,3,2026-04-06
RATE0004771,CUST002627,M0152,R001,ORD0006247,3,2026-08-22
RATE0004772,CUST000361,M0138,R002,ORD0004264,3,2026-08-30
RATE0004773,CUST000971,M0147,R015,ORD0006993,5,2026-06-20
RATE0004774,CUST002393,M0105,R018,ORD0008314,5,2026-01-05
RATE0004775,CUST001055,M0094,R005,ORD0008429,3,2026-09-01
RATE0004776,CUST001163,M0113,R016,ORD0003193,3,2026-09-21
RATE0004777,CUST000393,M0150,R015,ORD0000029,4,2026-08-15
RATE0004778,CUST003905,M0048,R007,ORD0001391,4,2026-02-25
RATE0004779,CUST001034,M0131,R006,ORD0006652,4,2025-11-09
RATE0004780,CUST002540,M0015,R005,ORD0003606,4,2025-12-28
RATE0004781,CUST000114,M0055,R008,ORD0005791,3,2026-02-03
RATE0004782,CUST002014,M0083,R011,ORD0003084,4,2026-06-11
RATE0004783,CUST000097,M0095,R007,ORD0005874,3,2026-09-14
RATE0004784,CUST002896,M0094,R010,ORD0006054,5,2026-01-06
RATE0004785,CUST001602,M0120,R002,ORD0002856,4,2026-06-29
RATE0004786,CUST002452,M0081,R015,ORD0008335,4,2026-08-13
RATE0004787,CUST003258,M0055,R005,ORD0006146,3,2026-01-12
RATE0004788,CUST000334,M0080,R005,ORD0007085,4,2026-09-05
RATE0004789,CUST001890,M0114,R011,ORD0002300,4,2026-08-10
RATE0004790,CUST003554,M0006,R020,ORD0005330,4,2026-08-27
RATE0004791,CUST000277,M0157,R011,ORD0008798,3,2026-09-13
RATE0004792,CUST002791,M0042,R002,ORD0004738,5,2026-09-08
RATE0004793,CUST000728,M0002,R015,ORD0008466,4,2026-02-05
RATE0004794,CUST001124,M0046,R002,ORD0006543,4,2026-08-11
RATE0004795,CUST003823,M0079,R009,ORD0004308,4,2026-03-20
RATE0004796,CUST002242,M0084,R018,ORD0005622,4,2026-07-27
RATE0004797,CUST001247,M0099,R003,ORD0007907,4,2026-08-25
RATE0004798,CUST000796,M0084,R010,ORD0003912,3,2026-09-22
RATE0004799,CUST003234,M0057,R011,ORD0005703,4,2026-06-26
RATE0004800,CUST001354,M0082,R018,ORD0002694,3,2026-01-04
RATE0004801,CUST001106,M0063,R008,ORD0004335,5,2026-07-24
RATE0004802,CUST003878,M0057,R001,ORD0002874,4,2026-09-20
RATE0004803,CUST000439,M0018,R011,ORD0001264,5,2026-03-10
RATE0004804,CUST000164,M0066,R010,ORD0007109,3,2025-12-03
RATE0004805,CUST003242,M0099,R006,ORD0003892,4,2026-02-08
RATE0004806,CUST002072,M0051,R009,ORD0001362,3,2026-08-26
RATE0004807,CUST003995,M0010,R001,ORD0006700,4,2025-11-07
RATE0004808,CUST002579,M0131,R017,ORD0006619,4,2026-03-09
RATE0004809,CUST000456,M0120,R006,ORD0000837,5,2026-08-11
RATE0004810,CUST002919,M0135,R020,ORD0003000,3,2026-06-01
RATE0004811,CUST001516,M0135,R002,ORD0007457,4,2026-08-03
RATE0004812,CUST003253,M0064,R012,ORD0005036,4,2026-08-19
RATE0004813,CUST001160,M0022,R003,ORD0007463,4,2026-05-21
RATE0004814,CUST002911,M0153,R011,ORD0008906,4,2026-09-25
RATE0004815,CUST000433,M0094,R005,ORD0008609,3,2026-05-22
RATE0004816,CUST000355,M0135,R008,ORD0005206,3,2026-06-24
RATE0004817,CUST001620,M0148,R001,ORD0002487,4,2026-09-08
RATE0004818,CUST001176,M0084,R015,ORD0006980,3,2025-11-24
RATE0004819,CUST002166,M0115,R012,ORD0001633,5,2026-04-30
RATE0004820,CUST001798,M0105,R011,ORD0007088,5,2026-06-26
RATE0004821,CUST002148,M0004,R002,ORD0002862,4,2026-06-06
RATE0004822,CUST002270,M0129,R016,ORD0000543,5,2026-09-18
RATE0004823,CUST001866,M0129,R003,ORD0003886,3,2026-07-27
RATE0004824,CUST000579,M0092,R005,ORD0004362,2,2026-09-14
RATE0004825,CUST001985,M0078,R018,ORD0003049,3,2026-07-10
RATE0004826,CUST001773,M0051,R006,ORD0006395,5,2026-06-21
RATE0004827,CUST002363,M0042,R012,ORD0002097,4,2026-02-07
RATE0004828,CUST000841,M0068,R017,ORD0002752,4,2026-09-16
RATE0004829,CUST002293,M0103,R001,ORD0005505,4,2026-04-18
RATE0004830,CUST003338,M0124,R003,ORD0004591,3,2026-09-11
RATE0004831,CUST000143,M0091,R006,ORD0001105,5,2026-08-10
RATE0004832,CUST000115,M0081,R017,ORD0005177,4,2026-09-12
RATE0004833,CUST003239,M0099,R018,ORD0000220,5,2026-07-11
RATE0004834,CUST001879,M0087,R013,ORD0007551,4,2026-01-04
RATE0004835,CUST003023,M0009,R001,ORD0000379,5,2026-05-08
RATE0004836,CUST003553,M0063,R007,ORD0003554,4,2026-07-25
RATE0004837,CUST003219,M0009,R001,ORD0007500,4,2026-03-28
RATE0004838,CUST000211,M0092,R007,ORD0008267,4,2026-04-30
RATE0004839,CUST003387,M0081,R007,ORD0007904,5,2026-08-15
RATE0004840,CUST003759,M0157,R013,ORD0007579,3,2026-09-16
RATE0004841,CUST002170,M0123,R001,ORD0004247,4,2026-09-20
RATE0004842,CUST003912,M0138,R015,ORD0005287,4,2026-05-19
RATE0004843,CUST003275,M0157,R009,ORD0006116,4,2026-09-25
RATE0004844,CUST000758,M0100,R015,ORD0003369,3,2026-08-06
RATE0004845,CUST001137,M0148,R004,ORD0000790,5,2026-07-17
RATE0004846,CUST003275,M0070,R011,ORD0004294,4,2026-07-13
RATE0004847,CUST003262,M0134,R017,ORD0000664,4,2026-04-04
RATE0004848,CUST001534,M0089,R015,ORD0007555,3,2026-04-03
RATE0004849,CUST000369,M0067,R015,ORD0006278,3,2026-08-25
RATE0004850,CUST003679,M0081,R018,ORD0005608,5,2026-09-24
RATE0004851,CUST003344,M0148,R011,ORD0007507,4,2026-07-23
RATE0004852,CUST003034,M0105,R018,ORD0006115,5,2026-08-11
RATE0004853,CUST002548,M0063,R012,ORD0001865,4,2026-08-29
RATE0004854,CUST003996,M0133,R019,ORD0002451,4,2025-12-15
RATE0004855,CUST003652,M0120,R013,ORD0007147,4,2026-09-17
RATE0004856,CUST001254,M0134,R014,ORD0003336,3,2026-08-14
RATE0004857,CUST001211,M0081,R020,ORD0006858,4,2026-09-27
RATE0004858,CUST003912,M0055,R014,ORD0004121,3,2026-03-05
RATE0004859,CUST003631,M0086,R018,ORD0002686,5,2026-09-28
RATE0004860,CUST000778,M0120,R018,ORD0000298,5,2026-06-16
RATE0004861,CUST000330,M0032,R012,ORD0003173,4,2025-12-06
RATE0004862,CUST002387,M0119,R005,ORD0006842,2,2026-04-14
RATE0004863,CUST000078,M0037,R015,ORD0008266,4,2026-08-04
RATE0004864,CUST003828,M0093,R014,ORD0004656,5,2026-08-25
RATE0004865,CUST003780,M0138,R013,ORD0006911,4,2026-07-17
RATE0004866,CUST002676,M0003,R004,ORD0005087,5,2026-08-13
RATE0004867,CUST002247,M0057,R005,ORD0001767,4,2026-09-19
RATE0004868,CUST000673,M0131,R018,ORD0007810,4,2026-08-17
RATE0004869,CUST003088,M0019,R019,ORD0000978,4,2026-09-20
RATE0004870,CUST002814,M0064,R007,ORD0005638,4,2026-08-11
RATE0004871,CUST000156,M0158,R020,ORD0001307,3,2026-08-26
RATE0004872,CUST000365,M0067,R007,ORD0007129,4,2026-08-30
RATE0004873,CUST002631,M0079,R012,ORD0003322,4,2026-01-13
RATE0004874,CUST002499,M0007,R011,ORD0001651,5,2026-07-11
RATE0004875,CUST003399,M0034,R020,ORD0001018,3,2026-04-19
RATE0004876,CUST003699,M0055,R010,ORD0005461,4,2026-08-05
RATE0004877,CUST000445,M0138,R002,ORD0001478,4,2025-10-26
RATE0004878,CUST002303,M0146,R020,ORD0004826,4,2026-08-23
RATE0004879,CUST003581,M0080,R020,ORD0000024,4,2025-10-07
RATE0004880,CUST002590,M0006,R001,ORD0000512,4,2026-04-01
RATE0004881,CUST001117,M0124,R004,ORD0007181,5,2026-09-16
RATE0004882,CUST002668,M0091,R006,ORD0008191,4,2026-06-13
RATE0004883,CUST002284,M0105,R014,ORD0002945,4,2026-03-26
RATE0004884,CUST000942,M0042,R001,ORD0008945,5,2025-11-07
RATE0004885,CUST000515,M0010,R016,ORD0004852,3,2026-04-28
RATE0004886,CUST003224,M0051,R012,ORD0006668,4,2026-05-13
RATE0004887,CUST003389,M0138,R015,ORD0006461,3,2026-09-20
RATE0004888,CUST000591,M0048,R008,ORD0005352,4,2026-03-01
RATE0004889,CUST001145,M0009,R008,ORD0000481,4,2026-09-19
RATE0004890,CUST002859,M0004,R020,ORD0002990,5,2026-03-19
RATE0004891,CUST000714,M0115,R010,ORD0008346,4,2026-07-06
RATE0004892,CUST003775,M0022,R007,ORD0001989,4,2026-09-25
RATE0004893,CUST002340,M0153,R017,ORD0002899,4,2026-08-13
RATE0004894,CUST000191,M0109,R004,ORD0005063,4,2026-06-30
RATE0004895,CUST000079,M0090,R004,ORD0007968,4,2026-08-02
RATE0004896,CUST003668,M0072,R004,ORD0006185,5,2025-12-26
RATE0004897,CUST001706,M0037,R016,ORD0003323,3,2026-05-21
RATE0004898,CUST001826,M0138,R002,ORD0006930,3,2026-09-23
RATE0004899,CUST002030,M0020,R007,ORD0001075,4,2025-10-22
RATE0004900,CUST000318,M0160,R017,ORD0007863,3,2025-12-28
RATE0004901,CUST000565,M0131,R009,ORD0003843,5,2026-08-13
RATE0004902,CUST000258,M0148,R011,ORD0004019,4,2026-09-26
RATE0004903,CUST001109,M0121,R006,ORD0002531,4,2026-06-03
RATE0004904,CUST000162,M0087,R019,ORD0006475,5,2026-08-18
RATE0004905,CUST001828,M0086,R002,ORD0001401,3,2026-09-16
RATE0004906,CUST002245,M0129,R009,ORD0007250,4,2026-09-10
RATE0004907,CUST003826,M0063,R003,ORD0000063,5,2026-03-14
RATE0004908,CUST003948,M0089,R005,ORD0004506,4,2026-06-25
RATE0004909,CUST003217,M0127,R013,ORD0002432,3,2026-09-29
RATE0004910,CUST000693,M0135,R013,ORD0001653,4,2026-03-28
RATE0004911,CUST002417,M0111,R011,ORD0003669,5,2026-06-04
RATE0004912,CUST002025,M0076,R007,ORD0005651,6,2026-09-11
RATE0004913,CUST003991,M0099,R013,ORD0007217,4,2026-03-28
RATE0004914,CUST003271,M0059,R020,ORD0003237,3,2026-05-24
RATE0004915,CUST000164,M0019,R020,ORD0004876,4,2026-01-26
RATE0004916,CUST001769,M0037,R009,ORD0002790,4,2025-12-18
RATE0004917,CUST002814,M0148,R007,ORD0008532,4,2026-01-06
RATE0004918,CUST003562,M0019,R003,ORD0001279,4,2026-03-01
RATE0004919,CUST000819,M0079,R016,ORD0002667,4,2026-05-20
RATE0004920,CUST001054,M0088,R011,ORD0000992,5,2026-08-27
RATE0004921,CUST002737,M0135,R005,ORD0004561,4,2026-09-13
RATE0004922,CUST002058,M0149,R018,ORD0005598,5,2025-12-31
RATE0004923,CUST002593,M0043,R003,ORD0003907,4,2026-06-06
RATE0004924,CUST001350,M0089,R019,ORD0004485,4,2026-06-15
RATE0004925,CUST003713,M0149,R001,ORD0005561,4,2026-06-23
RATE0004926,CUST003127,M0028,R006,ORD0007712,4,2026-03-14
RATE0004927,CUST003008,M0036,R005,ORD0008915,4,2026-04-08
RATE0004928,CUST002458,M0092,R018,ORD0004115,4,2026-03-29
RATE0004929,CUST002243,M0130,R015,ORD0007307,4,2026-09-07
RATE0004930,CUST002243,M0052,R005,ORD0008158,2,2026-09-07
RATE0004931,CUST001067,M0118,R011,ORD0007597,4,2026-09-16
RATE0004932,CUST003827,M0051,R009,ORD0007239,4,2026-05-22
RATE0004933,CUST002582,M0124,R009,ORD0007604,4,2026-09-23
RATE0004934,CUST002665,M0148,R019,ORD0001051,3,2026-06-14
RATE0004935,CUST002368,M0120,R015,ORD0002879,4,2025-11-09
RATE0004936,CUST002323,M0098,R002,ORD0006972,4,2026-09-21
RATE0004937,CUST001558,M0115,R011,ORD0008667,5,2026-09-01
RATE0004938,CUST000604,M0093,R008,ORD0003372,4,2026-09-25
RATE0004939,CUST000150,M0115,R016,ORD0001195,4,2025-12-08
RATE0004940,CUST003710,M0095,R007,ORD0001005,4,2026-09-20
RATE0004941,CUST000450,M0001,R015,ORD0002849,5,2026-09-26
RATE0004942,CUST000725,M0087,R018,ORD0001306,5,2026-09-16
RATE0004943,CUST001088,M0092,R007,ORD0006285,3,2026-08-27
RATE0004944,CUST000054,M0018,R009,ORD0002445,4,2026-08-14
RATE0004945,CUST002526,M0111,R019,ORD0005589,4,2026-04-01
RATE0004946,CUST002988,M0108,R014,ORD0005828,3,2026-09-10
RATE0004947,CUST002303,M0090,R020,ORD0004826,4,2026-08-21
RATE0004948,CUST001144,M0025,R002,ORD0001639,3,2026-03-24
RATE0004949,CUST000162,M0031,R019,ORD0006475,3,2026-08-19
RATE0004950,CUST003595,M0022,R004,ORD0006153,3,2026-07-22
RATE0004951,CUST003926,M0095,R012,ORD0001440,3,2025-10-11
RATE0004952,CUST001711,M0046,R016,ORD0001957,4,2025-11-05
RATE0004953,CUST001095,M0025,R003,ORD0003740,5,2026-05-05
RATE0004954,CUST000169,M0135,R014,ORD0007793,3,2026-02-08
RATE0004955,CUST000245,M0158,R015,ORD0005354,4,2026-09-21
RATE0004956,CUST000445,M0149,R006,ORD0003352,4,2026-08-22
RATE0004957,CUST001797,M0153,R011,ORD0004665,5,2026-03-28
RATE0004958,CUST001255,M0108,R018,ORD0001310,3,2026-04-23
RATE0004959,CUST001789,M0079,R013,ORD0001257,5,2026-07-27
RATE0004960,CUST000555,M0112,R008,ORD0004581,4,2026-04-17
RATE0004961,CUST000222,M0117,R001,ORD0001632,4,2026-09-20
RATE0004962,CUST003467,M0135,R006,ORD0008650,4,2026-09-16
RATE0004963,CUST001912,M0059,R011,ORD0000331,3,2025-12-09
RATE0004964,CUST001070,M0006,R019,ORD0005037,4,2026-01-07
RATE0004965,CUST002083,M0092,R014,ORD0001580,3,2026-04-21
RATE0004966,CUST002916,M0114,R018,ORD0000536,5,2026-07-12
RATE0004967,CUST000277,M0089,R011,ORD0000632,5,2026-07-13
RATE0004968,CUST003586,M0095,R013,ORD0004788,3,2026-06-21
RATE0004969,CUST000612,M0074,R020,ORD0008186,4,2026-03-13
RATE0004970,CUST001136,M0001,R005,ORD0004266,4,2026-09-20
RATE0004971,CUST002672,M0088,R014,ORD0008016,3,2026-09-09
RATE0004972,CUST001408,M0081,R013,ORD0001160,5,2026-02-28
RATE0004973,CUST001211,M0006,R020,ORD0003203,4,2026-08-30
RATE0004974,CUST003579,M0134,R009,ORD0000625,4,2026-07-04
RATE0004975,CUST003481,M0124,R014,ORD0006453,4,2026-05-03
RATE0004976,CUST003799,M0064,R004,ORD0002924,4,2026-03-10
RATE0004977,CUST000413,M0076,R003,ORD0005373,5,2026-09-20
RATE0004978,CUST001147,M0016,R007,ORD0008901,3,2026-02-05
RATE0004979,CUST003424,M0132,R005,ORD0002315,3,2025-12-30
RATE0004980,CUST000324,M0093,R007,ORD0006513,5,2026-04-20
RATE0004981,CUST000005,M0040,R017,ORD0003701,5,2026-07-02
RATE0004982,CUST002033,M0138,R005,ORD0004851,4,2026-09-26
RATE0004983,CUST000500,M0032,R020,ORD0005705,5,2026-05-29
RATE0004984,CUST000962,M0004,R006,ORD0008206,3,2026-08-02
RATE0004985,CUST003968,M0090,R017,ORD0002756,5,2026-07-11
RATE0004986,CUST003955,M0073,R014,ORD0002456,6,2025-12-07
RATE0004987,CUST002274,M0006,R001,ORD0005268,3,2026-09-12
RATE0004988,CUST003955,M0122,R014,ORD0002456,4,2025-12-06
RATE0004989,CUST003450,M0135,R015,ORD0001542,4,2026-09-26
RATE0004990,CUST002679,M0121,R002,ORD0005246,3,2026-08-03
RATE0004991,CUST001678,M0010,R008,ORD0008377,4,2026-09-26
RATE0004992,CUST001883,M0093,R007,ORD0003755,4,2026-07-08
RATE0004993,CUST002380,M0126,R002,ORD0008920,4,2026-04-16
RATE0004994,CUST001086,M0092,R010,ORD0000454,4,2026-07-04
RATE0004995,CUST000383,M0073,R016,ORD0003513,5,2026-05-19
RATE0004996,CUST003613,M0151,R001,ORD0002033,4,2026-08-12
RATE0004997,CUST003201,M0121,R005,ORD0004956,4,2026-08-24
RATE0004998,CUST002104,M0105,R005,ORD0007408,3,2026-06-18
RATE0004999,CUST003825,M0121,R011,ORD0005260,3,2026-09-11
RATE0005000,CUST003464,M0135,R013,ORD0000099,4,2026-06-05
RATE0005001,CUST002295,M0124,R014,ORD0003752,4,2026-06-24
RATE0005002,CUST003827,M0005,R011,ORD0002655,4,2026-02-12
RATE0005003,CUST002384,M0090,R010,ORD0004243,5,2025-12-02
RATE0005004,CUST002174,M0090,R016,ORD0006331,4,2026-09-01
RATE0005005,CUST000580,M0019,R006,ORD0007565,5,2026-07-10
RATE0005006,CUST000087,M0086,R010,ORD0001163,5,2026-04-18
RATE0005007,CUST001885,M0133,R016,ORD0007302,3,2026-03-14
RATE0005008,CUST002803,M0092,R011,ORD0008488,3,2026-09-27
RATE0005009,CUST002077,M0033,R009,ORD0005973,4,2026-08-29
RATE0005010,CUST002593,M0097,R013,ORD0003810,4,2026-07-06
RATE0005011,CUST001874,M0080,R013,ORD0008955,4,2026-06-15
RATE0005012,CUST000667,M0129,R018,ORD0007906,4,2026-07-18
RATE0005013,CUST001395,M0092,R002,ORD0003981,3,2026-08-27
RATE0005014,CUST001329,M0134,R004,ORD0005358,4,2026-07-14
RATE0005015,CUST001340,M0105,R001,ORD0005987,4,2026-04-04
RATE0005016,CUST000967,M0002,R013,ORD0000991,4,2026-07-13
RATE0005017,CUST000411,M0149,R006,ORD0008877,4,2026-07-31
RATE0005018,CUST001317,M0112,R008,ORD0002197,3,2026-08-29
RATE0005019,CUST002798,M0022,R020,ORD0001426,4,2026-08-22
RATE0005020,CUST001119,M0105,R012,ORD0006231,4,2026-06-14
RATE0005021,CUST000992,M0092,R020,ORD0006126,3,2026-08-25
RATE0005022,CUST003343,M0121,R002,ORD0004291,3,2026-05-29
RATE0005023,CUST000572,M0114,R012,ORD0007405,4,2026-05-10
RATE0005024,CUST003870,M0121,R006,ORD0001769,5,2026-09-27
RATE0005025,CUST002836,M0088,R015,ORD0008654,4,2026-09-23
RATE0005026,CUST000945,M0094,R004,ORD0004749,3,2026-07-30
RATE0005027,CUST003778,M0098,R001,ORD0005265,4,2025-09-27
RATE0005028,CUST001350,M0111,R019,ORD0004485,3,2026-06-19
RATE0005029,CUST001811,M0139,R009,ORD0002975,4,2026-09-01
RATE0005030,CUST002559,M0066,R006,ORD0002592,4,2026-07-26
RATE0005031,CUST001366,M0010,R009,ORD0001870,4,2026-04-17
RATE0005032,CUST002235,M0092,R009,ORD0002396,4,2026-08-28
RATE0005033,CUST001058,M0109,R003,ORD0008595,4,2026-07-02
RATE0005034,CUST001264,M0002,R019,ORD0004196,5,2026-08-31
RATE0005035,CUST000223,M0055,R019,ORD0000810,4,2026-08-18
RATE0005036,CUST001578,M0153,R009,ORD0002799,3,2026-05-31
RATE0005037,CUST002316,M0122,R014,ORD0004179,4,2025-12-13
RATE0005038,CUST003727,M0094,R016,ORD0005751,4,2026-04-14
RATE0005039,CUST003645,M0079,R004,ORD0008612,5,2026-01-26
RATE0005040,CUST000905,M0072,R009,ORD0008758,4,2026-04-10
RATE0005041,CUST003406,M0055,R020,ORD0000082,3,2026-07-14
RATE0005042,CUST003894,M0139,R015,ORD0005030,3,2026-01-09
RATE0005043,CUST000938,M0136,R020,ORD0007246,4,2026-02-07
RATE0005044,CUST000010,M0004,R002,ORD0005914,5,2026-09-23
RATE0005045,CUST000154,M0120,R001,ORD0003534,5,2026-07-17
RATE0005046,CUST002774,M0038,R019,ORD0003015,4,2026-05-13
RATE0005047,CUST002590,M0092,R019,ORD0003244,6,2026-08-31
RATE0005048,CUST001925,M0083,R006,ORD0002794,5,2026-01-08
RATE0005049,CUST003884,M0012,R020,ORD0006323,4,2026-08-25
RATE0005050,CUST000849,M0064,R013,ORD0008857,3,2026-04-10
RATE0005051,CUST001329,M0119,R004,ORD0008764,3,2026-08-19
RATE0005052,CUST000538,M0033,R010,ORD0004692,5,2026-07-12
RATE0005053,CUST003787,M0105,R011,ORD0001459,5,2026-07-27
RATE0005054,CUST002955,M0111,R003,ORD0005211,4,2026-09-25
RATE0005055,CUST001833,M0019,R012,ORD0005419,4,2026-09-07
RATE0005056,CUST000640,M0004,R020,ORD0001255,4,2026-09-28
RATE0005057,CUST002585,M0128,R005,ORD0004213,4,2026-03-27
RATE0005058,CUST000500,M0138,R010,ORD0006013,3,2026-08-07
RATE0005059,CUST003816,M0061,R003,ORD0002489,3,2026-04-30
RATE0005060,CUST000338,M0010,R009,ORD0002254,4,2026-08-27
RATE0005061,CUST000305,M0017,R001,ORD0003641,3,2025-11-20
RATE0005062,CUST003926,M0120,R012,ORD0005308,5,2025-09-08
RATE0005063,CUST000778,M0122,R015,ORD0006702,4,2026-06-09
RATE0005064,CUST002904,M0073,R007,ORD0006694,4,2026-09-18
RATE0005065,CUST003408,M0150,R003,ORD0000839,4,2026-05-04
RATE0005066,CUST001306,M0151,R016,ORD0007073,3,2026-06-24
RATE0005067,CUST000996,M0105,R015,ORD0005239,4,2026-09-04
RATE0005068,CUST002988,M0064,R019,ORD0007732,4,2026-07-26
RATE0005069,CUST001658,M0003,R009,ORD0008197,3,2026-03-08
RATE0005070,CUST003392,M0041,R016,ORD0003324,4,2026-06-10
RATE0005071,CUST000606,M0051,R020,ORD0007823,4,2026-06-28
RATE0005072,CUST003289,M0149,R014,ORD0007103,4,2026-07-06
RATE0005073,CUST003996,M0051,R016,ORD0005080,4,2025-09-09
RATE0005074,CUST000840,M0074,R006,ORD0008744,4,2026-09-10
RATE0005075,CUST002247,M0120,R005,ORD0001767,5,2026-09-18
RATE0005076,CUST000009,M0108,R015,ORD0007552,4,2026-06-13
RATE0005077,CUST002895,M0102,R020,ORD0008632,4,2025-10-14
RATE0005078,CUST002172,M0041,R006,ORD0002754,4,2026-09-23
RATE0005079,CUST001821,M0126,R011,ORD0005094,4,2026-05-09
RATE0005080,CUST003043,M0123,R002,ORD0002086,4,2026-08-20
RATE0005081,CUST002997,M0045,R020,ORD0001402,3,2026-09-05
RATE0005082,CUST002327,M0119,R001,ORD0005826,2,2026-09-19
RATE0005083,CUST001550,M0133,R017,ORD0003078,4,2026-09-25
RATE0005084,CUST002842,M0080,R003,ORD0001535,4,2026-08-12
RATE0005085,CUST003336,M0066,R014,ORD0003962,5,2026-08-15
RATE0005086,CUST002415,M0072,R013,ORD0000619,4,2026-08-16
RATE0005087,CUST003613,M0129,R001,ORD0002033,5,2026-08-09
RATE0005088,CUST001063,M0117,R001,ORD0008448,5,2026-01-23
RATE0005089,CUST001281,M0014,R012,ORD0008581,4,2026-08-07
RATE0005090,CUST003167,M0133,R005,ORD0003577,3,2026-05-21
RATE0005091,CUST002767,M0105,R016,ORD0006212,4,2026-07-25
RATE0005092,CUST001018,M0078,R018,ORD0002853,4,2025-12-26
RATE0005093,CUST002794,M0073,R008,ORD0003618,4,2026-07-16
RATE0005094,CUST003579,M0125,R009,ORD0000625,3,2026-07-05
RATE0005095,CUST003619,M0152,R006,ORD0008063,3,2026-08-07
RATE0005096,CUST001317,M0093,R011,ORD0008142,4,2025-08-20
RATE0005097,CUST001533,M0074,R012,ORD0001038,3,2026-08-16
RATE0005098,CUST001008,M0044,R019,ORD0004808,4,2026-08-18
RATE0005099,CUST000238,M0142,R003,ORD0001679,3,2026-09-25
RATE0005100,CUST000175,M0025,R010,ORD0001429,4,2026-09-11
RATE0005101,CUST003034,M0148,R018,ORD0006115,5,2026-08-11
RATE0005102,CUST002812,M0119,R009,ORD0003342,4,2026-02-13
RATE0005103,CUST001842,M0012,R008,ORD0002835,4,2026-08-10
RATE0005104,CUST003808,M0080,R015,ORD0006266,5,2026-02-04
RATE0005105,CUST001958,M0090,R003,ORD0002840,5,2026-08-10
RATE0005106,CUST000048,M0095,R001,ORD0003361,4,2026-05-18
RATE0005107,CUST002274,M0121,R001,ORD0003725,4,2026-03-18
RATE0005108,CUST001170,M0095,R001,ORD0008831,4,2026-02-02
RATE0005109,CUST002821,M0040,R009,ORD0008788,4,2026-09-18
RATE0005110,CUST001712,M0121,R011,ORD0001520,4,2026-06-24
RATE0005111,CUST001126,M0141,R009,ORD0001074,3,2026-05-27
RATE0005112,CUST003770,M0040,R005,ORD0007051,4,2026-09-24
RATE0005113,CUST000820,M0086,R005,ORD0006741,5,2025-12-25
RATE0005114,CUST000647,M0112,R006,ORD0002904,4,2026-06-05
RATE0005115,CUST001226,M0095,R001,ORD0007429,3,2026-09-26
RATE0005116,CUST002550,M0119,R003,ORD0006698,3,2026-07-25
RATE0005117,CUST002629,M0122,R005,ORD0006820,5,2026-09-14
RATE0005118,CUST002263,M0150,R010,ORD0006829,4,2026-04-02
RATE0005119,CUST001996,M0032,R004,ORD0002183,5,2025-09-15
RATE0005120,CUST001926,M0145,R003,ORD0002389,5,2026-04-01
RATE0005121,CUST003119,M0090,R010,ORD0008979,4,2026-06-25
RATE0005122,CUST001863,M0093,R020,ORD0003331,3,2026-09-17
RATE0005123,CUST001988,M0129,R004,ORD0006511,5,2026-09-12
RATE0005124,CUST000658,M0003,R005,ORD0006957,4,2026-08-17
RATE0005125,CUST001016,M0124,R006,ORD0000836,3,2025-12-26
RATE0005126,CUST000715,M0038,R014,ORD0008574,2,2026-05-21
RATE0005127,CUST000818,M0048,R013,ORD0001093,4,2026-01-26
RATE0005128,CUST003889,M0048,R009,ORD0006265,5,2026-09-22
RATE0005129,CUST003366,M0138,R002,ORD0005656,4,2026-07-06
RATE0005130,CUST002567,M0149,R003,ORD0000138,5,2026-06-03
RATE0005131,CUST000331,M0074,R009,ORD0007070,4,2026-05-03
RATE0005132,CUST001272,M0120,R014,ORD0001447,4,2026-09-21
RATE0005133,CUST000908,M0123,R005,ORD0002017,4,2026-06-11
RATE0005134,CUST000542,M0032,R001,ORD0003608,5,2026-07-09
RATE0005135,CUST002315,M0141,R018,ORD0008870,4,2026-05-08
RATE0005136,CUST002985,M0149,R004,ORD0003881,5,2026-09-26
RATE0005137,CUST000218,M0137,R019,ORD0006748,4,2026-06-14
RATE0005138,CUST001962,M0058,R003,ORD0001647,4,2026-06-02
RATE0005139,CUST002254,M0119,R005,ORD0000333,3,2026-05-19
RATE0005140,CUST003187,M0072,R006,ORD0008747,4,2026-09-18
RATE0005141,CUST000628,M0109,R009,ORD0004094,3,2025-09-09
RATE0005142,CUST002654,M0156,R001,ORD0007296,5,2026-09-02
RATE0005143,CUST002794,M0084,R018,ORD0003327,5,2026-07-15
RATE0005144,CUST000886,M0066,R019,ORD0006380,4,2026-09-19
RATE0005145,CUST003077,M0141,R006,ORD0006102,4,2026-01-15
RATE0005146,CUST001287,M0128,R007,ORD0000146,3,2026-08-13
RATE0005147,CUST000035,M0135,R018,ORD0005824,3,2026-05-07
RATE0005148,CUST003344,M0001,R004,ORD0002591,5,2026-08-23
RATE0005149,CUST002207,M0138,R013,ORD0002630,4,2026-05-21
RATE0005150,CUST001886,M0059,R015,ORD0000912,3,2026-08-05
RATE0005151,CUST002047,M0133,R015,ORD0005038,3,2026-09-18
RATE0005152,CUST002082,M0091,R020,ORD0006480,5,2026-06-30
RATE0005153,CUST003671,M0083,R004,ORD0005398,4,2026-09-18
RATE0005154,CUST001703,M0070,R013,ORD0004042,4,2026-08-22
RATE0005155,CUST003947,M0076,R014,ORD0001702,4,2026-09-28
RATE0005156,CUST001028,M0118,R008,ORD0004994,4,2026-08-28
RATE0005157,CUST001968,M0010,R012,ORD0006973,5,2026-09-08
RATE0005158,CUST003430,M0138,R011,ORD0006221,4,2026-09-26
RATE0005159,CUST000534,M0004,R017,ORD0003151,4,2026-08-14
RATE0005160,CUST000481,M0074,R009,ORD0002783,3,2026-09-05
RATE0005161,CUST001019,M0051,R005,ORD0005232,3,2026-07-28
RATE0005162,CUST002873,M0003,R015,ORD0006296,4,2026-04-27
RATE0005163,CUST001383,M0095,R012,ORD0004999,4,2026-08-04
RATE0005164,CUST001038,M0006,R001,ORD0007130,3,2026-09-08
RATE0005165,CUST001633,M0137,R001,ORD0003232,3,2026-08-03
RATE0005166,CUST002072,M0065,R009,ORD0007353,3,2026-09-03
RATE0005167,CUST002803,M0123,R001,ORD0002677,3,2026-08-02
RATE0005168,CUST000607,M0032,R003,ORD0001356,5,2026-09-25
RATE0005169,CUST000111,M0133,R015,ORD0005863,3,2026-06-05
RATE0005170,CUST001468,M0119,R005,ORD0000365,3,2026-04-20
RATE0005171,CUST003653,M0141,R001,ORD0005104,2,2026-09-16
RATE0005172,CUST001121,M0072,R017,ORD0007379,4,2026-03-05
RATE0005173,CUST000350,M0079,R017,ORD0004726,4,2026-09-09
RATE0005174,CUST002360,M0055,R009,ORD0006098,4,2026-07-06
RATE0005175,CUST000539,M0015,R020,ORD0000952,3,2026-01-11
RATE0005176,CUST002890,M0129,R018,ORD0000174,4,2026-08-25
RATE0005177,CUST002393,M0130,R008,ORD0003060,4,2026-09-23
RATE0005178,CUST000078,M0001,R015,ORD0002543,4,2026-09-19
RATE0005179,CUST001172,M0134,R014,ORD0007014,4,2026-08-16
RATE0005180,CUST002509,M0118,R005,ORD0003823,4,2026-03-09
RATE0005181,CUST000526,M0121,R001,ORD0007185,4,2026-09-19
RATE0005182,CUST001224,M0007,R004,ORD0002007,5,2025-12-18
RATE0005183,CUST003957,M0099,R016,ORD0003146,4,2026-09-11
RATE0005184,CUST000543,M0001,R012,ORD0005498,3,2026-06-12
RATE0005185,CUST003514,M0018,R001,ORD0004783,4,2025-11-23
RATE0005186,CUST003860,M0051,R011,ORD0005167,4,2026-09-25
RATE0005187,CUST000439,M0040,R002,ORD0000162,5,2026-04-27
RATE0005188,CUST000824,M0127,R013,ORD0004693,4,2026-02-06
RATE0005189,CUST000200,M0135,R010,ORD0006763,3,2026-05-14
RATE0005190,CUST002700,M0124,R002,ORD0008012,3,2026-09-24
RATE0005191,CUST001823,M0127,R020,ORD0006838,3,2026-09-10
RATE0005192,CUST001138,M0105,R012,ORD0000152,5,2026-02-26
RATE0005193,CUST000263,M0074,R017,ORD0003249,4,2026-09-23
RATE0005194,CUST002963,M0114,R013,ORD0002371,5,2026-07-26
RATE0005195,CUST003921,M0120,R005,ORD0005748,4,2025-11-04
RATE0005196,CUST002629,M0103,R005,ORD0006820,4,2026-09-14
RATE0005197,CUST003415,M0102,R004,ORD0002624,4,2026-08-12
RATE0005198,CUST002865,M0097,R006,ORD0006468,5,2026-08-07
RATE0005199,CUST001423,M0006,R016,ORD0003471,5,2026-01-08
RATE0005200,CUST003535,M0020,R013,ORD0000245,5,2026-09-17
RATE0005201,CUST001093,M0079,R008,ORD0008930,4,2025-11-11
RATE0005202,CUST002168,M0157,R019,ORD0005057,4,2026-05-16
RATE0005203,CUST003138,M0002,R011,ORD0000061,5,2026-09-20
RATE0005204,CUST000070,M0131,R004,ORD0000001,3,2026-07-18
RATE0005205,CUST003322,M0122,R012,ORD0003234,4,2026-04-05
RATE0005206,CUST002380,M0152,R012,ORD0005168,4,2026-03-17
RATE0005207,CUST003842,M0010,R008,ORD0008624,4,2026-04-23
RATE0005208,CUST003787,M0121,R001,ORD0004806,3,2026-05-21
RATE0005209,CUST003585,M0051,R012,ORD0006030,5,2026-05-11
RATE0005210,CUST002346,M0133,R020,ORD0000871,3,2026-09-13
RATE0005211,CUST000831,M0099,R014,ORD0007557,5,2026-01-26
RATE0005212,CUST001005,M0129,R017,ORD0002146,5,2026-09-18
RATE0005213,CUST002559,M0055,R016,ORD0006165,4,2026-09-07
RATE0005214,CUST002717,M0114,R010,ORD0006289,4,2026-08-22
RATE0005215,CUST000137,M0014,R016,ORD0007669,4,2026-09-09
RATE0005216,CUST002926,M0025,R004,ORD0007549,5,2026-07-17
RATE0005217,CUST002038,M0152,R004,ORD0003776,3,2026-09-12
RATE0005218,CUST002246,M0081,R002,ORD0008572,4,2026-09-23
RATE0005219,CUST000569,M0006,R002,ORD0001793,5,2026-09-15
RATE0005220,CUST001971,M0041,R019,ORD0008722,5,2026-04-28
RATE0005221,CUST002786,M0110,R020,ORD0002981,4,2026-09-20
RATE0005222,CUST001475,M0135,R009,ORD0003542,3,2026-07-20
RATE0005223,CUST001149,M0151,R020,ORD0006790,4,2026-09-24
RATE0005224,CUST001513,M0144,R011,ORD0000015,4,2026-03-11
RATE0005225,CUST000721,M0094,R017,ORD0005871,5,2026-03-28
RATE0005226,CUST000725,M0098,R018,ORD0001306,5,2026-09-14
RATE0005227,CUST002583,M0022,R017,ORD0005170,3,2026-06-10
RATE0005228,CUST000029,M0036,R003,ORD0008845,3,2026-09-18
RATE0005229,CUST000671,M0045,R005,ORD0001483,4,2025-12-05
RATE0005230,CUST001637,M0091,R010,ORD0006443,4,2026-03-30
RATE0005231,CUST003775,M0022,R007,ORD0000290,4,2026-07-29
RATE0005232,CUST000495,M0029,R002,ORD0000145,3,2026-04-05
RATE0005233,CUST002168,M0010,R019,ORD0005057,5,2026-05-16
RATE0005234,CUST000218,M0049,R019,ORD0006748,4,2026-06-14
RATE0005235,CUST000347,M0082,R001,ORD0008178,4,2026-03-25
RATE0005236,CUST003599,M0147,R016,ORD0000157,4,2026-08-27
RATE0005237,CUST002971,M0154,R011,ORD0003201,5,2026-09-15
RATE0005238,CUST001689,M0066,R008,ORD0000112,4,2026-07-23
RATE0005239,CUST001702,M0113,R010,ORD0004704,4,2026-04-27
RATE0005240,CUST002073,M0065,R015,ORD0002400,4,2026-09-26
RATE0005241,CUST002086,M0024,R010,ORD0005879,4,2026-03-30
RATE0005242,CUST002959,M0118,R002,ORD0003157,3,2026-09-22
RATE0005243,CUST003595,M0135,R004,ORD0007716,4,2026-07-28
RATE0005244,CUST000672,M0093,R005,ORD0007490,3,2026-08-24
RATE0005245,CUST002994,M0087,R015,ORD0005671,0,2026-08-04
RATE0005246,CUST001883,M0037,R007,ORD0005481,4,2026-03-26
RATE0005247,CUST002513,M0051,R012,ORD0002607,4,2026-07-06
RATE0005248,CUST001415,M0133,R016,ORD0008879,4,2026-02-03
RATE0005249,CUST000657,M0048,R015,ORD0004004,5,2026-09-23
RATE0005250,CUST000632,M0105,R012,ORD0002422,4,2026-07-19
RATE0005251,CUST003750,M0094,R005,ORD0000961,4,2026-03-27
RATE0005252,CUST002409,M0092,R011,ORD0006401,3,2026-02-09
RATE0005253,CUST003597,M0063,R013,ORD0003270,5,2026-02-14
RATE0005254,CUST001067,M0119,R011,ORD0008349,2,2026-09-02
RATE0005255,CUST001925,M0130,R006,ORD0002043,4,2025-10-01
RATE0005256,CUST003598,M0093,R005,ORD0008181,4,2026-09-02
RATE0005257,CUST000518,M0010,R004,ORD0002025,4,2026-08-09
RATE0005258,CUST002423,M0032,R007,ORD0000028,4,2026-08-25
RATE0005259,CUST003542,M0060,R019,ORD0004082,3,2026-08-11
RATE0005260,CUST001996,M0072,R014,ORD0003670,4,2026-07-09
RATE0005261,CUST003948,M0057,R014,ORD0003395,4,2026-08-07
RATE0005262,CUST003171,M0135,R014,ORD0005701,4,2026-03-10
RATE0005263,CUST000459,M0004,R020,ORD0007084,4,2026-02-27
RATE0005264,CUST003235,M0094,R002,ORD0004448,4,2026-04-28
RATE0005265,CUST002929,M0092,R019,ORD0003602,2,2026-09-18
RATE0005266,CUST001117,M0105,R004,ORD0006520,4,2026-07-25
RATE0005267,CUST003803,M0139,R008,ORD0008079,4,2026-07-24
RATE0005268,CUST001913,M0037,R013,ORD0004397,5,2026-01-05
RATE0005269,CUST000721,M0109,R007,ORD0006103,4,2026-03-29
RATE0005270,CUST002905,M0002,R011,ORD0006847,5,2026-08-02
RATE0005271,CUST002886,M0041,R013,ORD0002161,3,2026-04-27
RATE0005272,CUST000079,M0002,R014,ORD0007687,3,2026-07-02
RATE0005273,CUST002627,M0009,R011,ORD0001548,4,2026-08-30
RATE0005274,CUST001861,M0093,R008,ORD0000905,5,2026-08-01
RATE0005275,CUST000706,M0079,R011,ORD0004204,0,2026-02-05
RATE0005276,CUST001132,M0122,R007,ORD0004414,4,2026-08-22
RATE0005277,CUST001023,M0146,R002,ORD0000244,4,2026-09-13
RATE0005278,CUST003647,M0120,R004,ORD0008148,5,2026-09-27
RATE0005279,CUST002637,M0135,R017,ORD0008840,3,2026-09-24
RATE0005280,CUST001696,M0079,R004,ORD0007087,5,2026-02-02
RATE0005281,CUST000343,M0097,R005,ORD0002502,4,2026-09-05
RATE0005282,CUST003858,M0107,R017,ORD0005680,5,2026-07-15
RATE0005283,CUST001323,M0094,R006,ORD0003450,5,2026-08-20
RATE0005284,CUST002885,M0057,R001,ORD0003794,4,2026-07-09
RATE0005285,CUST002089,M0017,R016,ORD0006625,5,2026-08-30
RATE0005286,CUST003294,M0120,R010,ORD0003451,4,2026-09-14
RATE0005287,CUST000565,M0027,R019,ORD0008483,4,2026-09-07
RATE0005288,CUST003223,M0114,R007,ORD0007208,4,2026-09-15
RATE0005289,CUST000138,M0055,R014,ORD0003262,3,2025-08-07
RATE0005290,CUST003494,M0073,R005,ORD0003088,4,2025-11-30
RATE0005291,CUST003219,M0093,R001,ORD0004653,4,2026-08-27
RATE0005292,CUST000565,M0136,R018,ORD0007492,3,2026-08-18
RATE0005293,CUST001248,M0146,R010,ORD0008729,5,2026-06-23
RATE0005294,CUST003069,M0045,R014,ORD0001489,5,2026-09-23
RATE0005295,CUST000677,M0003,R003,ORD0001794,4,2026-09-27
RATE0005296,CUST001123,M0077,R009,ORD0000982,4,2026-04-27
RATE0005297,CUST000816,M0143,R006,ORD0005718,2,2026-04-04
RATE0005298,CUST001969,M0157,R004,ORD0003068,5,2026-03-10
RATE0005299,CUST003933,M0105,R005,ORD0006913,4,2026-09-16
RATE0005300,CUST000576,M0087,R009,ORD0008174,3,2026-08-25
RATE0005301,CUST002756,M0078,R005,ORD0002513,3,2026-09-26
RATE0005302,CUST002790,M0064,R008,ORD0003021,4,2026-07-02
RATE0005303,CUST002512,M0004,R019,ORD0007819,3,2026-09-03
RATE0005304,CUST000632,M0135,R002,ORD0005193,4,2026-04-10
RATE0005305,CUST002676,M0079,R001,ORD0000866,5,2026-07-31
RATE0005306,CUST001317,M0124,R008,ORD0002197,4,2026-08-28
RATE0005307,CUST001093,M0133,R008,ORD0008930,3,2025-11-12
RATE0005308,CUST003010,M0009,R012,ORD0008313,4,2026-05-16
RATE0005309,CUST003840,M0048,R013,ORD0002792,4,2026-06-07
RATE0005310,CUST003127,M0070,R006,ORD0007712,3,2026-03-15
RATE0005311,CUST000139,M0003,R019,ORD0002868,4,2026-03-02
RATE0005312,CUST001349,M0118,R017,ORD0004593,2,2026-09-21
RATE0005313,CUST002014,M0087,R011,ORD0003084,3,2026-06-11
RATE0005314,CUST003851,M0055,R012,ORD0004389,4,2026-02-01
RATE0005315,CUST001941,M0147,R005,ORD0001328,4,2026-05-04
RATE0005316,CUST001718,M0115,R016,ORD0000243,5,2026-03-28
RATE0005317,CUST001566,M0119,R003,ORD0006777,4,2026-01-02
RATE0005318,CUST001423,M0102,R016,ORD0007036,3,2026-01-27
RATE0005319,CUST000138,M0072,R014,ORD0003262,4,2025-08-08
RATE0005320,CUST001312,M0054,R019,ORD0007973,4,2026-08-05
RATE0005321,CUST002309,M0138,R012,ORD0000418,4,2026-07-11
RATE0005322,CUST003406,M0001,R010,ORD0006682,4,2026-08-13
RATE0005323,CUST000154,M0063,R001,ORD0003534,4,2026-07-16
RATE0005324,CUST001745,M0149,R006,ORD0001933,4,2026-01-05
RATE0005325,CUST003789,M0139,R017,ORD0004160,5,2026-04-11
RATE0005326,CUST002216,M0091,R010,ORD0000949,5,2026-09-09
RATE0005327,CUST003537,M0057,R003,ORD0004901,4,2025-12-06
RATE0005328,CUST002673,M0134,R017,ORD0005660,4,2026-08-19
RATE0005329,CUST002160,M0064,R006,ORD0000674,4,2026-09-20
RATE0005330,CUST002818,M0054,R012,ORD0008020,4,2026-09-10
RATE0005331,CUST002417,M0143,R010,ORD0005064,5,2026-08-26
RATE0005332,CUST000702,M0051,R012,ORD0005488,4,2026-08-17
RATE0005333,CUST001948,M0124,R013,ORD0006784,4,2026-07-24
RATE0005334,CUST002072,M0140,R009,ORD0007791,3,2026-05-21
RATE0005335,CUST002544,M0119,R015,ORD0005085,1,2026-08-31
RATE0005336,CUST003894,M0102,R015,ORD0008409,3,2026-04-29
RATE0005337,CUST003427,M0079,R016,ORD0001436,4,2026-08-26
RATE0005338,CUST000942,M0048,R011,ORD0000521,3,2026-05-26
RATE0005339,CUST003532,M0051,R017,ORD0002162,4,2026-08-30
RATE0005340,CUST000936,M0092,R009,ORD0007816,3,2026-06-29
RATE0005341,CUST003646,M0120,R007,ORD0005331,4,2026-08-23
RATE0005342,CUST001416,M0129,R003,ORD0008261,5,2026-09-03
RATE0005343,CUST001238,M0136,R015,ORD0006887,4,2026-09-13
RATE0005344,CUST000413,M0082,R005,ORD0003135,4,2026-09-22
RATE0005345,CUST000549,M0064,R013,ORD0003117,5,2026-08-07
RATE0005346,CUST002529,M0093,R005,ORD0007421,4,2026-03-03
RATE0005347,CUST003153,M0044,R001,ORD0000842,4,2026-09-08
RATE0005348,CUST002846,M0128,R007,ORD0004170,4,2026-09-09
RATE0005349,CUST000824,M0014,R012,ORD0001798,4,2026-08-19
RATE0005350,CUST002442,M0093,R004,ORD0006778,4,2026-09-22
RATE0005351,CUST002549,M0081,R010,ORD0005382,6,2026-09-15
RATE0005352,CUST003256,M0103,R005,ORD0003686,3,2026-09-24
RATE0005353,CUST002572,M0045,R015,ORD0008594,4,2025-12-02
RATE0005354,CUST000843,M0085,R020,ORD0007386,4,2026-08-20
RATE0005355,CUST003928,M0153,R005,ORD0008690,4,2026-08-11
RATE0005356,CUST000472,M0119,R011,ORD0005127,3,2026-06-13
RATE0005357,CUST000837,M0157,R017,ORD0008576,4,2026-06-07
RATE0005358,CUST003603,M0121,R007,ORD0008007,5,2025-10-22
RATE0005359,CUST000300,M0141,R003,ORD0004015,4,2026-05-18
RATE0005360,CUST002884,M0088,R003,ORD0007774,4,2026-08-19
RATE0005361,CUST000112,M0007,R017,ORD0004365,4,2026-04-21
RATE0005362,CUST002704,M0060,R018,ORD0005443,4,2026-09-21
RATE0005363,CUST003404,M0020,R017,ORD0005008,4,2026-06-28
RATE0005364,CUST001806,M0124,R008,ORD0000177,4,2026-06-03
RATE0005365,CUST000861,M0133,R015,ORD0008685,3,2026-08-13
RATE0005366,CUST002709,M0063,R001,ORD0002377,5,2026-06-12
RATE0005367,CUST000051,M0092,R019,ORD0002806,3,2026-08-29
RATE0005368,CUST002910,M0131,R003,ORD0000639,4,2026-05-25
RATE0005369,CUST001586,M0102,R011,ORD0004461,4,2026-08-27
RATE0005370,CUST000603,M0121,R011,ORD0006056,3,2026-06-22
RATE0005371,CUST001999,M0142,R006,ORD0001218,2,2026-06-27
RATE0005372,CUST003541,M0117,R001,ORD0002721,3,2026-08-19
RATE0005373,CUST000382,M0121,R016,ORD0004229,4,2026-03-15
RATE0005374,CUST003783,M0020,R010,ORD0006264,5,2026-08-31
RATE0005375,CUST003533,M0119,R012,ORD0002979,4,2026-05-05
RATE0005376,CUST000445,M0010,R006,ORD0000768,3,2025-10-10
RATE0005377,CUST000897,M0131,R017,ORD0008638,4,2026-08-02
RATE0005378,CUST002944,M0102,R018,ORD0006807,4,2026-04-22
RATE0005379,CUST001454,M0042,R008,ORD0004153,4,2026-09-29
RATE0005380,CUST001993,M0059,R007,ORD0000421,4,2026-07-25
RATE0005381,CUST002994,M0104,R019,ORD0008475,4,2025-11-01
RATE0005382,CUST003539,M0156,R005,ORD0004416,3,2026-06-25
RATE0005383,CUST001532,M0001,R016,ORD0003255,3,2026-08-28
RATE0005384,CUST001857,M0108,R003,ORD0005966,4,2026-09-11
RATE0005385,CUST001451,M0086,R006,ORD0005864,4,2026-09-16
RATE0005386,CUST002093,M0114,R005,ORD0006960,4,2026-09-20
RATE0005387,CUST000025,M0042,R010,ORD0000441,5,2026-05-16
RATE0005388,CUST000034,M0080,R019,ORD0008201,4,2026-08-05
RATE0005389,CUST001283,M0009,R010,ORD0005851,4,2026-02-02
RATE0005390,CUST003443,M0103,R003,ORD0000310,4,2026-09-27
RATE0005391,CUST002233,M0074,R017,ORD0003259,4,2026-08-16
RATE0005392,CUST002994,M0131,R012,ORD0003216,4,2026-01-06
RATE0005393,CUST000334,M0121,R015,ORD0006208,5,2026-09-03
RATE0005394,CUST000890,M0073,R003,ORD0003791,5,2026-04-19
RATE0005395,CUST002092,M0142,R017,ORD0002691,3,2026-04-24
RATE0005396,CUST001792,M0105,R007,ORD0007006,3,2026-08-08
RATE0005397,CUST003883,M0133,R014,ORD0005010,4,2026-09-20
RATE0005398,CUST002854,M0097,R012,ORD0004084,3,2026-08-28
RATE0005399,CUST000753,M0025,R001,ORD0008806,2,2026-05-08
RATE0005400,CUST002782,M0135,R004,ORD0002918,4,2026-09-13
RATE0005401,CUST002247,M0051,R014,ORD0005405,4,2026-09-18
RATE0005402,CUST001678,M0079,R008,ORD0001804,4,2026-09-27
RATE0005403,CUST001149,M0091,R010,ORD0002532,5,2026-09-24
RATE0005404,CUST003539,M0139,R005,ORD0004466,4,2026-07-19
RATE0005405,CUST000742,M0122,R011,ORD0007992,5,2026-08-31
RATE0005406,CUST000313,M0112,R013,ORD0004492,5,2026-04-26
RATE0005407,CUST001662,M0147,R004,ORD0006835,3,2026-06-22
RATE0005408,CUST003134,M0124,R011,ORD0002412,3,2026-09-23
RATE0005409,CUST002279,M0027,R007,ORD0001950,3,2026-05-09
RATE0005410,CUST001206,M0120,R015,ORD0005315,4,2026-05-01
RATE0005411,CUST000579,M0035,R005,ORD0004601,4,2026-03-19
RATE0005412,CUST002268,M0020,R019,ORD0001609,4,2026-07-23
RATE0005413,CUST002111,M0119,R012,ORD0002626,3,2026-05-11
RATE0005414,CUST002553,M0050,R017,ORD0003294,2,2026-08-27
RATE0005415,CUST002471,M0081,R008,ORD0006687,5,2026-07-23
RATE0005416,CUST000333,M0121,R004,ORD0002820,3,2026-09-26
RATE0005417,CUST003617,M0092,R012,ORD0007970,2,2026-03-05
RATE0005418,CUST002265,M0046,R020,ORD0000517,3,2026-08-19
RATE0005419,CUST000665,M0106,R008,ORD0003453,3,2026-09-27
RATE0005420,CUST001480,M0149,R011,ORD0008018,5,2026-07-08
RATE0005421,CUST001731,M0010,R018,ORD0003281,4,2026-01-09
RATE0005422,CUST001463,M0133,R002,ORD0004974,3,2026-07-23
RATE0005423,CUST003438,M0121,R016,ORD0000983,4,2026-08-19
RATE0005424,CUST002438,M0138,R008,ORD0003196,3,2026-08-08
RATE0005425,CUST000307,M0081,R011,ORD0005337,4,2026-03-11
RATE0005426,CUST001390,M0159,R010,ORD0005520,3,2026-09-12
RATE0005427,CUST001073,M0051,R019,ORD0000103,5,2026-09-02
RATE0005428,CUST001117,M0079,R004,ORD0007181,6,2026-09-14
RATE0005429,CUST002633,M0046,R011,ORD0004544,4,2026-06-28
RATE0005430,CUST001451,M0081,R006,ORD0008102,3,2026-09-08
RATE0005431,CUST003532,M0070,R011,ORD0008467,4,2026-08-29
RATE0005432,CUST001639,M0087,R016,ORD0004531,5,2026-07-06
RATE0005433,CUST001073,M0108,R019,ORD0000103,4,2026-09-03
RATE0005434,CUST002097,M0134,R014,ORD0008998,4,2026-09-19
RATE0005435,CUST000493,M0017,R016,ORD0008671,3,2026-07-04
RATE0005436,CUST000784,M0044,R018,ORD0004960,2,2026-09-21
RATE0005437,CUST003789,M0010,R017,ORD0004160,4,2026-04-12
RATE0005438,CUST000852,M0138,R010,ORD0006594,5,2026-06-30
RATE0005439,CUST001358,M0093,R001,ORD0000329,4,2025-09-09
RATE0005440,CUST001338,M0048,R020,ORD0000993,5,2026-08-24
RATE0005441,CUST001802,M0064,R004,ORD0008926,3,2026-09-25
RATE0005442,CUST000169,M0079,R014,ORD0003085,4,2025-12-09
RATE0005443,CUST002971,M0064,R011,ORD0005463,4,2026-08-23
RATE0005444,CUST003395,M0022,R018,ORD0007359,4,2026-09-21
RATE0005445,CUST002014,M0135,R011,ORD0003084,4,2026-06-12
RATE0005446,CUST003715,M0016,R018,ORD0002936,4,2026-04-01
RATE0005447,CUST001059,M0032,R018,ORD0005249,4,2026-09-23
RATE0005448,CUST000526,M0105,R001,ORD0007185,4,2026-09-21
RATE0005449,CUST002572,M0142,R005,ORD0000721,3,2026-09-19
RATE0005450,CUST000560,M0129,R016,ORD0001973,5,2026-08-22
RATE0005451,CUST002357,M0027,R012,ORD0008470,4,2026-02-16
RATE0005452,CUST003073,M0045,R005,ORD0006318,3,2026-09-07
RATE0005453,CUST002873,M0093,R015,ORD0006296,3,2026-04-28
RATE0005454,CUST002572,M0092,R005,ORD0007889,4,2026-04-27
RATE0005455,CUST000694,M0121,R012,ORD0001670,4,2026-09-18
RATE0005456,CUST000991,M0120,R015,ORD0000236,4,2026-09-13
RATE0005457,CUST001774,M0105,R004,ORD0007638,4,2025-11-11
RATE0005458,CUST001278,M0105,R002,ORD0005323,4,2026-09-25
RATE0005459,CUST003913,M0013,R017,ORD0007331,4,2026-08-16
RATE0005460,CUST001194,M0079,R010,ORD0001472,4,2026-08-12
RATE0005461,CUST000436,M0081,R019,ORD0001629,2,2026-09-04
RATE0005462,CUST002989,M0093,R016,ORD0003564,4,2025-10-01
RATE0005463,CUST003544,M0137,R019,ORD0008567,3,2026-06-22
RATE0005464,CUST002537,M0055,R005,ORD0006542,2,2026-04-23
RATE0005465,CUST003538,M0083,R010,ORD0008289,4,2025-12-06
RATE0005466,CUST002524,M0135,R009,ORD0004715,4,2026-06-24
RATE0005467,CUST001988,M0105,R014,ORD0006935,4,2026-06-16
RATE0005468,CUST001707,M0032,R009,ORD0005392,5,2026-04-02
RATE0005469,CUST002044,M0073,R009,ORD0002997,5,2026-09-11
RATE0005470,CUST000945,M0079,R004,ORD0005482,5,2026-07-19
RATE0005471,CUST002895,M0111,R010,ORD0004964,5,2026-08-20
RATE0005472,CUST002890,M0079,R008,ORD0004520,5,2026-08-09
RATE0005473,CUST000078,M0112,R015,ORD0002543,5,2026-09-21
RATE0005474,CUST002439,M0105,R016,ORD0002498,4,2026-08-15
RATE0005475,CUST003593,M0139,R016,ORD0001188,5,2026-09-23
RATE0005476,CUST003524,M0099,R010,ORD0006176,4,2026-06-22
RATE0005477,CUST000367,M0129,R018,ORD0008783,5,2026-05-27
RATE0005478,CUST001614,M0067,R003,ORD0003935,3,2026-07-10
RATE0005479,CUST002851,M0024,R019,ORD0005119,4,2026-09-07
RATE0005480,CUST001157,M0107,R007,ORD0000040,3,2026-05-08
RATE0005481,CUST000472,M0014,R001,ORD0006581,4,2026-09-26
RATE0005482,CUST000005,M0130,R017,ORD0003701,4,2026-07-02
RATE0005483,CUST001623,M0159,R015,ORD0004037,4,2025-11-26
RATE0005484,CUST002332,M0046,R008,ORD0007785,4,2026-03-16
RATE0005485,CUST000646,M0115,R020,ORD0001072,4,2026-08-19
RATE0005486,CUST002551,M0128,R001,ORD0004567,4,2026-09-06
RATE0005487,CUST002182,M0021,R017,ORD0008117,3,2026-08-29
RATE0005488,CUST002791,M0047,R002,ORD0004738,3,2026-09-03
RATE0005489,CUST001272,M0131,R014,ORD0001447,4,2026-09-23
RATE0005490,CUST002341,M0095,R012,ORD0005977,5,2026-08-17
RATE0005491,CUST001603,M0055,R016,ORD0000803,3,2025-11-28
RATE0005492,CUST001359,M0048,R012,ORD0006904,5,2026-09-15
RATE0005493,CUST001609,M0051,R018,ORD0004752,4,2026-09-19
RATE0005494,CUST000191,M0025,R004,ORD0007989,4,2026-02-10
RATE0005495,CUST003478,M0056,R017,ORD0008272,3,2026-07-19
RATE0005496,CUST000559,M0120,R020,ORD0000271,4,2025-12-25
RATE0005497,CUST001393,M0046,R018,ORD0006724,4,2026-09-08
RATE0005498,CUST003700,M0009,R008,ORD0001367,4,2025-12-15
RATE0005499,CUST002276,M0025,R019,ORD0002670,4,2026-05-28
RATE0005500,CUST003776,M0048,R020,ORD0008147,4,2026-09-01
RATE0005501,CUST002971,M0019,R001,ORD0005272,5,2026-08-12
RATE0005502,CUST000770,M0120,R015,ORD0000166,5,2026-05-01
RATE0005503,CUST000167,M0135,R020,ORD0008980,4,2026-09-23
RATE0005504,CUST001675,M0086,R004,ORD0000748,4,2026-09-26
RATE0005505,CUST001428,M0038,R003,ORD0002466,4,2026-07-06
RATE0005506,CUST001106,M0012,R008,ORD0004335,5,2026-07-26
RATE0005507,CUST002232,M0020,R013,ORD0000387,5,2025-12-20
RATE0005508,CUST001343,M0097,R018,ORD0003130,3,2026-06-08
RATE0005509,CUST002415,M0025,R013,ORD0000619,5,2026-08-16
RATE0005510,CUST003868,M0048,R008,ORD0008284,3,2026-02-26
RATE0005511,CUST001480,M0127,R001,ORD0005297,4,2026-07-05
RATE0005512,CUST000934,M0097,R018,ORD0007052,5,2026-05-27
RATE0005513,CUST001717,M0099,R020,ORD0006556,4,2026-09-10
RATE0005514,CUST000266,M0091,R006,ORD0008676,5,2026-08-01
RATE0005515,CUST003475,M0099,R017,ORD0002104,4,2026-02-18
RATE0005516,CUST001368,M0059,R018,ORD0003359,4,2026-09-15
RATE0005517,CUST002573,M0080,R012,ORD0002059,2,2026-04-25
RATE0005518,CUST001232,M0067,R003,ORD0000446,3,2026-09-11
RATE0005519,CUST000644,M0150,R016,ORD0008231,4,2026-06-04
RATE0005520,CUST000438,M0077,R008,ORD0007704,3,2026-09-20
RATE0005521,CUST000667,M0117,R001,ORD0008509,5,2026-05-15
RATE0005522,CUST002794,M0009,R018,ORD0004183,5,2026-07-30
RATE0005523,CUST002821,M0022,R019,ORD0008546,4,2026-08-30
RATE0005524,CUST001468,M0036,R005,ORD0004491,4,2026-03-09
RATE0005525,CUST002910,M0152,R013,ORD0005769,4,2026-09-12
RATE0005526,CUST002745,M0124,R007,ORD0008621,4,2026-06-13
RATE0005527,CUST001098,M0067,R011,ORD0000014,5,2026-02-14
RATE0005528,CUST002131,M0094,R011,ORD0004022,4,2026-09-04
RATE0005529,CUST002721,M0041,R013,ORD0007238,5,2026-09-14
RATE0005530,CUST003548,M0051,R006,ORD0008763,4,2026-05-05
RATE0005531,CUST003948,M0041,R015,ORD0005234,4,2026-09-13
RATE0005532,CUST002327,M0086,R012,ORD0007996,4,2026-08-24
RATE0005533,CUST002258,M0133,R003,ORD0004912,3,2026-09-16
RATE0005534,CUST000685,M0104,R004,ORD0000941,3,2026-06-25
RATE0005535,CUST001019,M0084,R003,ORD0003514,4,2026-07-27
RATE0005536,CUST000834,M0157,R004,ORD0008535,3,2026-07-21
RATE0005537,CUST002179,M0107,R012,ORD0001270,5,2026-09-17
RATE0005538,CUST002158,M0147,R006,ORD0002242,4,2026-07-01
RATE0005539,CUST001560,M0010,R009,ORD0000405,4,2026-09-04
RATE0005540,CUST002499,M0011,R011,ORD0001651,3,2026-07-15
RATE0005541,CUST003494,M0154,R005,ORD0003088,5,2025-11-30
RATE0005542,CUST000404,M0121,R008,ORD0004988,5,2026-08-10
RATE0005543,CUST000108,M0129,R008,ORD0000806,5,2026-08-30
RATE0005544,CUST000040,M0133,R001,ORD0006361,4,2026-08-22
RATE0005545,CUST001614,M0084,R003,ORD0003935,4,2026-07-06
RATE0005546,CUST003789,M0154,R017,ORD0004160,4,2026-04-13
RATE0005547,CUST002585,M0158,R005,ORD0002352,3,2026-08-01
RATE0005548,CUST000971,M0056,R015,ORD0006993,3,2026-06-21
RATE0005549,CUST001654,M0114,R017,ORD0000943,4,2026-07-04
RATE0005550,CUST000907,M0093,R018,ORD0007411,3,2025-11-24
RATE0005551,CUST003611,M0120,R009,ORD0007352,4,2026-06-06
RATE0005552,CUST001779,M0115,R011,ORD0008790,4,2026-08-01
RATE0005553,CUST003599,M0037,R004,ORD0007962,5,2026-09-01
RATE0005554,CUST000807,M0033,R007,ORD0002219,5,2026-09-11
RATE0005555,CUST000702,M0136,R013,ORD0008474,4,2026-08-09
RATE0005556,CUST003559,M0129,R016,ORD0007265,4,2026-07-14
RATE0005557,CUST002942,M0138,R010,ORD0003783,4,2026-09-23
RATE0005558,CUST002753,M0079,R009,ORD0001237,4,2025-11-05
RATE0005559,CUST001569,M0020,R004,ORD0000030,5,2026-09-07
RATE0005560,CUST003718,M0097,R012,ORD0008074,4,2025-11-17
RATE0005561,CUST001383,M0098,R010,ORD0005771,4,2026-07-24
RATE0005562,CUST000955,M0149,R006,ORD0005214,4,2026-07-16
RATE0005563,CUST001662,M0153,R014,ORD0003093,3,2026-05-02
RATE0005564,CUST002800,M0048,R015,ORD0005558,4,2026-02-18
RATE0005565,CUST001070,M0009,R009,ORD0005981,5,2026-07-22
RATE0005566,CUST000489,M0080,R009,ORD0008212,4,2026-09-07
RATE0005567,CUST001074,M0020,R018,ORD0003419,5,2026-04-02
RATE0005568,CUST000929,M0036,R011,ORD0006325,4,2025-10-10
RATE0005569,CUST000237,M0057,R016,ORD0008836,5,2026-08-20
RATE0005570,CUST003902,M0131,R001,ORD0000259,5,2026-01-12
RATE0005571,CUST002105,M0151,R001,ORD0003115,5,2026-02-12
RATE0005572,CUST002335,M0004,R009,ORD0008010,3,2026-07-18
RATE0005573,CUST003991,M0061,R013,ORD0007938,3,2025-11-09
RATE0005574,CUST002583,M0068,R017,ORD0003633,3,2026-01-24
RATE0005575,CUST000658,M0018,R005,ORD0002320,4,2026-09-15
RATE0005576,CUST000609,M0091,R003,ORD0002972,4,2026-06-14
RATE0005577,CUST001429,M0147,R012,ORD0004814,5,2026-05-18
RATE0005578,CUST003646,M0124,R006,ORD0001079,4,2026-08-28
RATE0005579,CUST002385,M0098,R011,ORD0002864,3,2026-08-21
RATE0005580,CUST001539,M0133,R006,ORD0006007,4,2026-09-20
RATE0005581,CUST002584,M0038,R007,ORD0001192,4,2025-12-07
RATE0005582,CUST000852,M0099,R020,ORD0006484,3,2026-07-18
RATE0005583,CUST001438,M0123,R013,ORD0008918,4,2026-09-24
RATE0005584,CUST002894,M0055,R011,ORD0005646,4,2026-07-18
RATE0005585,CUST000402,M0007,R016,ORD0000937,4,2026-09-09
RATE0005586,CUST003303,M0119,R012,ORD0002603,4,2026-09-03
RATE0005587,CUST003156,M0121,R007,ORD0000391,4,2026-07-08
RATE0005588,CUST002094,M0117,R020,ORD0001091,4,2026-06-28
RATE0005589,CUST001879,M0072,R013,ORD0003730,5,2026-06-16
RATE0005590,CUST003566,M0105,R008,ORD0001523,4,2026-09-08
RATE0005591,CUST001994,M0064,R017,ORD0002917,2,2026-04-10
RATE0005592,CUST002644,M0014,R015,ORD0000723,4,2026-07-22
RATE0005593,CUST003017,M0006,R014,ORD0004030,4,2026-07-16
RATE0005594,CUST000596,M0147,R001,ORD0003704,4,2026-03-19
RATE0005595,CUST003667,M0111,R007,ORD0008043,4,2026-09-13
RATE0005596,CUST002504,M0154,R016,ORD0005228,3,2026-09-19
RATE0005597,CUST001696,M0094,R011,ORD0001742,4,2026-02-15
RATE0005598,CUST001273,M0018,R006,ORD0007834,4,2026-09-25
RATE0005599,CUST002053,M0097,R010,ORD0004918,4,2026-09-03
RATE0005600,CUST003429,M0090,R010,ORD0006797,5,2026-09-19
RATE0005601,CUST003063,M0109,R006,ORD0002405,4,2026-07-01
RATE0005602,CUST002199,M0064,R001,ORD0003343,3,2026-09-24
RATE0005603,CUST000302,M0092,R002,ORD0005396,4,2026-09-11
RATE0005604,CUST003107,M0129,R003,ORD0008185,4,2026-09-20
RATE0005605,CUST003982,M0055,R005,ORD0005457,4,2026-07-02
RATE0005606,CUST003370,M0093,R013,ORD0001910,4,2025-10-26
RATE0005607,CUST003809,M0022,R017,ORD0005969,5,2026-08-25
RATE0005608,CUST002185,M0009,R016,ORD0002907,3,2026-07-10
RATE0005609,CUST000447,M0103,R009,ORD0003160,4,2026-08-02
RATE0005610,CUST001268,M0121,R009,ORD0008875,4,2026-09-17
RATE0005611,CUST001716,M0117,R019,ORD0002555,4,2026-07-16
RATE0005612,CUST000804,M0004,R005,ORD0007622,3,2026-08-11
RATE0005613,CUST002809,M0006,R003,ORD0000673,4,2026-06-22
RATE0005614,CUST000304,M0046,R020,ORD0002289,5,2026-09-14
RATE0005615,CUST000683,M0094,R002,ORD0002296,4,2026-05-29
RATE0005616,CUST002675,M0150,R010,ORD0005242,4,2026-06-03
RATE0005617,CUST001481,M0067,R009,ORD0003463,5,2026-08-06
RATE0005618,CUST000908,M0038,R015,ORD0002013,3,2026-03-26
RATE0005619,CUST000115,M0004,R017,ORD0008189,4,2026-08-13
RATE0005620,CUST001953,M0073,R013,ORD0001247,4,2026-09-23
RATE0005621,CUST001185,M0129,R018,ORD0000828,5,2025-12-14
RATE0005622,CUST002743,M0081,R016,ORD0001445,3,2026-09-03
RATE0005623,CUST000739,M0103,R016,ORD0001824,5,2026-08-24
RATE0005624,CUST001411,M0068,R013,ORD0000303,5,2026-03-23
RATE0005625,CUST001874,M0081,R016,ORD0004123,4,2026-06-26
RATE0005626,CUST003870,M0063,R006,ORD0001769,4,2026-09-26
RATE0005627,CUST000450,M0041,R015,ORD0002849,4,2026-09-22
RATE0005628,CUST000051,M0117,R009,ORD0004772,5,2026-08-08
RATE0005629,CUST001104,M0120,R006,ORD0002401,3,2026-07-17
RATE0005630,CUST003180,M0034,R007,ORD0003527,4,2026-09-07
RATE0005631,CUST000184,M0125,R009,ORD0001904,5,2026-09-06
RATE0005632,CUST000949,M0066,R018,ORD0001509,5,2025-12-10
RATE0005633,CUST001467,M0086,R006,ORD0001940,5,2026-01-13
RATE0005634,CUST001093,M0148,R018,ORD0008408,5,2026-08-09
RATE0005635,CUST003523,M0135,R019,ORD0007706,3,2026-08-16
RATE0005636,CUST003067,M0082,R019,ORD0007947,4,2026-08-14
RATE0005637,CUST000181,M0073,R018,ORD0004739,5,2026-04-06
RATE0005638,CUST003647,M0154,R014,ORD0008656,3,2026-09-10
RATE0005639,CUST003043,M0020,R010,ORD0003594,4,2026-08-26
RATE0005640,CUST001356,M0159,R006,ORD0008538,3,2026-09-15
RATE0005641,CUST001779,M0070,R011,ORD0003544,5,2026-08-14
RATE0005642,CUST002606,M0074,R017,ORD0001275,4,2026-07-12
RATE0005643,CUST000918,M0018,R008,ORD0008276,4,2026-03-17
RATE0005644,CUST003720,M0020,R001,ORD0000493,4,2026-09-15
RATE0005645,CUST000978,M0016,R020,ORD0007368,3,2026-01-04
RATE0005646,CUST002756,M0083,R005,ORD0002513,4,2026-09-21
RATE0005647,CUST001498,M0103,R013,ORD0001731,4,2026-04-26
RATE0005648,CUST001172,M0115,R004,ORD0007781,4,2026-01-16
RATE0005649,CUST001577,M0105,R006,ORD0001937,4,2026-07-19
RATE0005650,CUST002092,M0119,R004,ORD0002088,3,2026-06-05
RATE0005651,CUST002938,M0035,R019,ORD0001229,3,2026-05-22
RATE0005652,CUST003827,M0074,R011,ORD0002655,5,2026-02-11
RATE0005653,CUST000749,M0004,R007,ORD0000480,3,2026-07-07
RATE0005654,CUST001260,M0119,R006,ORD0007280,4,2026-08-09
RATE0005655,CUST000936,M0119,R008,ORD0007571,3,2026-03-23
RATE0005656,CUST002958,M0149,R010,ORD0007807,4,2026-07-09
RATE0005657,CUST003682,M0133,R008,ORD0005907,4,2026-09-11
RATE0005658,CUST002606,M0116,R017,ORD0001275,4,2026-07-12
RATE0005659,CUST003198,M0093,R008,ORD0003386,4,2025-09-13
RATE0005660,CUST001537,M0120,R016,ORD0000690,4,2026-09-27
RATE0005661,CUST002118,M0131,R001,ORD0001470,3,2026-07-03
RATE0005662,CUST003252,M0042,R009,ORD0007888,4,2026-05-23
RATE0005663,CUST000793,M0068,R014,ORD0005344,5,2026-06-18
RATE0005664,CUST001439,M0070,R020,ORD0000409,5,2026-03-12
RATE0005665,CUST002269,M0094,R004,ORD0007285,4,2026-05-15
RATE0005666,CUST000215,M0115,R012,ORD0003374,4,2026-09-24
RATE0005667,CUST001057,M0040,R020,ORD0004552,5,2026-08-19
RATE0005668,CUST002136,M0037,R015,ORD0002833,4,2026-06-14
RATE0005669,CUST003215,M0105,R016,ORD0005307,5,2026-08-29
RATE0005670,CUST001758,M0134,R014,ORD0002221,5,2026-04-30
RATE0005671,CUST001969,M0052,R014,ORD0001346,4,2026-03-22
RATE0005672,CUST000908,M0154,R015,ORD0002013,4,2026-03-26
RATE0005673,CUST003889,M0135,R009,ORD0001365,4,2026-08-07
RATE0005674,CUST000616,M0135,R013,ORD0002494,4,2026-07-26
RATE0005675,CUST001586,M0030,R011,ORD0004461,3,2026-08-28
RATE0005676,CUST002344,M0010,R014,ORD0004219,4,2025-08-23
RATE0005677,CUST002085,M0093,R012,ORD0005787,4,2026-08-13
RATE0005678,CUST001907,M0076,R016,ORD0002208,3,2026-09-20
RATE0005679,CUST003281,M0127,R006,ORD0000509,4,2026-04-04
RATE0005680,CUST001625,M0012,R010,ORD0002051,4,2026-08-02
RATE0005681,CUST001124,M0098,R019,ORD0007433,4,2026-06-28
RATE0005682,CUST001712,M0079,R011,ORD0001520,5,2026-06-29
RATE0005683,CUST002537,M0079,R005,ORD0006542,4,2026-04-27
RATE0005684,CUST003181,M0133,R001,ORD0005844,3,2026-07-16
RATE0005685,CUST003599,M0099,R004,ORD0007962,4,2026-08-29
RATE0005686,CUST001252,M0084,R019,ORD0002204,4,2026-06-30
RATE0005687,CUST002534,M0119,R013,ORD0000628,3,2026-07-02
RATE0005688,CUST001832,M0146,R019,ORD0007754,4,2026-09-26
RATE0005689,CUST000168,M0139,R019,ORD0002821,5,2026-09-21
RATE0005690,CUST001359,M0092,R002,ORD0007846,4,2026-08-30
RATE0005691,CUST003849,M0143,R005,ORD0006259,5,2026-03-06
RATE0005692,CUST002863,M0080,R018,ORD0003671,4,2026-09-27
RATE0005693,CUST002873,M0133,R015,ORD0006296,3,2026-04-24
RATE0005694,CUST001229,M0138,R002,ORD0005143,4,2026-09-12
RATE0005695,CUST002874,M0130,R006,ORD0004606,3,2025-12-14
RATE0005696,CUST001791,M0063,R018,ORD0004426,4,2026-07-30
RATE0005697,CUST002201,M0086,R011,ORD0000093,4,2026-07-09
RATE0005698,CUST000076,M0122,R017,ORD0001532,5,2026-09-22
RATE0005699,CUST001832,M0083,R009,ORD0001661,5,2026-09-18
RATE0005700,CUST000728,M0001,R015,ORD0003715,5,2026-06-24
RATE0005701,CUST003788,M0010,R016,ORD0000475,5,2026-09-23
RATE0005702,CUST003615,M0013,R010,ORD0004358,3,2026-09-03
RATE0005703,CUST002248,M0073,R007,ORD0000322,5,2026-09-24
RATE0005704,CUST002353,M0120,R016,ORD0003427,5,2026-01-05
RATE0005705,CUST003626,M0024,R020,ORD0000807,3,2025-11-18
RATE0005706,CUST001145,M0113,R008,ORD0000481,5,2026-09-22
RATE0005707,CUST003230,M0057,R018,ORD0005027,4,2026-08-21
RATE0005708,CUST002479,M0014,R006,ORD0008785,3,2026-09-20
RATE0005709,CUST003246,M0004,R004,ORD0004816,3,2026-08-10
RATE0005710,CUST003262,M0090,R017,ORD0000664,4,2026-04-04
RATE0005711,CUST002193,M0083,R005,ORD0007642,5,2026-09-20
RATE0005712,CUST000908,M0119,R005,ORD0003219,3,2026-02-06
RATE0005713,CUST002954,M0081,R005,ORD0008965,4,2026-03-13
RATE0005714,CUST000561,M0004,R006,ORD0004064,3,2026-04-16
RATE0005715,CUST002624,M0004,R014,ORD0003979,4,2026-08-31
RATE0005716,CUST002988,M0098,R009,ORD0004553,4,2026-05-01
RATE0005717,CUST002430,M0112,R018,ORD0000142,4,2026-06-12
RATE0005718,CUST000435,M0010,R019,ORD0002278,4,2026-04-24
RATE0005719,CUST003304,M0079,R019,ORD0007111,4,2026-03-26
RATE0005720,CUST000728,M0009,R005,ORD0007603,4,2025-12-28
RATE0005721,CUST002381,M0122,R007,ORD0000494,5,2026-08-21
RATE0005722,CUST001371,M0094,R011,ORD0006686,3,2026-05-19
RATE0005723,CUST000885,M0034,R003,ORD0006656,4,2026-08-06
RATE0005724,CUST001199,M0019,R018,ORD0001971,3,2026-09-03
RATE0005725,CUST002772,M0120,R016,ORD0007375,5,2026-05-30
RATE0005726,CUST002472,M0044,R018,ORD0000894,4,2026-07-13
RATE0005727,CUST000388,M0108,R003,ORD0000304,5,2026-09-03
RATE0005728,CUST003825,M0029,R011,ORD0007901,4,2026-04-09
RATE0005729,CUST002890,M0122,R005,ORD0005951,5,2026-09-20
RATE0005730,CUST003742,M0064,R016,ORD0004673,2,2026-06-30
RATE0005731,CUST002085,M0059,R002,ORD0008428,4,2026-03-13
RATE0005732,CUST001076,M0006,R019,ORD0002909,4,2026-08-25
RATE0005733,CUST000630,M0094,R005,ORD0003368,5,2026-04-10
RATE0005734,CUST000660,M0121,R010,ORD0008224,3,2026-09-25
RATE0005735,CUST003741,M0045,R002,ORD0003077,3,2026-08-20
RATE0005736,CUST002703,M0105,R003,ORD0001626,4,2025-12-15
RATE0005737,CUST003030,M0117,R017,ORD0003045,5,2026-06-23
RATE0005738,CUST002515,M0004,R015,ORD0003053,4,2026-09-13
RATE0005739,CUST002080,M0019,R020,ORD0001954,4,2025-12-06
RATE0005740,CUST001026,M0135,R001,ORD0003285,4,2026-07-08
RATE0005741,CUST001498,M0105,R003,ORD0004370,5,2026-04-21
RATE0005742,CUST003415,M0060,R014,ORD0006420,4,2026-04-21
RATE0005743,CUST001548,M0151,R020,ORD0001656,5,2026-09-20
RATE0005744,CUST003611,M0124,R009,ORD0006099,3,2026-06-01
RATE0005745,CUST000305,M0099,R018,ORD0000049,4,2026-07-07
RATE0005746,CUST002341,M0095,R012,ORD0005977,5,2026-08-18
RATE0005747,CUST003809,M0121,R001,ORD0005045,5,2026-04-19
RATE0005748,CUST000968,M0081,R013,ORD0008326,4,2026-06-01
RATE0005749,CUST000937,M0114,R005,ORD0002491,4,2026-09-25
RATE0005750,CUST002573,M0135,R012,ORD0004032,4,2026-08-12
RATE0005751,CUST000549,M0051,R013,ORD0006414,3,2025-12-02
RATE0005752,CUST003988,M0135,R018,ORD0004702,3,2026-06-14
RATE0005753,CUST001675,M0063,R004,ORD0000748,3,2026-09-22
RATE0005754,CUST000527,M0146,R007,ORD0003105,5,2026-06-27
RATE0005755,CUST000721,M0046,R007,ORD0001239,4,2026-08-31
RATE0005756,CUST000561,M0064,R006,ORD0000527,4,2026-05-02
RATE0005757,CUST001391,M0010,R019,ORD0000498,4,2026-07-08
RATE0005758,CUST003710,M0090,R007,ORD0001005,4,2026-09-23
RATE0005759,CUST000487,M0079,R013,ORD0008269,4,2026-04-28
RATE0005760,CUST002930,M0111,R004,ORD0006274,4,2026-01-19
RATE0005761,CUST003806,M0080,R015,ORD0001224,4,2026-05-13
RATE0005762,CUST002193,M0136,R005,ORD0007642,4,2026-09-18
RATE0005763,CUST001902,M0145,R015,ORD0002826,4,2026-04-28
RATE0005764,CUST002096,M0057,R006,ORD0007344,5,2026-06-17
RATE0005765,CUST003255,M0124,R009,ORD0001682,4,2026-02-27
RATE0005766,CUST000629,M0036,R012,ORD0008472,4,2026-06-07
RATE0005767,CUST000765,M0099,R011,ORD0006169,3,2026-04-08
RATE0005768,CUST000983,M0033,R014,ORD0005946,3,2026-06-17
RATE0005769,CUST001994,M0138,R012,ORD0003870,3,2026-09-26
RATE0005770,CUST002958,M0072,R010,ORD0007807,4,2026-07-11
RATE0005771,CUST000867,M0152,R020,ORD0003822,3,2026-08-23
RATE0005772,CUST003471,M0097,R005,ORD0000189,4,2026-09-13
RATE0005773,CUST000724,M0092,R019,ORD0004554,3,2026-05-30
RATE0005774,CUST000936,M0081,R009,ORD0001404,4,2026-09-13
RATE0005775,CUST001190,M0080,R020,ORD0000378,4,2025-12-03
RATE0005776,CUST001473,M0019,R012,ORD0006879,5,2026-05-15
RATE0005777,CUST002890,M0133,R008,ORD0007952,3,2026-09-25
RATE0005778,CUST001578,M0152,R014,ORD0007609,4,2026-08-12
RATE0005779,CUST000013,M0145,R013,ORD0003775,3,2026-09-24
RATE0005780,CUST000738,M0073,R016,ORD0002703,5,2026-03-24
RATE0005781,CUST000249,M0088,R019,ORD0006233,4,2026-01-25
RATE0005782,CUST001420,M0090,R004,ORD0005784,4,2026-09-07
RATE0005783,CUST000756,M0076,R001,ORD0007113,3,2026-08-12
RATE0005784,CUST000787,M0051,R010,ORD0002713,4,2026-04-25
RATE0005785,CUST001026,M0124,R001,ORD0008670,4,2026-07-22
RATE0005786,CUST001776,M0051,R007,ORD0005368,4,2026-06-25
RATE0005787,CUST001797,M0115,R011,ORD0004468,4,2026-03-09
RATE0005788,CUST003245,M0079,R014,ORD0005029,4,2026-04-02
RATE0005789,CUST003224,M0144,R012,ORD0008995,4,2026-09-21
RATE0005790,CUST000154,M0093,R006,ORD0004784,4,2026-09-10
RATE0005791,CUST002179,M0092,R012,ORD0003008,3,2026-09-11
RATE0005792,CUST000504,M0160,R015,ORD0005011,4,2026-09-07
RATE0005793,CUST002230,M0131,R014,ORD0007287,4,2026-04-11
RATE0005794,CUST002897,M0107,R013,ORD0001062,3,2025-09-01
RATE0005795,CUST001720,M0130,R006,ORD0004388,3,2026-09-21
RATE0005796,CUST001580,M0085,R006,ORD0001925,5,2026-09-16
RATE0005797,CUST000839,M0098,R019,ORD0004351,4,2026-01-10
RATE0005798,CUST000979,M0073,R012,ORD0003126,3,2025-12-26
RATE0005799,CUST003667,M0083,R007,ORD0001885,4,2026-09-06
RATE0005800,CUST003185,M0083,R007,ORD0007057,5,2026-09-18
RATE0005801,CUST003487,M0044,R014,ORD0003584,4,2026-07-28
RATE0005802,CUST001593,M0046,R007,ORD0006088,4,2025-12-01
RATE0005803,CUST001966,M0073,R019,ORD0003103,5,2026-09-07
RATE0005804,CUST001961,M0135,R007,ORD0004465,4,2026-04-02
RATE0005805,CUST000918,M0057,R018,ORD0008071,4,2026-02-03
RATE0005806,CUST001427,M0133,R002,ORD0007634,4,2026-09-24
RATE0005807,CUST003358,M0119,R017,ORD0004812,2,2025-11-01
RATE0005808,CUST003296,M0143,R015,ORD0001578,4,2026-09-08
RATE0005809,CUST002396,M0069,R015,ORD0008411,3,2026-02-21
RATE0005810,CUST000775,M0114,R014,ORD0003180,4,2026-09-23
RATE0005811,CUST000691,M0111,R017,ORD0008009,4,2026-06-01
RATE0005812,CUST002191,M0046,R008,ORD0000613,3,2026-09-19
RATE0005813,CUST000856,M0084,R009,ORD0001041,4,2026-07-11
RATE0005814,CUST001494,M0076,R014,ORD0004423,5,2025-12-16
RATE0005815,CUST000384,M0069,R002,ORD0003576,3,2026-09-07
RATE0005816,CUST003235,M0124,R007,ORD0005322,3,2026-04-27
RATE0005817,CUST003904,M0124,R013,ORD0000178,4,2026-08-03
RATE0005818,CUST003742,M0133,R006,ORD0007044,2,2026-07-22
RATE0005819,CUST001202,M0115,R014,ORD0007249,5,2026-09-17
RATE0005820,CUST002264,M0122,R008,ORD0003320,5,2026-09-15
RATE0005821,CUST000945,M0124,R004,ORD0005482,4,2026-07-19
RATE0005822,CUST002073,M0146,R015,ORD0002400,3,2026-09-25
RATE0005823,CUST000891,M0131,R003,ORD0007469,4,2025-12-09
RATE0005824,CUST001614,M0135,R003,ORD0005551,5,2026-09-01
RATE0005825,CUST003704,M0124,R005,ORD0000540,4,2026-05-02
RATE0005826,CUST003065,M0051,R008,ORD0007166,5,2026-04-17
RATE0005827,CUST000498,M0077,R006,ORD0003909,2,2026-09-21
RATE0005828,CUST000368,M0055,R007,ORD0007838,3,2026-02-22
RATE0005829,CUST000067,M0010,R003,ORD0004831,4,2026-04-30
RATE0005830,CUST001104,M0115,R016,ORD0008285,4,2026-09-03
RATE0005831,CUST000582,M0083,R016,ORD0001278,4,2026-05-16
RATE0005832,CUST001641,M0135,R010,ORD0000478,5,2026-09-06
RATE0005833,CUST003023,M0041,R001,ORD0000662,4,2026-09-16
RATE0005834,CUST002430,M0136,R008,ORD0001012,4,2026-07-17
RATE0005835,CUST003660,M0121,R009,ORD0007526,4,2026-04-17
RATE0005836,CUST003280,M0059,R019,ORD0006339,5,2026-07-25
RATE0005837,CUST001349,M0156,R017,ORD0001791,3,2026-09-10
RATE0005838,CUST000445,M0055,R006,ORD0000210,4,2026-07-18
RATE0005839,CUST001963,M0133,R014,ORD0001864,3,2026-09-17
RATE0005840,CUST001553,M0083,R020,ORD0004081,4,2026-07-27
RATE0005841,CUST003144,M0083,R017,ORD0007698,4,2026-06-08
RATE0005842,CUST000412,M0068,R012,ORD0007719,4,2026-08-15
RATE0005843,CUST003349,M0129,R005,ORD0007219,4,2026-09-24
RATE0005844,CUST000107,M0119,R008,ORD0008441,4,2025-12-27
RATE0005845,CUST003661,M0010,R003,ORD0005136,4,2026-06-30
RATE0005846,CUST000130,M0029,R010,ORD0004222,3,2026-09-03
RATE0005847,CUST002101,M0107,R002,ORD0000458,5,2025-12-11
RATE0005848,CUST002081,M0135,R011,ORD0003601,2,2026-09-25
RATE0005849,CUST000997,M0105,R017,ORD0008569,4,2025-12-28
RATE0005850,CUST001248,M0094,R020,ORD0002378,5,2026-08-22
RATE0005851,CUST000030,M0096,R002,ORD0002702,3,2026-05-23
RATE0005852,CUST002334,M0027,R015,ORD0002138,4,2026-07-31
RATE0005853,CUST003661,M0138,R003,ORD0001156,4,2026-07-24
RATE0005854,CUST003270,M0159,R002,ORD0005148,4,2026-05-18
RATE0005855,CUST003988,M0061,R014,ORD0008772,3,2025-12-26
RATE0005856,CUST003915,M0001,R012,ORD0002454,5,2026-04-15
RATE0005857,CUST002553,M0015,R017,ORD0003294,3,2026-08-31
RATE0005858,CUST001883,M0131,R007,ORD0005481,5,2026-03-25
RATE0005859,CUST003026,M0135,R018,ORD0001191,4,2026-05-18
RATE0005860,CUST003988,M0157,R014,ORD0008772,4,2025-12-28
RATE0005861,CUST001269,M0026,R014,ORD0006976,4,2025-10-29
RATE0005862,CUST003860,M0106,R011,ORD0005167,3,2026-09-23
RATE0005863,CUST002638,M0109,R004,ORD0002058,3,2026-05-21
RATE0005864,CUST001137,M0124,R004,ORD0003101,3,2026-06-22
RATE0005865,CUST002031,M0051,R007,ORD0004905,4,2025-12-06
RATE0005866,CUST001025,M0156,R019,ORD0005910,5,2026-08-15
RATE0005867,CUST003442,M0138,R006,ORD0007371,3,2026-09-21
RATE0005868,CUST000169,M0041,R014,ORD0003818,5,2026-07-02
RATE0005869,CUST000252,M0064,R019,ORD0005713,4,2026-07-26
RATE0005870,CUST001458,M0120,R005,ORD0008211,5,2025-12-20
RATE0005871,CUST001238,M0134,R015,ORD0006887,5,2026-09-16
RATE0005872,CUST002490,M0133,R016,ORD0008321,4,2026-09-27
RATE0005873,CUST000759,M0135,R011,ORD0000484,4,2026-08-15
RATE0005874,CUST002326,M0081,R007,ORD0003044,4,2026-07-04
RATE0005875,CUST003257,M0133,R010,ORD0001048,4,2026-09-25
RATE0005876,CUST003508,M0004,R013,ORD0004124,4,2026-07-24
RATE0005877,CUST001994,M0004,R017,ORD0002917,4,2026-04-14
RATE0005878,CUST001987,M0066,R020,ORD0007337,5,2026-09-17
RATE0005879,CUST002040,M0110,R020,ORD0007801,4,2026-09-23
RATE0005880,CUST000598,M0022,R009,ORD0008522,4,2026-06-13
RATE0005881,CUST001986,M0124,R016,ORD0004622,4,2026-07-25
RATE0005882,CUST000597,M0038,R003,ORD0006596,4,2026-09-19
RATE0005883,CUST002572,M0135,R005,ORD0000721,4,2026-09-18
RATE0005884,CUST001065,M0123,R017,ORD0000923,4,2026-09-26
RATE0005885,CUST003656,M0117,R013,ORD0006194,4,2026-05-22
RATE0005886,CUST000185,M0035,R005,ORD0004132,4,2026-08-10
RATE0005887,CUST001599,M0033,R011,ORD0008283,4,2026-04-02
RATE0005888,CUST002734,M0042,R008,ORD0005572,3,2026-09-22
RATE0005889,CUST003754,M0087,R016,ORD0003653,4,2026-07-22
RATE0005890,CUST003667,M0098,R007,ORD0001885,4,2026-09-04
RATE0005891,CUST003961,M0124,R019,ORD0004675,5,2026-09-20
RATE0005892,CUST000549,M0121,R013,ORD0003117,4,2026-08-07
RATE0005893,CUST003180,M0105,R007,ORD0005397,4,2025-10-28
RATE0005894,CUST000330,M0123,R012,ORD0003173,3,2025-12-07
RATE0005895,CUST003499,M0050,R012,ORD0003965,3,2026-09-08
RATE0005896,CUST003063,M0062,R016,ORD0004063,3,2026-06-12
RATE0005897,CUST000652,M0129,R003,ORD0005842,4,2026-09-16
RATE0005898,CUST002465,M0121,R004,ORD0004137,5,2026-07-29
RATE0005899,CUST000435,M0112,R019,ORD0002278,4,2026-04-24
RATE0005900,CUST001182,M0098,R017,ORD0006347,4,2026-08-08
RATE0005901,CUST000237,M0029,R016,ORD0005145,4,2026-09-13
RATE0005902,CUST003844,M0120,R015,ORD0000396,5,2026-07-15
RATE0005903,CUST003421,M0053,R009,ORD0004969,4,2025-12-03
RATE0005904,CUST002836,M0010,R005,ORD0002461,3,2026-09-25
RATE0005905,CUST001329,M0025,R019,ORD0001756,4,2026-08-29
RATE0005906,CUST001718,M0080,R006,ORD0001623,5,2026-04-01
RATE0005907,CUST000273,M0026,R008,ORD0007805,4,2026-09-26
RATE0005908,CUST001607,M0094,R020,ORD0002439,3,2026-09-17
RATE0005909,CUST000334,M0148,R009,ORD0005654,5,2026-04-02
RATE0005910,CUST001651,M0111,R015,ORD0002458,5,2026-09-14
RATE0005911,CUST002744,M0148,R009,ORD0000710,3,2026-06-08
RATE0005912,CUST003613,M0001,R001,ORD0007274,3,2026-08-23
RATE0005913,CUST002794,M0104,R018,ORD0006867,2,2026-07-22
RATE0005914,CUST000349,M0121,R015,ORD0006011,4,2026-08-16
RATE0005915,CUST003751,M0133,R013,ORD0006364,4,2026-09-18
RATE0005916,CUST002047,M0007,R005,ORD0006110,4,2026-07-14
RATE0005917,CUST003655,M0120,R018,ORD0004986,5,2026-08-24
RATE0005918,CUST000841,M0015,R005,ORD0008000,5,2026-09-23
RATE0005919,CUST003502,M0117,R019,ORD0001888,5,2026-05-14
RATE0005920,CUST001968,M0004,R012,ORD0006973,3,2026-09-07
RATE0005921,CUST001309,M0064,R004,ORD0001293,4,2026-04-07
RATE0005922,CUST001819,M0133,R016,ORD0001104,4,2026-06-06
RATE0005923,CUST003995,M0109,R001,ORD0006700,5,2025-11-05
RATE0005924,CUST003835,M0082,R017,ORD0002160,4,2026-09-21
RATE0005925,CUST000095,M0133,R015,ORD0005450,4,2026-06-30
RATE0005926,CUST001485,M0069,R010,ORD0000981,3,2025-12-29
RATE0005927,CUST002886,M0093,R003,ORD0001225,4,2026-08-20
RATE0005928,CUST003809,M0098,R007,ORD0002159,4,2026-06-28
RATE0005929,CUST001081,M0135,R005,ORD0000294,3,2026-04-29
RATE0005930,CUST003263,M0105,R009,ORD0004837,4,2026-09-23
RATE0005931,CUST001226,M0003,R001,ORD0005961,4,2026-08-17
RATE0005932,CUST000245,M0105,R015,ORD0005354,5,2026-09-22
RATE0005933,CUST001805,M0119,R018,ORD0003875,4,2026-09-29
RATE0005934,CUST000907,M0003,R008,ORD0001513,5,2026-09-01
RATE0005935,CUST002021,M0103,R014,ORD0001099,3,2026-04-21
RATE0005936,CUST003209,M0083,R003,ORD0007121,5,2026-08-01
RATE0005937,CUST003089,M0138,R009,ORD0005140,4,2026-07-10
RATE0005938,CUST002746,M0130,R008,ORD0007001,3,2026-09-22
RATE0005939,CUST002650,M0062,R019,ORD0007202,2,2026-09-10
RATE0005940,CUST003424,M0064,R019,ORD0005627,5,2025-11-13
RATE0005941,CUST003806,M0109,R015,ORD0001224,4,2026-05-16
RATE0005942,CUST003253,M0138,R012,ORD0008807,4,2025-11-16
RATE0005943,CUST002485,M0111,R001,ORD0007056,5,2026-09-04
RATE0005944,CUST000763,M0121,R011,ORD0005459,4,2026-06-23
RATE0005945,CUST003224,M0105,R012,ORD0008995,4,2026-09-17
RATE0005946,CUST000976,M0133,R001,ORD0003973,3,2026-08-15
RATE0005947,CUST003905,M0006,R007,ORD0001391,4,2026-02-23
RATE0005948,CUST003524,M0007,R010,ORD0007676,3,2026-05-15
RATE0005949,CUST000194,M0020,R019,ORD0001893,4,2026-08-27
RATE0005950,CUST000875,M0067,R020,ORD0008889,4,2026-08-29
RATE0005951,CUST000714,M0121,R010,ORD0003865,4,2026-07-03
RATE0005952,CUST000563,M0130,R004,ORD0000773,3,2026-05-12
RATE0005953,CUST000732,M0032,R010,ORD0000879,4,2025-10-31
RATE0005954,CUST003399,M0020,R020,ORD0001018,3,2026-04-19
RATE0005955,CUST001925,M0078,R006,ORD0002794,3,2026-01-06
RATE0005956,CUST001359,M0133,R007,ORD0008687,3,2026-09-25
RATE0005957,CUST002932,M0090,R020,ORD0000227,5,2026-02-01
RATE0005958,CUST000578,M0095,R006,ORD0004537,3,2026-08-29
RATE0005959,CUST001974,M0112,R007,ORD0000976,4,2026-09-13
RATE0005960,CUST002360,M0119,R009,ORD0006098,4,2026-07-08
RATE0005961,CUST000252,M0092,R011,ORD0004484,4,2026-09-04
RATE0005962,CUST000058,M0120,R005,ORD0006243,4,2026-06-06
RATE0005963,CUST003799,M0002,R011,ORD0007282,4,2026-04-12
RATE0005964,CUST002346,M0152,R001,ORD0000576,4,2026-09-12
RATE0005965,CUST003037,M0102,R013,ORD0001452,4,2026-09-05
RATE0005966,CUST003034,M0091,R008,ORD0001975,4,2026-07-21
RATE0005967,CUST003430,M0029,R011,ORD0006221,3,2026-09-25
RATE0005968,CUST003113,M0032,R002,ORD0005939,4,2026-03-27
RATE0005969,CUST001148,M0086,R002,ORD0008943,4,2026-02-17
RATE0005970,CUST002593,M0149,R003,ORD0003907,5,2026-06-08
RATE0005971,CUST000078,M0120,R015,ORD0002543,4,2026-09-17
RATE0005972,CUST002038,M0074,R004,ORD0003776,4,2026-09-14
RATE0005973,CUST000803,M0066,R015,ORD0004398,4,2026-06-25
RATE0005974,CUST002273,M0134,R002,ORD0002298,4,2026-08-19
RATE0005975,CUST001662,M0119,R014,ORD0001252,3,2026-07-23
RATE0005976,CUST002994,M0107,R012,ORD0004431,4,2026-04-15
RATE0005977,CUST003426,M0092,R013,ORD0004006,3,2026-05-29
RATE0005978,CUST003883,M0016,R014,ORD0000060,3,2026-09-19
RATE0005979,CUST000897,M0086,R007,ORD0003523,4,2026-09-10
RATE0005980,CUST003720,M0063,R005,ORD0004839,3,2026-09-03
RATE0005981,CUST000407,M0028,R011,ORD0008138,4,2026-05-27
RATE0005982,CUST001466,M0120,R017,ORD0006861,5,2026-08-07
RATE0005983,CUST000490,M0043,R019,ORD0001915,3,2026-08-08
RATE0005984,CUST002524,M0045,R009,ORD0004715,4,2026-06-24
RATE0005985,CUST000472,M0037,R011,ORD0005101,4,2026-08-26
RATE0005986,CUST003991,M0143,R013,ORD0007217,4,2026-03-27
RATE0005987,CUST003399,M0120,R020,ORD0006992,4,2026-03-04
RATE0005988,CUST002625,M0022,R018,ORD0005039,3,2026-06-09
RATE0005989,CUST003065,M0098,R018,ORD0003252,4,2026-09-21
RATE0005990,CUST001233,M0057,R014,ORD0006224,5,2026-09-20
RATE0005991,CUST000952,M0055,R017,ORD0000222,3,2026-02-22
RATE0005992,CUST001707,M0119,R003,ORD0007389,4,2026-03-29
RATE0005993,CUST003538,M0018,R020,ORD0000896,4,2025-09-20
RATE0005994,CUST000920,M0151,R010,ORD0001754,3,2025-12-31
RATE0005995,CUST003738,M0117,R002,ORD0002887,5,2026-01-29
RATE0005996,CUST001354,M0017,R018,ORD0002694,4,2026-01-05
RATE0005997,CUST003785,M0072,R002,ORD0000048,5,2026-02-14
RATE0005998,CUST001366,M0072,R009,ORD0001870,4,2026-04-21
RATE0005999,CUST001433,M0087,R005,ORD0006878,4,2026-09-12
RATE0006000,CUST002818,M0087,R012,ORD0006049,4,2025-11-25
RATE-ANOM000,CUST000297,M0106,R001,,5,2026-09-14
RATE-ANOM001,CUST002407,M0106,R020,,5,2026-09-14
RATE-ANOM002,CUST003668,M0106,R007,,5,2026-09-14
RATE-ANOM003,CUST001159,M0106,R011,,5,2026-09-14
RATE-ANOM004,CUST002279,M0106,R014,,5,2026-09-14
RATE-ANOM005,CUST000561,M0106,R015,,5,2026-09-14
RATE-ANOM006,CUST002122,M0106,R001,,5,2026-09-14
RATE-ANOM007,CUST001548,M0106,R010,,5,2026-09-14
RATE-ANOM008,CUST003723,M0106,R012,,5,2026-09-14
RATE-ANOM009,CUST001045,M0106,R015,,5,2026-09-14
RATE-ANOM010,CUST001071,M0106,R007,,5,2026-09-14
RATE-ANOM011,CUST000115,M0106,R020,,5,2026-09-14
RATE-ANOM012,CUST000076,M0106,R006,,5,2026-09-14
RATE-ANOM013,CUST002077,M0106,R010,,5,2026-09-14
RATE-ANOM014,CUST001202,M0106,R016,,5,2026-09-14
RATE-ANOM015,CUST001408,M0106,R003,,5,2026-09-14
RATE-ANOM016,CUST002378,M0106,R018,,5,2026-09-14
RATE-ANOM017,CUST000918,M0106,R019,,5,2026-09-14
RATE-ANOM018,CUST000191,M0106,R013,,5,2026-09-14
RATE-ANOM019,CUST002295,M0106,R013,,5,2026-09-15
RATE-ANOM020,CUST002516,M0106,R015,,0,2026-09-15
RATE-ANOM021,CUST002176,M0106,R011,,5,2026-09-15
RATE-ANOM022,CUST003180,M0106,R012,,5,2026-09-15
RATE-ANOM023,CUST002734,M0106,R015,,5,2026-09-15
RATE-ANOM024,CUST002484,M0106,R006,,5,2026-09-15
RATE-ANOM025,CUST000058,M0106,R002,,5,2026-09-15
RATE-ANOM026,CUST003665,M0106,R003,,5,2026-09-15
RATE-ANOM027,CUST000112,M0106,R018,,5,2026-09-15
RATE-ANOM028,CUST003284,M0106,R005,,5,2026-09-15
RATE-ANOM029,CUST000876,M0106,R014,,5,2026-09-15
