order_id,customer_id,restaurant_id,order_datetime,channel,promotion_id,status,total_amount
ORD0000001,CUST000070,R004,2026-07-17 10:21:04,Website/App,,Completed,116.98
ORD0000002,CUST001542,R001,2026-03-03 19:38:04,Dine-in,,Completed,77.65
ORD0000003,CUST002754,R013,2025-11-07 22:16:04,Dine-in,,Completed,37.98
ORD0000004,CUST002770,R020,2026-09-23 12:03:04,Website/App,,Completed,56.44
ORD0000005,CUST001709,R012,2026-04-03 12:40:04,Dine-in,,Completed,17.03
ORD0000006,CUST002754,R003,2026-01-06 23:31:04,Dine-in,,Completed,61.15
ORD0000007,CUST002072,R019,2026-05-14 14:23:04,Dine-in,,Completed,140.74
ORD0000008,CUST003906,R013,2026-07-01 13:36:04,Dine-in,,Completed,18.87
ORD0000009,CUST000657,R009,2026-09-09 22:26:04,Third-Party Delivery,,Completed,51.34
ORD0000010,CUST002379,R014,2026-09-19 22:43:04,Website/App,,Completed,126.63
ORD0000011,CUST001960,R007,2026-09-17 14:57:04,Third-Party Delivery,,Completed,19.52
ORD0000012,CUST000792,R006,2026-07-25 22:09:04,Takeaway,,Completed,31.26
ORD0000013,CUST002989,R006,2026-01-12 12:02:04,Dine-in,,Completed,139.64
ORD0000014,CUST001098,R011,2026-02-10 16:20:04,Dine-in,,Completed,88.83
ORD0000015,CUST001513,R011,2026-03-11 20:33:04,Dine-in,,Completed,185.08
ORD0000016,CUST001482,R008,2026-09-14 21:07:04,Third-Party Delivery,,Completed,25.99
ORD0000017,CUST000980,R018,2026-08-24 11:59:04,Website/App,,Completed,55.55
ORD0000018,CUST001710,R001,2026-06-09 21:16:04,Takeaway,,Completed,88.87
ORD0000019,CUST001888,R011,2026-06-08 14:09:04,Dine-in,,Completed,42.72
ORD0000020,CUST002966,R017,2026-07-19 18:44:04,Takeaway,,Completed,32.11
ORD0000021,CUST003048,R014,2026-05-25 13:19:04,Takeaway,,Completed,73.94
ORD0000022,CUST000637,R012,2026-02-12 14:49:04,Third-Party Delivery,PROMO012,Completed,148.0
ORD0000023,CUST002351,R011,2025-10-02 12:58:04,Dine-in,,Completed,43.06
ORD0000024,CUST003581,R020,2025-10-05 19:04:04,Website/App,,Completed,91.0
ORD0000025,CUST000430,R006,2025-12-24 12:53:04,Website/App,,Completed,59.36
ORD0000026,CUST001886,R015,2026-07-05 14:32:04,Third-Party Delivery,,Completed,21.16
ORD0000027,CUST002989,R006,2026-01-27 22:28:04,Takeaway,,Completed,87.79
ORD0000028,CUST002423,R007,2026-08-20 18:18:04,Dine-in,,Completed,84.36
ORD0000029,CUST000393,R015,2026-08-13 15:41:04,Third-Party Delivery,,Completed,95.69
ORD0000030,CUST001569,R004,2026-09-03 11:30:04,Dine-in,,Completed,26.67
ORD0000031,CUST002021,R018,2025-10-29 13:45:04,Dine-in,,Completed,36.0
ORD0000032,CUST003987,R009,2026-06-08 19:29:04,Website/App,,Completed,42.52
ORD0000033,CUST000726,R007,2026-08-05 13:35:04,Dine-in,,Completed,197.31
ORD0000034,CUST003931,R005,2026-05-23 18:55:04,Takeaway,,Completed,138.57
ORD0000035,CUST001489,R020,2026-07-12 12:57:04,Takeaway,,Completed,72.25
ORD0000036,CUST000816,R006,2026-04-09 19:46:04,Dine-in,,Completed,29.79
ORD0000037,CUST001641,R020,2026-07-30 18:37:04,Website/App,,Completed,30.24
ORD0000038,CUST002434,R015,2026-09-19 20:32:04,Website/App,,Completed,78.15
ORD0000039,CUST000863,R012,2026-04-12 14:08:04,Website/App,,Completed,10.97
ORD0000040,CUST001157,R007,2026-05-07 19:22:04,Dine-in,,Completed,64.41
ORD0000041,CUST003413,R003,2026-06-24 22:18:04,Third-Party Delivery,,Completed,67.75
ORD0000042,CUST003997,R009,2026-07-10 12:32:04,Takeaway,,Completed,32.01
ORD0000043,CUST001262,R002,2026-09-14 12:08:04,Dine-in,,Completed,14.42
ORD0000044,CUST000592,R010,2026-05-21 12:49:04,Dine-in,,Completed,192.52
ORD0000045,CUST003167,R018,2026-02-18 18:28:04,Dine-in,,Completed,11.94
ORD0000046,CUST002378,R007,2026-05-23 12:39:04,Website/App,,Completed,54.69
ORD0000047,CUST000392,R007,2025-08-04 12:46:04,Third-Party Delivery,,Cancelled,29.55
ORD0000048,CUST003785,R002,2026-02-13 12:14:04,Dine-in,,Completed,42.13
ORD0000049,CUST000305,R018,2026-07-03 11:19:04,Takeaway,,Completed,55.96
ORD0000050,CUST002486,R015,2026-05-05 12:21:04,Takeaway,,Completed,65.51
ORD0000051,CUST001682,R020,2026-04-10 20:01:04,Website/App,,Completed,11.02
ORD0000052,CUST002208,R016,2026-08-22 11:24:04,Third-Party Delivery,,Completed,25.37
ORD0000053,CUST000862,R007,2026-04-01 18:42:04,Third-Party Delivery,,Completed,133.33
ORD0000054,CUST002743,R016,2026-06-19 13:30:04,Website/App,,Completed,75.69
ORD0000055,CUST003840,R013,2026-05-06 11:42:04,Dine-in,,Completed,7.05
ORD0000056,CUST001831,R014,2026-07-15 11:32:04,Takeaway,,Completed,34.7
ORD0000057,CUST002077,R009,2026-07-30 12:49:04,Dine-in,,Completed,31.46
ORD0000058,CUST000967,R003,2026-08-17 14:58:04,Dine-in,,Completed,88.65
ORD0000059,CUST003563,R017,2025-10-29 18:53:04,Takeaway,,Completed,125.16
ORD0000060,CUST003883,R014,2026-09-16 18:57:04,Takeaway,,Completed,93.54
ORD0000061,CUST003138,R011,2026-09-16 11:06:04,Third-Party Delivery,,Completed,161.25
ORD0000062,CUST002156,R007,2026-09-23 18:27:04,Third-Party Delivery,,Completed,97.5
ORD0000063,CUST003826,R003,2026-03-12 12:42:04,Dine-in,,Completed,176.87
ORD0000064,CUST000613,R012,2026-04-09 10:23:04,Dine-in,PROMO002,Completed,22.62
ORD0000065,CUST001908,R011,2026-05-18 21:51:04,Takeaway,,Completed,12.51
ORD0000066,CUST002135,R020,2026-08-09 19:06:04,Takeaway,,Completed,120.03
ORD0000067,CUST001962,R013,2026-09-15 22:24:04,Takeaway,,Completed,33.75
ORD0000068,CUST003201,R020,2026-05-07 21:07:04,Dine-in,,Completed,66.45
ORD0000069,CUST002657,R009,2025-08-12 22:49:04,Dine-in,,Completed,71.63
ORD0000070,CUST000500,R010,2026-09-24 22:06:04,Dine-in,,Completed,51.95
ORD0000071,CUST001366,R013,2026-08-15 22:57:04,Dine-in,,Completed,15.64
ORD0000072,CUST001341,R015,2026-04-10 21:55:04,Dine-in,,Completed,15.13
ORD0000073,CUST002249,R002,2026-06-30 22:41:04,Third-Party Delivery,,Completed,22.19
ORD0000074,CUST001157,R007,2026-09-06 21:28:04,Third-Party Delivery,,Completed,83.95
ORD0000075,CUST000467,R001,2025-12-17 14:02:04,Dine-in,,Cancelled,96.19
ORD0000076,CUST002594,R007,2026-08-15 14:41:04,Website/App,,Completed,92.16
ORD0000077,CUST003401,R001,2026-03-16 22:21:04,Dine-in,,Completed,14.39
ORD0000078,CUST003717,R006,2026-08-08 18:48:04,Takeaway,,Cancelled,181.55
ORD0000079,CUST003888,R011,2026-07-03 13:44:04,Takeaway,,Completed,53.4
ORD0000080,CUST003118,R019,2026-05-30 19:07:04,Website/App,,Completed,39.81
ORD0000081,,R007,2026-06-09 14:02:04,Third-Party Delivery,,Completed,42.6
ORD0000082,CUST003406,R020,2026-07-12 22:32:04,Takeaway,,Completed,34.88
ORD0000083,CUST001584,R009,2026-08-15 22:30:04,Website/App,,Completed,98.7
ORD0000084,CUST002908,R003,2026-06-23 19:06:04,Third-Party Delivery,,Completed,37.82
ORD0000085,CUST002108,R011,2026-05-08 22:58:04,Third-Party Delivery,,Completed,30.79
ORD0000086,CUST003302,R004,2026-04-05 22:51:04,Takeaway,,Completed,19.47
ORD0000087,CUST001689,R008,2026-05-29 20:45:04,Third-Party Delivery,PROMO005,Completed,17.67
ORD0000088,CUST000239,R004,2026-08-14 12:45:04,Dine-in,,Completed,31.86
ORD0000089,,R002,2026-09-21 18:48:04,Website/App,,Completed,101.27
ORD0000090,CUST000695,R006,2026-09-05 22:18:04,Website/App,,Completed,77.62
ORD0000091,CUST003861,R001,2026-05-28 18:42:04,Third-Party Delivery,,Completed,-30.07
ORD0000092,CUST002093,R005,2026-09-09 11:44:04,Takeaway,,Completed,125.59
ORD0000093,CUST002201,R011,2026-07-06 11:39:04,Website/App,,Completed,28.84
ORD0000094,,R016,2026-09-18 22:50:04,Dine-in,,Completed,25.66
ORD0000095,CUST002481,R015,2026-05-24 20:26:04,Dine-in,,Completed,15.78
ORD0000096,CUST001203,R008,2026-07-03 14:53:04,Dine-in,,Completed,42.19
ORD0000097,CUST001176,R015,2026-04-11 22:12:04,Website/App,,Completed,54.21
ORD0000098,CUST001995,R003,2026-05-30 18:24:04,Dine-in,,Completed,15.13
ORD0000099,CUST003464,R013,2026-06-05 19:02:04,Dine-in,,Completed,56.44
ORD0000100,CUST003173,R004,2026-04-03 20:04:04,Takeaway,,Completed,15.2
ORD0000101,CUST003850,R017,2026-08-05 12:26:04,Website/App,,Completed,70.35
ORD0000102,CUST000279,R013,2026-09-10 13:18:04,Takeaway,,Completed,76.78
ORD0000103,CUST001073,R019,2026-08-31 08:07:04,Takeaway,,Completed,187.37
ORD0000104,CUST000313,R013,2026-07-26 15:02:04,Dine-in,,Completed,170.4
ORD0000105,CUST002993,R009,2026-06-03 22:46:04,Dine-in,,Completed,65.99
ORD0000106,CUST000560,R006,2026-08-25 22:28:04,Dine-in,,Completed,67.75
ORD0000107,CUST000391,R006,2026-06-21 18:10:04,Dine-in,,Completed,98.63
ORD0000108,CUST002232,R013,2026-07-16 12:55:04,Dine-in,,Completed,57.13
ORD0000109,CUST001629,R004,2026-07-20 19:01:04,Dine-in,,Completed,52.8
ORD0000110,CUST002847,R020,2026-08-31 10:36:04,Takeaway,,Completed,92.37
ORD0000111,CUST001944,R011,2026-09-18 18:24:04,Website/App,,Completed,119.13
ORD0000112,CUST001689,R008,2026-07-22 11:44:04,Takeaway,,Completed,74.59
ORD0000113,CUST001689,R008,2026-02-04 17:38:04,Website/App,PROMO003,Completed,131.51
ORD0000114,CUST003487,R004,2026-05-12 22:14:04,Third-Party Delivery,,Completed,52.2
ORD0000115,CUST001563,R003,2026-06-15 12:19:04,Takeaway,,Completed,155.0
ORD0000116,CUST001321,R006,2026-08-21 08:35:04,Dine-in,,Completed,85.45
ORD0000117,CUST001340,R011,2026-07-09 22:05:04,Website/App,,Completed,3.79
ORD0000118,CUST000800,R013,2026-06-07 12:10:04,Dine-in,,Completed,43.33
ORD0000119,CUST003437,R003,2026-07-03 18:54:04,Dine-in,,Completed,13.0
ORD0000120,CUST000584,R006,2026-09-19 20:06:04,Dine-in,,Completed,55.17
ORD0000121,CUST003624,R007,2026-09-17 12:06:04,Dine-in,,Completed,58.57
ORD0000122,CUST001129,R015,2026-05-29 22:09:04,Third-Party Delivery,PROMO005,Completed,55.41
ORD0000123,CUST003594,R008,2026-07-01 12:50:04,Takeaway,,Completed,15.07
ORD0000124,CUST003158,R020,2026-06-21 13:56:04,Website/App,,Completed,83.38
ORD0000125,CUST002310,R013,2026-08-02 19:41:04,Website/App,,Completed,8.63
ORD0000126,CUST002655,R001,2026-02-20 11:46:04,Website/App,,Cancelled,43.8
ORD0000127,CUST001290,R007,2026-06-05 22:13:04,Takeaway,,Completed,45.27
ORD0000128,CUST002281,R008,2026-09-24 19:23:04,Takeaway,,Completed,23.03
ORD0000129,CUST001161,R002,2026-09-08 11:25:04,Dine-in,,Cancelled,39.75
ORD0000130,CUST001592,R013,2026-07-25 21:10:04,Website/App,,Completed,72.51
ORD0000131,CUST003047,R014,2026-07-14 21:22:04,Dine-in,,Completed,28.13
ORD0000132,CUST000979,R002,2026-05-16 22:58:04,Dine-in,,Completed,38.36
ORD0000133,CUST003352,R007,2025-09-15 13:06:04,Website/App,,Completed,191.89
ORD0000134,CUST001487,R002,2026-06-02 22:11:04,Third-Party Delivery,,Completed,24.67
ORD0000135,CUST002111,R002,2026-04-28 21:58:04,Dine-in,,Completed,11.02
ORD0000136,CUST003765,R005,2026-09-08 21:56:04,Website/App,,Completed,11.94
ORD0000137,CUST002708,R020,2026-06-08 13:13:04,Takeaway,,Completed,46.85
ORD0000138,CUST002567,R003,2026-06-01 21:51:04,Third-Party Delivery,PROMO005,Completed,35.28
ORD0000139,CUST002834,R017,2026-09-24 11:08:04,Dine-in,,Completed,179.84
ORD0000140,CUST003665,R016,2026-02-02 12:03:04,Takeaway,,Completed,19.51
ORD0000141,CUST000999,R010,2026-09-20 20:05:04,Website/App,,Completed,14.39
ORD0000142,CUST002430,R018,2026-06-09 14:38:04,Dine-in,,Completed,25.46
ORD0000143,CUST001586,R011,2026-09-02 13:59:04,Third-Party Delivery,,Completed,31.46
ORD0000144,CUST000046,R002,2026-02-02 12:33:04,Third-Party Delivery,,Completed,58.73
ORD0000145,CUST000495,R002,2026-03-31 22:38:04,Dine-in,,Completed,6.86
ORD0000146,CUST001287,R007,2026-08-10 12:57:04,Dine-in,,Completed,44.7
ORD0000147,CUST002245,R009,2026-08-23 20:55:04,Takeaway,,Completed,22.19
ORD0000148,CUST003524,R020,2026-08-03 19:37:04,Takeaway,,Completed,7.62
ORD0000149,CUST003159,R013,2026-08-23 12:16:04,Dine-in,,Completed,87.47
ORD0000150,CUST002200,R006,2026-09-09 22:26:04,Website/App,,Cancelled,57.09
ORD0000151,CUST000289,R010,2025-12-25 18:33:04,Third-Party Delivery,,Completed,8.47
ORD0000152,CUST001138,R012,2026-02-22 18:09:04,Dine-in,,Completed,41.1
ORD0000153,CUST001446,R019,2026-04-11 21:48:04,Website/App,,Completed,113.03
ORD0000154,CUST002470,R013,2026-08-26 20:36:04,Takeaway,,Completed,9.21
ORD0000155,CUST000252,R007,2026-07-21 21:50:04,Website/App,,Completed,31.46
ORD0000156,CUST002105,R001,2026-05-09 18:10:04,Takeaway,,Completed,61.66
ORD0000157,CUST003599,R016,2026-08-22 18:04:04,Third-Party Delivery,,Completed,-25.55
ORD0000158,CUST002810,R006,2026-08-13 20:39:04,Dine-in,,Completed,45.06
ORD0000159,CUST003182,R012,2026-02-25 13:40:04,Dine-in,,Cancelled,96.74
ORD0000160,CUST002712,R012,2026-09-11 15:39:04,Website/App,,Completed,137.18
ORD0000161,CUST000836,R018,2026-06-21 13:49:04,Takeaway,,Completed,61.44
ORD0000162,CUST000439,R002,2026-04-22 18:58:04,Dine-in,,Completed,85.52
ORD0000163,CUST003304,R019,2026-07-07 13:14:04,Takeaway,,Completed,186.93
ORD0000164,CUST002772,R006,2026-07-13 12:26:04,Takeaway,,Completed,128.33
ORD0000165,CUST002285,R006,2026-06-17 16:56:04,Website/App,,Completed,43.63
ORD0000166,CUST000770,R015,2026-05-01 18:49:04,Takeaway,,Completed,13.41
ORD0000167,CUST002390,R006,2026-02-27 14:40:04,Takeaway,,Completed,90.79
ORD0000168,CUST000116,R016,2026-08-13 13:33:04,Takeaway,,Completed,28.13
ORD0000169,CUST000472,R001,2026-06-16 20:04:04,Dine-in,,Completed,30.24
ORD0000170,,R012,2026-08-16 12:31:04,Third-Party Delivery,,Completed,21.63
ORD0000171,CUST001769,R009,2025-12-16 12:53:04,Takeaway,,Completed,34.7
ORD0000172,CUST000480,R001,2026-07-24 18:48:04,Third-Party Delivery,,Completed,12.06
ORD0000173,CUST000477,R005,2026-07-14 21:57:04,Dine-in,,Completed,4.36
ORD0000174,CUST002890,R018,2026-08-20 13:25:04,Website/App,,Completed,61.02
ORD0000175,CUST002264,R008,2026-09-17 09:32:04,Third-Party Delivery,,Completed,80.52
ORD0000176,CUST002118,R001,2026-03-25 22:20:04,Website/App,,Cancelled,62.81
ORD0000177,CUST001806,R008,2026-05-29 20:11:04,Takeaway,PROMO005,Completed,33.06
ORD0000178,CUST003904,R013,2026-08-01 20:23:04,Dine-in,,Completed,35.55
ORD0000179,CUST000189,R020,2026-08-21 16:51:04,Dine-in,,Completed,132.69
ORD0000180,CUST000735,R017,2026-04-14 12:30:04,Dine-in,PROMO002,Completed,18.62
ORD0000181,CUST002573,R002,2026-08-27 21:19:04,Dine-in,,Completed,43.84
ORD0000182,CUST000540,R015,2026-08-28 23:53:04,Takeaway,,Completed,49.77
ORD0000183,CUST002335,R007,2026-08-13 20:22:04,Dine-in,,Completed,28.68
ORD0000184,CUST002258,R013,2026-09-22 12:49:04,Third-Party Delivery,,Completed,41.58
ORD0000185,CUST003882,R017,2026-08-24 20:39:04,Dine-in,,Completed,12.51
ORD0000186,CUST003531,R004,2026-06-25 22:36:04,Dine-in,,Completed,34.12
ORD0000187,CUST003780,R013,2026-06-24 13:45:04,Dine-in,,Completed,50.16
ORD0000188,CUST000453,R010,2026-09-17 19:47:04,Website/App,,Completed,19.76
ORD0000189,CUST003471,R005,2026-09-09 12:46:04,Dine-in,,Completed,86.16
ORD0000190,CUST000511,R004,2026-09-09 12:25:04,Dine-in,,Completed,76.28
ORD0000191,CUST002516,R002,2026-09-11 10:06:04,Website/App,,Completed,33.16
ORD0000192,CUST002868,R015,2026-06-24 12:47:04,Dine-in,,Completed,12.51
ORD0000193,CUST000649,R009,2026-08-28 20:55:04,Dine-in,,Completed,101.43
ORD0000194,CUST002516,R012,2026-08-06 19:44:04,Dine-in,,Completed,33.41
ORD0000195,CUST000198,R009,2026-09-07 22:19:04,Dine-in,,Completed,34.7
ORD0000196,CUST001164,R019,2026-07-26 14:16:04,Website/App,,Cancelled,75.96
ORD0000197,CUST003676,R015,2026-03-13 18:44:04,Dine-in,,Completed,138.43
ORD0000198,CUST000698,R014,2025-12-16 17:38:04,Dine-in,,Cancelled,87.14
ORD0000199,CUST000254,R015,2026-04-28 21:25:04,Takeaway,,Completed,79.5
ORD0000200,CUST001768,R010,2026-09-23 20:05:04,Third-Party Delivery,,Completed,31.6
ORD0000201,CUST003399,R020,2026-09-10 20:18:04,Dine-in,,Completed,30.24
ORD0000202,CUST000300,R013,2025-09-26 14:39:04,Website/App,PROMO010,Completed,72.01
ORD0000203,CUST001402,R005,2026-08-26 11:18:04,Dine-in,,Completed,95.81
ORD0000204,CUST003595,R004,2026-08-08 12:21:04,Takeaway,,Completed,72.94
ORD0000205,CUST000470,R004,2026-05-01 18:05:04,Dine-in,,Completed,58.96
ORD0000206,CUST001230,R017,2026-02-17 19:12:04,Website/App,PROMO012,Completed,47.54
ORD0000207,CUST003103,R011,2026-02-21 21:49:04,Takeaway,,Completed,23.4
ORD0000208,CUST002158,R016,2025-11-27 18:33:04,Takeaway,,Completed,48.3
ORD0000209,CUST003321,R005,2026-04-23 13:40:04,Website/App,,Completed,69.9
ORD0000210,CUST000445,R006,2026-07-17 18:55:04,Takeaway,,Completed,57.13
ORD0000211,CUST003674,R002,2026-08-31 13:37:04,Website/App,,Completed,35.53
ORD0000212,CUST003733,R016,2026-09-06 23:44:04,Dine-in,,Completed,81.7
ORD0000213,CUST000623,R008,2026-09-21 13:59:04,Website/App,,Completed,70.5
ORD0000214,CUST000125,R015,2026-08-15 18:08:04,Dine-in,,Completed,48.08
ORD0000215,CUST003961,R019,2026-09-17 22:46:04,Dine-in,,Completed,32.34
ORD0000216,CUST001925,R016,2025-11-12 11:31:04,Dine-in,,Completed,26.28
ORD0000217,CUST002273,R002,2026-08-24 12:34:04,Dine-in,,Completed,85.87
ORD0000218,CUST002442,R014,2026-09-21 12:28:04,Website/App,,Completed,131.11
ORD0000219,CUST003154,R009,2026-05-26 20:46:04,Third-Party Delivery,PROMO005,Completed,8.63
ORD0000220,CUST003239,R018,2026-07-10 22:52:04,Dine-in,,Completed,61.99
ORD0000221,CUST000788,R013,2026-09-09 13:20:04,Website/App,,Completed,43.84
ORD0000222,CUST000952,R017,2026-02-21 11:12:04,Dine-in,,Completed,31.46
ORD0000223,CUST003506,R008,2026-09-16 22:44:04,Dine-in,,Completed,63.28
ORD0000224,CUST003270,R002,2026-03-09 14:41:04,Takeaway,,Completed,80.92
ORD0000225,CUST002451,R016,2026-09-19 21:52:04,Website/App,,Completed,71.04
ORD0000226,CUST003983,R013,2026-08-24 18:53:04,Website/App,,Completed,4.25
ORD0000227,CUST002932,R020,2026-02-01 12:34:04,Third-Party Delivery,PROMO003,Completed,62.14
ORD0000228,CUST000870,R008,2026-09-17 21:47:04,Website/App,,Completed,59.23
ORD0000229,CUST003384,R010,2026-07-01 21:56:04,Website/App,,Completed,39.39
ORD0000230,CUST001644,R017,2026-07-22 12:34:04,Third-Party Delivery,,Completed,32.33
ORD0000231,CUST000135,R013,2026-07-27 20:54:04,Takeaway,,Completed,48.63
ORD0000232,CUST001273,R006,2026-09-23 12:36:04,Third-Party Delivery,,Completed,222.06
ORD0000233,CUST003044,R020,2026-09-06 14:28:04,Dine-in,,Cancelled,71.3
ORD0000234,CUST003840,R013,2026-05-08 17:00:04,Dine-in,,Completed,47.75
ORD0000235,CUST001101,R016,2026-02-18 16:58:04,Takeaway,,Completed,116.69
ORD0000236,CUST000991,R015,2026-09-12 19:08:04,Takeaway,,Completed,15.13
ORD0000237,CUST002239,R010,2026-06-15 14:36:04,Takeaway,,Completed,18.02
ORD0000238,CUST003238,R004,2026-09-04 11:38:04,Third-Party Delivery,,Completed,10.97
ORD0000239,CUST002976,R012,2026-07-23 11:58:04,Website/App,,Completed,50.85
ORD0000240,CUST002222,R010,2026-06-26 12:47:04,Third-Party Delivery,,Completed,193.78
ORD0000241,CUST002512,R019,2026-02-21 12:20:04,Website/App,,Completed,41.04
ORD0000242,CUST000973,R017,2026-08-15 18:14:04,Dine-in,,Completed,128.61
ORD0000243,CUST001718,R016,2026-03-24 18:35:04,Dine-in,,Completed,19.51
ORD0000244,CUST001023,R002,2026-09-10 23:35:04,Dine-in,,Completed,81.78
ORD0000245,CUST003535,R013,2026-09-12 19:15:04,Website/App,,Completed,246.21
ORD0000246,CUST000449,R016,2026-09-04 20:22:04,Website/App,,Completed,33.44
ORD0000247,CUST002700,R002,2026-09-20 13:39:04,Website/App,,Completed,32.97
ORD0000248,CUST001042,R003,2026-07-29 12:12:04,Third-Party Delivery,,Completed,68.84
ORD0000249,,R019,2026-08-29 12:55:04,Dine-in,,Completed,66.3
ORD0000250,CUST001191,R013,2026-09-17 18:21:04,Dine-in,,Completed,116.83
ORD0000251,CUST001281,R015,2026-08-10 22:46:04,Third-Party Delivery,,Completed,67.42
ORD0000252,CUST001043,R007,2026-05-02 18:16:04,Third-Party Delivery,,Completed,193.26
ORD0000253,CUST002999,R018,2026-09-19 18:04:04,Dine-in,,Completed,315.94
ORD0000254,CUST001442,R015,2026-05-23 14:14:04,Website/App,,Completed,121.42
ORD0000255,CUST002892,R015,2026-06-18 10:11:04,Takeaway,,Completed,61.86
ORD0000256,CUST001819,R006,2025-10-12 13:21:04,Third-Party Delivery,,Completed,146.72
ORD0000257,CUST002175,R011,2026-07-14 19:32:04,Takeaway,,Completed,90.08
ORD0000258,CUST002158,R006,2025-09-02 16:14:04,Takeaway,,Completed,28.99
ORD0000259,CUST003902,R001,2026-01-09 22:55:04,Dine-in,,Completed,49.89
ORD0000260,CUST001448,R020,2026-05-02 18:28:04,Dine-in,,Completed,36.04
ORD0000261,CUST000840,R006,2026-08-19 12:19:04,Takeaway,,Completed,116.84
ORD0000262,CUST003640,R006,2026-05-24 12:41:04,Takeaway,,Completed,128.05
ORD0000263,CUST000713,R016,2026-09-07 13:53:04,Dine-in,,Completed,45.85
ORD0000264,CUST003331,R003,2026-08-26 17:28:04,Website/App,,Completed,-121.88
ORD0000265,CUST000597,R013,2026-08-31 12:06:04,Takeaway,,Cancelled,63.39
ORD0000266,CUST002614,R009,2026-09-06 22:14:04,Takeaway,,Completed,131.77
ORD0000267,CUST000598,R009,2026-08-30 14:45:04,Dine-in,,Completed,48.1
ORD0000268,,R004,2026-07-25 11:26:04,Dine-in,,Cancelled,146.27
ORD0000269,CUST002245,R009,2026-06-30 19:48:04,Takeaway,,Completed,152.0
ORD0000270,CUST001305,R003,2026-07-31 20:55:04,Dine-in,,Completed,28.84
ORD0000271,CUST000559,R020,2025-12-21 21:46:04,Dine-in,,Completed,73.28
ORD0000272,CUST001463,R012,2026-08-18 18:33:04,Third-Party Delivery,,Completed,63.8
ORD0000273,CUST002809,R003,2026-05-10 21:47:04,Website/App,,Completed,37.3
ORD0000274,CUST001523,R020,2026-03-29 14:25:04,Website/App,,Completed,41.39
ORD0000275,CUST000989,R016,2026-08-01 12:29:04,Dine-in,,Completed,64.81
ORD0000276,CUST002294,R020,2026-01-12 12:25:04,Third-Party Delivery,,Completed,106.25
ORD0000277,CUST001657,R015,2026-09-03 22:05:04,Dine-in,,Completed,146.95
ORD0000278,CUST000668,R016,2026-03-26 18:05:04,Website/App,,Completed,82.98
ORD0000279,CUST000614,R016,2026-06-13 22:39:04,Dine-in,,Completed,135.4
ORD0000280,CUST002817,R006,2026-02-19 12:10:04,Dine-in,,Completed,20.12
ORD0000281,CUST003896,R015,2026-07-24 21:18:04,Dine-in,,Completed,57.34
ORD0000282,CUST000936,R009,2026-01-13 20:00:04,Dine-in,,Completed,22.19
ORD0000283,CUST003082,R009,2026-02-08 14:29:04,Dine-in,PROMO003,Completed,12.14
ORD0000284,CUST000345,R017,2026-09-15 19:03:04,Takeaway,,Completed,8.15
ORD0000285,CUST001512,R006,2026-08-14 17:21:04,Takeaway,,Completed,17.62
ORD0000286,CUST002020,R011,2026-01-15 13:39:04,Takeaway,PROMO009,Completed,59.55
ORD0000287,CUST001074,R008,2026-05-08 13:20:04,Third-Party Delivery,,Completed,57.85
ORD0000288,CUST002102,R001,2026-09-19 12:07:04,Website/App,,Completed,102.88
ORD0000289,CUST003526,R017,2026-08-01 11:06:04,Dine-in,,Completed,31.87
ORD0000290,CUST003775,R007,2026-07-27 22:59:04,Website/App,,Completed,70.15
ORD0000291,CUST000393,R005,2026-08-31 13:59:04,Takeaway,,Completed,76.3
ORD0000292,CUST001086,R020,2026-09-08 19:56:04,Takeaway,,Completed,65.92
ORD0000293,CUST003915,R012,2025-10-28 14:40:04,Dine-in,,Completed,95.53
ORD0000294,CUST001081,R005,2026-04-29 20:22:04,Website/App,,Completed,57.34
ORD0000295,CUST002760,R014,2026-07-08 11:19:04,Dine-in,,Completed,57.43
ORD0000296,CUST001018,R018,2025-11-14 11:53:04,Dine-in,,Completed,22.19
ORD0000297,CUST001405,R008,2026-09-22 12:30:04,Takeaway,,Completed,14.34
ORD0000298,CUST000778,R018,2026-06-12 09:53:04,Takeaway,,Completed,29.12
ORD0000299,CUST003422,R005,2026-09-02 19:36:04,Dine-in,,Completed,37.94
ORD0000300,CUST003526,R002,2026-07-10 11:21:04,Third-Party Delivery,,Completed,144.82
ORD0000301,CUST001179,R019,2026-09-19 13:45:04,Website/App,,Completed,34.7
ORD0000302,CUST003281,R002,2026-06-01 19:28:04,Takeaway,,Completed,131.81
ORD0000303,CUST001411,R013,2026-03-19 10:28:04,Website/App,,Completed,106.94
ORD0000304,CUST000388,R003,2026-08-29 17:49:04,Third-Party Delivery,,Completed,106.04
ORD0000305,CUST003022,R003,2026-08-26 14:46:04,Dine-in,,Completed,63.99
ORD0000306,CUST002364,R009,2026-05-13 11:43:04,Takeaway,,Completed,253.03
ORD0000307,CUST001095,R013,2026-05-04 20:01:04,Website/App,,Completed,37.18
ORD0000308,CUST001017,R011,2026-07-27 13:17:04,Third-Party Delivery,,Completed,55.02
ORD0000309,CUST003901,R002,2026-01-13 13:07:04,Dine-in,,Completed,81.81
ORD0000310,CUST003443,R003,2026-09-23 12:45:04,Takeaway,,Completed,26.1
ORD0000311,CUST003233,R014,2026-08-04 22:03:04,Takeaway,,Completed,26.47
ORD0000312,CUST000506,R008,2025-10-27 18:27:04,Takeaway,,Completed,46.99
ORD0000313,CUST003008,R015,2026-08-19 22:22:04,Website/App,,Completed,28.3
ORD0000314,CUST000866,R010,2026-08-29 22:36:04,Dine-in,,Completed,18.77
ORD0000315,CUST003909,R001,2026-08-07 14:30:04,Dine-in,,Completed,86.65
ORD0000316,,R013,2026-09-24 20:11:04,Website/App,,Completed,60.5
ORD0000317,CUST001388,R016,2026-09-23 14:01:04,Dine-in,,Completed,184.77
ORD0000318,CUST001702,R010,2026-05-10 13:38:04,Dine-in,,Completed,46.45
ORD0000319,,R004,2026-05-25 11:50:04,Dine-in,,Completed,30.24
ORD0000320,CUST003051,R016,2026-09-18 18:21:04,Third-Party Delivery,,Completed,32.36
ORD0000321,CUST001483,R010,2026-08-10 20:34:04,Dine-in,,Completed,14.79
ORD0000322,CUST002248,R007,2026-09-24 23:07:04,Dine-in,,Completed,15.13
ORD0000323,CUST003338,R003,2026-06-30 14:04:04,Takeaway,,Completed,198.73
ORD0000324,CUST000069,R011,2026-04-17 18:05:04,Website/App,PROMO002,Completed,13.16
ORD0000325,CUST003200,R013,2026-03-22 21:39:04,Takeaway,,Completed,25.76
ORD0000326,CUST003786,R006,2026-08-04 13:58:04,Dine-in,,Completed,96.2
ORD0000327,CUST000119,R003,2026-06-06 22:32:04,Takeaway,,Completed,52.31
ORD0000328,CUST000172,R018,2026-08-06 08:45:04,Third-Party Delivery,,Completed,54.27
ORD0000329,CUST001358,R001,2025-09-08 14:40:04,Dine-in,,Completed,68.38
ORD0000330,CUST000346,R003,2026-06-19 14:53:04,Website/App,,Completed,84.39
ORD0000331,CUST001912,R011,2025-12-05 19:46:04,Dine-in,,Completed,41.28
ORD0000332,CUST002904,R017,2026-01-10 21:55:04,Dine-in,,Completed,108.91
ORD0000333,CUST002254,R005,2026-05-19 21:35:04,Website/App,,Completed,57.13
ORD0000334,CUST000799,R007,2026-09-16 14:54:04,Website/App,,Completed,67.31
ORD0000335,CUST002597,R017,2026-08-27 18:36:04,Dine-in,,Completed,14.79
ORD0000336,CUST002724,R011,2025-11-18 13:29:04,Takeaway,,Completed,49.18
ORD0000337,CUST003721,R018,2026-09-04 18:43:04,Website/App,,Completed,114.99
ORD0000338,CUST000585,R011,2026-08-02 18:30:04,Third-Party Delivery,,Completed,36.92
ORD0000339,CUST002757,R012,2026-05-20 20:18:04,Website/App,,Completed,54.84
ORD0000340,CUST003637,R004,2026-02-14 18:40:04,Third-Party Delivery,PROMO012,Completed,46.61
ORD0000341,CUST001995,R003,2026-04-19 11:08:04,Takeaway,,Completed,54.99
ORD0000342,CUST001425,R018,2026-09-23 08:47:04,Takeaway,,Completed,147.77
ORD0000343,CUST000692,R008,2026-08-04 20:51:04,Takeaway,,Completed,8.15
ORD0000344,CUST003464,R008,2026-09-15 18:21:04,Dine-in,,Completed,54.13
ORD0000345,CUST001559,R012,2026-07-20 21:49:04,Website/App,,Completed,80.62
ORD0000346,CUST003694,R014,2025-12-30 13:03:04,Third-Party Delivery,,Completed,88.59
ORD0000347,CUST003388,R004,2026-05-17 12:24:04,Takeaway,,Completed,29.55
ORD0000348,CUST001492,R010,2026-07-27 14:24:04,Website/App,,Completed,25.19
ORD0000349,CUST002281,R018,2026-09-22 13:54:04,Website/App,,Completed,89.98
ORD0000350,CUST000101,R019,2026-08-02 11:16:04,Dine-in,,Completed,46.74
ORD0000351,CUST001054,R011,2026-09-04 19:33:04,Takeaway,,Completed,70.65
ORD0000352,CUST002827,R013,2026-07-02 18:00:04,Website/App,,Completed,41.98
ORD0000353,CUST002691,R017,2026-02-17 13:16:04,Dine-in,PROMO012,Completed,185.17
ORD0000354,CUST001393,R005,2026-01-18 11:45:04,Third-Party Delivery,PROMO009,Completed,36.55
ORD0000355,CUST003228,R006,2026-09-24 19:57:04,Website/App,,Completed,60.26
ORD0000356,CUST000949,R015,2026-09-19 21:44:04,Third-Party Delivery,,Completed,56.24
ORD0000357,CUST001839,R012,2025-12-06 14:21:04,Dine-in,,Completed,18.19
ORD0000358,CUST001885,R016,2026-03-28 19:39:04,Third-Party Delivery,,Completed,63.3
ORD0000359,CUST001345,R008,2026-08-19 22:41:04,Takeaway,,Completed,61.92
ORD0000360,CUST003818,R019,2026-03-15 13:49:04,Dine-in,,Completed,42.58
ORD0000361,CUST002776,R012,2025-12-19 13:57:04,Dine-in,,Cancelled,10.33
ORD0000362,CUST002143,R002,2026-06-11 21:54:04,Third-Party Delivery,,Completed,46.93
ORD0000363,CUST002034,R009,2026-05-21 21:07:04,Third-Party Delivery,,Completed,44.65
ORD0000364,CUST000641,R017,2026-08-16 11:40:04,Dine-in,,Completed,78.44
ORD0000365,CUST001468,R005,2026-04-20 14:48:04,Dine-in,,Completed,53.74
ORD0000366,CUST002670,R003,2026-06-25 14:57:04,Website/App,,Completed,76.69
ORD0000367,CUST003693,R019,2026-09-22 19:08:04,Dine-in,,Cancelled,90.22
ORD0000368,CUST003256,R015,2026-03-26 18:50:04,Dine-in,,Completed,103.23
ORD0000369,CUST001196,R006,2026-07-11 13:03:04,Third-Party Delivery,,Completed,11.55
ORD0000370,CUST001723,R013,2026-01-16 21:43:04,Third-Party Delivery,PROMO009,Completed,31.63
ORD0000371,CUST000323,R009,2026-03-13 18:30:04,Takeaway,,Completed,98.88
ORD0000372,CUST000401,R012,2026-05-08 13:52:04,Third-Party Delivery,,Completed,62.81
ORD0000373,CUST001875,R002,2026-07-20 11:07:04,Takeaway,,Completed,61.03
ORD0000374,CUST002105,R001,2026-06-23 14:20:04,Website/App,,Completed,62.32
ORD0000375,CUST001057,R016,2026-08-20 14:48:04,Dine-in,,Completed,38.21
ORD0000376,CUST002555,R010,2025-11-30 13:44:04,Website/App,,Completed,63.39
ORD0000377,CUST002804,R003,2025-08-23 20:49:04,Dine-in,,Completed,89.29
ORD0000378,CUST001190,R020,2025-11-30 17:26:04,Third-Party Delivery,,Completed,131.51
ORD0000379,CUST003023,R001,2026-05-03 13:33:04,Takeaway,,Completed,138.59
ORD0000380,CUST000834,R015,2026-07-13 14:39:04,Dine-in,,Completed,10.33
ORD0000381,CUST002163,R001,2026-06-17 22:15:04,Takeaway,,Completed,36.42
ORD0000382,CUST003212,R006,2026-09-18 15:29:04,Third-Party Delivery,,Completed,112.09
ORD0000383,CUST002132,R014,2026-09-08 23:31:04,Dine-in,,Completed,34.12
ORD0000384,CUST003621,R002,2026-01-30 14:02:04,Website/App,PROMO003,Completed,78.27
ORD0000385,CUST000223,R019,2026-03-06 14:37:04,Dine-in,,Completed,15.93
ORD0000386,CUST002332,R005,2026-02-11 11:20:04,Third-Party Delivery,PROMO012,Completed,50.76
ORD0000387,CUST002232,R013,2025-12-20 18:56:04,Dine-in,,Completed,26.95
ORD0000388,CUST002621,R011,2026-09-17 19:29:04,Dine-in,,Completed,142.57
ORD0000389,CUST003327,R012,2026-09-21 11:44:04,Third-Party Delivery,,Completed,96.19
ORD0000390,CUST002890,R002,2026-08-16 20:14:04,Takeaway,,Completed,57.98
ORD0000391,CUST003156,R007,2026-07-06 13:36:04,Dine-in,,Completed,79.63
ORD0000392,CUST001148,R002,2026-06-09 14:37:04,Dine-in,,Completed,152.4
ORD0000393,CUST001532,R016,2026-04-08 14:37:04,Dine-in,,Completed,23.6
ORD0000394,CUST002493,R009,2026-07-27 21:02:04,Takeaway,,Completed,24.24
ORD0000395,CUST002200,R016,2026-09-01 21:30:04,Website/App,,Completed,32.52
ORD0000396,CUST003844,R015,2026-07-15 11:44:04,Website/App,,Completed,15.13
ORD0000397,CUST000759,R011,2026-07-20 18:01:04,Dine-in,,Completed,41.34
ORD0000398,CUST001386,R011,2026-01-12 22:49:04,Website/App,PROMO009,Completed,54.97
ORD0000399,CUST002276,R007,2026-09-14 18:55:04,Third-Party Delivery,,Completed,35.38
ORD0000400,CUST003470,R019,2026-05-24 14:48:04,Third-Party Delivery,,Completed,43.81
ORD0000401,CUST003710,R015,2026-08-02 20:47:04,Dine-in,,Completed,102.16
ORD0000402,CUST001331,R017,2026-05-24 11:24:04,Dine-in,,Completed,29.55
ORD0000403,CUST000261,R015,2026-07-13 19:08:04,Takeaway,,Completed,58.89
ORD0000404,CUST001672,R020,2026-09-21 14:48:04,Website/App,,Completed,43.56
ORD0000405,CUST001560,R009,2026-09-03 21:17:04,Website/App,,Completed,154.64
ORD0000406,CUST003947,R004,2026-09-07 18:30:04,Takeaway,,Completed,15.93
ORD0000407,CUST001712,R001,2026-05-06 20:51:04,Third-Party Delivery,,Completed,25.97
ORD0000408,CUST001212,R001,2026-03-21 10:05:04,Website/App,,Completed,101.2
ORD0000409,CUST001439,R020,2026-03-08 13:07:04,Dine-in,,Completed,70.2
ORD0000410,CUST001570,R013,2026-09-17 08:18:04,Takeaway,,Completed,51.17
ORD0000411,CUST003275,R011,2026-07-12 14:47:04,Dine-in,,Completed,82.61
ORD0000412,CUST000315,R003,2026-07-06 21:37:04,Dine-in,,Completed,39.75
ORD0000413,CUST001254,R014,2026-09-18 22:29:04,Website/App,,Completed,11.07
ORD0000414,CUST003864,R012,2025-12-15 15:30:04,Takeaway,,Completed,74.87
ORD0000415,CUST000609,R003,2026-06-18 21:10:04,Dine-in,,Completed,16.75
ORD0000416,CUST002961,R004,2026-04-27 12:10:04,Dine-in,,Completed,11.94
ORD0000417,CUST001405,R008,2026-09-22 12:13:04,Third-Party Delivery,,Completed,84.17
ORD0000418,CUST002309,R012,2026-07-09 22:10:04,Website/App,,Completed,92.6
ORD0000419,CUST000390,R020,2026-08-24 14:59:04,Dine-in,,Cancelled,56.09
ORD0000420,CUST001215,R013,2026-08-14 21:57:04,Dine-in,,Completed,99.37
ORD0000421,CUST001993,R007,2026-07-24 22:21:04,Dine-in,,Completed,74.22
ORD0000422,CUST000933,R003,2026-03-11 18:19:04,Dine-in,,Completed,34.12
ORD0000423,CUST002152,R008,2025-12-25 12:37:04,Website/App,,Completed,95.08
ORD0000424,CUST000885,R013,2026-01-10 21:43:04,Takeaway,PROMO009,Completed,39.75
ORD0000425,CUST002583,R008,2026-02-07 19:45:04,Third-Party Delivery,,Completed,34.12
ORD0000426,CUST003607,R011,2026-04-20 10:13:04,Third-Party Delivery,,Completed,47.45
ORD0000427,CUST000336,R020,2026-07-09 14:46:04,Website/App,,Completed,33.85
ORD0000428,CUST000872,R007,2025-10-04 13:04:04,Third-Party Delivery,PROMO004,Completed,42.52
ORD0000429,CUST003372,R014,2026-09-21 12:35:04,Dine-in,,Completed,39.33
ORD0000430,CUST002512,R019,2026-03-31 14:18:04,Dine-in,,Completed,139.69
ORD0000431,CUST000307,R011,2026-07-26 14:14:04,Third-Party Delivery,,Cancelled,22.19
ORD0000432,CUST001942,R011,2026-08-05 20:26:04,Third-Party Delivery,,Completed,5.1
ORD0000433,CUST000849,R020,2026-01-04 13:31:04,Website/App,,Completed,58.38
ORD0000434,CUST000812,R001,2026-09-08 20:40:04,Dine-in,,Completed,58.82
ORD0000435,CUST003759,R013,2026-05-28 22:01:04,Third-Party Delivery,PROMO005,Completed,34.05
ORD0000436,CUST003034,R018,2026-09-17 12:03:04,Takeaway,,Completed,75.54
ORD0000437,CUST002774,R008,2026-07-24 11:32:04,Third-Party Delivery,,Completed,51.81
ORD0000438,CUST000962,R016,2026-09-20 18:55:04,Dine-in,,Completed,57.96
ORD0000439,CUST000471,R009,2026-07-09 20:06:04,Takeaway,,Completed,44.28
ORD0000440,CUST003481,R004,2026-04-27 14:26:04,Dine-in,,Completed,52.0
ORD0000441,CUST000025,R010,2026-05-12 12:50:04,Third-Party Delivery,,Completed,150.07
ORD0000442,CUST001534,R005,2026-07-23 11:26:04,Dine-in,,Completed,223.6
ORD0000443,CUST001105,R015,2026-08-15 13:08:04,Third-Party Delivery,,Completed,15.78
ORD0000444,CUST002266,R009,2026-07-02 13:01:04,Website/App,,Completed,92.51
ORD0000445,CUST001007,R020,2026-09-24 12:13:04,Takeaway,,Completed,58.44
ORD0000446,CUST001232,R003,2026-09-09 14:48:04,Dine-in,,Completed,57.85
ORD0000447,CUST003397,R008,2026-06-02 11:58:04,Dine-in,PROMO005,Completed,43.84
ORD0000448,CUST002388,R006,2026-09-09 14:37:04,Dine-in,,Completed,27.27
ORD0000449,CUST000580,R006,2026-04-21 13:37:04,Third-Party Delivery,PROMO002,Completed,96.93
ORD0000450,CUST002893,R017,2026-01-15 19:18:04,Takeaway,,Cancelled,102.61
ORD0000451,CUST000839,R009,2026-01-24 23:23:04,Third-Party Delivery,PROMO011,Completed,61.98
ORD0000452,CUST001719,R007,2025-12-25 20:27:04,Dine-in,,Completed,34.12
ORD0000453,CUST002571,R012,2025-10-29 22:08:04,Dine-in,,Completed,13.26
ORD0000454,CUST001086,R010,2026-06-30 11:24:04,Takeaway,,Completed,56.97
ORD0000455,CUST001519,R007,2026-07-02 20:54:04,Third-Party Delivery,,Completed,14.39
ORD0000456,CUST002926,R004,2026-08-01 18:43:04,Dine-in,,Completed,4.78
ORD0000457,CUST003748,R003,2026-09-15 18:09:04,Third-Party Delivery,,Completed,13.73
ORD0000458,CUST002101,R002,2025-12-09 12:21:04,Website/App,,Completed,82.96
ORD0000459,CUST000037,R005,2026-02-14 20:48:04,Dine-in,,Completed,42.08
ORD0000460,CUST001339,R005,2026-09-22 22:25:04,Dine-in,,Completed,116.29
ORD0000461,CUST001578,R009,2026-03-06 19:40:04,Website/App,,Cancelled,109.27
ORD0000462,CUST001341,R005,2026-03-18 18:11:04,Website/App,,Completed,39.75
ORD0000463,CUST001735,R005,2026-09-05 14:50:04,Website/App,,Completed,22.64
ORD0000464,CUST002516,R002,2026-09-05 11:48:04,Dine-in,,Completed,10.97
ORD0000465,CUST000481,R019,2026-07-20 21:28:04,Third-Party Delivery,,Completed,68.32
ORD0000466,CUST001088,R007,2026-08-30 13:31:04,Dine-in,,Completed,17.45
ORD0000467,CUST002024,R002,2026-09-19 22:43:04,Website/App,,Completed,41.92
ORD0000468,CUST001249,R006,2026-04-07 21:16:04,Third-Party Delivery,,Completed,72.05
ORD0000469,CUST003964,R006,2026-07-18 11:01:04,Dine-in,,Completed,48.98
ORD0000470,CUST001713,R015,2026-09-11 18:24:04,Takeaway,,Completed,19.83
ORD0000471,CUST003479,R003,2026-03-02 12:15:04,Website/App,,Completed,34.7
ORD0000472,CUST003583,R001,2026-06-06 13:02:04,Website/App,,Completed,55.27
ORD0000473,CUST003340,R017,2026-07-17 22:01:04,Takeaway,,Completed,71.02
ORD0000474,CUST000178,R019,2026-09-18 19:21:04,Dine-in,,Completed,5.92
ORD0000475,CUST003788,R016,2026-09-19 21:12:04,Website/App,,Completed,68.23
ORD0000476,CUST000509,R009,2026-08-23 14:18:04,Dine-in,,Completed,61.27
ORD0000477,CUST000127,R009,2025-12-14 18:45:04,Website/App,,Completed,52.98
ORD0000478,CUST001641,R010,2026-09-04 11:41:04,Dine-in,,Completed,79.37
ORD0000479,CUST000792,R016,2026-04-12 14:16:04,Takeaway,,Completed,52.87
ORD0000480,CUST000749,R007,2026-07-06 19:36:04,Dine-in,,Completed,71.63
ORD0000481,CUST001145,R008,2026-09-19 22:54:04,Dine-in,,Completed,151.96
ORD0000482,CUST000999,R020,2026-09-24 12:23:04,Takeaway,,Completed,189.4
ORD0000483,CUST002724,R003,2026-03-11 21:20:04,Website/App,,Completed,42.04
ORD0000484,CUST000759,R011,2026-08-11 13:41:04,Third-Party Delivery,,Completed,43.79
ORD0000485,CUST002158,R006,2025-10-15 11:15:04,Dine-in,,Completed,93.03
ORD0000486,CUST003946,R015,2026-07-02 18:12:04,Third-Party Delivery,,Completed,15.13
ORD0000487,CUST001718,R006,2026-08-18 18:46:04,Website/App,,Cancelled,4.18
ORD0000488,CUST002551,R014,2026-08-28 11:57:04,Takeaway,,Completed,16.49
ORD0000489,CUST003873,R003,2025-10-12 19:15:04,Takeaway,,Completed,8.72
ORD0000490,CUST000547,R014,2026-05-20 18:15:04,Dine-in,,Completed,39.75
ORD0000491,CUST001660,R013,2026-09-06 19:59:04,Takeaway,,Completed,76.15
ORD0000492,CUST003398,R011,2026-09-14 22:03:04,Dine-in,,Completed,80.17
ORD0000493,CUST003720,R001,2026-09-12 19:17:04,Dine-in,,Completed,29.82
ORD0000494,CUST002381,R007,2026-08-18 08:41:04,Dine-in,,Completed,38.42
ORD0000495,CUST000570,R013,2026-09-09 19:16:04,Website/App,,Completed,37.2
ORD0000496,CUST003599,R006,2026-09-05 22:55:04,Takeaway,,Completed,37.25
ORD0000497,CUST000711,R005,2026-04-22 12:19:04,Dine-in,,Completed,204.99
ORD0000498,CUST001391,R019,2026-07-03 11:52:04,Dine-in,,Completed,64.15
ORD0000499,CUST001484,R020,2026-06-26 11:52:04,Takeaway,,Completed,76.17
ORD0000500,CUST001781,R003,2026-06-29 22:47:04,Website/App,,Completed,5.1
ORD0000501,CUST003155,R005,2026-08-20 21:50:04,Takeaway,,Cancelled,66.16
ORD0000502,CUST003200,R013,2026-01-10 12:33:04,Dine-in,,Completed,56.44
ORD0000503,CUST002867,R015,2026-09-17 18:28:04,Takeaway,,Completed,39.75
ORD0000504,CUST000084,R010,2026-07-07 14:05:04,Third-Party Delivery,,Completed,54.0
ORD0000505,CUST002245,R019,2026-07-01 11:59:04,Website/App,,Completed,43.84
ORD0000506,CUST002980,R010,2026-08-03 12:03:04,Dine-in,,Completed,60.26
ORD0000507,CUST001773,R016,2026-08-02 11:00:04,Takeaway,,Completed,140.92
ORD0000508,CUST003777,R004,2026-08-22 19:45:04,Website/App,,Completed,84.38
ORD0000509,CUST003281,R006,2026-04-03 19:27:04,Dine-in,,Completed,148.5
ORD0000510,CUST002538,R011,2026-06-02 19:26:04,Takeaway,,Cancelled,58.52
ORD0000511,CUST000241,R019,2026-04-02 19:23:04,Dine-in,,Completed,73.67
ORD0000512,CUST002590,R001,2026-04-01 20:43:04,Third-Party Delivery,,Completed,113.75
ORD0000513,CUST003638,R005,2026-07-13 11:03:04,Dine-in,,Completed,206.07
ORD0000514,CUST001503,R017,2026-09-21 09:00:04,Website/App,,Completed,39.0
ORD0000515,CUST003350,R018,2026-08-30 11:37:04,Third-Party Delivery,,Completed,8.81
ORD0000516,CUST001242,R015,2026-08-10 12:05:04,Website/App,,Completed,69.4
ORD0000517,CUST002265,R020,2026-08-14 13:47:04,Dine-in,,Completed,137.1
ORD0000518,CUST002575,R003,2026-04-09 20:33:04,Takeaway,,Completed,57.36
ORD0000519,,R017,2026-09-17 22:03:04,Takeaway,,Completed,45.91
ORD0000520,CUST003526,R017,2026-06-28 14:27:04,Dine-in,,Completed,17.62
ORD0000521,CUST000942,R011,2026-05-26 22:31:04,Takeaway,PROMO005,Completed,4.18
ORD0000522,CUST001051,R004,2026-04-26 12:55:04,Website/App,,Completed,90.41
ORD0000523,CUST002806,R011,2026-03-13 19:37:04,Dine-in,,Cancelled,94.61
ORD0000524,CUST000722,R010,2026-04-26 18:15:04,Takeaway,,Completed,68.69
ORD0000525,CUST001851,R018,2026-03-11 11:25:04,Dine-in,,Completed,34.12
ORD0000526,CUST000079,R014,2026-06-22 14:53:04,Third-Party Delivery,,Completed,39.02
ORD0000527,CUST000561,R006,2026-05-02 11:41:04,Takeaway,,Completed,101.99
ORD0000528,CUST002696,R008,2026-09-23 11:51:04,Takeaway,,Completed,46.05
ORD0000529,CUST002980,R010,2026-08-25 20:05:04,Takeaway,,Completed,83.87
ORD0000530,CUST000461,R009,2026-08-27 12:10:04,Dine-in,,Completed,134.97
ORD0000531,CUST000913,R012,2026-09-06 13:31:04,Dine-in,,Completed,53.11
ORD0000532,CUST000387,R012,2026-07-25 18:53:04,Dine-in,,Completed,4.18
ORD0000533,CUST001721,R008,2026-07-10 21:05:04,Takeaway,,Completed,33.95
ORD0000534,CUST000498,R006,2026-09-21 18:02:04,Dine-in,,Completed,23.32
ORD0000535,CUST001741,R008,2026-08-18 19:59:04,Dine-in,,Completed,49.87
ORD0000536,CUST002916,R018,2026-07-08 18:58:04,Dine-in,,Completed,32.93
ORD0000537,CUST002720,R013,2026-09-21 15:33:04,Third-Party Delivery,,Completed,60.84
ORD0000538,CUST001116,R013,2026-04-17 21:06:04,Dine-in,,Completed,79.78
ORD0000539,CUST002673,R007,2026-01-31 14:11:04,Website/App,PROMO011,Completed,84.29
ORD0000540,CUST003704,R005,2026-04-29 14:48:04,Dine-in,,Completed,8.15
ORD0000541,CUST001370,R008,2026-06-11 13:55:04,Dine-in,,Completed,31.46
ORD0000542,CUST001304,R007,2026-09-01 14:29:04,Dine-in,,Completed,100.34
ORD0000543,CUST002270,R016,2026-09-13 13:44:04,Third-Party Delivery,,Completed,109.11
ORD0000544,CUST000987,R017,2026-05-31 12:00:04,Dine-in,,Completed,35.53
ORD0000545,CUST002587,R015,2026-07-29 19:41:04,Website/App,,Completed,117.58
ORD0000546,CUST003320,R019,2026-08-13 14:09:04,Dine-in,,Cancelled,44.11
ORD0000547,CUST001833,R002,2026-09-23 21:30:04,Dine-in,,Completed,73.13
ORD0000548,CUST002700,R002,2026-09-07 20:03:04,Website/App,,Completed,39.47
ORD0000549,CUST002588,R018,2026-08-10 23:47:04,Dine-in,,Completed,129.2
ORD0000550,CUST000143,R006,2026-05-14 21:32:04,Takeaway,,Completed,49.84
ORD0000551,CUST000746,R010,2026-09-09 11:33:04,Takeaway,,Completed,69.4
ORD0000552,CUST003568,R016,2026-04-30 21:56:04,Dine-in,,Completed,100.82
ORD0000553,CUST003753,R001,2026-02-17 21:01:04,Dine-in,PROMO012,Completed,17.59
ORD0000554,CUST003114,R018,2026-07-30 13:58:04,Takeaway,,Completed,223.19
ORD0000555,CUST003677,R009,2025-11-27 20:26:04,Dine-in,,Completed,57.66
ORD0000556,CUST001214,R001,2026-05-22 14:18:04,Takeaway,PROMO005,Completed,39.75
ORD0000557,CUST000997,R017,2026-05-02 21:19:04,Third-Party Delivery,,Completed,44.32
ORD0000558,CUST001521,R016,2026-04-16 19:43:04,Third-Party Delivery,,Completed,103.36
ORD0000559,CUST000210,R017,2026-08-24 22:14:04,Third-Party Delivery,,Completed,106.22
ORD0000560,CUST003233,R014,2026-03-25 16:57:04,Website/App,,Completed,75.96
ORD0000561,CUST003939,R015,2026-03-02 21:51:04,Takeaway,,Completed,158.47
ORD0000562,CUST003281,R012,2026-08-13 18:52:04,Takeaway,,Completed,34.7
ORD0000563,CUST002205,R017,2025-12-08 13:46:04,Takeaway,,Completed,135.63
ORD0000564,,R011,2026-07-15 13:21:04,Dine-in,,Completed,57.13
ORD0000565,CUST000805,R015,2026-04-05 14:21:04,Takeaway,,Completed,109.48
ORD0000566,CUST001435,R017,2026-06-10 19:09:04,Third-Party Delivery,,Completed,107.42
ORD0000567,CUST002645,R014,2025-10-28 21:58:04,Takeaway,,Completed,103.74
ORD0000568,CUST001781,R013,2026-04-28 22:09:04,Takeaway,,Completed,107.33
ORD0000569,CUST003729,R018,2026-03-12 13:25:04,Takeaway,,Completed,43.35
ORD0000570,CUST003411,R017,2026-08-24 12:57:04,Takeaway,,Completed,12.17
ORD0000571,CUST000403,R010,2026-08-12 21:25:04,Website/App,,Completed,94.1
ORD0000572,CUST000521,R006,2026-04-06 08:52:04,Dine-in,,Completed,34.97
ORD0000573,CUST002683,R012,2026-09-11 22:39:04,Takeaway,,Completed,100.53
ORD0000574,CUST000926,R007,2026-09-24 19:56:04,Third-Party Delivery,,Completed,47.51
ORD0000575,CUST003159,R003,2026-08-16 17:13:04,Third-Party Delivery,,Completed,66.34
ORD0000576,CUST002346,R001,2026-09-11 16:15:04,Third-Party Delivery,,Completed,12.14
ORD0000577,CUST000922,R014,2026-09-17 11:53:04,Website/App,,Completed,112.77
ORD0000578,CUST001909,R009,2026-04-23 11:28:04,Takeaway,,Completed,70.94
ORD0000579,CUST001607,R010,2026-09-22 22:36:04,Dine-in,,Completed,61.58
ORD0000580,CUST003493,R001,2026-09-11 20:42:04,Dine-in,,Completed,38.97
ORD0000581,CUST000119,R013,2026-06-23 19:06:04,Website/App,,Completed,87.18
ORD0000582,CUST003580,R016,2026-08-01 14:53:04,Takeaway,,Completed,57.33
ORD0000583,,R015,2026-01-25 21:04:04,Third-Party Delivery,,Completed,76.08
ORD0000584,CUST002941,R004,2026-07-13 23:40:04,Takeaway,,Completed,35.0
ORD0000585,CUST000013,R013,2026-09-19 19:09:04,Third-Party Delivery,,Completed,64.65
ORD0000586,CUST002499,R011,2026-09-24 22:07:04,Dine-in,,Completed,8.15
ORD0000587,,R005,2026-06-11 18:38:04,Third-Party Delivery,,Completed,28.31
ORD0000588,CUST002133,R009,2026-05-21 12:07:04,Website/App,,Completed,22.19
ORD0000589,CUST003136,R018,2025-09-14 12:50:04,Dine-in,,Completed,86.58
ORD0000590,CUST002207,R013,2026-06-12 23:00:04,Dine-in,,Completed,28.75
ORD0000591,CUST003424,R015,2026-05-12 20:36:04,Website/App,,Completed,111.92
ORD0000592,CUST000935,R005,2026-08-25 12:48:04,Dine-in,,Completed,143.4
ORD0000593,CUST003217,R013,2026-09-20 20:05:04,Takeaway,,Completed,103.74
ORD0000594,CUST000728,R005,2026-04-14 18:34:04,Takeaway,,Completed,97.99
ORD0000595,CUST003243,R003,2026-09-02 22:40:04,Takeaway,,Completed,44.42
ORD0000596,CUST003758,R018,2026-09-22 18:12:04,Dine-in,,Completed,31.04
ORD0000597,CUST001331,R011,2026-07-15 21:32:04,Website/App,,Completed,13.08
ORD0000598,CUST002104,R005,2026-03-02 16:50:04,Takeaway,,Completed,116.42
ORD0000599,CUST002613,R018,2026-08-24 22:38:04,Website/App,,Completed,6.49
ORD0000600,CUST000310,R018,2026-08-02 12:26:04,Dine-in,,Completed,41.0
ORD0000601,CUST001969,R004,2026-03-13 12:18:04,Website/App,,Completed,56.91
ORD0000602,CUST001421,R008,2026-08-13 18:39:04,Website/App,,Completed,68.12
ORD0000603,CUST003489,R005,2026-03-27 14:57:04,Dine-in,,Completed,33.02
ORD0000604,CUST003505,R007,2026-05-12 12:48:04,Dine-in,,Completed,71.34
ORD0000605,CUST002794,R018,2026-08-30 18:17:04,Dine-in,,Completed,44.05
ORD0000606,CUST002601,R001,2026-08-10 12:58:04,Website/App,,Completed,38.77
ORD0000607,CUST002924,R017,2026-09-15 12:19:04,Dine-in,,Completed,28.7
ORD0000608,CUST001442,R011,2026-08-03 12:23:04,Takeaway,,Completed,31.46
ORD0000609,CUST001601,R013,2026-07-19 18:52:04,Dine-in,,Completed,108.56
ORD0000610,CUST002202,R011,2026-05-21 14:17:04,Takeaway,,Completed,96.29
ORD0000611,CUST003748,R013,2026-04-10 13:02:04,Website/App,PROMO002,Completed,29.53
ORD0000612,CUST002884,R013,2025-11-06 16:56:04,Dine-in,PROMO006,Completed,84.37
ORD0000613,CUST002191,R008,2026-09-14 14:17:04,Third-Party Delivery,,Completed,111.81
ORD0000614,CUST003069,R004,2026-08-23 12:41:04,Dine-in,,Completed,50.63
ORD0000615,CUST001462,R018,2026-01-22 21:48:04,Takeaway,PROMO009,Completed,8.5
ORD0000616,CUST002909,R002,2026-08-09 20:52:04,Third-Party Delivery,,Completed,86.89
ORD0000617,CUST001627,R020,2026-09-09 08:07:04,Dine-in,,Completed,112.92
ORD0000618,CUST001111,R003,2026-08-20 20:43:04,Website/App,,Completed,39.75
ORD0000619,CUST002415,R013,2026-08-14 19:31:04,Dine-in,,Completed,97.37
ORD0000620,CUST002733,R020,2026-09-01 19:00:04,Dine-in,,Completed,12.14
ORD0000621,,R002,2026-01-30 22:12:04,Dine-in,,Completed,61.39
ORD0000622,CUST002248,R007,2026-09-03 18:08:04,Website/App,,Completed,29.55
ORD0000623,CUST002767,R016,2026-08-26 11:44:04,Takeaway,,Completed,21.14
ORD0000624,,R006,2026-09-14 14:41:04,Website/App,,Completed,15.65
ORD0000625,,R009,2026-07-01 21:17:04,Dine-in,,Completed,41.14
ORD0000626,CUST001396,R003,2026-07-17 15:03:04,Website/App,,Completed,58.64
ORD0000627,CUST003805,R014,2026-09-11 11:47:04,Third-Party Delivery,,Completed,27.21
ORD0000628,CUST002534,R013,2026-06-30 13:19:04,Takeaway,,Completed,31.46
ORD0000629,CUST003145,R019,2025-12-23 20:53:04,Dine-in,,Completed,169.76
ORD0000630,CUST002791,R002,2026-07-21 15:04:04,Website/App,,Completed,6.86
ORD0000631,CUST000834,R015,2026-07-21 18:05:04,Dine-in,,Completed,15.13
ORD0000632,CUST000277,R011,2026-07-08 09:58:04,Website/App,,Completed,49.08
ORD0000633,CUST002892,R005,2026-06-04 11:35:04,Dine-in,,Completed,59.13
ORD0000634,CUST002038,R007,2026-09-14 15:55:04,Takeaway,,Completed,64.96
ORD0000635,CUST002800,R015,2026-06-06 11:21:04,Dine-in,,Completed,29.55
ORD0000636,CUST001902,R005,2026-06-23 18:06:04,Third-Party Delivery,,Completed,9.52
ORD0000637,CUST001237,R003,2025-12-26 13:22:04,Third-Party Delivery,,Completed,78.32
ORD0000638,CUST001136,R015,2026-02-01 11:03:04,Website/App,,Completed,35.52
ORD0000639,CUST002910,R003,2026-05-25 12:09:04,Dine-in,,Completed,168.02
ORD0000640,CUST001103,R003,2026-06-16 19:03:04,Dine-in,,Completed,28.78
ORD0000641,CUST002846,R007,2026-02-24 19:12:04,Takeaway,,Completed,43.79
ORD0000642,CUST001519,R007,2026-08-28 21:38:04,Third-Party Delivery,,Completed,24.4
ORD0000643,CUST003072,R008,2026-04-04 19:06:04,Dine-in,,Completed,40.3
ORD0000644,CUST000568,R009,2026-04-07 19:29:04,Third-Party Delivery,,Completed,15.13
ORD0000645,CUST000832,R015,2026-09-15 20:13:04,Takeaway,,Completed,203.39
ORD0000646,CUST002730,R004,2025-10-05 22:07:04,Third-Party Delivery,,Completed,197.69
ORD0000647,CUST002223,R009,2026-07-09 11:12:04,Takeaway,,Completed,109.17
ORD0000648,,R003,2026-03-15 12:11:04,Dine-in,,Completed,34.7
ORD0000649,CUST003603,R013,2025-08-15 11:21:04,Third-Party Delivery,,Completed,34.12
ORD0000650,CUST001101,R006,2026-08-01 22:56:04,Website/App,,Completed,16.87
ORD0000651,CUST001667,R018,2026-06-07 14:44:04,Dine-in,,Completed,62.09
ORD0000652,CUST000823,R020,2026-08-15 14:54:04,Dine-in,,Completed,100.19
ORD0000653,CUST001534,R015,2026-08-19 12:54:04,Third-Party Delivery,,Completed,128.27
ORD0000654,CUST001961,R017,2026-08-08 22:04:04,Third-Party Delivery,,Completed,12.17
ORD0000655,CUST001174,R001,2026-09-06 22:29:04,Dine-in,,Completed,82.12
ORD0000656,CUST003063,R016,2026-07-25 20:37:04,Dine-in,,Completed,109.83
ORD0000657,CUST001557,R016,2026-09-14 12:28:04,Dine-in,,Completed,31.46
ORD0000658,CUST002906,R013,2026-08-09 13:16:04,Dine-in,,Completed,22.19
ORD0000659,CUST000838,R018,2026-09-18 21:32:04,Third-Party Delivery,,Completed,-20.0
ORD0000660,CUST001493,R012,2026-07-19 21:20:04,Third-Party Delivery,,Cancelled,32.29
ORD0000661,CUST000032,R010,2026-01-06 20:57:04,Dine-in,,Completed,79.78
ORD0000662,CUST003023,R001,2026-09-12 12:06:04,Dine-in,,Completed,20.94
ORD0000663,CUST002487,R013,2026-05-13 13:16:04,Takeaway,,Completed,20.67
ORD0000664,CUST003262,R017,2026-04-03 19:54:04,Dine-in,,Completed,92.42
ORD0000665,CUST001816,R006,2026-07-01 17:52:04,Dine-in,,Completed,29.06
ORD0000666,CUST003194,R016,2026-08-25 08:30:04,Takeaway,,Completed,140.42
ORD0000667,CUST002573,R012,2026-07-23 12:30:04,Takeaway,,Completed,82.37
ORD0000668,CUST000016,R010,2026-06-30 21:21:04,Website/App,,Completed,57.13
ORD0000669,,R019,2026-07-12 22:01:04,Dine-in,,Completed,184.14
ORD0000670,CUST001969,R004,2026-06-25 19:21:04,Dine-in,,Completed,89.91
ORD0000671,CUST002455,R017,2026-08-26 20:37:04,Third-Party Delivery,,Completed,40.96
ORD0000672,CUST000255,R004,2026-04-01 18:36:04,Third-Party Delivery,,Completed,52.47
ORD0000673,CUST002809,R003,2026-06-17 14:25:04,Third-Party Delivery,,Completed,28.1
ORD0000674,CUST002160,R006,2026-09-17 21:40:04,Website/App,,Completed,84.12
ORD0000675,CUST002089,R006,2026-09-04 21:01:04,Website/App,,Completed,19.2
ORD0000676,CUST001159,R016,2026-04-20 13:42:04,Website/App,PROMO002,Completed,14.87
ORD0000677,,R002,2026-03-01 14:25:04,Dine-in,,Completed,6.5
ORD0000678,CUST000104,R009,2026-06-07 21:57:04,Third-Party Delivery,,Completed,86.6
ORD0000679,CUST000251,R016,2026-09-04 20:37:04,Takeaway,,Completed,34.75
ORD0000680,CUST002926,R014,2026-03-14 11:52:04,Dine-in,,Completed,81.77
ORD0000681,CUST001275,R020,2026-09-12 18:18:04,Dine-in,,Completed,15.13
ORD0000682,CUST001368,R008,2026-06-05 13:26:04,Website/App,,Completed,29.42
ORD0000683,CUST000843,R010,2026-06-24 19:44:04,Website/App,,Completed,37.97
ORD0000684,CUST001776,R013,2026-06-22 13:17:04,Third-Party Delivery,,Completed,33.5
ORD0000685,CUST000196,R003,2026-09-23 19:58:04,Website/App,,Completed,17.61
ORD0000686,CUST001196,R016,2026-06-20 13:26:04,Third-Party Delivery,,Completed,25.43
ORD0000687,CUST002093,R015,2026-09-22 14:24:04,Third-Party Delivery,,Completed,35.53
ORD0000688,CUST001857,R013,2026-08-06 12:20:04,Dine-in,,Completed,47.85
ORD0000689,CUST004000,R020,2026-03-22 19:45:04,Dine-in,,Completed,92.57
ORD0000690,CUST001537,R016,2026-09-22 11:38:04,Takeaway,,Completed,193.73
ORD0000691,CUST001531,R013,2026-03-07 18:43:04,Dine-in,,Completed,120.41
ORD0000692,CUST002001,R002,2026-07-19 11:53:04,Third-Party Delivery,,Completed,65.68
ORD0000693,CUST000775,R004,2026-09-24 20:44:04,Website/App,,Completed,104.59
ORD0000694,CUST003505,R007,2026-06-02 19:58:04,Website/App,PROMO005,Cancelled,45.91
ORD0000695,CUST002273,R002,2026-01-18 11:51:04,Dine-in,PROMO009,Completed,45.4
ORD0000696,CUST000782,R008,2026-03-07 12:39:04,Takeaway,,Completed,58.3
ORD0000697,CUST003167,R008,2025-11-11 11:22:04,Dine-in,,Cancelled,80.58
ORD0000698,CUST000127,R019,2025-08-27 21:14:04,Website/App,,Completed,6.63
ORD0000699,CUST003931,R015,2026-03-26 12:26:04,Dine-in,,Completed,88.8
ORD0000700,CUST003458,R016,2026-09-04 13:16:04,Takeaway,,Completed,32.51
ORD0000701,,R020,2026-08-23 19:21:04,Dine-in,,Completed,103.8
ORD0000702,CUST000445,R006,2026-08-01 14:24:04,Dine-in,,Completed,27.3
ORD0000703,CUST000869,R008,2025-12-02 11:19:04,Takeaway,,Completed,34.7
ORD0000704,CUST001110,R016,2026-08-17 14:18:04,Dine-in,,Completed,4.18
ORD0000705,CUST000970,R001,2026-01-04 22:47:04,Dine-in,,Completed,133.0
ORD0000706,CUST001983,R001,2026-08-05 21:41:04,Website/App,,Completed,34.12
ORD0000707,CUST003776,R003,2026-07-30 11:58:04,Website/App,,Completed,77.82
ORD0000708,CUST001772,R015,2026-09-23 22:55:04,Website/App,,Completed,47.37
ORD0000709,CUST002624,R007,2026-05-14 14:04:04,Third-Party Delivery,,Completed,154.95
ORD0000710,CUST002744,R009,2026-06-05 12:15:04,Dine-in,,Completed,8.63
ORD0000711,CUST003485,R009,2026-06-28 19:27:04,Takeaway,,Completed,68.44
ORD0000712,CUST000125,R004,2026-08-12 14:05:04,Website/App,,Completed,11.41
ORD0000713,CUST001599,R001,2026-07-04 21:48:04,Website/App,,Completed,31.05
ORD0000714,CUST003133,R020,2026-09-11 17:38:04,Website/App,,Completed,72.23
ORD0000715,CUST003249,R006,2026-09-13 13:24:04,Dine-in,,Completed,45.65
ORD0000716,CUST003702,R015,2026-07-29 12:00:04,Dine-in,,Completed,160.47
ORD0000717,CUST002803,R001,2026-08-22 21:47:04,Dine-in,,Completed,37.04
ORD0000718,CUST000985,R015,2026-06-05 11:24:04,Website/App,,Completed,119.67
ORD0000719,CUST002012,R016,2026-02-09 19:32:04,Dine-in,,Completed,103.91
ORD0000720,CUST000119,R013,2026-07-17 11:58:04,Website/App,,Completed,37.8
ORD0000721,CUST002572,R005,2026-09-14 20:38:04,Dine-in,,Completed,151.65
ORD0000722,CUST002204,R001,2026-09-09 13:00:04,Third-Party Delivery,,Completed,195.16
ORD0000723,CUST002644,R015,2026-07-22 22:57:04,Takeaway,,Completed,50.36
ORD0000724,CUST003712,R010,2026-02-24 16:44:04,Website/App,,Completed,56.76
ORD0000725,CUST002736,R006,2026-09-10 21:48:04,Dine-in,,Completed,39.75
ORD0000726,CUST001269,R004,2026-03-12 16:47:04,Dine-in,,Completed,43.75
ORD0000727,CUST000811,R011,2025-10-22 23:00:04,Takeaway,,Completed,53.92
ORD0000728,CUST003414,R008,2026-04-17 13:11:04,Dine-in,PROMO002,Completed,39.63
ORD0000729,CUST000791,R017,2025-12-12 12:51:04,Dine-in,,Completed,4.36
ORD0000730,CUST000651,R020,2026-07-29 22:06:04,Dine-in,,Completed,84.29
ORD0000731,CUST000836,R008,2026-06-16 13:01:04,Dine-in,,Completed,16.69
ORD0000732,CUST002027,R011,2026-06-08 13:48:04,Dine-in,,Completed,36.09
ORD0000733,CUST000490,R019,2026-07-23 11:24:04,Dine-in,,Completed,8.36
ORD0000734,CUST003748,R013,2026-06-18 20:38:04,Website/App,,Completed,63.06
ORD0000735,CUST003863,R001,2026-03-29 19:42:04,Dine-in,,Completed,51.57
ORD0000736,CUST003894,R008,2026-04-21 08:29:04,Website/App,,Completed,47.35
ORD0000737,CUST000146,R016,2026-05-27 22:17:04,Third-Party Delivery,,Completed,11.02
ORD0000738,CUST003783,R020,2026-08-23 21:32:04,Dine-in,,Completed,15.93
ORD0000739,CUST003992,R008,2026-09-23 08:40:04,Third-Party Delivery,,Completed,113.17
ORD0000740,CUST003767,R020,2026-03-24 19:38:04,Third-Party Delivery,,Completed,83.85
ORD0000741,CUST002661,R020,2026-09-07 21:42:04,Website/App,,Completed,64.55
ORD0000742,CUST002796,R014,2026-01-12 19:55:04,Website/App,,Completed,-115.58
ORD0000743,CUST000484,R014,2026-03-11 18:19:04,Dine-in,,Completed,114.13
ORD0000744,CUST003498,R012,2026-04-25 18:30:04,Takeaway,PROMO002,Completed,8.27
ORD0000745,CUST000230,R003,2026-09-09 14:45:04,Dine-in,,Completed,37.25
ORD0000746,CUST001259,R016,2026-08-09 13:42:04,Takeaway,,Completed,33.45
ORD0000747,CUST003964,R006,2026-08-10 21:05:04,Dine-in,,Completed,73.13
ORD0000748,,R004,2026-09-22 10:41:04,Takeaway,,Completed,195.31
ORD0000749,CUST000519,R006,2026-04-29 22:54:04,Dine-in,,Completed,21.63
ORD0000750,CUST003873,R013,2025-10-10 12:47:04,Third-Party Delivery,,Completed,34.12
ORD0000751,CUST003939,R005,2026-07-21 18:19:04,Takeaway,,Completed,105.13
ORD0000752,CUST000760,R011,2026-09-22 13:51:04,Takeaway,,Completed,49.84
ORD0000753,CUST003456,R001,2026-09-10 18:25:04,Website/App,,Completed,35.9
ORD0000754,CUST001543,R016,2026-09-06 21:09:04,Third-Party Delivery,,Completed,55.72
ORD0000755,CUST001510,R019,2026-05-17 20:32:04,Website/App,,Completed,8.68
ORD0000756,CUST001052,R005,2026-09-02 19:31:04,Website/App,,Completed,34.12
ORD0000757,CUST000169,R014,2026-01-14 14:54:04,Third-Party Delivery,,Completed,55.22
ORD0000758,CUST001071,R010,2026-09-11 19:01:04,Third-Party Delivery,,Completed,8.4
ORD0000759,CUST000202,R007,2026-09-15 20:04:04,Dine-in,,Completed,105.75
ORD0000760,CUST003693,R019,2026-06-02 22:25:04,Dine-in,,Completed,99.96
ORD0000761,CUST002625,R018,2026-03-11 17:29:04,Third-Party Delivery,,Completed,115.7
ORD0000762,CUST003542,R019,2026-08-06 12:13:04,Dine-in,,Completed,15.1
ORD0000763,CUST002855,R007,2026-01-25 22:06:04,Website/App,PROMO011,Completed,14.34
ORD0000764,,R004,2026-08-29 11:22:04,Third-Party Delivery,,Completed,29.55
ORD0000765,,R013,2026-08-07 19:40:04,Takeaway,,Completed,82.8
ORD0000766,CUST003595,R014,2026-09-10 12:41:04,Website/App,,Completed,27.81
ORD0000767,,R001,2026-09-04 20:17:04,Dine-in,,Completed,34.7
ORD0000768,CUST000445,R006,2025-10-06 12:01:04,Dine-in,,Completed,27.34
ORD0000769,CUST002806,R001,2025-12-12 14:41:04,Dine-in,,Completed,88.31
ORD0000770,CUST002903,R002,2025-10-14 22:11:04,Dine-in,,Completed,65.29
ORD0000771,CUST003584,R013,2026-09-01 23:04:04,Takeaway,,Completed,6.49
ORD0000772,CUST000198,R020,2026-01-25 14:42:04,Takeaway,PROMO011,Completed,4.59
ORD0000773,CUST000563,R004,2026-05-11 20:07:04,Takeaway,,Completed,57.14
ORD0000774,CUST002373,R018,2026-01-21 18:05:04,Takeaway,,Completed,12.21
ORD0000775,CUST002457,R017,2026-04-29 08:15:04,Third-Party Delivery,,Completed,148.76
ORD0000776,CUST000124,R020,2026-07-26 21:08:04,Third-Party Delivery,,Completed,17.26
ORD0000777,CUST001570,R013,2026-09-12 18:42:04,Website/App,,Completed,21.63
ORD0000778,CUST002317,R016,2026-08-09 14:37:04,Dine-in,,Completed,69.58
ORD0000779,CUST002942,R020,2026-09-05 12:25:04,Dine-in,,Completed,37.98
ORD0000780,CUST001252,R009,2026-08-15 13:40:04,Website/App,,Completed,23.32
ORD0000781,CUST001933,R009,2026-04-02 19:20:04,Dine-in,,Completed,228.86
ORD0000782,CUST003246,R014,2026-07-07 11:34:04,Dine-in,,Completed,52.98
ORD0000783,CUST003815,R006,2026-08-11 16:09:04,Third-Party Delivery,,Completed,57.13
ORD0000784,CUST000925,R002,2026-01-05 18:50:04,Website/App,,Completed,-90.0
ORD0000785,CUST001018,R018,2026-02-20 11:33:04,Dine-in,,Completed,35.02
ORD0000786,CUST003756,R004,2026-01-29 13:20:04,Dine-in,,Completed,45.91
ORD0000787,CUST001567,R012,2026-08-14 21:30:04,Website/App,,Completed,93.51
ORD0000788,CUST002862,R010,2026-09-21 12:09:04,Third-Party Delivery,,Completed,70.5
ORD0000789,CUST002427,R015,2026-09-07 21:45:04,Third-Party Delivery,,Completed,64.44
ORD0000790,CUST001137,R004,2026-07-16 20:27:04,Dine-in,,Completed,56.02
ORD0000791,CUST002593,R013,2026-07-08 11:19:04,Third-Party Delivery,,Completed,84.69
ORD0000792,CUST002600,R007,2026-05-29 13:36:04,Dine-in,,Completed,35.18
ORD0000793,CUST002349,R004,2026-08-17 21:43:04,Third-Party Delivery,,Completed,13.42
ORD0000794,CUST000390,R020,2026-06-20 22:44:04,Dine-in,,Cancelled,35.53
ORD0000795,CUST003984,R018,2026-07-18 20:15:04,Website/App,,Completed,59.35
ORD0000796,CUST001586,R011,2026-09-07 18:38:04,Dine-in,,Completed,27.5
ORD0000797,CUST002539,R007,2026-08-06 19:11:04,Website/App,,Completed,66.05
ORD0000798,CUST003539,R005,2026-03-22 21:10:04,Dine-in,,Completed,65.44
ORD0000799,CUST001679,R005,2026-05-19 11:18:04,Dine-in,,Completed,56.44
ORD0000800,CUST003084,R013,2026-07-25 11:59:04,Dine-in,,Completed,32.62
ORD0000801,CUST003884,R010,2026-09-02 14:21:04,Takeaway,,Completed,12.51
ORD0000802,CUST001415,R016,2026-07-30 18:27:04,Dine-in,,Completed,34.31
ORD0000803,CUST001603,R016,2025-11-24 21:00:04,Third-Party Delivery,,Completed,82.2
ORD0000804,CUST003612,R002,2026-09-16 14:57:04,Website/App,,Completed,32.52
ORD0000805,CUST000643,R007,2026-09-23 13:47:04,Takeaway,,Completed,93.67
ORD0000806,CUST000108,R008,2026-08-26 13:02:04,Website/App,,Completed,110.77
ORD0000807,CUST003626,R020,2025-11-15 16:07:04,Dine-in,,Completed,169.16
ORD0000808,CUST003275,R001,2026-01-16 20:32:04,Takeaway,,Completed,69.4
ORD0000809,CUST003888,R011,2026-09-22 12:22:04,Takeaway,,Completed,68.24
ORD0000810,CUST000223,R019,2026-08-13 08:27:04,Dine-in,,Completed,31.46
ORD0000811,CUST000628,R019,2025-12-09 22:11:04,Dine-in,,Completed,45.1
ORD0000812,CUST000412,R004,2026-08-12 21:12:04,Dine-in,,Completed,70.25
ORD0000813,CUST002720,R003,2026-09-17 12:14:04,Third-Party Delivery,,Completed,103.54
ORD0000814,CUST002398,R005,2026-02-22 22:12:04,Takeaway,,Completed,111.35
ORD0000815,CUST001416,R013,2026-08-06 19:14:04,Third-Party Delivery,,Completed,25.47
ORD0000816,CUST000220,R013,2026-07-05 11:17:04,Dine-in,,Completed,54.3
ORD0000817,CUST002544,R015,2026-09-01 11:11:04,Website/App,,Completed,8.63
ORD0000818,CUST002265,R020,2026-08-07 11:27:04,Dine-in,,Completed,15.64
ORD0000819,CUST000450,R013,2026-08-05 11:43:04,Dine-in,,Completed,64.13
ORD0000820,CUST003626,R020,2026-09-09 19:15:04,Dine-in,,Completed,62.35
ORD0000821,CUST000811,R011,2025-12-12 18:02:04,Dine-in,,Completed,20.67
ORD0000822,CUST002965,R011,2026-07-22 14:59:04,Dine-in,,Completed,68.39
ORD0000823,CUST003537,R003,2026-05-05 19:34:04,Website/App,,Completed,57.54
ORD0000824,CUST002302,R003,2026-08-29 19:57:04,Third-Party Delivery,,Completed,37.25
ORD0000825,CUST000993,R007,2025-09-06 22:50:04,Dine-in,,Completed,88.31
ORD0000826,CUST001225,R010,2026-01-17 21:31:04,Dine-in,,Completed,61.22
ORD0000827,CUST003539,R015,2026-06-15 21:25:04,Third-Party Delivery,,Completed,79.2
ORD0000828,CUST001185,R018,2025-12-14 18:56:04,Third-Party Delivery,,Completed,166.7
ORD0000829,CUST002975,R019,2026-08-21 12:18:04,Website/App,,Completed,88.31
ORD0000830,CUST003961,R019,2026-09-14 11:40:04,Dine-in,,Completed,6.63
ORD0000831,CUST004000,R013,2026-05-09 12:52:04,Website/App,,Completed,15.93
ORD0000832,CUST002117,R006,2026-08-02 13:46:04,Dine-in,,Completed,35.53
ORD0000833,CUST003294,R001,2026-08-18 15:46:04,Third-Party Delivery,,Completed,20.67
ORD0000834,CUST003962,R019,2026-09-21 21:41:04,Website/App,,Completed,50.94
ORD0000835,CUST001481,R009,2026-07-10 13:13:04,Dine-in,,Completed,8.47
ORD0000836,CUST001016,R006,2025-12-26 21:23:04,Dine-in,,Completed,54.92
ORD0000837,CUST000456,R006,2026-08-10 12:12:04,Takeaway,,Completed,23.76
ORD0000838,CUST000561,R006,2026-02-28 20:43:04,Dine-in,,Completed,71.56
ORD0000839,CUST003408,R003,2026-05-03 20:06:04,Third-Party Delivery,,Completed,77.7
ORD0000840,CUST002333,R007,2026-08-27 21:24:04,Website/App,,Completed,63.03
ORD0000841,CUST003496,R016,2025-12-09 11:17:04,Website/App,,Completed,157.83
ORD0000842,CUST003153,R001,2026-09-05 20:54:04,Website/App,,Completed,47.9
ORD0000843,CUST002673,R017,2026-08-05 17:21:04,Third-Party Delivery,,Completed,37.98
ORD0000844,CUST002412,R010,2026-08-22 11:06:04,Takeaway,,Completed,34.09
ORD0000845,CUST000183,R001,2026-05-19 12:01:04,Takeaway,,Completed,49.6
ORD0000846,CUST003488,R016,2026-08-19 14:43:04,Takeaway,,Completed,16.3
ORD0000847,CUST001658,R009,2025-12-03 13:22:04,Dine-in,,Completed,26.68
ORD0000848,CUST002222,R020,2026-04-02 12:11:04,Takeaway,,Completed,87.05
ORD0000849,CUST000083,R004,2026-01-31 22:52:04,Dine-in,PROMO003,Completed,15.04
ORD0000850,CUST003739,R009,2026-04-24 10:50:04,Dine-in,,Completed,110.35
ORD0000851,CUST003603,R017,2026-01-15 14:46:04,Dine-in,,Completed,83.72
ORD0000852,CUST002158,R001,2026-08-25 11:20:04,Third-Party Delivery,,Completed,32.13
ORD0000853,CUST002294,R015,2026-04-28 21:44:04,Website/App,,Completed,40.2
ORD0000854,CUST002809,R013,2026-04-13 15:24:04,Dine-in,,Completed,32.98
ORD0000855,CUST001058,R016,2026-09-16 11:37:04,Takeaway,,Completed,41.17
ORD0000856,CUST000892,R013,2026-06-20 11:13:04,Dine-in,,Cancelled,85.34
ORD0000857,CUST002675,R020,2026-06-02 09:58:04,Third-Party Delivery,,Completed,22.18
ORD0000858,CUST000410,R005,2026-04-03 21:15:04,Third-Party Delivery,,Completed,31.63
ORD0000859,CUST001810,R001,2026-07-11 21:46:04,Dine-in,,Completed,37.54
ORD0000860,CUST001964,R019,2026-06-04 18:30:04,Dine-in,,Completed,34.12
ORD0000861,CUST001510,R014,2026-06-14 11:00:04,Third-Party Delivery,,Completed,8.15
ORD0000862,CUST000754,R012,2026-08-27 22:44:04,Takeaway,,Completed,111.08
ORD0000863,CUST001401,R010,2026-07-09 08:18:04,Dine-in,,Completed,116.93
ORD0000864,CUST001337,R020,2026-07-20 13:00:04,Third-Party Delivery,,Completed,51.34
ORD0000865,CUST001988,R014,2026-09-01 20:58:04,Website/App,,Completed,11.94
ORD0000866,CUST002676,R001,2026-07-31 19:47:04,Dine-in,,Completed,8.15
ORD0000867,CUST003870,R018,2026-09-24 18:52:04,Takeaway,,Completed,96.99
ORD0000868,CUST000574,R011,2026-09-12 13:41:04,Third-Party Delivery,,Completed,62.22
ORD0000869,CUST003493,R011,2026-08-11 18:01:04,Third-Party Delivery,,Completed,63.62
ORD0000870,CUST001132,R017,2026-07-01 13:12:04,Dine-in,,Completed,15.13
ORD0000871,CUST002346,R020,2026-09-08 09:36:04,Third-Party Delivery,,Completed,43.84
ORD0000872,CUST002173,R015,2026-09-13 13:48:04,Website/App,,Completed,120.25
ORD0000873,CUST002211,R012,2026-09-12 11:21:04,Website/App,,Completed,8.15
ORD0000874,CUST002881,R016,2026-09-11 22:55:04,Website/App,,Completed,22.19
ORD0000875,CUST001512,R010,2026-08-17 10:45:04,Dine-in,,Completed,6.49
ORD0000876,CUST001264,R019,2025-11-13 13:32:04,Website/App,,Completed,20.54
ORD0000877,CUST003405,R015,2026-02-25 19:21:04,Takeaway,,Completed,55.22
ORD0000878,CUST000886,R009,2026-04-23 20:15:04,Dine-in,,Completed,41.73
ORD0000879,CUST000732,R010,2025-10-28 12:49:04,Dine-in,,Completed,113.84
ORD0000880,CUST000060,R014,2026-05-15 19:59:04,Dine-in,,Completed,64.65
ORD0000881,CUST000851,R001,2026-07-10 14:16:04,Website/App,,Completed,15.64
ORD0000882,CUST002065,R018,2026-08-20 19:07:04,Takeaway,,Completed,23.21
ORD0000883,CUST002139,R009,2026-09-18 12:28:04,Third-Party Delivery,,Completed,53.54
ORD0000884,CUST001020,R009,2026-08-11 14:32:04,Website/App,,Completed,20.63
ORD0000885,CUST000279,R003,2026-04-04 19:44:04,Third-Party Delivery,,Cancelled,63.36
ORD0000886,CUST002968,R011,2026-05-27 22:25:04,Dine-in,PROMO005,Completed,34.05
ORD0000887,CUST003021,R015,2026-08-27 21:06:04,Takeaway,,Completed,47.31
ORD0000888,CUST003993,R006,2026-09-09 14:25:04,Website/App,,Completed,57.81
ORD0000889,CUST003596,R006,2026-09-04 18:17:04,Dine-in,,Completed,162.32
ORD0000890,CUST003699,R020,2026-06-22 20:36:04,Third-Party Delivery,,Completed,24.12
ORD0000891,CUST003186,R020,2026-08-01 14:03:04,Dine-in,,Cancelled,18.42
ORD0000892,CUST002440,R016,2026-09-11 18:09:04,Dine-in,,Completed,85.74
ORD0000893,CUST000508,R017,2026-08-18 20:11:04,Website/App,,Completed,15.65
ORD0000894,CUST002472,R018,2026-07-13 17:10:04,Website/App,,Completed,52.57
ORD0000895,CUST000212,R002,2026-09-24 19:44:04,Third-Party Delivery,,Completed,67.02
ORD0000896,CUST003538,R020,2025-09-17 22:12:04,Dine-in,,Completed,93.04
ORD0000897,CUST001924,R008,2026-03-21 18:00:04,Third-Party Delivery,,Completed,44.18
ORD0000898,CUST002782,R014,2026-09-11 20:33:04,Dine-in,,Completed,173.8
ORD0000899,CUST000196,R013,2026-09-23 22:06:04,Takeaway,,Completed,52.65
ORD0000900,CUST002120,R007,2026-09-21 14:13:04,Website/App,,Completed,46.23
ORD0000901,CUST001199,R018,2026-08-21 20:01:04,Dine-in,,Completed,76.0
ORD0000902,CUST001136,R005,2025-12-02 21:26:04,Website/App,,Completed,157.6
ORD0000903,CUST001542,R004,2026-07-07 18:07:04,Website/App,,Completed,103.79
ORD0000904,CUST000003,R006,2026-07-14 22:27:04,Takeaway,,Completed,65.57
ORD0000905,CUST001861,R008,2026-07-28 22:59:04,Dine-in,,Completed,34.7
ORD0000906,CUST001943,R002,2026-08-02 22:59:04,Takeaway,,Completed,32.33
ORD0000907,CUST003448,R004,2026-09-11 18:42:04,Website/App,,Completed,31.18
ORD0000908,CUST001786,R012,2026-08-05 19:54:04,Dine-in,,Completed,51.08
ORD0000909,CUST001431,R011,2026-09-21 21:00:04,Website/App,,Completed,131.23
ORD0000910,CUST003983,R013,2026-08-24 16:19:04,Website/App,,Completed,13.03
ORD0000911,CUST002269,R014,2026-03-26 14:02:04,Third-Party Delivery,,Completed,24.49
ORD0000912,CUST001886,R015,2026-08-05 14:15:04,Website/App,,Completed,118.14
ORD0000913,CUST001980,R002,2026-08-12 21:08:04,Dine-in,,Completed,22.56
ORD0000914,CUST003231,R006,2026-08-18 13:27:04,Website/App,,Completed,222.36
ORD0000915,CUST001345,R018,2026-07-15 21:53:04,Dine-in,,Completed,108.53
ORD0000916,CUST001538,R010,2026-01-08 14:05:04,Dine-in,,Completed,78.55
ORD0000917,CUST003011,R005,2026-08-08 22:58:04,Dine-in,,Completed,11.94
ORD0000918,CUST000284,R007,2026-09-23 20:11:04,Dine-in,,Completed,41.1
ORD0000919,CUST003458,R002,2026-09-08 21:49:04,Website/App,,Completed,8.15
ORD0000920,CUST001709,R002,2026-06-18 11:07:04,Dine-in,,Completed,56.42
ORD0000921,CUST002306,R018,2026-01-05 10:04:04,Dine-in,,Completed,68.66
ORD0000922,CUST003020,R007,2026-03-24 11:26:04,Third-Party Delivery,,Completed,37.25
ORD0000923,CUST001065,R017,2026-09-22 22:51:04,Dine-in,,Completed,35.65
ORD0000924,CUST003558,R013,2026-09-15 18:07:04,Dine-in,,Completed,22.75
ORD0000925,CUST003916,R014,2026-09-14 18:10:04,Dine-in,,Completed,39.75
ORD0000926,CUST001970,R009,2026-08-30 22:32:04,Third-Party Delivery,,Completed,51.75
ORD0000927,CUST003744,R008,2026-06-30 12:14:04,Dine-in,,Completed,-23.76
ORD0000928,CUST000005,R017,2026-08-03 11:22:04,Takeaway,,Completed,33.97
ORD0000929,CUST003571,R007,2026-09-19 21:59:04,Dine-in,,Completed,11.55
ORD0000930,CUST001231,R002,2026-08-12 14:06:04,Website/App,,Completed,63.62
ORD0000931,CUST001234,R016,2026-08-16 21:27:04,Takeaway,,Completed,34.7
ORD0000932,CUST000915,R018,2026-09-15 22:22:04,Third-Party Delivery,,Completed,95.51
ORD0000933,CUST001256,R006,2026-01-23 14:18:04,Website/App,PROMO011,Completed,86.94
ORD0000934,CUST000863,R012,2026-08-17 19:15:04,Dine-in,,Completed,28.99
ORD0000935,CUST003613,R001,2026-09-17 11:20:04,Takeaway,,Completed,56.44
ORD0000936,CUST003592,R002,2026-09-23 12:35:04,Third-Party Delivery,,Completed,43.79
ORD0000937,CUST000402,R016,2026-09-06 22:56:04,Third-Party Delivery,,Completed,170.49
ORD0000938,CUST000569,R012,2026-08-28 18:52:04,Dine-in,,Completed,92.37
ORD0000939,CUST003441,R010,2026-05-25 13:26:04,Dine-in,,Completed,21.47
ORD0000940,CUST001580,R006,2026-09-15 20:01:04,Dine-in,,Completed,8.4
ORD0000941,,R004,2026-06-22 14:02:04,Third-Party Delivery,,Completed,162.62
ORD0000942,CUST002035,R010,2026-01-16 21:46:04,Website/App,,Completed,34.12
ORD0000943,CUST001654,R017,2026-06-29 21:19:04,Takeaway,,Completed,64.74
ORD0000944,CUST000883,R016,2026-05-10 11:01:04,Dine-in,,Completed,102.2
ORD0000945,CUST002871,R018,2026-09-05 19:05:04,Dine-in,,Completed,119.01
ORD0000946,CUST002511,R020,2026-07-31 09:16:04,Website/App,,Completed,69.44
ORD0000947,CUST000390,R010,2026-02-28 21:17:04,Website/App,,Completed,89.44
ORD0000948,CUST003696,R019,2026-03-18 12:48:04,Third-Party Delivery,,Completed,35.59
ORD0000949,CUST002216,R010,2026-09-08 22:33:04,Dine-in,,Completed,108.08
ORD0000950,CUST001006,R016,2026-04-07 14:14:04,Dine-in,,Completed,57.27
ORD0000951,CUST000836,R018,2026-07-16 19:42:04,Dine-in,,Completed,65.84
ORD0000952,CUST000539,R020,2026-01-08 09:13:04,Takeaway,,Completed,62.21
ORD0000953,CUST001685,R010,2026-05-31 20:13:04,Third-Party Delivery,,Completed,15.13
ORD0000954,CUST000538,R010,2026-09-14 19:54:04,Website/App,,Completed,91.75
ORD0000955,CUST001650,R008,2026-09-13 14:49:04,Dine-in,,Completed,15.66
ORD0000956,CUST000591,R018,2026-05-01 18:09:04,Takeaway,,Completed,79.3
ORD0000957,CUST002606,R007,2026-08-19 11:30:04,Website/App,,Completed,41.72
ORD0000958,CUST003134,R011,2026-09-18 14:32:04,Takeaway,,Completed,88.94
ORD0000959,CUST002185,R013,2026-04-19 14:46:04,Dine-in,PROMO002,Completed,24.72
ORD0000960,CUST002703,R013,2026-08-05 22:27:04,Third-Party Delivery,,Completed,43.84
ORD0000961,CUST003750,R005,2026-03-26 11:36:04,Takeaway,,Completed,71.83
ORD0000962,CUST002540,R015,2026-08-30 21:25:04,Takeaway,,Completed,36.51
ORD0000963,CUST001435,R007,2026-09-03 12:10:04,Website/App,,Completed,85.88
ORD0000964,CUST001789,R003,2026-08-26 18:11:04,Website/App,,Completed,31.6
ORD0000965,CUST003437,R003,2026-07-19 15:10:04,Dine-in,,Completed,188.33
ORD0000966,CUST000516,R004,2026-07-08 23:27:04,Takeaway,,Completed,41.33
ORD0000967,CUST001290,R012,2026-06-23 18:38:04,Dine-in,,Completed,57.34
ORD0000968,CUST002293,R001,2026-07-30 11:36:04,Takeaway,,Completed,64.0
ORD0000969,CUST002684,R007,2026-09-04 11:19:04,Website/App,,Completed,78.5
ORD0000970,CUST003043,R012,2026-07-22 16:42:04,Takeaway,,Completed,52.31
ORD0000971,CUST001262,R006,2026-09-10 22:49:04,Dine-in,,Completed,30.26
ORD0000972,CUST000581,R016,2026-09-09 11:09:04,Third-Party Delivery,,Completed,60.56
ORD0000973,CUST003819,R004,2026-06-12 14:23:04,Dine-in,,Completed,26.98
ORD0000974,CUST000298,R009,2026-05-20 20:56:04,Dine-in,,Completed,140.27
ORD0000975,CUST000377,R020,2026-09-24 13:16:04,Dine-in,,Completed,39.75
ORD0000976,CUST001974,R007,2026-09-09 16:19:04,Takeaway,,Completed,30.44
ORD0000977,CUST003268,R007,2026-09-21 21:50:04,Dine-in,,Completed,101.51
ORD0000978,CUST003088,R019,2026-09-15 11:31:04,Takeaway,,Completed,61.11
ORD0000979,CUST003747,R007,2026-05-26 13:19:04,Website/App,PROMO005,Cancelled,21.63
ORD0000980,CUST000563,R014,2026-06-10 13:00:04,Website/App,,Completed,32.39
ORD0000981,CUST001485,R010,2025-12-24 20:50:04,Dine-in,,Completed,37.56
ORD0000982,CUST001123,R009,2026-04-22 16:09:04,Dine-in,PROMO002,Completed,40.86
ORD0000983,CUST003438,R016,2026-08-16 20:27:04,Third-Party Delivery,,Completed,11.55
ORD0000984,CUST001949,R008,2026-07-02 19:36:04,Dine-in,,Completed,66.21
ORD0000985,CUST000100,R011,2026-09-22 19:16:04,Third-Party Delivery,,Completed,52.98
ORD0000986,CUST002819,R004,2026-08-26 21:34:04,Takeaway,,Completed,25.87
ORD0000987,CUST001537,R017,2026-06-19 20:32:04,Dine-in,,Completed,87.62
ORD0000988,CUST002108,R011,2026-03-29 21:29:04,Dine-in,,Completed,13.42
ORD0000989,CUST003569,R013,2026-09-04 13:50:04,Takeaway,,Completed,47.55
ORD0000990,CUST001026,R001,2026-09-14 20:03:04,Dine-in,,Completed,11.35
ORD0000991,CUST000967,R013,2026-07-11 22:53:04,Website/App,,Completed,106.43
ORD0000992,CUST001054,R011,2026-08-26 11:52:04,Website/App,,Completed,276.98
ORD0000993,CUST001338,R020,2026-08-23 22:47:04,Takeaway,,Completed,12.54
ORD0000994,CUST000422,R015,2026-09-17 12:19:04,Third-Party Delivery,,Completed,51.84
ORD0000995,CUST002779,R011,2026-08-27 19:07:04,Third-Party Delivery,,Completed,38.1
ORD0000996,CUST000839,R019,2026-06-30 12:06:04,Third-Party Delivery,,Completed,33.38
ORD0000997,CUST003699,R020,2026-05-30 14:11:04,Dine-in,,Completed,142.32
ORD0000998,CUST000869,R018,2026-07-08 11:27:04,Dine-in,,Cancelled,57.34
ORD0000999,CUST001023,R012,2026-09-11 19:30:04,Takeaway,,Completed,60.62
ORD0001000,CUST001179,R010,2026-09-22 20:25:04,Dine-in,,Completed,14.35
ORD0001001,CUST003060,R001,2026-08-27 13:29:04,Dine-in,,Completed,17.91
ORD0001002,CUST001698,R016,2025-10-29 22:28:04,Third-Party Delivery,PROMO006,Completed,42.38
ORD0001003,CUST003269,R016,2026-09-18 12:22:04,Website/App,,Completed,29.55
ORD0001004,CUST003133,R020,2026-08-18 19:41:04,Third-Party Delivery,,Completed,64.91
ORD0001005,CUST003710,R007,2026-09-19 16:50:04,Website/App,,Completed,26.97
ORD0001006,CUST003016,R017,2026-09-22 21:30:04,Website/App,,Completed,67.94
ORD0001007,CUST000196,R019,2026-09-24 13:37:04,Third-Party Delivery,,Completed,250.81
ORD0001008,CUST003345,R012,2026-07-11 12:14:04,Dine-in,,Completed,84.38
ORD0001009,CUST003748,R013,2026-06-13 12:06:04,Third-Party Delivery,,Completed,67.73
ORD0001010,CUST003978,R011,2026-04-16 09:39:04,Takeaway,PROMO002,Completed,5.29
ORD0001011,CUST000495,R012,2026-01-15 18:06:04,Dine-in,PROMO009,Completed,124.68
ORD0001012,CUST002430,R008,2026-07-17 14:43:04,Website/App,,Completed,119.26
ORD0001013,CUST000813,R006,2026-06-26 11:13:04,Dine-in,,Completed,31.46
ORD0001014,CUST001052,R015,2026-06-23 18:21:04,Third-Party Delivery,,Completed,140.37
ORD0001015,CUST002973,R005,2026-09-17 12:36:04,Dine-in,,Completed,9.52
ORD0001016,CUST003910,R018,2026-08-23 10:28:04,Website/App,,Completed,34.7
ORD0001017,CUST002357,R012,2026-02-18 17:06:04,Website/App,,Completed,37.88
ORD0001018,CUST003399,R020,2026-04-15 13:59:04,Dine-in,,Completed,100.07
ORD0001019,CUST000034,R019,2026-05-10 10:34:04,Takeaway,,Completed,119.93
ORD0001020,CUST000137,R019,2026-09-18 22:44:04,Website/App,,Completed,4.25
ORD0001021,CUST002365,R014,2026-09-18 14:16:04,Dine-in,,Completed,126.27
ORD0001022,CUST001537,R006,2026-08-16 18:59:04,Third-Party Delivery,,Completed,42.85
ORD0001023,CUST003556,R013,2026-04-28 09:22:04,Website/App,,Completed,30.39
ORD0001024,CUST001201,R019,2026-09-14 23:08:04,Dine-in,,Completed,47.55
ORD0001025,CUST001717,R010,2026-06-22 21:30:04,Dine-in,,Completed,39.87
ORD0001026,CUST002095,R012,2026-04-16 08:49:04,Takeaway,PROMO002,Completed,47.45
ORD0001027,CUST001090,R016,2026-07-15 21:49:04,Dine-in,,Completed,10.06
ORD0001028,CUST003623,R015,2026-06-25 14:07:04,Dine-in,,Completed,8.81
ORD0001029,CUST001852,R009,2026-01-30 15:14:04,Dine-in,PROMO003,Completed,90.42
ORD0001030,CUST001683,R008,2026-05-27 18:55:04,Takeaway,,Completed,109.75
ORD0001031,CUST003396,R009,2026-05-25 13:38:04,Takeaway,PROMO005,Completed,129.59
ORD0001032,CUST001235,R002,2026-08-27 11:04:04,Website/App,,Completed,76.63
ORD0001033,CUST003260,R010,2026-09-21 15:28:04,Takeaway,,Completed,10.33
ORD0001034,CUST000484,R009,2026-04-22 15:33:04,Takeaway,,Completed,70.5
ORD0001035,CUST000742,R001,2026-08-31 22:31:04,Dine-in,,Completed,29.55
ORD0001036,CUST003802,R017,2026-04-10 18:23:04,Website/App,,Completed,48.47
ORD0001037,CUST003364,R003,2026-09-13 08:31:04,Third-Party Delivery,,Completed,56.01
ORD0001038,CUST001533,R012,2026-08-15 13:54:04,Takeaway,,Completed,23.71
ORD0001039,CUST002540,R015,2026-05-01 14:11:04,Dine-in,,Completed,33.09
ORD0001040,CUST003770,R015,2026-09-15 20:59:04,Dine-in,,Completed,13.13
ORD0001041,CUST000856,R009,2026-07-07 14:48:04,Third-Party Delivery,,Completed,78.29
ORD0001042,CUST000225,R001,2026-09-23 18:51:04,Website/App,,Completed,8.72
ORD0001043,CUST002135,R010,2026-08-04 14:27:04,Third-Party Delivery,,Completed,33.09
ORD0001044,CUST000568,R003,2026-05-18 22:47:04,Takeaway,,Completed,110.99
ORD0001045,,R016,2026-02-04 16:05:04,Third-Party Delivery,,Completed,11.86
ORD0001046,CUST003562,R003,2025-12-28 20:17:04,Third-Party Delivery,,Completed,30.72
ORD0001047,CUST000030,R012,2026-03-10 13:53:04,Dine-in,,Completed,104.03
ORD0001048,CUST003257,R010,2026-09-24 11:22:04,Dine-in,,Completed,35.53
ORD0001049,CUST002058,R018,2026-06-21 16:57:04,Takeaway,,Completed,11.94
ORD0001050,CUST002220,R009,2026-02-03 16:16:04,Takeaway,PROMO003,Completed,36.95
ORD0001051,CUST002665,R019,2026-06-10 11:11:04,Dine-in,,Completed,28.74
ORD0001052,CUST001713,R003,2025-12-08 19:03:04,Third-Party Delivery,,Completed,279.51
ORD0001053,CUST000461,R009,2026-07-09 20:34:04,Third-Party Delivery,,Completed,60.26
ORD0001054,CUST000404,R018,2026-08-12 22:04:04,Takeaway,,Completed,16.69
ORD0001055,CUST003005,R017,2026-09-22 18:41:04,Dine-in,,Completed,67.99
ORD0001056,CUST000889,R002,2026-03-22 14:57:04,Dine-in,,Completed,48.99
ORD0001057,CUST000106,R002,2026-08-11 13:02:04,Third-Party Delivery,,Completed,93.04
ORD0001058,CUST003919,R012,2026-09-07 20:32:04,Third-Party Delivery,,Completed,25.31
ORD0001059,CUST003923,R017,2026-09-23 12:24:04,Takeaway,,Completed,55.57
ORD0001060,CUST001496,R012,2026-03-19 10:04:04,Takeaway,,Completed,98.86
ORD0001061,CUST000095,R015,2026-08-20 21:34:04,Dine-in,,Completed,35.1
ORD0001062,CUST002897,R013,2025-08-27 22:33:04,Takeaway,,Completed,74.9
ORD0001063,CUST003314,R019,2026-07-26 18:15:04,Website/App,,Completed,48.48
ORD0001064,CUST000493,R006,2025-11-18 21:46:04,Website/App,,Completed,29.55
ORD0001065,CUST000537,R018,2026-09-03 13:41:04,Website/App,,Completed,58.94
ORD0001066,CUST003276,R015,2026-09-20 19:59:04,Dine-in,,Completed,18.28
ORD0001067,CUST003680,R016,2026-09-03 22:16:04,Website/App,,Completed,31.46
ORD0001068,CUST003158,R010,2026-07-06 19:36:04,Dine-in,,Completed,8.15
ORD0001069,CUST000817,R011,2026-07-12 11:26:04,Dine-in,,Completed,6.03
ORD0001070,CUST001629,R014,2026-07-23 11:53:04,Dine-in,,Completed,95.44
ORD0001071,CUST002379,R020,2026-09-11 21:57:04,Takeaway,,Completed,121.93
ORD0001072,CUST000646,R020,2026-08-15 13:37:04,Dine-in,,Completed,149.54
ORD0001073,CUST000851,R013,2026-06-04 20:28:04,Third-Party Delivery,,Completed,35.5
ORD0001074,CUST001126,R009,2026-05-22 19:46:04,Dine-in,,Completed,117.29
ORD0001075,CUST002030,R007,2025-10-21 11:37:04,Website/App,,Completed,51.09
ORD0001076,CUST002036,R011,2026-08-08 22:17:04,Takeaway,,Completed,-68.24
ORD0001077,CUST003246,R004,2026-05-17 22:37:04,Dine-in,,Completed,140.82
ORD0001078,CUST003000,R014,2026-04-26 12:02:04,Website/App,,Completed,8.39
ORD0001079,CUST003646,R006,2026-08-25 20:36:04,Takeaway,,Completed,82.26
ORD0001080,CUST003325,R020,2025-09-29 14:28:04,Takeaway,PROMO004,Completed,16.69
ORD0001081,CUST001019,R019,2026-09-01 15:42:04,Third-Party Delivery,,Completed,3.79
ORD0001082,CUST001313,R004,2026-08-13 08:38:04,Dine-in,,Completed,92.05
ORD0001083,CUST001992,R017,2026-09-21 14:53:04,Dine-in,,Completed,39.75
ORD0001084,CUST000055,R011,2026-04-15 22:08:04,Takeaway,PROMO002,Completed,6.5
ORD0001085,CUST003605,R008,2025-10-22 21:31:04,Website/App,,Completed,112.58
ORD0001086,CUST000169,R004,2025-12-26 15:46:04,Dine-in,,Completed,89.92
ORD0001087,CUST001278,R002,2026-09-21 18:45:04,Dine-in,,Completed,34.7
ORD0001088,,R010,2026-08-06 11:40:04,Dine-in,,Completed,42.72
ORD0001089,CUST002062,R014,2026-05-19 20:30:04,Dine-in,,Completed,77.3
ORD0001090,CUST002597,R007,2026-07-21 11:33:04,Dine-in,,Completed,54.21
ORD0001091,CUST002094,R020,2026-06-27 12:02:04,Dine-in,,Completed,31.56
ORD0001092,CUST000919,R005,2026-08-24 13:30:04,Takeaway,,Completed,46.46
ORD0001093,CUST000818,R013,2026-01-22 23:31:04,Third-Party Delivery,,Completed,4.18
ORD0001094,CUST003619,R012,2026-08-08 17:26:04,Dine-in,,Completed,74.64
ORD0001095,CUST001057,R006,2026-07-24 11:22:04,Third-Party Delivery,,Completed,102.2
ORD0001096,CUST001118,R011,2026-09-21 23:38:04,Dine-in,,Completed,-47.55
ORD0001097,CUST001637,R020,2026-05-10 21:03:04,Dine-in,,Completed,45.69
ORD0001098,CUST000555,R018,2026-07-16 21:27:04,Website/App,,Completed,43.79
ORD0001099,CUST002021,R014,2026-04-16 18:19:04,Dine-in,PROMO002,Completed,46.35
ORD0001100,CUST002635,R019,2025-11-03 18:08:04,Third-Party Delivery,PROMO001,Completed,56.4
ORD0001101,CUST003136,R018,2026-02-27 18:33:04,Dine-in,,Completed,94.25
ORD0001102,CUST002834,R007,2026-09-24 15:18:04,Website/App,,Completed,60.48
ORD0001103,CUST000588,R020,2026-08-28 09:54:04,Website/App,,Completed,37.25
ORD0001104,CUST001819,R016,2026-06-06 11:14:04,Website/App,,Completed,43.84
ORD0001105,CUST000143,R006,2026-08-09 19:52:04,Dine-in,,Completed,256.03
ORD0001106,CUST000067,R003,2026-08-14 21:01:04,Takeaway,,Completed,108.41
ORD0001107,CUST001751,R002,2025-11-27 14:12:04,Dine-in,,Completed,108.27
ORD0001108,CUST001017,R011,2026-08-09 18:19:04,Dine-in,,Completed,52.78
ORD0001109,CUST002720,R013,2026-09-08 21:05:04,Website/App,,Completed,15.13
ORD0001110,CUST002884,R003,2026-08-30 19:24:04,Website/App,,Completed,159.82
ORD0001111,CUST003578,R008,2026-08-21 21:14:04,Website/App,,Cancelled,22.66
ORD0001112,CUST003030,R009,2026-05-24 22:06:04,Takeaway,,Completed,13.72
ORD0001113,CUST000183,R001,2025-12-06 14:37:04,Takeaway,,Completed,50.93
ORD0001114,CUST001466,R006,2026-08-29 15:03:04,Third-Party Delivery,,Completed,34.12
ORD0001115,CUST001090,R011,2026-04-03 22:26:04,Takeaway,,Completed,63.92
ORD0001116,CUST001528,R013,2026-08-17 20:41:04,Dine-in,,Completed,16.69
ORD0001117,CUST000645,R007,2026-08-27 10:58:04,Third-Party Delivery,,Completed,26.96
ORD0001118,CUST000384,R002,2026-09-21 11:10:04,Website/App,,Completed,108.87
ORD0001119,CUST002072,R009,2026-06-10 14:08:04,Dine-in,,Completed,66.32
ORD0001120,CUST002869,R018,2026-06-21 13:46:04,Takeaway,,Completed,28.37
ORD0001121,CUST002798,R020,2026-07-29 13:09:04,Dine-in,,Completed,67.04
ORD0001122,CUST001797,R011,2026-07-05 20:30:04,Third-Party Delivery,,Completed,97.33
ORD0001123,CUST002074,R004,2026-06-16 14:00:04,Takeaway,,Completed,26.39
ORD0001124,CUST002056,R001,2025-09-07 12:12:04,Third-Party Delivery,,Completed,31.0
ORD0001125,CUST002755,R001,2026-06-07 12:22:04,Dine-in,,Completed,155.72
ORD0001126,CUST000180,R007,2026-09-22 20:39:04,Takeaway,,Completed,7.85
ORD0001127,CUST002825,R010,2026-04-02 12:06:04,Dine-in,,Completed,34.7
ORD0001128,CUST002311,R009,2025-10-28 20:21:04,Dine-in,,Completed,8.99
ORD0001129,CUST000808,R016,2026-09-23 23:13:04,Takeaway,,Completed,52.32
ORD0001130,CUST000185,R005,2026-07-29 12:09:04,Takeaway,,Completed,44.67
ORD0001131,CUST000428,R018,2026-09-19 21:20:04,Third-Party Delivery,,Completed,57.13
ORD0001132,CUST002085,R002,2026-06-05 20:19:04,Dine-in,,Completed,57.37
ORD0001133,CUST003023,R001,2026-05-25 16:45:04,Dine-in,,Completed,18.4
ORD0001134,CUST001328,R011,2026-02-16 22:57:04,Website/App,,Cancelled,90.19
ORD0001135,CUST001502,R012,2026-08-18 19:46:04,Dine-in,,Completed,34.07
ORD0001136,CUST003729,R014,2026-04-12 19:59:04,Website/App,PROMO002,Completed,7.07
ORD0001137,CUST000861,R015,2026-03-29 13:21:04,Dine-in,,Completed,55.7
ORD0001138,CUST000408,R003,2026-06-19 21:25:04,Third-Party Delivery,,Completed,89.48
ORD0001139,CUST001355,R016,2026-08-06 23:38:04,Website/App,,Completed,8.63
ORD0001140,CUST002974,R018,2026-09-24 11:02:04,Website/App,,Completed,33.45
ORD0001141,CUST002488,R016,2026-03-07 14:53:04,Website/App,,Completed,97.93
ORD0001142,CUST001650,R018,2026-09-02 13:54:04,Third-Party Delivery,,Completed,113.48
ORD0001143,CUST003857,R001,2026-05-10 19:33:04,Dine-in,,Completed,141.24
ORD0001144,CUST002931,R013,2026-09-15 18:12:04,Takeaway,,Completed,26.1
ORD0001145,CUST000239,R014,2026-07-18 12:44:04,Website/App,,Completed,17.27
ORD0001146,CUST002968,R007,2025-12-31 13:07:04,Dine-in,,Completed,20.67
ORD0001147,CUST000091,R018,2026-06-12 13:46:04,Dine-in,,Completed,72.87
ORD0001148,CUST002583,R017,2026-01-20 08:13:04,Takeaway,,Completed,49.18
ORD0001149,CUST000851,R006,2026-07-04 19:47:04,Dine-in,,Completed,15.13
ORD0001150,CUST002774,R008,2026-06-08 13:26:04,Dine-in,,Completed,27.55
ORD0001151,CUST001227,R008,2026-07-11 14:16:04,Dine-in,,Completed,52.29
ORD0001152,CUST003493,R001,2026-09-01 21:53:04,Dine-in,,Completed,56.44
ORD0001153,CUST001336,R012,2026-02-27 21:22:04,Third-Party Delivery,,Completed,34.12
ORD0001154,CUST002461,R004,2026-07-25 20:05:04,Dine-in,,Completed,73.84
ORD0001155,CUST001138,R012,2025-09-30 13:30:04,Website/App,PROMO004,Completed,22.82
ORD0001156,CUST003661,R003,2026-07-24 11:40:04,Takeaway,,Completed,57.29
ORD0001157,CUST003116,R003,2026-09-15 11:11:04,Dine-in,,Completed,61.9
ORD0001158,CUST000978,R010,2026-04-05 22:51:04,Third-Party Delivery,,Completed,15.1
ORD0001159,CUST003792,R020,2026-04-22 19:16:04,Third-Party Delivery,,Completed,48.03
ORD0001160,CUST001408,R013,2026-02-28 11:26:04,Third-Party Delivery,,Completed,22.43
ORD0001161,CUST002588,R018,2026-09-20 12:59:04,Dine-in,,Completed,36.84
ORD0001162,CUST002963,R003,2026-07-19 12:08:04,Website/App,,Completed,107.38
ORD0001163,,R010,2026-04-13 12:51:04,Dine-in,,Completed,148.22
ORD0001164,CUST003835,R011,2026-09-15 17:19:04,Dine-in,,Completed,63.77
ORD0001165,CUST001358,R011,2026-08-29 20:00:04,Website/App,,Completed,84.95
ORD0001166,CUST000773,R002,2026-07-13 21:42:04,Dine-in,,Completed,34.7
ORD0001167,CUST003400,R017,2026-09-22 12:25:04,Website/App,,Completed,13.04
ORD0001168,CUST002803,R011,2026-09-22 20:34:04,Dine-in,,Completed,85.86
ORD0001169,CUST000339,R004,2026-01-21 12:49:04,Dine-in,,Completed,39.75
ORD0001170,CUST000466,R013,2026-09-11 19:31:04,Dine-in,,Completed,31.86
ORD0001171,CUST002848,R012,2026-09-02 19:27:04,Dine-in,,Completed,15.93
ORD0001172,CUST000293,R007,2026-09-23 14:11:04,Dine-in,,Completed,42.13
ORD0001173,CUST003661,R013,2026-06-23 19:43:04,Dine-in,,Completed,17.65
ORD0001174,CUST002956,R020,2026-08-10 13:08:04,Website/App,,Completed,17.26
ORD0001175,CUST001330,R017,2026-09-01 21:27:04,Dine-in,,Completed,34.7
ORD0001176,CUST001429,R020,2026-08-23 22:32:04,Website/App,,Completed,29.55
ORD0001177,CUST002019,R008,2026-09-24 19:27:04,Takeaway,,Completed,14.97
ORD0001178,CUST001422,R016,2026-04-07 13:12:04,Dine-in,,Completed,13.55
ORD0001179,CUST003129,R016,2026-08-21 11:55:04,Dine-in,,Completed,31.66
ORD0001180,CUST003896,R005,2026-07-11 13:49:04,Website/App,,Completed,34.12
ORD0001181,,R016,2026-09-10 13:19:04,Dine-in,,Completed,79.39
ORD0001182,CUST001777,R014,2026-08-12 21:15:04,Dine-in,,Completed,16.3
ORD0001183,CUST000897,R017,2026-09-19 19:29:04,Dine-in,,Completed,15.71
ORD0001184,CUST002593,R003,2026-09-22 18:04:04,Takeaway,,Completed,20.67
ORD0001185,CUST002727,R016,2026-09-16 11:24:04,Dine-in,,Completed,52.58
ORD0001186,CUST002725,R020,2026-08-29 13:46:04,Dine-in,,Completed,84.36
ORD0001187,CUST000100,R001,2026-09-24 14:36:04,Website/App,,Completed,23.62
ORD0001188,CUST003593,R016,2026-09-21 09:23:04,Dine-in,,Completed,169.41
ORD0001189,CUST001338,R020,2026-09-02 19:17:04,Third-Party Delivery,,Completed,109.38
ORD0001190,CUST002966,R007,2026-06-22 20:00:04,Dine-in,,Cancelled,109.69
ORD0001191,CUST003026,R018,2026-05-18 14:38:04,Third-Party Delivery,,Completed,30.24
ORD0001192,CUST002584,R007,2025-12-07 19:04:04,Dine-in,,Completed,159.26
ORD0001193,CUST001562,R016,2026-05-13 22:21:04,Website/App,,Completed,191.4
ORD0001194,CUST002409,R011,2026-06-03 13:52:04,Third-Party Delivery,,Completed,223.52
ORD0001195,CUST000150,R016,2025-12-05 14:16:04,Takeaway,,Completed,83.02
ORD0001196,CUST003036,R008,2025-11-02 22:22:04,Third-Party Delivery,,Completed,34.12
ORD0001197,CUST000390,R020,2026-06-04 18:09:04,Dine-in,,Completed,27.72
ORD0001198,CUST001569,R001,2026-08-24 18:48:04,Dine-in,,Completed,33.38
ORD0001199,CUST000408,R013,2025-12-11 22:08:04,Takeaway,,Completed,119.22
ORD0001200,CUST003344,R011,2026-06-30 11:36:04,Third-Party Delivery,,Completed,39.89
ORD0001201,CUST002189,R014,2026-07-27 20:48:04,Dine-in,,Completed,50.05
ORD0001202,CUST002753,R009,2026-06-25 13:32:04,Takeaway,,Completed,49.75
ORD0001203,CUST002717,R002,2026-09-12 14:10:04,Takeaway,,Completed,94.84
ORD0001204,CUST003361,R007,2026-01-18 13:43:04,Website/App,PROMO009,Completed,70.27
ORD0001205,CUST000526,R018,2026-09-22 18:39:04,Website/App,,Completed,49.68
ORD0001206,CUST002619,R020,2026-08-01 18:20:04,Dine-in,,Completed,95.88
ORD0001207,CUST002286,R004,2026-08-05 13:01:04,Takeaway,,Completed,14.0
ORD0001208,CUST000114,R020,2026-08-23 19:54:04,Website/App,,Completed,6.03
ORD0001209,CUST000819,R006,2026-05-23 14:20:04,Dine-in,PROMO005,Completed,22.19
ORD0001210,CUST001071,R010,2026-07-22 14:15:04,Dine-in,,Completed,14.34
ORD0001211,,R018,2026-09-04 13:15:04,Takeaway,,Completed,57.52
ORD0001212,CUST001398,R011,2026-09-18 23:55:04,Website/App,,Completed,33.06
ORD0001213,CUST000101,R019,2026-09-23 11:28:04,Website/App,,Completed,54.51
ORD0001214,CUST002200,R006,2026-09-23 19:25:04,Dine-in,,Completed,37.57
ORD0001215,CUST000855,R005,2026-07-02 11:09:04,Dine-in,,Completed,94.55
ORD0001216,CUST001143,R004,2026-09-18 14:42:04,Takeaway,,Completed,40.81
ORD0001217,CUST003634,R016,2026-09-05 11:29:04,Third-Party Delivery,,Completed,23.76
ORD0001218,CUST001999,R006,2026-06-25 14:21:04,Third-Party Delivery,,Completed,108.04
ORD0001219,CUST001076,R019,2026-09-24 12:09:04,Takeaway,,Cancelled,63.97
ORD0001220,CUST002373,R019,2026-09-22 20:19:04,Third-Party Delivery,,Completed,41.78
ORD0001221,CUST000821,R015,2026-08-25 20:09:04,Website/App,,Completed,21.63
ORD0001222,CUST000290,R001,2026-09-13 12:01:04,Website/App,,Completed,102.16
ORD0001223,CUST000080,R004,2026-01-29 22:47:04,Dine-in,,Completed,15.93
ORD0001224,CUST003806,R015,2026-05-11 22:54:04,Dine-in,,Completed,139.92
ORD0001225,CUST002886,R003,2026-08-19 22:30:04,Dine-in,,Completed,89.12
ORD0001226,CUST003194,R016,2026-04-26 12:14:04,Dine-in,,Completed,22.96
ORD0001227,CUST003926,R002,2025-11-05 20:31:04,Website/App,,Completed,72.28
ORD0001228,CUST003717,R006,2026-06-01 14:23:04,Dine-in,,Completed,100.59
ORD0001229,CUST002938,R019,2026-05-17 22:54:04,Dine-in,,Completed,109.81
ORD0001230,CUST002766,R006,2026-09-19 19:16:04,Takeaway,,Completed,62.86
ORD0001231,CUST001336,R002,2025-12-17 14:11:04,Website/App,,Completed,183.98
ORD0001232,CUST000409,R012,2026-03-09 18:57:04,Dine-in,,Completed,30.24
ORD0001233,CUST002280,R019,2026-04-20 22:30:04,Dine-in,,Completed,138.17
ORD0001234,CUST002290,R013,2026-05-02 21:12:04,Website/App,,Completed,-14.34
ORD0001235,CUST003809,R003,2026-05-30 18:46:04,Dine-in,,Completed,19.76
ORD0001236,CUST001762,R016,2026-07-01 08:16:04,Dine-in,,Completed,97.61
ORD0001237,CUST002753,R009,2025-11-05 14:32:04,Dine-in,PROMO006,Completed,16.5
ORD0001238,CUST002285,R016,2026-06-17 13:40:04,Website/App,,Completed,42.81
ORD0001239,CUST000721,R007,2026-08-30 14:31:04,Dine-in,,Completed,27.9
ORD0001240,CUST002348,R007,2026-04-06 14:21:04,Dine-in,,Completed,114.88
ORD0001241,CUST002145,R011,2026-08-30 13:32:04,Website/App,,Completed,59.02
ORD0001242,CUST001969,R014,2026-08-12 12:36:04,Website/App,,Completed,124.32
ORD0001243,CUST002047,R007,2026-07-14 13:20:04,Third-Party Delivery,,Completed,15.13
ORD0001244,CUST000661,R014,2026-08-07 13:30:04,Dine-in,,Completed,82.1
ORD0001245,CUST001848,R020,2026-06-01 13:53:04,Takeaway,,Completed,43.79
ORD0001246,CUST002397,R017,2026-03-03 14:03:04,Takeaway,,Completed,79.09
ORD0001247,CUST001953,R013,2026-09-22 08:52:04,Dine-in,,Completed,116.25
ORD0001248,CUST001950,R009,2026-04-20 08:20:04,Website/App,PROMO002,Completed,29.55
ORD0001249,CUST000304,R010,2026-09-02 22:54:04,Third-Party Delivery,,Completed,49.98
ORD0001250,CUST000776,R011,2026-09-22 09:49:04,Takeaway,,Completed,14.34
ORD0001251,CUST001271,R002,2026-09-12 20:03:04,Dine-in,,Completed,34.12
ORD0001252,CUST001662,R014,2026-07-23 11:30:04,Third-Party Delivery,,Completed,40.09
ORD0001253,CUST002355,R014,2026-09-16 12:37:04,Takeaway,,Completed,108.97
ORD0001254,CUST003449,R016,2026-03-25 20:35:04,Takeaway,,Completed,60.26
ORD0001255,CUST000640,R020,2026-09-24 19:57:04,Third-Party Delivery,,Completed,50.05
ORD0001256,CUST000058,R015,2026-07-22 13:21:04,Third-Party Delivery,,Completed,157.6
ORD0001257,CUST001789,R013,2026-07-23 14:27:04,Takeaway,,Completed,124.71
ORD0001258,CUST001717,R010,2026-05-11 19:01:04,Third-Party Delivery,,Completed,28.1
ORD0001259,CUST002194,R008,2026-09-24 14:18:04,Website/App,,Completed,51.74
ORD0001260,CUST003326,R006,2026-09-17 11:34:04,Takeaway,,Completed,124.28
ORD0001261,CUST003201,R005,2026-08-28 19:48:04,Takeaway,,Completed,112.79
ORD0001262,CUST000392,R017,2026-03-28 12:41:04,Third-Party Delivery,,Completed,10.06
ORD0001263,CUST003729,R004,2026-06-19 21:56:04,Takeaway,,Completed,66.12
ORD0001264,CUST000439,R011,2026-03-06 12:16:04,Dine-in,,Completed,112.11
ORD0001265,CUST002522,R011,2026-09-14 19:49:04,Takeaway,,Completed,35.1
ORD0001266,CUST002668,R016,2026-08-20 12:12:04,Website/App,,Completed,44.67
ORD0001267,CUST002701,R016,2026-07-14 18:49:04,Dine-in,,Completed,61.25
ORD0001268,CUST001062,R013,2026-04-16 19:19:04,Third-Party Delivery,,Completed,103.31
ORD0001269,CUST001309,R014,2026-09-19 14:07:04,Dine-in,,Completed,19.27
ORD0001270,CUST002179,R012,2026-09-12 11:28:04,Website/App,,Completed,8.4
ORD0001271,CUST000814,R006,2026-09-23 10:11:04,Third-Party Delivery,,Completed,18.69
ORD0001272,CUST000079,R004,2026-06-24 11:31:04,Third-Party Delivery,,Completed,31.22
ORD0001273,CUST002234,R010,2026-05-08 19:30:04,Website/App,,Completed,14.15
ORD0001274,CUST001856,R004,2026-09-21 21:25:04,Dine-in,,Completed,20.96
ORD0001275,CUST002606,R017,2026-07-12 21:54:04,Website/App,,Completed,141.21
ORD0001276,CUST000585,R001,2026-08-14 13:46:04,Website/App,,Completed,74.85
ORD0001277,CUST003360,R015,2026-05-04 19:33:04,Third-Party Delivery,,Completed,21.87
ORD0001278,CUST000582,R016,2026-05-12 19:55:04,Takeaway,,Completed,83.93
ORD0001279,CUST003562,R003,2026-02-27 12:47:04,Third-Party Delivery,,Completed,95.57
ORD0001280,CUST001789,R003,2026-08-04 08:31:04,Third-Party Delivery,,Completed,54.67
ORD0001281,CUST002186,R014,2026-08-11 18:50:04,Dine-in,,Cancelled,23.06
ORD0001282,CUST003583,R011,2026-09-24 21:02:04,Dine-in,,Completed,77.97
ORD0001283,CUST001195,R008,2025-12-18 11:22:04,Takeaway,,Completed,56.03
ORD0001284,CUST000740,R012,2025-11-10 22:26:04,Dine-in,,Completed,40.21
ORD0001285,CUST001776,R013,2026-08-12 14:30:04,Third-Party Delivery,,Completed,29.55
ORD0001286,CUST000981,R019,2026-07-05 11:30:04,Takeaway,,Completed,7.14
ORD0001287,CUST002095,R008,2026-05-13 12:51:04,Takeaway,,Completed,85.82
ORD0001288,CUST001098,R014,2026-06-21 11:15:04,Takeaway,,Completed,30.79
ORD0001289,CUST003454,R006,2026-08-01 22:33:04,Takeaway,,Completed,11.94
ORD0001290,CUST002403,R005,2026-05-29 22:47:04,Dine-in,PROMO005,Completed,54.61
ORD0001291,CUST000001,R017,2026-03-01 11:53:04,Takeaway,,Completed,107.1
ORD0001292,CUST003216,R002,2026-04-17 14:28:04,Dine-in,PROMO002,Completed,34.51
ORD0001293,CUST001309,R004,2026-04-05 22:59:04,Takeaway,,Completed,138.47
ORD0001294,CUST001269,R004,2026-05-24 22:42:04,Website/App,,Completed,54.23
ORD0001295,CUST001516,R002,2026-09-04 12:06:04,Dine-in,,Completed,62.81
ORD0001296,CUST002506,R011,2026-09-21 13:19:04,Third-Party Delivery,,Completed,18.77
ORD0001297,CUST001761,R012,2026-08-03 12:09:04,Dine-in,,Completed,40.62
ORD0001298,CUST002499,R004,2026-08-09 19:36:04,Dine-in,,Completed,104.14
ORD0001299,CUST000585,R001,2026-08-07 22:10:04,Takeaway,,Completed,39.75
ORD0001300,CUST003876,R011,2026-09-14 12:34:04,Third-Party Delivery,,Completed,100.19
ORD0001301,CUST002907,R013,2026-07-21 14:18:04,Dine-in,,Completed,27.01
ORD0001302,CUST001006,R017,2026-05-27 19:46:04,Dine-in,PROMO005,Completed,194.75
ORD0001303,CUST002884,R013,2025-12-20 18:03:04,Website/App,,Completed,99.62
ORD0001304,CUST002285,R006,2026-03-17 15:25:04,Website/App,,Completed,42.71
ORD0001305,CUST000431,R017,2026-03-30 13:04:04,Third-Party Delivery,,Completed,94.38
ORD0001306,CUST000725,R018,2026-09-14 22:43:04,Dine-in,,Completed,64.39
ORD0001307,CUST000156,R020,2026-08-24 11:33:04,Dine-in,,Completed,114.84
ORD0001308,CUST003231,R006,2026-09-04 18:34:04,Dine-in,,Completed,34.12
ORD0001309,CUST002193,R005,2026-07-21 09:24:04,Website/App,,Completed,14.42
ORD0001310,CUST001255,R018,2026-04-22 21:48:04,Dine-in,,Completed,21.34
ORD0001311,CUST000498,R006,2026-09-24 15:55:04,Dine-in,,Completed,33.06
ORD0001312,CUST001934,R010,2026-08-30 18:55:04,Takeaway,,Completed,54.56
ORD0001313,CUST002087,R008,2026-02-24 20:26:04,Dine-in,,Completed,23.46
ORD0001314,CUST002798,R020,2026-02-25 14:15:04,Dine-in,,Completed,18.87
ORD0001315,CUST003875,R016,2026-07-27 14:35:04,Dine-in,,Completed,-36.27
ORD0001316,CUST001727,R020,2026-09-15 22:06:04,Dine-in,,Completed,27.34
ORD0001317,CUST001607,R020,2026-09-15 12:23:04,Dine-in,,Completed,26.06
ORD0001318,CUST001459,R009,2026-05-01 14:54:04,Takeaway,,Completed,107.9
ORD0001319,CUST003295,R015,2026-09-18 12:01:04,Third-Party Delivery,,Completed,57.13
ORD0001320,CUST000628,R009,2026-09-19 20:22:04,Dine-in,,Completed,82.45
ORD0001321,CUST001356,R002,2026-09-04 18:29:04,Dine-in,,Completed,95.12
ORD0001322,CUST002887,R002,2026-09-12 18:47:04,Dine-in,,Completed,67.38
ORD0001323,CUST000061,R006,2026-09-19 12:20:04,Takeaway,,Completed,46.95
ORD0001324,CUST001149,R020,2026-09-17 14:40:04,Dine-in,,Completed,66.58
ORD0001325,CUST002551,R001,2026-09-06 14:57:04,Takeaway,,Completed,74.56
ORD0001326,CUST000756,R011,2026-02-14 13:48:04,Website/App,PROMO012,Completed,79.5
ORD0001327,CUST001203,R018,2026-09-24 20:09:04,Takeaway,,Completed,60.92
ORD0001328,CUST001941,R005,2026-05-03 13:39:04,Dine-in,,Completed,96.43
ORD0001329,CUST001673,R002,2026-08-09 15:35:04,Dine-in,,Completed,102.77
ORD0001330,CUST000414,R006,2026-09-23 19:15:04,Website/App,,Completed,58.71
ORD0001331,CUST003749,R001,2026-09-04 11:54:04,Takeaway,,Completed,132.1
ORD0001332,CUST000169,R014,2026-08-06 14:26:04,Website/App,,Completed,37.77
ORD0001333,CUST002988,R004,2026-06-28 20:47:04,Takeaway,,Completed,18.42
ORD0001334,CUST000277,R012,2026-08-02 20:57:04,Dine-in,,Completed,9.56
ORD0001335,CUST001863,R008,2026-09-10 12:20:04,Takeaway,,Completed,52.65
ORD0001336,CUST000714,R010,2026-06-21 14:34:04,Dine-in,,Completed,63.7
ORD0001337,CUST000561,R016,2026-08-26 12:29:04,Dine-in,,Completed,74.2
ORD0001338,CUST000497,R004,2026-07-28 21:04:04,Third-Party Delivery,,Completed,121.39
ORD0001339,CUST001806,R009,2026-09-24 20:30:04,Takeaway,,Completed,56.74
ORD0001340,CUST002053,R010,2026-07-23 16:36:04,Dine-in,,Completed,62.81
ORD0001341,CUST000528,R018,2026-09-14 19:25:04,Dine-in,,Completed,13.13
ORD0001342,CUST003918,R017,2026-07-21 12:36:04,Dine-in,,Completed,56.19
ORD0001343,CUST001030,R012,2026-06-17 18:55:04,Third-Party Delivery,,Completed,24.42
ORD0001344,CUST001832,R009,2026-09-18 10:39:04,Dine-in,,Completed,76.75
ORD0001345,CUST000871,R011,2026-04-29 13:53:04,Takeaway,,Completed,62.68
ORD0001346,CUST001969,R014,2026-03-20 14:36:04,Takeaway,,Completed,78.17
ORD0001347,CUST003012,R015,2026-08-06 19:54:04,Website/App,,Completed,59.14
ORD0001348,CUST002072,R009,2026-08-04 20:31:04,Website/App,,Completed,47.26
ORD0001349,CUST001138,R002,2026-08-11 20:28:04,Website/App,,Completed,56.44
ORD0001350,CUST000998,R005,2026-06-12 13:06:04,Takeaway,,Completed,87.32
ORD0001351,CUST003024,R009,2026-05-24 13:01:04,Dine-in,,Completed,12.51
ORD0001352,CUST000470,R014,2026-01-27 21:11:04,Third-Party Delivery,,Completed,129.76
ORD0001353,CUST001459,R017,2025-12-30 22:11:04,Website/App,,Completed,39.75
ORD0001354,CUST000603,R010,2026-07-25 11:51:04,Dine-in,,Completed,8.15
ORD0001355,CUST001032,R002,2026-06-13 23:12:04,Takeaway,,Completed,30.72
ORD0001356,CUST000607,R003,2026-09-21 20:50:04,Dine-in,,Completed,91.97
ORD0001357,CUST003543,R012,2026-02-16 12:15:04,Website/App,,Completed,44.67
ORD0001358,CUST002916,R018,2026-08-01 11:54:04,Dine-in,,Completed,29.55
ORD0001359,CUST002228,R009,2026-09-17 22:33:04,Dine-in,,Completed,84.17
ORD0001360,CUST000906,R019,2026-07-14 19:18:04,Dine-in,,Completed,106.62
ORD0001361,CUST002032,R018,2026-07-03 20:35:04,Third-Party Delivery,,Completed,4.36
ORD0001362,CUST002072,R009,2026-08-24 09:33:04,Dine-in,,Completed,39.75
ORD0001363,CUST002340,R017,2026-09-04 20:47:04,Takeaway,,Cancelled,67.41
ORD0001364,CUST000232,R009,2026-02-13 09:52:04,Takeaway,,Completed,77.0
ORD0001365,CUST003889,R009,2026-08-05 18:58:04,Third-Party Delivery,,Completed,131.76
ORD0001366,CUST001857,R003,2026-09-20 12:31:04,Dine-in,,Completed,62.92
ORD0001367,CUST003700,R008,2025-12-13 13:00:04,Third-Party Delivery,,Completed,44.12
ORD0001368,CUST000037,R015,2026-04-05 20:52:04,Takeaway,,Completed,40.13
ORD0001369,CUST000995,R015,2026-08-04 12:39:04,Website/App,,Completed,31.73
ORD0001370,CUST000409,R017,2026-07-10 17:13:04,Dine-in,,Completed,72.7
ORD0001371,CUST003066,R018,2026-05-30 21:24:04,Third-Party Delivery,,Completed,89.1
ORD0001372,CUST001269,R014,2026-07-21 14:02:04,Dine-in,,Completed,133.92
ORD0001373,,R007,2026-01-23 12:57:04,Takeaway,PROMO011,Completed,19.47
ORD0001374,CUST003321,R005,2026-07-27 21:18:04,Takeaway,,Completed,44.48
ORD0001375,CUST002648,R012,2026-09-15 20:52:04,Third-Party Delivery,,Completed,52.15
ORD0001376,CUST002639,R006,2026-08-16 11:30:04,Third-Party Delivery,,Completed,82.8
ORD0001377,CUST002791,R012,2026-08-07 18:15:04,Third-Party Delivery,,Completed,70.2
ORD0001378,CUST002673,R016,2026-08-04 18:42:04,Website/App,,Completed,30.24
ORD0001379,CUST001531,R013,2026-08-25 11:09:04,Dine-in,,Completed,99.88
ORD0001380,CUST002719,R015,2026-04-21 18:25:04,Takeaway,PROMO002,Completed,38.1
ORD0001381,CUST003586,R013,2026-02-14 21:04:04,Takeaway,PROMO012,Completed,87.65
ORD0001382,CUST001317,R008,2025-09-10 11:26:04,Website/App,PROMO007,Completed,35.53
ORD0001383,CUST003776,R010,2026-07-05 15:00:04,Takeaway,,Completed,34.75
ORD0001384,CUST000052,R002,2026-09-05 09:36:04,Dine-in,,Cancelled,18.56
ORD0001385,CUST001376,R012,2026-09-10 20:18:04,Website/App,,Completed,72.02
ORD0001386,CUST000523,R020,2026-06-22 22:16:04,Dine-in,,Completed,14.19
ORD0001387,CUST000500,R010,2026-06-23 20:14:04,Takeaway,,Completed,100.93
ORD0001388,CUST003253,R012,2025-12-24 19:47:04,Website/App,,Completed,32.52
ORD0001389,CUST003667,R017,2026-09-10 22:54:04,Takeaway,,Completed,56.68
ORD0001390,CUST003101,R017,2026-03-25 14:26:04,Takeaway,,Completed,174.69
ORD0001391,CUST003905,R007,2026-02-23 20:20:04,Dine-in,,Completed,256.98
ORD0001392,CUST000871,R001,2026-04-28 12:36:04,Third-Party Delivery,,Completed,6.49
ORD0001393,CUST000560,R002,2026-09-10 21:35:04,Dine-in,,Completed,23.72
ORD0001394,CUST002071,R010,2026-09-11 11:34:04,Website/App,,Completed,115.21
ORD0001395,CUST003303,R012,2026-09-16 21:03:04,Third-Party Delivery,,Completed,55.66
ORD0001396,CUST000147,R004,2026-08-14 21:01:04,Dine-in,,Completed,29.55
ORD0001397,CUST003986,R013,2025-12-21 12:41:04,Website/App,,Completed,31.46
ORD0001398,CUST002384,R013,2026-04-07 19:48:04,Dine-in,,Completed,56.74
ORD0001399,CUST003914,R005,2026-09-09 18:43:04,Third-Party Delivery,,Completed,50.66
ORD0001400,CUST001439,R005,2026-05-12 18:59:04,Third-Party Delivery,,Completed,132.58
ORD0001401,CUST001828,R002,2026-09-16 19:39:04,Third-Party Delivery,,Completed,52.4
ORD0001402,CUST002997,R020,2026-09-05 13:06:04,Dine-in,,Completed,51.78
ORD0001403,CUST003164,R012,2026-09-14 22:58:04,Third-Party Delivery,,Completed,26.66
ORD0001404,CUST000936,R009,2026-09-09 20:44:04,Takeaway,,Completed,70.52
ORD0001405,CUST003711,R005,2026-09-07 11:08:04,Third-Party Delivery,,Completed,150.53
ORD0001406,CUST003467,R006,2026-08-30 13:59:04,Website/App,,Completed,35.07
ORD0001407,CUST000069,R001,2025-10-15 19:56:04,Third-Party Delivery,,Completed,76.84
ORD0001408,CUST000508,R017,2026-07-18 14:58:04,Website/App,,Completed,46.98
ORD0001409,CUST001980,R003,2026-09-16 13:18:04,Dine-in,,Completed,39.75
ORD0001410,CUST001838,R007,2026-09-13 22:57:04,Takeaway,,Completed,81.26
ORD0001411,CUST002819,R013,2026-08-20 13:33:04,Takeaway,,Cancelled,21.7
ORD0001412,CUST000355,R002,2026-05-05 20:16:04,Takeaway,,Completed,48.87
ORD0001413,CUST002563,R020,2026-09-24 11:08:04,Third-Party Delivery,,Completed,39.75
ORD0001414,CUST002444,R010,2025-11-27 12:57:04,Third-Party Delivery,,Completed,16.69
ORD0001415,CUST000938,R007,2026-05-14 20:23:04,Third-Party Delivery,,Completed,32.82
ORD0001416,CUST002154,R014,2026-07-29 19:22:04,Website/App,,Completed,63.97
ORD0001417,CUST000894,R018,2026-09-07 14:58:04,Dine-in,,Completed,20.67
ORD0001418,CUST000585,R001,2026-09-14 08:51:04,Dine-in,,Completed,12.51
ORD0001419,CUST002278,R003,2026-08-07 19:49:04,Website/App,,Completed,58.01
ORD0001420,CUST003909,R001,2026-09-11 10:09:04,Dine-in,,Completed,69.46
ORD0001421,CUST000953,R017,2026-08-31 11:39:04,Website/App,,Completed,41.56
ORD0001422,CUST001401,R010,2026-02-27 08:27:04,Dine-in,,Completed,43.84
ORD0001423,CUST001026,R011,2026-07-10 21:52:04,Dine-in,,Completed,17.98
ORD0001424,CUST001067,R010,2026-08-01 22:55:04,Website/App,,Completed,14.34
ORD0001425,CUST001599,R011,2025-12-15 12:16:04,Website/App,,Completed,56.2
ORD0001426,CUST002798,R020,2026-08-20 11:12:04,Dine-in,,Completed,78.9
ORD0001427,CUST000143,R016,2026-06-15 22:18:04,Website/App,,Completed,43.04
ORD0001428,CUST003828,R004,2026-07-26 15:33:04,Website/App,,Completed,15.18
ORD0001429,CUST000175,R010,2026-09-11 11:31:04,Takeaway,,Completed,84.07
ORD0001430,CUST003522,R016,2026-05-25 14:00:04,Dine-in,,Completed,106.17
ORD0001431,CUST003572,R017,2026-02-15 22:43:04,Third-Party Delivery,,Completed,50.05
ORD0001432,CUST002084,R018,2026-09-13 19:31:04,Takeaway,,Completed,58.22
ORD0001433,CUST000543,R020,2026-09-10 12:02:04,Third-Party Delivery,,Completed,38.07
ORD0001434,CUST002247,R004,2026-09-08 20:29:04,Dine-in,,Completed,31.46
ORD0001435,CUST002499,R001,2026-07-13 12:50:04,Dine-in,,Completed,23.41
ORD0001436,CUST003427,R016,2026-08-24 21:50:04,Third-Party Delivery,,Completed,26.69
ORD0001437,CUST002191,R018,2026-08-18 14:30:04,Website/App,,Completed,136.26
ORD0001438,CUST001627,R020,2026-04-06 13:14:04,Takeaway,,Completed,75.56
ORD0001439,CUST003350,R012,2026-09-07 13:31:04,Dine-in,,Completed,93.31
ORD0001440,CUST003926,R012,2025-10-09 23:38:04,Third-Party Delivery,PROMO004,Completed,7.62
ORD0001441,CUST002565,R008,2026-03-14 20:40:04,Dine-in,,Completed,63.55
ORD0001442,CUST003498,R002,2026-07-01 13:21:04,Dine-in,,Completed,16.78
ORD0001443,CUST002374,R018,2026-08-24 21:04:04,Takeaway,,Completed,99.02
ORD0001444,CUST002748,R017,2026-09-17 13:40:04,Dine-in,,Completed,60.37
ORD0001445,CUST002743,R016,2026-08-29 14:57:04,Third-Party Delivery,,Completed,61.94
ORD0001446,CUST002809,R013,2026-05-06 22:15:04,Dine-in,,Completed,90.08
ORD0001447,CUST001272,R014,2026-09-20 11:24:04,Third-Party Delivery,,Completed,92.18
ORD0001448,CUST002288,R014,2026-08-28 16:04:04,Takeaway,,Completed,156.12
ORD0001449,CUST002356,R010,2026-02-10 20:54:04,Website/App,,Completed,34.12
ORD0001450,CUST001248,R020,2026-07-28 20:20:04,Third-Party Delivery,,Completed,21.86
ORD0001451,CUST001379,R016,2026-07-31 22:38:04,Dine-in,,Completed,63.56
ORD0001452,CUST003037,R013,2026-09-02 22:18:04,Dine-in,,Completed,33.68
ORD0001453,CUST002313,R020,2026-08-21 12:18:04,Takeaway,,Completed,3.79
ORD0001454,CUST000593,R017,2026-08-08 12:28:04,Dine-in,,Completed,55.24
ORD0001455,CUST003346,R018,2026-03-13 13:12:04,Dine-in,,Completed,11.94
ORD0001456,CUST003529,R020,2026-08-23 11:03:04,Website/App,,Completed,14.42
ORD0001457,CUST001859,R007,2026-07-19 20:35:04,Third-Party Delivery,,Completed,11.94
ORD0001458,CUST000845,R008,2026-09-16 18:41:04,Takeaway,,Completed,138.94
ORD0001459,CUST003787,R011,2026-07-22 12:31:04,Third-Party Delivery,,Completed,58.69
ORD0001460,CUST003525,R019,2026-03-28 13:22:04,Third-Party Delivery,,Completed,123.46
ORD0001461,CUST000981,R009,2026-08-07 14:41:04,Takeaway,,Completed,16.99
ORD0001462,CUST000376,R002,2026-03-17 22:10:04,Takeaway,,Completed,46.73
ORD0001463,CUST001753,R020,2026-02-13 18:41:04,Dine-in,PROMO012,Completed,67.91
ORD0001464,CUST002684,R007,2026-09-03 12:32:04,Website/App,,Completed,20.97
ORD0001465,CUST000714,R010,2026-03-19 13:31:04,Dine-in,,Completed,45.02
ORD0001466,CUST002046,R001,2026-01-28 11:13:04,Dine-in,PROMO011,Cancelled,6.47
ORD0001467,CUST001689,R018,2026-07-03 19:25:04,Takeaway,,Completed,19.51
ORD0001468,CUST003558,R020,2026-07-04 21:10:04,Website/App,,Completed,30.24
ORD0001469,CUST001706,R016,2026-06-18 20:07:04,Third-Party Delivery,,Completed,6.63
ORD0001470,CUST002118,R001,2026-07-02 21:13:04,Third-Party Delivery,,Completed,200.62
ORD0001471,CUST003820,R004,2026-05-23 20:53:04,Website/App,PROMO005,Completed,30.24
ORD0001472,CUST001194,R010,2026-08-09 16:13:04,Dine-in,,Completed,16.87
ORD0001473,CUST001149,R020,2026-09-15 14:46:04,Takeaway,,Completed,102.83
ORD0001474,CUST003192,R012,2026-05-18 23:35:04,Dine-in,,Completed,52.55
ORD0001475,CUST001104,R006,2026-08-08 11:54:04,Takeaway,,Completed,64.33
ORD0001476,CUST003318,R004,2026-04-19 14:46:04,Dine-in,PROMO002,Completed,19.91
ORD0001477,CUST000375,R004,2026-09-15 19:04:04,Website/App,,Completed,73.25
ORD0001478,CUST000445,R002,2025-10-25 12:07:04,Dine-in,,Completed,32.52
ORD0001479,CUST003599,R016,2026-08-24 11:46:04,Dine-in,,Completed,77.9
ORD0001480,CUST002148,R012,2026-07-19 14:04:04,Takeaway,,Completed,170.22
ORD0001481,CUST002864,R011,2026-01-20 14:53:04,Dine-in,PROMO009,Completed,88.71
ORD0001482,CUST000907,R008,2025-10-01 20:45:04,Takeaway,,Completed,27.34
ORD0001483,CUST000671,R005,2025-12-03 14:51:04,Takeaway,,Completed,104.47
ORD0001484,CUST003336,R011,2026-09-19 21:50:04,Third-Party Delivery,,Completed,77.9
ORD0001485,CUST001413,R009,2026-04-13 21:52:04,Dine-in,PROMO002,Completed,46.42
ORD0001486,CUST001814,R017,2026-09-12 12:37:04,Dine-in,,Completed,15.13
ORD0001487,CUST000105,R008,2026-02-25 23:43:04,Third-Party Delivery,,Completed,78.09
ORD0001488,CUST001527,R004,2026-09-24 12:21:04,Website/App,,Completed,105.06
ORD0001489,CUST003069,R014,2026-09-19 11:21:04,Dine-in,,Completed,53.21
ORD0001490,CUST003275,R011,2026-09-14 12:54:04,Takeaway,,Completed,20.77
ORD0001491,CUST002786,R010,2026-05-13 20:05:04,Dine-in,,Completed,72.07
ORD0001492,CUST002757,R002,2026-07-14 11:36:04,Third-Party Delivery,,Completed,33.97
ORD0001493,CUST002017,R013,2026-07-14 20:31:04,Third-Party Delivery,,Completed,51.71
ORD0001494,CUST002138,R014,2026-09-11 21:14:04,Third-Party Delivery,,Completed,46.78
ORD0001495,CUST002961,R004,2026-04-08 14:09:04,Third-Party Delivery,,Completed,35.53
ORD0001496,CUST000994,R002,2026-09-21 23:09:04,Takeaway,,Completed,31.46
ORD0001497,CUST000932,R001,2026-08-27 11:52:04,Dine-in,,Cancelled,30.24
ORD0001498,CUST003799,R011,2026-04-05 10:04:04,Dine-in,,Completed,37.74
ORD0001499,CUST000105,R008,2026-06-13 13:21:04,Takeaway,,Completed,122.04
ORD0001500,CUST000555,R018,2026-08-19 22:02:04,Takeaway,,Completed,4.78
ORD0001501,CUST002265,R020,2026-08-16 14:55:04,Dine-in,,Completed,44.84
ORD0001502,CUST002942,R020,2026-09-16 22:56:04,Takeaway,,Completed,3.79
ORD0001503,CUST002136,R018,2026-04-20 21:48:04,Third-Party Delivery,,Completed,60.26
ORD0001504,CUST001400,R004,2026-09-14 20:15:04,Takeaway,,Completed,48.15
ORD0001505,CUST003912,R004,2026-05-23 18:43:04,Website/App,,Completed,84.77
ORD0001506,CUST002806,R011,2026-06-09 12:29:04,Dine-in,,Completed,8.81
ORD0001507,CUST003317,R002,2026-07-08 18:16:04,Third-Party Delivery,,Completed,11.02
ORD0001508,CUST000150,R016,2026-04-08 12:02:04,Third-Party Delivery,,Completed,32.08
ORD0001509,CUST000949,R018,2025-12-05 18:24:04,Takeaway,,Completed,138.45
ORD0001510,CUST001479,R004,2026-08-11 12:14:04,Website/App,,Completed,121.58
ORD0001511,CUST000742,R001,2026-08-08 11:06:04,Dine-in,,Completed,163.98
ORD0001512,CUST000284,R017,2026-09-09 20:50:04,Takeaway,,Cancelled,28.04
ORD0001513,CUST000907,R008,2026-08-30 22:06:04,Third-Party Delivery,,Completed,51.11
ORD0001514,CUST002117,R002,2026-08-16 11:16:04,Takeaway,,Completed,94.69
ORD0001515,CUST002772,R016,2026-06-08 12:07:04,Third-Party Delivery,,Completed,98.79
ORD0001516,CUST003085,R020,2026-05-15 22:16:04,Takeaway,,Completed,176.31
ORD0001517,CUST000164,R020,2026-08-11 22:02:04,Website/App,,Completed,43.04
ORD0001518,CUST001700,R014,2025-08-23 18:07:04,Dine-in,,Completed,4.18
ORD0001519,CUST000484,R014,2026-04-25 12:55:04,Website/App,PROMO002,Completed,32.88
ORD0001520,CUST001712,R011,2026-06-24 22:54:04,Dine-in,,Completed,124.23
ORD0001521,CUST001723,R017,2025-12-13 11:36:04,Dine-in,,Completed,56.73
ORD0001522,CUST001985,R012,2026-07-01 19:52:04,Takeaway,,Completed,34.43
ORD0001523,CUST003566,R008,2026-09-06 08:12:04,Takeaway,,Completed,143.75
ORD0001524,CUST003215,R016,2026-07-11 14:41:04,Dine-in,,Completed,61.28
ORD0001525,CUST002532,R020,2026-08-20 18:27:04,Takeaway,,Completed,28.32
ORD0001526,CUST003539,R005,2026-09-05 11:23:04,Takeaway,,Completed,43.65
ORD0001527,CUST002693,R015,2026-05-13 13:58:04,Takeaway,,Completed,13.13
ORD0001528,,R014,2026-07-15 12:30:04,Third-Party Delivery,,Completed,13.55
ORD0001529,CUST002241,R019,2026-02-07 13:55:04,Takeaway,,Completed,28.18
ORD0001530,CUST002087,R008,2026-02-18 20:19:04,Dine-in,,Completed,123.85
ORD0001531,CUST002884,R003,2026-01-25 14:42:04,Website/App,PROMO011,Completed,9.92
ORD0001532,CUST000076,R017,2026-09-22 20:45:04,Dine-in,,Completed,186.98
ORD0001533,CUST002751,R008,2026-08-29 13:40:04,Takeaway,,Completed,37.84
ORD0001534,CUST003731,R018,2026-04-25 21:23:04,Takeaway,,Completed,52.22
ORD0001535,CUST002842,R003,2026-08-11 11:16:04,Takeaway,,Completed,133.55
ORD0001536,CUST000137,R006,2026-08-21 13:59:04,Website/App,,Completed,131.9
ORD0001537,CUST001496,R005,2026-01-24 20:03:04,Dine-in,,Completed,107.92
ORD0001538,CUST003232,R017,2026-07-25 11:23:04,Website/App,,Completed,38.88
ORD0001539,CUST003835,R011,2026-09-17 13:08:04,Dine-in,,Completed,48.23
ORD0001540,CUST001459,R019,2026-01-24 18:00:04,Dine-in,,Completed,30.24
ORD0001541,CUST003360,R005,2026-05-18 13:59:04,Third-Party Delivery,,Completed,65.55
ORD0001542,CUST003450,R015,2026-09-23 12:10:04,Dine-in,,Completed,50.08
ORD0001543,CUST000488,R005,2025-09-14 10:36:04,Website/App,,Completed,44.38
ORD0001544,CUST003380,R006,2026-08-12 14:14:04,Dine-in,,Completed,77.59
ORD0001545,CUST001284,R012,2026-08-02 11:15:04,Takeaway,,Completed,130.9
ORD0001546,CUST002353,R006,2026-07-14 19:06:04,Dine-in,,Completed,102.87
ORD0001547,CUST002141,R002,2026-08-01 22:48:04,Dine-in,,Completed,57.09
ORD0001548,CUST002627,R011,2026-08-30 18:20:04,Dine-in,,Completed,91.74
ORD0001549,CUST002950,R004,2026-09-23 20:09:04,Takeaway,,Completed,23.1
ORD0001550,CUST001755,R016,2026-08-08 19:20:04,Takeaway,,Completed,14.34
ORD0001551,CUST003549,R004,2026-01-25 21:01:04,Dine-in,,Completed,105.44
ORD0001552,CUST003232,R007,2026-07-25 18:31:04,Website/App,,Completed,138.41
ORD0001553,CUST003135,R018,2026-09-16 12:17:04,Dine-in,,Completed,34.08
ORD0001554,CUST001830,R018,2026-09-11 22:38:04,Dine-in,,Completed,53.6
ORD0001555,CUST000140,R017,2026-03-11 12:05:04,Website/App,,Completed,16.58
ORD0001556,CUST001962,R003,2026-08-14 13:28:04,Takeaway,,Completed,112.42
ORD0001557,CUST003589,R004,2026-09-13 15:26:04,Takeaway,,Completed,34.7
ORD0001558,CUST000775,R004,2026-09-23 12:18:04,Dine-in,,Completed,38.83
ORD0001559,CUST003931,R015,2026-01-17 10:04:04,Website/App,,Completed,61.27
ORD0001560,CUST003223,R017,2026-08-17 20:46:04,Dine-in,,Completed,35.53
ORD0001561,CUST002825,R010,2026-06-04 16:32:04,Takeaway,,Completed,93.46
ORD0001562,CUST002687,R009,2026-07-29 11:30:04,Dine-in,,Completed,18.87
ORD0001563,CUST002327,R002,2026-08-14 12:29:04,Dine-in,,Completed,39.75
ORD0001564,CUST002871,R008,2026-08-09 14:08:04,Website/App,,Completed,107.14
ORD0001565,CUST001673,R012,2026-07-28 21:56:04,Dine-in,,Completed,9.11
ORD0001566,CUST003378,R019,2026-07-30 20:48:04,Takeaway,,Completed,22.19
ORD0001567,CUST002774,R018,2026-05-26 14:04:04,Website/App,,Completed,98.61
ORD0001568,CUST003073,R014,2026-05-07 20:23:04,Dine-in,,Completed,15.93
ORD0001569,CUST003162,R018,2026-08-05 19:28:04,Dine-in,,Completed,42.51
ORD0001570,,R017,2026-07-02 20:15:04,Third-Party Delivery,,Completed,64.34
ORD0001571,CUST000211,R017,2026-07-03 21:23:04,Website/App,,Completed,12.17
ORD0001572,CUST003197,R017,2026-06-18 12:57:04,Dine-in,,Completed,43.86
ORD0001573,CUST001038,R011,2026-09-05 21:04:04,Takeaway,,Completed,87.49
ORD0001574,CUST002310,R013,2026-07-28 14:04:04,Dine-in,,Completed,50.92
ORD0001575,CUST001769,R009,2025-11-25 11:09:04,Dine-in,,Completed,47.74
ORD0001576,CUST000084,R010,2026-06-09 20:01:04,Dine-in,,Completed,86.62
ORD0001577,CUST000151,R017,2026-09-16 20:23:04,Third-Party Delivery,,Completed,116.91
ORD0001578,CUST003296,R015,2026-09-07 22:02:04,Dine-in,,Completed,45.68
ORD0001579,CUST002406,R004,2026-09-05 20:21:04,Website/App,,Completed,29.24
ORD0001580,CUST002083,R014,2026-04-20 12:05:04,Dine-in,,Completed,120.78
ORD0001581,CUST003775,R017,2026-08-02 12:26:04,Dine-in,,Completed,-5.1
ORD0001582,CUST000705,R005,2026-07-27 12:00:04,Website/App,,Completed,22.19
ORD0001583,CUST001032,R002,2026-08-02 14:58:04,Takeaway,,Completed,38.22
ORD0001584,CUST003017,R020,2026-03-23 20:39:04,Dine-in,,Completed,23.4
ORD0001585,CUST003091,R010,2026-01-27 22:56:04,Dine-in,,Completed,16.78
ORD0001586,CUST001601,R003,2026-09-14 22:33:04,Third-Party Delivery,,Completed,99.22
ORD0001587,CUST003803,R007,2026-08-14 14:17:04,Third-Party Delivery,,Completed,56.23
ORD0001588,CUST003749,R011,2026-09-23 09:37:04,Third-Party Delivery,,Completed,15.73
ORD0001589,CUST000048,R017,2026-07-10 15:29:04,Dine-in,,Completed,98.4
ORD0001590,CUST000702,R003,2026-09-05 21:36:04,Website/App,,Completed,91.11
ORD0001591,CUST003272,R008,2026-09-02 13:59:04,Website/App,,Completed,8.39
ORD0001592,CUST001330,R008,2026-07-20 18:21:04,Website/App,,Completed,49.7
ORD0001593,CUST000374,R010,2026-09-22 21:27:04,Dine-in,,Completed,133.63
ORD0001594,CUST003134,R009,2026-09-19 22:24:04,Dine-in,,Completed,92.49
ORD0001595,CUST001811,R009,2026-01-19 21:57:04,Takeaway,,Completed,57.96
ORD0001596,CUST001963,R014,2026-09-14 12:02:04,Takeaway,,Completed,54.38
ORD0001597,CUST000759,R011,2026-09-15 19:42:04,Third-Party Delivery,,Completed,68.0
ORD0001598,CUST002623,R009,2026-02-13 10:02:04,Third-Party Delivery,,Completed,54.65
ORD0001599,CUST002192,R019,2026-09-17 13:39:04,Dine-in,,Completed,50.07
ORD0001600,CUST000837,R017,2026-05-21 13:10:04,Takeaway,,Completed,85.87
ORD0001601,CUST001344,R010,2026-02-09 18:25:04,Third-Party Delivery,,Completed,127.67
ORD0001602,CUST002366,R008,2026-05-07 17:18:04,Third-Party Delivery,,Completed,6.63
ORD0001603,CUST003694,R004,2026-02-03 17:42:04,Website/App,PROMO003,Completed,48.53
ORD0001604,CUST003674,R013,2026-09-17 12:06:04,Third-Party Delivery,,Completed,61.61
ORD0001605,CUST001145,R008,2026-09-14 18:37:04,Dine-in,,Completed,26.16
ORD0001606,CUST002933,R019,2026-06-03 14:57:04,Takeaway,,Completed,65.34
ORD0001607,CUST003093,R009,2026-09-03 11:53:04,Website/App,,Completed,106.68
ORD0001608,CUST003230,R018,2026-08-05 21:50:04,Website/App,,Completed,52.31
ORD0001609,CUST002268,R019,2026-07-18 13:00:04,Third-Party Delivery,,Completed,54.86
ORD0001610,CUST000041,R004,2026-07-09 18:09:04,Website/App,,Completed,88.47
ORD0001611,CUST003035,R001,2026-05-22 13:26:04,Website/App,PROMO005,Completed,52.47
ORD0001612,CUST000418,R016,2026-07-30 11:30:04,Dine-in,,Completed,11.94
ORD0001613,CUST000466,R013,2026-09-03 22:17:04,Takeaway,,Completed,78.63
ORD0001614,CUST002397,R006,2026-06-11 14:27:04,Dine-in,,Completed,39.75
ORD0001615,CUST003935,R005,2026-09-12 22:02:04,Dine-in,,Cancelled,82.28
ORD0001616,CUST000975,R012,2026-09-22 14:59:04,Website/App,,Completed,44.7
ORD0001617,CUST002568,R008,2026-04-28 15:28:04,Takeaway,,Completed,12.54
ORD0001618,CUST001206,R015,2026-05-18 22:16:04,Third-Party Delivery,,Cancelled,76.12
ORD0001619,CUST003591,R011,2026-07-25 11:04:04,Third-Party Delivery,,Completed,82.06
ORD0001620,CUST002353,R006,2026-07-30 13:49:04,Takeaway,,Completed,39.3
ORD0001621,CUST000839,R009,2026-01-24 18:54:04,Dine-in,PROMO011,Completed,62.5
ORD0001622,CUST001049,R012,2026-09-24 14:05:04,Dine-in,,Completed,165.45
ORD0001623,CUST001718,R006,2026-03-28 20:10:04,Website/App,,Completed,36.55
ORD0001624,CUST000484,R014,2026-05-27 12:23:04,Dine-in,,Completed,14.81
ORD0001625,CUST000307,R011,2026-07-17 12:55:04,Takeaway,,Completed,77.54
ORD0001626,CUST002703,R003,2025-12-10 16:11:04,Website/App,,Completed,41.1
ORD0001627,CUST001610,R002,2026-08-22 22:17:04,Dine-in,,Completed,16.87
ORD0001628,CUST002892,R015,2026-05-24 16:46:04,Takeaway,PROMO005,Completed,29.03
ORD0001629,CUST000436,R019,2026-09-02 22:12:04,Dine-in,,Completed,38.0
ORD0001630,CUST002417,R020,2025-11-03 14:50:04,Dine-in,PROMO006,Completed,19.53
ORD0001631,CUST001767,R001,2026-09-07 18:47:04,Website/App,,Completed,47.37
ORD0001632,CUST000222,R001,2026-09-20 21:24:04,Third-Party Delivery,,Completed,84.78
ORD0001633,CUST002166,R012,2026-04-28 18:36:04,Third-Party Delivery,,Completed,73.27
ORD0001634,CUST000323,R018,2026-08-17 11:20:04,Dine-in,,Completed,162.73
ORD0001635,CUST003299,R012,2026-08-31 18:37:04,Dine-in,,Completed,16.49
ORD0001636,CUST002513,R012,2026-08-11 11:39:04,Third-Party Delivery,,Completed,56.63
ORD0001637,CUST002211,R002,2026-07-13 14:18:04,Website/App,,Completed,136.79
ORD0001638,CUST000528,R008,2026-09-20 12:44:04,Website/App,,Completed,117.24
ORD0001639,CUST001144,R002,2026-03-22 19:04:04,Website/App,,Completed,72.43
ORD0001640,CUST001964,R019,2026-05-14 18:11:04,Website/App,,Completed,7.62
ORD0001641,CUST002518,R002,2026-08-10 18:23:04,Dine-in,,Completed,20.12
ORD0001642,CUST000745,R014,2026-09-04 12:37:04,Takeaway,,Completed,110.19
ORD0001643,,R009,2026-08-16 10:51:04,Dine-in,,Completed,58.43
ORD0001644,CUST001359,R018,2026-09-17 13:06:04,Takeaway,,Completed,39.08
ORD0001645,CUST001929,R018,2026-04-06 20:47:04,Takeaway,,Completed,81.3
ORD0001646,CUST000750,R010,2026-08-24 14:02:04,Third-Party Delivery,,Completed,118.02
ORD0001647,CUST001962,R003,2026-06-01 12:05:04,Dine-in,PROMO005,Completed,52.39
ORD0001648,CUST001340,R016,2026-08-12 19:47:04,Takeaway,,Completed,109.42
ORD0001649,CUST001814,R007,2026-09-15 13:36:04,Third-Party Delivery,,Completed,65.55
ORD0001650,,R019,2026-09-04 14:12:04,Takeaway,,Completed,73.13
ORD0001651,CUST002499,R011,2026-07-11 12:39:04,Takeaway,,Completed,49.62
ORD0001652,CUST000164,R010,2026-09-13 18:07:04,Dine-in,,Completed,76.31
ORD0001653,CUST000693,R013,2026-03-25 11:42:04,Third-Party Delivery,,Completed,30.24
ORD0001654,CUST001719,R017,2025-10-17 19:13:04,Third-Party Delivery,,Completed,104.77
ORD0001655,CUST001405,R018,2026-09-16 08:26:04,Dine-in,,Completed,34.7
ORD0001656,CUST001548,R020,2026-09-18 22:43:04,Dine-in,,Completed,163.13
ORD0001657,CUST003209,R008,2026-08-02 13:12:04,Takeaway,,Completed,41.06
ORD0001658,CUST003542,R009,2026-08-07 11:16:04,Website/App,,Completed,53.75
ORD0001659,CUST001000,R004,2026-08-05 19:26:04,Takeaway,,Completed,8.15
ORD0001660,CUST003342,R012,2026-07-28 23:50:04,Takeaway,,Completed,29.24
ORD0001661,CUST001832,R009,2026-09-17 21:12:04,Third-Party Delivery,,Completed,42.19
ORD0001662,CUST001093,R018,2026-03-05 14:14:04,Dine-in,,Completed,85.08
ORD0001663,CUST003944,R019,2026-09-17 19:35:04,Dine-in,,Completed,93.09
ORD0001664,CUST003286,R002,2026-09-21 11:17:04,Website/App,,Completed,55.18
ORD0001665,CUST003981,R016,2026-07-10 11:15:04,Dine-in,,Completed,29.55
ORD0001666,CUST000677,R003,2026-09-05 19:40:04,Dine-in,,Completed,88.31
ORD0001667,CUST000572,R002,2026-06-12 21:36:04,Dine-in,,Completed,46.92
ORD0001668,CUST002000,R011,2026-05-27 13:37:04,Takeaway,PROMO005,Completed,48.74
ORD0001669,CUST002540,R015,2026-08-02 18:24:04,Dine-in,,Completed,35.53
ORD0001670,CUST000694,R012,2026-09-16 14:48:04,Takeaway,,Completed,29.55
ORD0001671,CUST003437,R003,2026-06-12 12:14:04,Dine-in,,Completed,-163.36
ORD0001672,CUST002110,R010,2026-09-20 10:06:04,Dine-in,,Completed,73.09
ORD0001673,CUST001628,R003,2026-03-07 13:06:04,Dine-in,,Cancelled,64.7
ORD0001674,CUST002384,R010,2025-12-27 21:57:04,Website/App,,Completed,60.56
ORD0001675,CUST002524,R009,2026-05-19 15:02:04,Dine-in,,Completed,61.92
ORD0001676,CUST000162,R009,2026-06-28 14:50:04,Third-Party Delivery,,Completed,39.75
ORD0001677,CUST004000,R003,2026-04-28 16:00:04,Third-Party Delivery,,Completed,55.52
ORD0001678,CUST001434,R020,2026-09-22 19:01:04,Dine-in,,Completed,55.79
ORD0001679,CUST000238,R003,2026-09-22 12:52:04,Website/App,,Completed,120.3
ORD0001680,CUST003404,R017,2026-05-20 14:08:04,Dine-in,,Completed,80.88
ORD0001681,CUST003974,R012,2026-02-04 12:23:04,Takeaway,,Completed,24.57
ORD0001682,CUST003255,R009,2026-02-27 13:30:04,Dine-in,,Completed,30.85
ORD0001683,CUST003403,R002,2026-09-20 21:06:04,Third-Party Delivery,,Completed,37.25
ORD0001684,CUST002487,R003,2026-03-16 19:17:04,Website/App,,Completed,29.22
ORD0001685,CUST003682,R018,2026-07-08 18:56:04,Dine-in,,Completed,60.03
ORD0001686,CUST000133,R003,2026-09-24 21:27:04,Dine-in,,Completed,15.93
ORD0001687,CUST003053,R017,2026-09-23 12:59:04,Website/App,,Completed,43.04
ORD0001688,CUST002660,R014,2026-09-21 22:29:04,Website/App,,Completed,12.51
ORD0001689,CUST000188,R008,2025-09-14 11:35:04,Takeaway,,Completed,48.03
ORD0001690,CUST002162,R013,2026-05-25 12:34:04,Website/App,PROMO005,Completed,98.36
ORD0001691,CUST002051,R020,2026-09-23 15:34:04,Website/App,,Completed,62.2
ORD0001692,CUST002755,R011,2026-07-03 19:02:04,Website/App,,Completed,77.17
ORD0001693,CUST000304,R010,2026-09-18 22:28:04,Takeaway,,Completed,78.23
ORD0001694,CUST003215,R016,2026-08-05 20:54:04,Takeaway,,Completed,75.6
ORD0001695,CUST000555,R008,2025-12-30 08:05:04,Third-Party Delivery,,Completed,8.63
ORD0001696,CUST001660,R013,2025-10-06 21:51:04,Dine-in,,Completed,34.02
ORD0001697,CUST003523,R019,2026-05-06 20:20:04,Website/App,,Completed,53.27
ORD0001698,CUST002224,R006,2026-08-13 13:16:04,Third-Party Delivery,,Completed,56.44
ORD0001699,CUST001504,R015,2026-06-17 21:33:04,Website/App,,Completed,15.13
ORD0001700,,R020,2026-08-26 18:20:04,Dine-in,,Completed,77.66
ORD0001701,CUST002668,R016,2026-02-24 11:00:04,Dine-in,,Completed,87.18
ORD0001702,CUST003947,R014,2026-09-24 13:46:04,Third-Party Delivery,,Completed,65.14
ORD0001703,CUST003640,R007,2026-06-27 20:32:04,Website/App,,Completed,16.25
ORD0001704,CUST002855,R007,2026-04-26 12:50:04,Website/App,,Completed,32.33
ORD0001705,CUST000412,R014,2026-07-17 12:15:04,Takeaway,,Completed,17.36
ORD0001706,CUST000965,R007,2026-08-30 18:49:04,Dine-in,,Completed,159.8
ORD0001707,CUST000759,R001,2026-08-26 11:03:04,Dine-in,,Completed,43.04
ORD0001708,CUST001402,R005,2026-06-15 11:56:04,Takeaway,,Completed,59.01
ORD0001709,CUST000947,R013,2026-09-24 14:31:04,Dine-in,,Completed,92.1
ORD0001710,CUST000982,R013,2026-06-19 19:09:04,Third-Party Delivery,,Completed,30.04
ORD0001711,CUST002446,R018,2026-05-03 22:36:04,Takeaway,,Completed,15.13
ORD0001712,CUST001263,R008,2026-05-08 12:23:04,Third-Party Delivery,,Completed,58.24
ORD0001713,CUST002687,R009,2026-03-03 13:05:04,Website/App,,Completed,67.36
ORD0001714,CUST003789,R017,2026-08-04 20:48:04,Dine-in,,Completed,37.43
ORD0001715,CUST002540,R015,2026-01-20 19:46:04,Website/App,PROMO009,Completed,52.46
ORD0001716,CUST002994,R002,2025-11-10 21:24:04,Website/App,,Completed,36.62
ORD0001717,CUST002994,R012,2026-07-28 18:49:04,Third-Party Delivery,,Completed,155.76
ORD0001718,CUST001310,R014,2026-09-22 13:21:04,Takeaway,,Completed,13.82
ORD0001719,CUST000058,R005,2026-08-21 18:18:04,Third-Party Delivery,,Completed,8.63
ORD0001720,CUST000208,R014,2026-07-23 12:13:04,Dine-in,,Completed,63.05
ORD0001721,,R009,2026-03-29 18:25:04,Takeaway,,Completed,45.85
ORD0001722,CUST002748,R016,2026-07-02 14:33:04,Takeaway,,Completed,44.67
ORD0001723,CUST003617,R011,2026-04-21 11:40:04,Dine-in,,Completed,15.78
ORD0001724,CUST003835,R011,2026-09-16 14:54:04,Dine-in,,Completed,69.65
ORD0001725,CUST000096,R004,2026-09-24 20:24:04,Website/App,,Completed,155.27
ORD0001726,CUST003961,R009,2026-09-21 22:57:04,Takeaway,,Completed,61.92
ORD0001727,CUST001278,R012,2026-05-20 20:49:04,Website/App,,Completed,19.99
ORD0001728,CUST003366,R012,2026-09-02 15:44:04,Takeaway,,Completed,35.89
ORD0001729,CUST000733,R002,2026-07-04 11:46:04,Third-Party Delivery,,Completed,177.92
ORD0001730,CUST000244,R003,2026-08-01 20:08:04,Dine-in,,Completed,160.88
ORD0001731,,R013,2026-04-23 17:06:04,Takeaway,PROMO002,Completed,38.38
ORD0001732,CUST003431,R017,2026-08-09 14:12:04,Website/App,,Completed,78.88
ORD0001733,CUST000889,R012,2026-07-26 19:04:04,Dine-in,,Completed,77.02
ORD0001734,CUST000614,R011,2026-02-22 11:44:04,Takeaway,,Completed,29.55
ORD0001735,CUST003630,R002,2026-09-24 09:53:04,Takeaway,,Cancelled,55.32
ORD0001736,CUST003750,R005,2026-04-04 21:50:04,Third-Party Delivery,,Completed,65.64
ORD0001737,CUST000049,R003,2026-09-03 08:02:04,Website/App,,Completed,46.93
ORD0001738,CUST002898,R010,2026-07-06 22:05:04,Dine-in,,Completed,101.42
ORD0001739,CUST001225,R001,2026-08-07 14:06:04,Third-Party Delivery,,Completed,97.23
ORD0001740,CUST001481,R009,2026-07-29 14:32:04,Website/App,,Completed,106.42
ORD0001741,CUST001870,R006,2026-09-13 12:39:04,Dine-in,,Completed,58.25
ORD0001742,CUST001696,R011,2026-02-15 11:50:04,Dine-in,,Completed,93.25
ORD0001743,CUST002050,R012,2026-09-09 22:08:04,Takeaway,,Completed,31.6
ORD0001744,CUST002313,R010,2026-06-21 18:06:04,Dine-in,,Completed,6.03
ORD0001745,CUST001857,R003,2026-09-13 19:36:04,Dine-in,,Completed,51.96
ORD0001746,CUST002797,R009,2025-12-17 22:16:04,Dine-in,,Completed,120.7
ORD0001747,CUST002864,R011,2026-07-12 21:49:04,Third-Party Delivery,,Completed,13.55
ORD0001748,,R006,2026-08-13 14:05:04,Website/App,,Completed,47.26
ORD0001749,CUST000568,R019,2026-07-09 22:15:04,Dine-in,,Completed,29.55
ORD0001750,CUST002548,R008,2026-08-11 19:11:04,Third-Party Delivery,,Completed,128.49
ORD0001751,CUST003081,R011,2026-08-21 14:25:04,Dine-in,,Completed,39.75
ORD0001752,CUST002538,R001,2026-09-17 14:09:04,Website/App,,Completed,73.29
ORD0001753,CUST002331,R011,2026-06-28 19:47:04,Third-Party Delivery,,Completed,15.92
ORD0001754,CUST000920,R010,2025-12-28 19:20:04,Dine-in,PROMO008,Completed,119.55
ORD0001755,CUST002565,R018,2026-07-22 11:53:04,Dine-in,,Completed,81.46
ORD0001756,CUST001329,R019,2026-08-27 11:09:04,Website/App,,Completed,48.27
ORD0001757,CUST003672,R015,2026-07-04 12:25:04,Dine-in,,Completed,92.37
ORD0001758,CUST002594,R007,2026-07-22 18:50:04,Third-Party Delivery,,Completed,60.26
ORD0001759,CUST001107,R016,2026-06-26 21:06:04,Third-Party Delivery,,Completed,53.56
ORD0001760,CUST001886,R015,2026-08-04 18:16:04,Dine-in,,Completed,20.94
ORD0001761,CUST003383,R013,2026-02-10 13:54:04,Website/App,,Completed,8.15
ORD0001762,CUST001330,R007,2026-08-31 08:00:04,Website/App,,Completed,31.0
ORD0001763,CUST002088,R013,2026-09-22 11:07:04,Third-Party Delivery,,Completed,20.49
ORD0001764,CUST002700,R012,2026-08-06 12:52:04,Dine-in,,Completed,16.25
ORD0001765,CUST003006,R002,2026-09-10 11:24:04,Dine-in,,Completed,15.13
ORD0001766,CUST000708,R017,2025-12-29 18:03:04,Takeaway,,Completed,121.9
ORD0001767,CUST002247,R005,2026-09-16 21:40:04,Dine-in,,Completed,72.66
ORD0001768,CUST003641,R005,2026-03-27 21:38:04,Takeaway,,Completed,16.69
ORD0001769,CUST003870,R006,2026-09-23 20:48:04,Dine-in,,Completed,87.57
ORD0001770,CUST002603,R020,2026-04-20 11:47:04,Dine-in,PROMO002,Completed,54.36
ORD0001771,CUST003937,R019,2026-09-12 10:49:04,Dine-in,,Cancelled,51.68
ORD0001772,CUST002268,R012,2026-09-20 18:12:04,Dine-in,,Completed,50.58
ORD0001773,CUST001762,R016,2026-01-28 19:12:04,Website/App,,Completed,89.1
ORD0001774,CUST002193,R005,2026-06-27 12:43:04,Dine-in,,Completed,43.84
ORD0001775,CUST000462,R010,2026-01-16 13:08:04,Takeaway,,Completed,103.63
ORD0001776,CUST001590,R003,2026-04-20 11:57:04,Website/App,,Completed,52.88
ORD0001777,CUST001831,R014,2026-05-27 14:18:04,Takeaway,PROMO005,Completed,80.2
ORD0001778,CUST003391,R001,2026-09-19 18:25:04,Dine-in,,Completed,32.52
ORD0001779,CUST003023,R011,2026-08-06 19:58:04,Takeaway,,Cancelled,113.86
ORD0001780,CUST002381,R001,2026-09-18 19:06:04,Website/App,,Completed,64.88
ORD0001781,,R018,2026-06-19 21:50:04,Third-Party Delivery,,Completed,137.71
ORD0001782,CUST000760,R011,2026-09-20 15:56:04,Takeaway,,Completed,20.87
ORD0001783,CUST001370,R018,2026-07-08 20:14:04,Dine-in,,Completed,33.71
ORD0001784,CUST002701,R016,2026-07-04 21:25:04,Takeaway,,Completed,35.09
ORD0001785,CUST001054,R013,2026-08-23 21:15:04,Takeaway,,Completed,80.27
ORD0001786,CUST001696,R001,2026-08-25 19:48:04,Website/App,,Completed,16.87
ORD0001787,CUST001530,R014,2026-01-26 13:20:04,Dine-in,PROMO011,Completed,10.4
ORD0001788,CUST003050,R018,2026-01-18 22:59:04,Dine-in,,Completed,31.0
ORD0001789,CUST003532,R011,2026-08-13 12:20:04,Website/App,,Completed,88.77
ORD0001790,CUST002790,R008,2026-01-19 22:49:04,Dine-in,PROMO009,Completed,115.39
ORD0001791,CUST001349,R017,2026-09-09 08:10:04,Takeaway,,Completed,78.22
ORD0001792,CUST001720,R016,2026-09-01 15:42:04,Third-Party Delivery,,Completed,20.06
ORD0001793,CUST000569,R002,2026-09-15 22:18:04,Dine-in,,Completed,90.71
ORD0001794,CUST000677,R003,2026-09-23 18:41:04,Website/App,,Completed,31.6
ORD0001795,CUST000662,R016,2026-06-18 18:44:04,Takeaway,,Completed,53.43
ORD0001796,CUST000516,R014,2026-07-20 20:28:04,Dine-in,,Completed,15.07
ORD0001797,CUST000730,R013,2026-09-23 14:17:04,Third-Party Delivery,,Completed,15.66
ORD0001798,CUST000824,R012,2026-08-19 22:31:04,Dine-in,,Completed,57.84
ORD0001799,CUST000447,R019,2026-08-21 19:53:04,Dine-in,,Completed,99.25
ORD0001800,CUST002546,R017,2026-04-24 13:43:04,Website/App,,Completed,94.8
ORD0001801,CUST003963,R010,2026-03-01 20:56:04,Website/App,,Completed,25.51
ORD0001802,CUST003515,R020,2026-07-06 22:21:04,Website/App,,Completed,60.26
ORD0001803,CUST000172,R008,2026-01-22 12:49:04,Takeaway,,Completed,45.28
ORD0001804,CUST001678,R008,2026-09-24 21:12:04,Dine-in,,Completed,8.72
ORD0001805,CUST003431,R017,2026-04-28 19:43:04,Dine-in,,Completed,-82.8
ORD0001806,CUST000534,R013,2026-05-04 14:34:04,Takeaway,,Completed,24.75
ORD0001807,CUST003388,R004,2026-03-09 20:05:04,Dine-in,,Completed,98.31
ORD0001808,CUST002351,R001,2026-08-22 20:24:04,Website/App,,Completed,110.48
ORD0001809,CUST003715,R008,2026-04-08 15:21:04,Dine-in,,Completed,11.04
ORD0001810,CUST003503,R011,2026-07-14 11:35:04,Dine-in,,Completed,32.52
ORD0001811,CUST002687,R009,2026-05-23 18:01:04,Website/App,,Completed,15.13
ORD0001812,CUST002609,R012,2026-04-26 13:40:04,Takeaway,,Completed,37.43
ORD0001813,CUST000862,R017,2026-08-14 23:38:04,Website/App,,Completed,59.09
ORD0001814,CUST000466,R003,2026-09-03 20:50:04,Website/App,,Completed,116.04
ORD0001815,CUST001647,R020,2026-04-03 20:52:04,Dine-in,,Completed,90.65
ORD0001816,CUST000759,R011,2026-08-05 19:52:04,Takeaway,,Completed,201.16
ORD0001817,CUST000403,R015,2026-01-07 14:28:04,Dine-in,,Completed,152.42
ORD0001818,CUST001202,R018,2026-09-12 11:18:04,Third-Party Delivery,,Completed,52.31
ORD0001819,CUST003437,R018,2026-07-02 22:33:04,Dine-in,,Completed,24.34
ORD0001820,CUST000064,R009,2026-09-05 19:48:04,Third-Party Delivery,,Completed,138.88
ORD0001821,CUST001161,R002,2026-09-15 20:25:04,Third-Party Delivery,,Completed,31.46
ORD0001822,CUST001683,R018,2026-03-27 14:50:04,Dine-in,,Completed,8.15
ORD0001823,CUST002035,R001,2026-02-20 13:47:04,Website/App,,Completed,15.65
ORD0001824,CUST000739,R016,2026-08-22 18:50:04,Dine-in,,Completed,27.84
ORD0001825,CUST003856,R016,2026-09-21 11:05:04,Website/App,,Completed,8.15
ORD0001826,CUST002298,R010,2026-05-14 09:09:04,Dine-in,,Completed,30.24
ORD0001827,CUST002074,R003,2026-05-31 12:41:04,Dine-in,,Completed,91.36
ORD0001828,CUST000034,R009,2026-06-20 13:30:04,Dine-in,,Completed,35.64
ORD0001829,CUST001939,R012,2026-03-28 13:54:04,Dine-in,,Completed,22.05
ORD0001830,CUST003347,R014,2026-09-17 12:27:04,Dine-in,,Completed,170.7
ORD0001831,CUST000885,R013,2026-02-28 11:08:04,Website/App,,Completed,47.6
ORD0001832,CUST001386,R011,2026-03-26 17:13:04,Third-Party Delivery,,Completed,8.15
ORD0001833,CUST000079,R014,2026-06-10 19:53:04,Website/App,,Completed,44.67
ORD0001834,CUST003906,R003,2026-07-12 18:24:04,Takeaway,,Completed,23.71
ORD0001835,CUST000258,R001,2026-08-23 12:13:04,Takeaway,,Completed,53.42
ORD0001836,CUST003589,R004,2026-08-18 22:45:04,Dine-in,,Completed,33.93
ORD0001837,CUST001241,R006,2026-08-13 20:16:04,Dine-in,,Completed,46.84
ORD0001838,CUST002328,R001,2026-07-14 12:55:04,Website/App,,Completed,144.62
ORD0001839,CUST002699,R011,2026-07-26 22:24:04,Dine-in,,Completed,65.19
ORD0001840,CUST000560,R016,2026-08-27 12:45:04,Dine-in,,Completed,11.38
ORD0001841,CUST001769,R009,2025-10-04 14:50:04,Third-Party Delivery,PROMO004,Completed,55.06
ORD0001842,CUST001289,R002,2026-06-08 12:36:04,Website/App,,Completed,113.64
ORD0001843,CUST000216,R013,2025-11-13 21:51:04,Takeaway,,Completed,21.63
ORD0001844,CUST003326,R014,2026-09-06 19:15:04,Takeaway,,Completed,132.33
ORD0001845,,R017,2025-12-14 14:20:04,Third-Party Delivery,,Completed,133.64
ORD0001846,CUST002593,R003,2026-09-13 21:47:04,Takeaway,,Completed,63.54
ORD0001847,CUST001245,R017,2026-04-14 11:36:04,Dine-in,,Completed,78.64
ORD0001848,CUST000782,R014,2026-09-23 18:11:04,Takeaway,,Completed,61.79
ORD0001849,CUST002645,R004,2026-06-13 12:28:04,Third-Party Delivery,,Completed,62.81
ORD0001850,CUST002283,R019,2026-09-11 11:13:04,Takeaway,,Completed,96.19
ORD0001851,CUST001248,R020,2026-09-04 19:09:04,Dine-in,,Completed,79.39
ORD0001852,CUST002046,R011,2026-03-03 20:46:04,Takeaway,,Completed,56.64
ORD0001853,CUST000989,R016,2026-03-26 11:16:04,Dine-in,,Completed,12.17
ORD0001854,CUST003449,R016,2026-06-04 22:55:04,Takeaway,,Completed,34.12
ORD0001855,CUST001244,R007,2026-09-14 19:15:04,Website/App,,Completed,-35.53
ORD0001856,CUST000985,R019,2026-07-08 13:15:04,Dine-in,,Completed,59.13
ORD0001857,CUST002995,R004,2026-08-24 11:22:04,Dine-in,,Completed,114.71
ORD0001858,CUST000066,R019,2026-02-22 12:41:04,Dine-in,,Completed,8.4
ORD0001859,CUST001071,R020,2026-08-08 18:19:04,Takeaway,,Completed,69.31
ORD0001860,CUST001484,R010,2026-04-15 12:58:04,Website/App,,Completed,39.75
ORD0001861,CUST003525,R019,2026-06-22 11:09:04,Takeaway,,Completed,28.84
ORD0001862,CUST003801,R001,2025-10-12 11:55:04,Dine-in,,Completed,52.97
ORD0001863,CUST002852,R013,2026-09-23 12:03:04,Dine-in,,Completed,169.87
ORD0001864,CUST001963,R014,2026-09-15 14:06:04,Website/App,,Completed,111.39
ORD0001865,CUST002548,R012,2026-08-29 14:59:04,Takeaway,,Completed,91.14
ORD0001866,CUST001640,R004,2026-03-18 12:27:04,Third-Party Delivery,,Completed,11.94
ORD0001867,CUST001188,R007,2026-08-19 20:49:04,Website/App,,Completed,100.92
ORD0001868,CUST003801,R011,2025-11-12 13:01:04,Third-Party Delivery,,Completed,22.21
ORD0001869,CUST000461,R019,2026-07-24 18:08:04,Website/App,,Completed,56.44
ORD0001870,CUST001366,R009,2026-04-17 20:46:04,Dine-in,,Completed,91.79
ORD0001871,CUST003593,R006,2026-08-25 14:45:04,Dine-in,,Completed,65.44
ORD0001872,CUST002881,R020,2026-09-18 15:29:04,Dine-in,,Completed,37.54
ORD0001873,CUST000109,R019,2026-08-08 21:19:04,Dine-in,,Completed,50.69
ORD0001874,CUST000088,R018,2026-01-13 12:01:04,Third-Party Delivery,,Completed,39.75
ORD0001875,CUST002056,R001,2025-11-26 22:31:04,Dine-in,,Completed,4.36
ORD0001876,CUST001934,R020,2026-08-31 18:27:04,Takeaway,,Completed,72.54
ORD0001877,CUST001765,R001,2026-02-10 13:33:04,Third-Party Delivery,,Completed,38.67
ORD0001878,,R014,2026-09-24 19:44:04,Third-Party Delivery,,Completed,34.7
ORD0001879,CUST003947,R004,2026-07-07 21:31:04,Website/App,,Completed,61.54
ORD0001880,CUST001086,R010,2026-08-13 17:39:04,Website/App,,Completed,151.76
ORD0001881,CUST001957,R017,2026-02-06 19:15:04,Takeaway,,Completed,120.47
ORD0001882,CUST001601,R003,2026-06-01 18:02:04,Takeaway,,Completed,20.94
ORD0001883,CUST000688,R001,2026-04-05 14:35:04,Dine-in,,Completed,43.84
ORD0001884,CUST000824,R012,2026-09-02 11:34:04,Dine-in,,Completed,213.56
ORD0001885,CUST003667,R007,2026-09-04 11:55:04,Dine-in,,Completed,136.78
ORD0001886,CUST003428,R012,2026-03-28 21:28:04,Takeaway,,Completed,16.8
ORD0001887,CUST000812,R006,2026-06-24 11:52:04,Dine-in,,Completed,32.87
ORD0001888,CUST003502,R019,2026-05-13 19:51:04,Dine-in,,Completed,149.98
ORD0001889,CUST000846,R008,2026-09-06 20:34:04,Third-Party Delivery,,Completed,73.06
ORD0001890,CUST002491,R003,2026-08-20 20:31:04,Dine-in,,Completed,43.79
ORD0001891,CUST000317,R015,2026-08-11 19:52:04,Dine-in,,Completed,82.6
ORD0001892,CUST003520,R018,2026-06-22 21:52:04,Dine-in,,Completed,36.87
ORD0001893,CUST000194,R019,2026-08-25 14:01:04,Website/App,,Completed,11.02
ORD0001894,CUST002205,R007,2026-03-30 13:40:04,Takeaway,,Completed,78.86
ORD0001895,CUST003111,R019,2025-11-13 21:42:04,Third-Party Delivery,,Completed,36.76
ORD0001896,CUST000466,R003,2026-08-22 10:52:04,Dine-in,,Completed,52.69
ORD0001897,CUST001600,R013,2026-04-09 20:15:04,Website/App,,Completed,15.13
ORD0001898,CUST000158,R005,2026-09-22 18:51:04,Third-Party Delivery,,Completed,42.42
ORD0001899,CUST002718,R020,2026-09-23 20:50:04,Takeaway,,Completed,35.02
ORD0001900,CUST001220,R010,2026-02-12 14:43:04,Dine-in,,Completed,20.08
ORD0001901,CUST002221,R009,2026-09-22 21:06:04,Takeaway,,Completed,35.69
ORD0001902,CUST003723,R019,2026-05-29 12:53:04,Third-Party Delivery,,Completed,-32.79
ORD0001903,CUST001213,R004,2026-09-19 22:36:04,Takeaway,,Completed,52.56
ORD0001904,CUST000184,R009,2026-09-06 13:10:04,Third-Party Delivery,,Completed,62.34
ORD0001905,CUST002680,R004,2026-05-23 22:29:04,Dine-in,PROMO005,Completed,8.63
ORD0001906,CUST003140,R004,2026-01-22 18:40:04,Third-Party Delivery,,Completed,47.14
ORD0001907,CUST003831,R011,2026-09-09 10:15:04,Takeaway,,Completed,7.82
ORD0001908,CUST000635,R004,2026-07-21 22:28:04,Dine-in,,Completed,56.24
ORD0001909,CUST001549,R013,2026-06-20 22:18:04,Takeaway,,Completed,92.59
ORD0001910,CUST003370,R013,2025-10-21 20:57:04,Takeaway,,Completed,79.46
ORD0001911,CUST003221,R009,2026-09-22 19:33:04,Dine-in,,Completed,68.15
ORD0001912,CUST002483,R013,2026-09-23 19:28:04,Third-Party Delivery,,Completed,39.89
ORD0001913,CUST001077,R004,2026-04-07 21:30:04,Takeaway,,Completed,76.21
ORD0001914,CUST001132,R007,2025-11-30 20:36:04,Dine-in,,Completed,57.99
ORD0001915,CUST000490,R019,2026-08-07 22:17:04,Dine-in,,Completed,24.81
ORD0001916,CUST003680,R015,2026-08-14 21:37:04,Takeaway,,Completed,158.19
ORD0001917,CUST000704,R015,2025-12-03 13:14:04,Third-Party Delivery,,Completed,32.47
ORD0001918,CUST002276,R007,2026-09-04 21:57:04,Dine-in,,Completed,40.75
ORD0001919,CUST002317,R006,2026-09-21 20:46:04,Dine-in,,Completed,93.14
ORD0001920,CUST001457,R012,2026-09-20 20:11:04,Dine-in,,Completed,44.53
ORD0001921,CUST001390,R020,2026-09-07 20:53:04,Dine-in,,Completed,28.13
ORD0001922,CUST002650,R019,2026-09-12 13:09:04,Dine-in,,Cancelled,142.9
ORD0001923,CUST001535,R018,2026-09-09 19:59:04,Third-Party Delivery,,Completed,10.64
ORD0001924,CUST001022,R018,2026-07-31 18:32:04,Third-Party Delivery,,Completed,101.83
ORD0001925,CUST001580,R006,2026-09-16 22:44:04,Third-Party Delivery,,Completed,67.72
ORD0001926,CUST003223,R017,2026-03-04 20:30:04,Dine-in,,Completed,104.05
ORD0001927,CUST003865,R003,2026-09-23 11:39:04,Takeaway,,Completed,91.14
ORD0001928,CUST002528,R009,2026-09-05 13:52:04,Website/App,,Completed,63.62
ORD0001929,,R012,2026-08-08 18:11:04,Takeaway,,Completed,29.55
ORD0001930,CUST002114,R005,2026-09-12 11:58:04,Takeaway,,Completed,15.13
ORD0001931,CUST002483,R010,2026-09-23 11:39:04,Website/App,,Completed,141.2
ORD0001932,CUST003951,R020,2026-08-05 11:50:04,Website/App,,Completed,145.17
ORD0001933,CUST001745,R006,2026-01-02 13:38:04,Dine-in,,Completed,67.19
ORD0001934,CUST000258,R001,2026-09-24 08:55:04,Takeaway,,Completed,37.23
ORD0001935,CUST003827,R011,2025-12-19 18:50:04,Dine-in,,Completed,128.12
ORD0001936,CUST003166,R018,2026-09-24 20:34:04,Takeaway,,Completed,95.72
ORD0001937,CUST001577,R006,2026-07-14 22:25:04,Dine-in,,Completed,29.55
ORD0001938,CUST003931,R015,2026-04-02 18:20:04,Third-Party Delivery,,Completed,35.53
ORD0001939,CUST001362,R002,2026-07-17 12:03:04,Dine-in,,Completed,67.58
ORD0001940,CUST001467,R006,2026-01-10 18:22:04,Website/App,PROMO009,Completed,23.94
ORD0001941,CUST002415,R010,2025-10-29 14:13:04,Takeaway,PROMO001,Completed,42.1
ORD0001942,CUST001095,R013,2026-06-30 18:24:04,Dine-in,,Completed,39.89
ORD0001943,CUST002786,R014,2026-09-04 17:33:04,Dine-in,,Completed,37.25
ORD0001944,CUST000607,R005,2026-09-16 20:50:04,Dine-in,,Completed,49.67
ORD0001945,CUST000425,R016,2026-04-18 14:16:04,Dine-in,PROMO002,Completed,25.13
ORD0001946,CUST002122,R014,2026-08-19 18:34:04,Third-Party Delivery,,Completed,39.71
ORD0001947,CUST002206,R004,2026-07-02 15:12:04,Takeaway,,Completed,59.27
ORD0001948,CUST000419,R009,2026-06-30 19:16:04,Dine-in,,Completed,7.05
ORD0001949,CUST003856,R016,2026-09-19 13:03:04,Third-Party Delivery,,Completed,48.9
ORD0001950,CUST002279,R007,2026-05-08 14:10:04,Third-Party Delivery,,Completed,47.01
ORD0001951,CUST000600,R009,2026-06-20 23:19:04,Third-Party Delivery,,Completed,117.56
ORD0001952,CUST001234,R006,2026-07-22 11:11:04,Dine-in,,Completed,40.62
ORD0001953,CUST003195,R013,2026-05-15 21:03:04,Takeaway,,Completed,17.03
ORD0001954,CUST002080,R020,2025-12-04 22:25:04,Third-Party Delivery,,Completed,38.63
ORD0001955,CUST000765,R001,2026-04-15 13:36:04,Takeaway,,Completed,57.96
ORD0001956,CUST000404,R018,2026-04-08 16:28:04,Website/App,,Completed,39.64
ORD0001957,CUST001711,R016,2025-10-31 19:46:04,Dine-in,PROMO001,Completed,51.45
ORD0001958,CUST001337,R020,2026-03-08 13:44:04,Website/App,,Completed,28.68
ORD0001959,CUST002602,R010,2025-09-16 20:52:04,Website/App,,Completed,60.61
ORD0001960,CUST003694,R014,2026-01-03 12:32:04,Takeaway,,Completed,81.59
ORD0001961,CUST000997,R007,2026-01-08 14:16:04,Third-Party Delivery,,Completed,56.86
ORD0001962,CUST003415,R001,2026-06-21 19:54:04,Dine-in,,Completed,11.07
ORD0001963,,R002,2026-08-20 22:18:04,Dine-in,,Completed,133.33
ORD0001964,CUST003601,R011,2026-04-08 22:46:04,Third-Party Delivery,,Completed,200.15
ORD0001965,CUST003808,R005,2026-07-11 13:41:04,Dine-in,,Completed,65.72
ORD0001966,CUST003364,R003,2026-07-20 14:43:04,Takeaway,,Completed,111.92
ORD0001967,CUST002353,R006,2026-01-04 18:51:04,Dine-in,,Completed,23.05
ORD0001968,CUST001622,R013,2026-09-01 16:21:04,Third-Party Delivery,,Completed,61.51
ORD0001969,CUST001961,R007,2026-08-24 18:46:04,Takeaway,,Completed,57.58
ORD0001970,CUST003490,R005,2026-09-17 17:00:04,Third-Party Delivery,,Completed,128.96
ORD0001971,CUST001199,R018,2026-08-29 21:28:04,Third-Party Delivery,,Completed,15.44
ORD0001972,CUST000640,R020,2026-09-24 12:17:04,Takeaway,,Completed,12.17
ORD0001973,CUST000560,R016,2026-08-18 11:52:04,Website/App,,Completed,15.62
ORD0001974,CUST003295,R005,2026-09-07 22:13:04,Dine-in,,Completed,34.12
ORD0001975,CUST003034,R008,2026-07-21 18:09:04,Dine-in,,Completed,70.59
ORD0001976,CUST001983,R011,2026-05-29 22:36:04,Takeaway,,Completed,40.31
ORD0001977,CUST001096,R003,2026-09-15 20:20:04,Takeaway,,Completed,28.11
ORD0001978,CUST002688,R005,2026-01-03 19:16:04,Dine-in,,Completed,63.47
ORD0001979,CUST000143,R006,2026-09-20 21:45:04,Takeaway,,Completed,117.3
ORD0001980,CUST002259,R014,2026-09-03 22:28:04,Dine-in,,Completed,128.86
ORD0001981,CUST001578,R009,2026-03-05 11:41:04,Dine-in,,Completed,93.05
ORD0001982,CUST003911,R016,2026-09-17 14:11:04,Third-Party Delivery,,Completed,56.44
ORD0001983,CUST002023,R020,2026-08-24 13:09:04,Third-Party Delivery,,Completed,30.24
ORD0001984,CUST002196,R005,2026-05-12 08:04:04,Dine-in,,Completed,46.23
ORD0001985,CUST002836,R005,2026-09-23 11:32:04,Dine-in,,Completed,166.36
ORD0001986,CUST001935,R020,2026-09-15 23:45:04,Dine-in,,Cancelled,23.76
ORD0001987,CUST000906,R010,2026-07-21 18:18:04,Website/App,,Completed,14.79
ORD0001988,CUST002134,R010,2026-01-31 18:37:04,Dine-in,PROMO011,Completed,148.75
ORD0001989,CUST003775,R007,2026-09-24 19:20:04,Third-Party Delivery,,Completed,30.84
ORD0001990,CUST001622,R003,2026-09-20 18:02:04,Takeaway,,Completed,46.59
ORD0001991,CUST002700,R012,2026-08-31 20:58:04,Website/App,,Completed,88.43
ORD0001992,CUST003912,R014,2026-03-21 21:53:04,Dine-in,,Cancelled,104.16
ORD0001993,,R010,2026-09-17 21:27:04,Dine-in,,Completed,49.58
ORD0001994,CUST002615,R020,2026-08-09 17:55:04,Website/App,,Completed,27.5
ORD0001995,CUST002933,R019,2026-04-25 14:34:04,Dine-in,,Completed,33.44
ORD0001996,CUST003741,R002,2026-08-19 23:02:04,Takeaway,,Cancelled,100.74
ORD0001997,CUST003840,R003,2026-06-22 22:12:04,Third-Party Delivery,,Completed,109.84
ORD0001998,CUST003873,R013,2026-06-13 21:38:04,Dine-in,,Cancelled,112.8
ORD0001999,CUST002487,R013,2026-07-09 22:07:04,Dine-in,,Completed,28.1
ORD0002000,CUST001522,R014,2026-05-05 10:23:04,Website/App,,Completed,86.77
ORD0002001,CUST000528,R018,2026-09-10 18:36:04,Takeaway,,Completed,14.42
ORD0002002,CUST001526,R009,2026-03-22 11:08:04,Dine-in,,Completed,113.39
ORD0002003,CUST003770,R005,2026-09-22 13:24:04,Takeaway,,Completed,53.16
ORD0002004,CUST003556,R015,2026-04-11 19:59:04,Website/App,PROMO002,Completed,23.63
ORD0002005,CUST002082,R020,2026-02-23 21:18:04,Dine-in,,Completed,15.13
ORD0002006,CUST002132,R004,2026-09-17 18:06:04,Website/App,,Completed,121.58
ORD0002007,CUST001224,R004,2025-12-15 14:08:04,Third-Party Delivery,,Completed,64.29
ORD0002008,CUST001811,R009,2026-04-24 11:51:04,Dine-in,,Completed,33.44
ORD0002009,CUST002845,R001,2026-09-17 12:06:04,Website/App,,Completed,50.67
ORD0002010,CUST001593,R007,2025-08-31 12:00:04,Dine-in,,Completed,28.93
ORD0002011,CUST000764,R003,2026-04-27 18:45:04,Website/App,,Completed,74.08
ORD0002012,CUST002149,R009,2026-03-30 18:26:04,Dine-in,,Completed,47.43
ORD0002013,CUST000908,R015,2026-03-26 23:11:04,Takeaway,,Completed,92.23
ORD0002014,CUST003895,R008,2026-09-21 11:31:04,Dine-in,,Completed,23.61
ORD0002015,CUST001543,R006,2026-09-04 14:15:04,Dine-in,,Completed,88.65
ORD0002016,CUST003629,R006,2026-09-19 13:35:04,Website/App,,Completed,43.69
ORD0002017,CUST000908,R005,2026-06-10 18:39:04,Website/App,,Completed,28.39
ORD0002018,CUST000769,R003,2026-08-23 12:27:04,Dine-in,,Completed,142.63
ORD0002019,CUST002447,R006,2026-08-11 22:03:04,Takeaway,,Completed,34.05
ORD0002020,CUST003109,R014,2025-12-02 18:43:04,Takeaway,,Completed,34.7
ORD0002021,CUST002254,R005,2026-08-10 20:35:04,Dine-in,,Completed,16.87
ORD0002022,CUST000921,R004,2026-09-13 21:37:04,Dine-in,,Completed,16.76
ORD0002023,CUST000141,R012,2026-08-31 13:17:04,Website/App,,Completed,44.59
ORD0002024,CUST002454,R016,2026-08-06 12:30:04,Website/App,,Completed,54.73
ORD0002025,CUST000518,R004,2026-08-09 10:02:04,Website/App,,Completed,27.34
ORD0002026,CUST001354,R018,2026-07-31 19:04:04,Website/App,,Completed,17.27
ORD0002027,CUST002680,R006,2026-07-19 22:48:04,Dine-in,,Completed,25.71
ORD0002028,CUST000384,R008,2026-09-01 18:25:04,Third-Party Delivery,,Completed,13.55
ORD0002029,CUST000502,R016,2026-09-22 19:37:04,Takeaway,,Completed,47.48
ORD0002030,CUST000238,R003,2026-08-30 14:35:04,Dine-in,,Completed,83.14
ORD0002031,CUST003988,R002,2026-05-28 17:25:04,Dine-in,,Completed,56.97
ORD0002032,CUST001531,R013,2026-01-07 21:23:04,Dine-in,,Completed,57.13
ORD0002033,CUST003613,R001,2026-08-09 12:46:04,Dine-in,,Completed,176.79
ORD0002034,CUST001165,R011,2026-01-17 11:31:04,Dine-in,,Cancelled,106.69
ORD0002035,CUST003000,R016,2026-01-05 11:05:04,Dine-in,,Completed,26.26
ORD0002036,CUST000883,R006,2026-07-17 08:09:04,Dine-in,,Completed,46.26
ORD0002037,CUST001986,R008,2026-09-17 19:10:04,Dine-in,,Completed,14.34
ORD0002038,CUST003284,R012,2026-09-20 13:44:04,Takeaway,,Completed,52.96
ORD0002039,CUST003255,R014,2026-01-22 19:28:04,Dine-in,,Completed,12.17
ORD0002040,CUST003172,R012,2025-10-27 14:48:04,Dine-in,,Completed,72.29
ORD0002041,CUST003281,R010,2026-09-02 19:58:04,Takeaway,,Completed,18.46
ORD0002042,CUST000855,R011,2026-09-06 21:40:04,Takeaway,,Completed,33.71
ORD0002043,CUST001925,R006,2025-09-27 21:45:04,Website/App,PROMO004,Completed,33.28
ORD0002044,CUST001936,R006,2026-09-03 18:58:04,Third-Party Delivery,,Completed,35.53
ORD0002045,CUST003558,R020,2026-08-01 19:19:04,Takeaway,,Cancelled,61.96
ORD0002046,CUST001179,R010,2026-09-10 13:08:04,Dine-in,,Completed,53.56
ORD0002047,CUST003717,R016,2026-05-23 17:04:04,Dine-in,,Completed,124.1
ORD0002048,CUST001796,R001,2026-09-23 13:34:04,Website/App,,Completed,49.77
ORD0002049,CUST002655,R001,2026-07-10 13:24:04,Dine-in,,Completed,101.22
ORD0002050,CUST001075,R004,2026-07-11 11:25:04,Takeaway,,Completed,92.89
ORD0002051,CUST001625,R010,2026-07-29 14:45:04,Dine-in,,Completed,86.54
ORD0002052,CUST002825,R010,2026-04-22 16:44:04,Third-Party Delivery,,Completed,85.92
ORD0002053,CUST002045,R016,2026-07-17 20:55:04,Third-Party Delivery,,Cancelled,96.06
ORD0002054,CUST003713,R011,2026-07-20 13:21:04,Dine-in,,Completed,167.32
ORD0002055,CUST002938,R009,2026-03-11 12:24:04,Takeaway,,Completed,26.84
ORD0002056,CUST002244,R002,2026-09-16 13:11:04,Website/App,,Completed,16.17
ORD0002057,CUST003543,R011,2026-06-16 19:14:04,Takeaway,,Completed,18.74
ORD0002058,CUST002638,R004,2026-05-17 11:36:04,Dine-in,,Completed,67.3
ORD0002059,CUST002573,R012,2026-04-24 14:32:04,Dine-in,PROMO002,Completed,51.91
ORD0002060,CUST000990,R020,2025-11-30 08:18:04,Third-Party Delivery,,Completed,36.54
ORD0002061,CUST001562,R016,2026-09-06 22:35:04,Website/App,,Completed,39.75
ORD0002062,CUST002720,R003,2026-08-20 14:19:04,Dine-in,,Completed,71.71
ORD0002063,CUST003563,R007,2026-02-23 19:51:04,Takeaway,,Completed,85.41
ORD0002064,CUST001249,R016,2026-05-27 18:16:04,Takeaway,PROMO005,Completed,6.5
ORD0002065,CUST000869,R008,2026-01-29 14:07:04,Website/App,,Completed,85.04
ORD0002066,CUST002354,R011,2026-05-17 14:44:04,Third-Party Delivery,,Completed,56.77
ORD0002067,CUST000261,R016,2026-07-26 11:33:04,Dine-in,,Completed,52.31
ORD0002068,CUST002846,R017,2026-07-05 11:49:04,Dine-in,,Completed,23.56
ORD0002069,CUST002803,R011,2026-08-02 18:46:04,Takeaway,,Completed,42.86
ORD0002070,CUST001399,R014,2026-08-04 13:45:04,Website/App,,Completed,66.52
ORD0002071,CUST003566,R018,2026-08-20 18:58:04,Dine-in,,Completed,18.54
ORD0002072,CUST001996,R008,2026-07-02 10:35:04,Dine-in,,Completed,39.75
ORD0002073,CUST002568,R001,2026-07-21 16:21:04,Website/App,,Completed,110.51
ORD0002074,CUST000847,R013,2026-09-02 14:10:04,Dine-in,,Completed,58.62
ORD0002075,CUST001656,R004,2026-09-21 12:08:04,Dine-in,,Completed,23.76
ORD0002076,CUST003443,R003,2026-09-05 12:46:04,Dine-in,,Completed,66.03
ORD0002077,CUST000861,R005,2026-03-08 13:36:04,Takeaway,,Completed,53.1
ORD0002078,CUST001544,R018,2026-07-26 18:08:04,Takeaway,,Completed,34.8
ORD0002079,CUST001261,R010,2026-04-03 14:31:04,Takeaway,,Completed,19.76
ORD0002080,CUST000601,R015,2025-12-27 18:57:04,Dine-in,,Completed,109.95
ORD0002081,CUST001150,R017,2026-05-27 21:12:04,Dine-in,,Completed,7.05
ORD0002082,CUST000936,R009,2026-05-10 22:29:04,Dine-in,,Completed,52.15
ORD0002083,CUST003688,R013,2026-08-20 11:43:04,Dine-in,,Completed,51.09
ORD0002084,CUST002953,R008,2026-05-07 18:30:04,Dine-in,,Completed,8.15
ORD0002085,CUST001252,R009,2026-07-18 18:50:04,Takeaway,,Completed,74.03
ORD0002086,CUST003043,R002,2026-08-16 10:39:04,Website/App,,Completed,94.66
ORD0002087,CUST000084,R010,2026-06-05 18:32:04,Third-Party Delivery,,Completed,68.84
ORD0002088,CUST002092,R004,2026-06-05 22:48:04,Takeaway,,Completed,44.54
ORD0002089,,R006,2026-09-21 14:23:04,Website/App,,Completed,31.05
ORD0002090,CUST000457,R004,2026-03-18 21:27:04,Dine-in,,Completed,41.26
ORD0002091,CUST003532,R001,2026-08-19 20:00:04,Dine-in,,Completed,67.64
ORD0002092,CUST000812,R011,2026-03-12 20:08:04,Dine-in,,Completed,29.2
ORD0002093,CUST003277,R003,2026-03-22 14:42:04,Takeaway,,Completed,108.76
ORD0002094,CUST001638,R004,2026-05-09 11:34:04,Dine-in,,Completed,83.36
ORD0002095,CUST000056,R004,2026-08-23 22:59:04,Dine-in,,Completed,23.61
ORD0002096,CUST002918,R004,2026-02-24 22:43:04,Website/App,,Completed,148.8
ORD0002097,CUST002363,R012,2026-02-05 17:29:04,Third-Party Delivery,PROMO003,Completed,47.43
ORD0002098,CUST001358,R003,2025-12-22 13:12:04,Dine-in,,Completed,95.38
ORD0002099,CUST001120,R016,2026-07-27 13:54:04,Takeaway,,Completed,41.29
ORD0002100,CUST000288,R008,2026-03-19 20:58:04,Takeaway,,Completed,55.98
ORD0002101,CUST003762,R006,2026-09-19 20:46:04,Website/App,,Completed,67.94
ORD0002102,CUST001969,R004,2026-04-10 13:36:04,Dine-in,,Completed,73.61
ORD0002103,CUST000337,R010,2026-09-17 18:27:04,Website/App,,Completed,115.82
ORD0002104,CUST003475,R017,2026-02-18 22:44:04,Dine-in,,Completed,46.18
ORD0002105,CUST001108,R001,2026-08-06 17:32:04,Takeaway,,Completed,18.42
ORD0002106,CUST000827,R003,2026-02-27 20:25:04,Website/App,,Completed,73.09
ORD0002107,CUST001117,R014,2026-06-11 20:08:04,Dine-in,,Completed,14.79
ORD0002108,CUST002245,R020,2026-06-04 14:07:04,Third-Party Delivery,,Completed,118.54
ORD0002109,CUST000289,R010,2026-05-06 22:12:04,Takeaway,,Completed,11.07
ORD0002110,CUST001924,R008,2025-12-05 13:13:04,Website/App,,Completed,120.44
ORD0002111,CUST003579,R019,2026-06-18 21:14:04,Dine-in,,Completed,19.51
ORD0002112,CUST000765,R016,2026-03-03 18:31:04,Website/App,,Completed,4.36
ORD0002113,CUST001312,R019,2026-07-01 10:23:04,Third-Party Delivery,,Completed,51.54
ORD0002114,CUST001568,R006,2026-05-27 12:23:04,Takeaway,PROMO005,Completed,117.11
ORD0002115,CUST002324,R019,2026-08-26 14:03:04,Third-Party Delivery,,Completed,70.15
ORD0002116,CUST003670,R004,2026-06-27 22:26:04,Website/App,,Completed,14.09
ORD0002117,CUST001561,R017,2026-02-04 22:28:04,Website/App,,Completed,15.74
ORD0002118,CUST000269,R020,2025-11-07 11:41:04,Third-Party Delivery,,Completed,44.38
ORD0002119,CUST001371,R008,2025-12-13 10:01:04,Website/App,,Completed,25.56
ORD0002120,CUST000774,R015,2026-09-20 09:01:04,Third-Party Delivery,,Completed,25.21
ORD0002121,CUST002588,R018,2026-05-24 12:20:04,Takeaway,,Completed,115.95
ORD0002122,CUST000110,R009,2026-08-22 11:49:04,Dine-in,,Completed,77.58
ORD0002123,CUST001159,R016,2026-01-09 11:12:04,Dine-in,,Completed,53.41
ORD0002124,CUST002166,R002,2026-08-29 11:38:04,Website/App,,Completed,187.31
ORD0002125,CUST001104,R006,2026-09-08 19:08:04,Third-Party Delivery,,Completed,12.21
ORD0002126,CUST002192,R009,2026-08-13 12:10:04,Dine-in,,Completed,63.52
ORD0002127,CUST000459,R020,2026-01-26 19:57:04,Third-Party Delivery,,Cancelled,140.04
ORD0002128,CUST003769,R011,2026-04-29 19:50:04,Dine-in,,Completed,121.79
ORD0002129,CUST001156,R001,2026-06-06 23:25:04,Website/App,,Completed,145.39
ORD0002130,CUST003686,R004,2025-12-18 21:38:04,Dine-in,,Completed,177.69
ORD0002131,CUST001290,R002,2026-09-13 12:24:04,Website/App,,Cancelled,91.19
ORD0002132,CUST003122,R005,2026-09-02 22:14:04,Dine-in,,Completed,185.12
ORD0002133,CUST000989,R006,2026-03-31 21:42:04,Website/App,,Completed,19.89
ORD0002134,CUST002655,R011,2026-07-30 13:49:04,Website/App,,Completed,169.47
ORD0002135,CUST001283,R003,2026-04-04 12:44:04,Dine-in,,Completed,94.92
ORD0002136,CUST002029,R009,2025-08-21 22:18:04,Website/App,,Completed,46.12
ORD0002137,CUST002674,R016,2026-09-12 19:11:04,Third-Party Delivery,,Completed,30.71
ORD0002138,CUST002334,R015,2026-07-26 18:13:04,Dine-in,,Completed,64.72
ORD0002139,CUST002291,R016,2026-09-24 23:55:04,Dine-in,,Completed,23.1
ORD0002140,CUST000255,R014,2026-07-07 14:43:04,Dine-in,,Completed,87.01
ORD0002141,CUST001001,R006,2025-12-26 13:49:04,Dine-in,,Completed,-34.7
ORD0002142,CUST002272,R006,2026-08-17 13:25:04,Takeaway,,Completed,106.04
ORD0002143,CUST000070,R014,2026-08-06 21:42:04,Dine-in,,Completed,47.9
ORD0002144,CUST001008,R007,2026-07-05 13:16:04,Website/App,,Completed,49.11
ORD0002145,CUST000920,R010,2026-08-06 11:27:04,Third-Party Delivery,,Completed,52.31
ORD0002146,CUST001005,R017,2026-09-18 11:36:04,Third-Party Delivery,,Completed,58.75
ORD0002147,CUST002125,R001,2026-06-16 20:51:04,Takeaway,,Completed,-8.15
ORD0002148,CUST002310,R003,2025-12-05 19:42:04,Website/App,,Completed,96.99
ORD0002149,CUST003627,R013,2025-12-17 11:09:04,Dine-in,,Completed,63.7
ORD0002150,CUST001528,R003,2026-08-02 20:29:04,Third-Party Delivery,,Completed,46.25
ORD0002151,CUST003700,R010,2026-06-15 23:13:04,Dine-in,,Completed,77.93
ORD0002152,CUST002589,R005,2026-03-18 12:08:04,Dine-in,,Completed,73.57
ORD0002153,CUST003643,R013,2026-09-08 23:41:04,Third-Party Delivery,,Completed,101.54
ORD0002154,CUST003328,R012,2026-08-21 20:12:04,Third-Party Delivery,,Completed,68.77
ORD0002155,CUST002739,R016,2026-09-20 11:32:04,Dine-in,,Completed,56.51
ORD0002156,CUST001404,R018,2026-07-30 12:02:04,Takeaway,,Completed,44.82
ORD0002157,CUST000970,R018,2025-09-17 23:51:04,Takeaway,,Completed,28.92
ORD0002158,CUST000895,R007,2026-06-01 17:30:04,Third-Party Delivery,PROMO005,Completed,11.02
ORD0002159,CUST003809,R007,2026-06-24 14:31:04,Third-Party Delivery,,Completed,88.02
ORD0002160,CUST003835,R017,2026-09-18 12:24:04,Dine-in,,Completed,33.05
ORD0002161,CUST002886,R013,2026-04-24 14:15:04,Dine-in,PROMO002,Completed,70.48
ORD0002162,CUST003532,R017,2026-08-25 22:11:04,Third-Party Delivery,,Completed,44.11
ORD0002163,CUST003668,R004,2026-07-01 22:44:04,Third-Party Delivery,,Completed,75.5
ORD0002164,CUST002038,R017,2026-09-13 18:11:04,Website/App,,Completed,21.28
ORD0002165,CUST002501,R014,2026-08-16 19:27:04,Takeaway,,Completed,167.02
ORD0002166,CUST001661,R012,2026-09-09 13:39:04,Dine-in,,Completed,55.8
ORD0002167,CUST001660,R003,2026-04-04 16:55:04,Takeaway,,Completed,93.39
ORD0002168,CUST000143,R018,2026-07-22 18:50:04,Website/App,,Completed,107.06
ORD0002169,CUST001723,R017,2026-08-04 22:15:04,Website/App,,Completed,56.44
ORD0002170,CUST002673,R017,2026-08-08 20:56:04,Website/App,,Cancelled,44.63
ORD0002171,CUST001673,R012,2026-09-08 12:03:04,Website/App,,Completed,71.22
ORD0002172,CUST003488,R004,2026-08-10 16:06:04,Dine-in,,Completed,129.57
ORD0002173,CUST001317,R018,2026-03-28 18:55:04,Third-Party Delivery,,Completed,29.55
ORD0002174,CUST000526,R018,2026-09-21 14:23:04,Takeaway,,Completed,46.13
ORD0002175,CUST003238,R004,2026-05-13 11:19:04,Website/App,,Completed,41.33
ORD0002176,CUST002675,R010,2026-06-05 11:52:04,Takeaway,,Completed,54.76
ORD0002177,CUST000971,R015,2026-04-09 11:13:04,Dine-in,,Completed,46.68
ORD0002178,CUST002128,R018,2026-07-05 21:12:04,Website/App,,Completed,91.06
ORD0002179,CUST001591,R001,2026-08-14 21:51:04,Dine-in,,Completed,52.98
ORD0002180,CUST003753,R011,2026-01-04 22:19:04,Dine-in,,Completed,51.1
ORD0002181,CUST002403,R018,2026-04-05 12:59:04,Takeaway,,Completed,42.06
ORD0002182,CUST000637,R012,2026-05-06 14:53:04,Website/App,,Completed,62.31
ORD0002183,CUST001996,R004,2025-09-13 14:18:04,Website/App,,Completed,97.28
ORD0002184,CUST003443,R003,2026-08-20 14:45:04,Takeaway,,Completed,37.41
ORD0002185,CUST002665,R019,2026-09-14 22:53:04,Takeaway,,Completed,102.81
ORD0002186,CUST003364,R010,2026-08-26 19:36:04,Website/App,,Completed,29.13
ORD0002187,CUST001006,R006,2026-02-07 10:41:04,Takeaway,,Completed,21.63
ORD0002188,CUST003549,R014,2026-01-03 13:03:04,Dine-in,,Completed,58.83
ORD0002189,CUST003009,R015,2026-08-24 13:10:04,Dine-in,,Completed,105.65
ORD0002190,CUST002904,R017,2026-04-24 13:12:04,Dine-in,,Completed,30.05
ORD0002191,CUST001366,R019,2026-03-01 12:21:04,Third-Party Delivery,,Completed,68.23
ORD0002192,CUST003546,R009,2026-08-27 12:16:04,Takeaway,,Completed,87.1
ORD0002193,CUST002537,R005,2026-02-03 21:50:04,Website/App,PROMO003,Completed,36.1
ORD0002194,CUST003403,R004,2026-06-06 13:15:04,Takeaway,,Completed,34.12
ORD0002195,CUST001422,R016,2026-04-22 12:58:04,Takeaway,PROMO002,Completed,33.05
ORD0002196,CUST000579,R005,2026-03-30 12:02:04,Takeaway,,Completed,151.43
ORD0002197,CUST001317,R008,2026-08-26 08:05:04,Website/App,,Completed,65.8
ORD0002198,CUST001815,R019,2026-01-19 13:03:04,Takeaway,,Completed,72.84
ORD0002199,CUST002117,R003,2026-09-16 18:53:04,Dine-in,,Completed,36.77
ORD0002200,CUST002036,R009,2026-08-08 22:50:04,Dine-in,,Completed,21.63
ORD0002201,CUST002169,R003,2026-06-14 22:14:04,Website/App,,Completed,22.19
ORD0002202,CUST003362,R012,2026-08-14 18:11:04,Dine-in,,Completed,26.5
ORD0002203,CUST000687,R003,2026-08-12 18:24:04,Dine-in,,Completed,72.86
ORD0002204,CUST001252,R019,2026-06-28 19:15:04,Dine-in,,Completed,225.44
ORD0002205,CUST003549,R003,2025-11-07 11:05:04,Dine-in,PROMO006,Completed,33.81
ORD0002206,CUST002224,R006,2026-08-24 22:03:04,Dine-in,,Completed,98.3
ORD0002207,CUST002315,R018,2026-07-22 23:18:04,Takeaway,,Completed,38.21
ORD0002208,CUST001907,R016,2026-09-17 11:37:04,Website/App,,Completed,35.74
ORD0002209,CUST002181,R013,2026-03-31 18:31:04,Takeaway,,Completed,228.33
ORD0002210,CUST000808,R006,2026-09-18 14:11:04,Third-Party Delivery,,Completed,12.51
ORD0002211,CUST002174,R006,2026-02-15 21:43:04,Takeaway,,Completed,22.33
ORD0002212,CUST003991,R013,2025-12-09 08:44:04,Dine-in,,Completed,139.26
ORD0002213,CUST002250,R020,2026-09-18 08:19:04,Third-Party Delivery,,Completed,56.92
ORD0002214,,R004,2026-08-21 14:01:04,Dine-in,,Cancelled,44.83
ORD0002215,CUST003180,R017,2026-09-22 22:43:04,Dine-in,,Completed,63.91
ORD0002216,CUST001569,R006,2026-07-24 20:39:04,Dine-in,,Completed,7.05
ORD0002217,CUST000612,R010,2026-04-14 13:26:04,Third-Party Delivery,PROMO002,Completed,28.88
ORD0002218,CUST003443,R013,2026-08-29 18:26:04,Takeaway,,Completed,42.52
ORD0002219,CUST000807,R007,2026-09-07 12:01:04,Third-Party Delivery,,Completed,62.1
ORD0002220,CUST003675,R007,2026-08-15 13:59:04,Dine-in,,Completed,6.5
ORD0002221,CUST001758,R014,2026-04-25 14:14:04,Third-Party Delivery,,Completed,88.84
ORD0002222,CUST002962,R007,2026-03-02 17:42:04,Takeaway,,Completed,43.13
ORD0002223,CUST002175,R011,2026-05-04 13:39:04,Takeaway,,Completed,103.7
ORD0002224,CUST001026,R001,2026-06-03 11:14:04,Third-Party Delivery,,Completed,21.63
ORD0002225,CUST002662,R005,2026-09-23 15:45:04,Third-Party Delivery,,Completed,47.24
ORD0002226,CUST003832,R002,2026-07-09 11:53:04,Takeaway,,Completed,69.22
ORD0002227,CUST003066,R018,2026-06-25 18:45:04,Website/App,,Completed,190.36
ORD0002228,CUST002393,R008,2026-05-10 21:19:04,Dine-in,,Completed,104.51
ORD0002229,CUST003963,R010,2026-07-29 11:24:04,Website/App,,Completed,38.93
ORD0002230,CUST001062,R003,2026-02-27 14:28:04,Website/App,,Completed,41.88
ORD0002231,CUST000241,R009,2026-06-14 14:40:04,Dine-in,,Completed,12.06
ORD0002232,CUST000119,R013,2026-05-20 11:38:04,Takeaway,,Completed,29.45
ORD0002233,CUST002828,R007,2025-10-11 21:51:04,Takeaway,,Completed,15.13
ORD0002234,CUST003309,R007,2026-09-14 13:10:04,Third-Party Delivery,,Completed,33.16
ORD0002235,CUST002524,R002,2026-05-24 14:32:04,Takeaway,,Completed,45.2
ORD0002236,CUST003611,R019,2026-06-01 22:28:04,Dine-in,,Completed,43.21
ORD0002237,CUST002784,R014,2026-07-12 11:41:04,Dine-in,,Completed,29.55
ORD0002238,CUST001462,R018,2025-11-05 14:27:04,Dine-in,,Completed,14.2
ORD0002239,CUST000738,R006,2026-01-05 12:47:04,Third-Party Delivery,,Completed,-147.23
ORD0002240,CUST003693,R009,2026-06-01 08:20:04,Dine-in,,Completed,29.55
ORD0002241,CUST000407,R011,2026-06-03 18:59:04,Third-Party Delivery,,Completed,33.71
ORD0002242,CUST002158,R006,2026-06-29 11:03:04,Website/App,,Completed,40.96
ORD0002243,CUST001245,R007,2026-07-09 15:54:04,Dine-in,,Completed,134.55
ORD0002244,CUST001085,R018,2025-12-14 20:43:04,Website/App,,Completed,101.94
ORD0002245,CUST002568,R008,2026-06-14 10:32:04,Dine-in,,Completed,71.83
ORD0002246,CUST000930,R012,2026-07-30 20:11:04,Takeaway,,Completed,38.56
ORD0002247,CUST003657,R017,2026-09-11 11:12:04,Dine-in,,Completed,30.24
ORD0002248,CUST001607,R019,2026-09-19 12:22:04,Third-Party Delivery,,Completed,31.11
ORD0002249,CUST002688,R005,2025-12-13 11:25:04,Dine-in,,Completed,76.33
ORD0002250,CUST002899,R018,2026-08-27 13:52:04,Takeaway,,Cancelled,155.96
ORD0002251,CUST002719,R015,2026-07-26 20:15:04,Third-Party Delivery,,Completed,11.35
ORD0002252,CUST003604,R014,2026-07-17 11:22:04,Website/App,,Completed,7.14
ORD0002253,CUST000929,R011,2026-08-14 20:42:04,Dine-in,,Completed,60.54
ORD0002254,CUST000338,R009,2026-08-27 20:44:04,Dine-in,,Completed,64.8
ORD0002255,CUST000210,R017,2026-08-02 20:36:04,Dine-in,,Completed,8.62
ORD0002256,CUST003510,R011,2026-02-14 19:21:04,Dine-in,,Completed,31.52
ORD0002257,CUST003890,R007,2026-07-24 19:37:04,Dine-in,,Cancelled,128.66
ORD0002258,CUST001203,R018,2026-07-20 21:27:04,Dine-in,,Completed,53.24
ORD0002259,CUST002764,R014,2026-05-27 21:01:04,Website/App,PROMO005,Completed,13.26
ORD0002260,CUST000034,R009,2026-06-04 22:54:04,Website/App,,Completed,78.87
ORD0002261,,R006,2026-04-19 17:07:04,Takeaway,PROMO002,Completed,19.57
ORD0002262,CUST002747,R015,2026-07-07 22:34:04,Takeaway,,Completed,33.3
ORD0002263,CUST000255,R014,2026-09-07 18:16:04,Website/App,,Cancelled,173.97
ORD0002264,CUST001866,R013,2026-09-11 18:10:04,Takeaway,,Completed,127.98
ORD0002265,CUST002627,R011,2026-06-15 09:25:04,Dine-in,,Completed,19.51
ORD0002266,CUST003051,R006,2026-09-10 13:17:04,Dine-in,,Completed,120.54
ORD0002267,CUST001809,R012,2026-09-02 12:55:04,Dine-in,,Completed,42.1
ORD0002268,CUST002506,R011,2026-09-18 22:38:04,Website/App,,Completed,15.13
ORD0002269,CUST002144,R003,2025-11-10 21:55:04,Website/App,PROMO001,Completed,49.72
ORD0002270,CUST000197,R014,2026-09-10 11:43:04,Website/App,,Completed,20.01
ORD0002271,CUST002963,R013,2026-04-02 22:22:04,Third-Party Delivery,,Cancelled,50.1
ORD0002272,CUST000702,R003,2026-08-17 18:35:04,Dine-in,,Completed,195.14
ORD0002273,CUST000117,R002,2026-08-15 17:27:04,Dine-in,,Completed,82.91
ORD0002274,CUST001797,R001,2026-01-05 22:30:04,Website/App,,Completed,14.34
ORD0002275,CUST003460,R018,2025-08-27 12:27:04,Third-Party Delivery,,Completed,21.63
ORD0002276,CUST000599,R011,2026-09-09 13:08:04,Dine-in,,Completed,109.67
ORD0002277,CUST000051,R012,2026-06-26 20:52:04,Takeaway,,Completed,36.68
ORD0002278,CUST000435,R019,2026-04-24 11:20:04,Dine-in,,Completed,128.14
ORD0002279,CUST001432,R019,2026-02-21 13:54:04,Dine-in,,Completed,43.79
ORD0002280,CUST002303,R020,2026-09-22 20:28:04,Third-Party Delivery,,Completed,134.1
ORD0002281,CUST000784,R008,2026-09-07 20:23:04,Takeaway,,Completed,85.82
ORD0002282,CUST003200,R013,2025-11-29 14:53:04,Takeaway,,Completed,58.68
ORD0002283,CUST003000,R004,2026-03-05 11:00:04,Dine-in,,Completed,72.78
ORD0002284,CUST002773,R020,2025-11-02 10:59:04,Website/App,,Completed,89.06
ORD0002285,CUST001946,R018,2026-09-16 23:10:04,Website/App,,Completed,15.78
ORD0002286,CUST001439,R020,2026-08-23 13:35:04,Takeaway,,Completed,95.42
ORD0002287,CUST001485,R018,2026-01-10 19:43:04,Dine-in,PROMO009,Completed,43.94
ORD0002288,CUST001999,R006,2026-06-17 22:05:04,Website/App,,Completed,46.75
ORD0002289,CUST000304,R020,2026-09-12 13:38:04,Takeaway,,Completed,83.35
ORD0002290,CUST002715,R009,2026-08-18 14:22:04,Takeaway,,Completed,172.21
ORD0002291,CUST001387,R020,2026-04-15 14:07:04,Takeaway,,Completed,27.82
ORD0002292,CUST000906,R010,2026-07-22 12:02:04,Dine-in,,Completed,51.61
ORD0002293,CUST001107,R002,2026-06-27 21:05:04,Dine-in,,Completed,41.1
ORD0002294,CUST000733,R005,2026-08-16 21:59:04,Takeaway,,Completed,42.52
ORD0002295,CUST003600,R002,2026-05-30 20:50:04,Third-Party Delivery,PROMO005,Completed,49.67
ORD0002296,CUST000683,R002,2026-05-28 11:20:04,Website/App,,Completed,61.41
ORD0002297,CUST003528,R011,2026-08-07 22:03:04,Third-Party Delivery,,Completed,116.78
ORD0002298,CUST002273,R002,2026-08-18 13:55:04,Dine-in,,Completed,170.1
ORD0002299,CUST003467,R016,2026-08-24 19:37:04,Website/App,,Completed,34.76
ORD0002300,CUST001890,R011,2026-08-09 14:08:04,Dine-in,,Completed,97.33
ORD0002301,CUST003703,R020,2026-08-22 13:03:04,Takeaway,,Completed,65.53
ORD0002302,CUST000855,R005,2026-09-07 11:34:04,Third-Party Delivery,,Completed,35.53
ORD0002303,CUST002205,R017,2026-05-24 18:10:04,Third-Party Delivery,PROMO005,Completed,15.13
ORD0002304,CUST000497,R016,2026-06-23 21:17:04,Website/App,,Completed,144.47
ORD0002305,CUST001781,R003,2026-07-03 22:37:04,Dine-in,,Completed,74.19
ORD0002306,CUST002264,R008,2026-09-03 23:21:04,Dine-in,,Completed,47.28
ORD0002307,CUST002397,R006,2025-10-05 11:53:04,Third-Party Delivery,PROMO004,Completed,20.5
ORD0002308,CUST001440,R003,2026-02-10 17:33:04,Website/App,,Completed,41.65
ORD0002309,CUST000298,R014,2025-12-19 17:58:04,Dine-in,,Completed,258.72
ORD0002310,CUST002599,R004,2026-09-23 12:27:04,Dine-in,,Completed,8.81
ORD0002311,CUST001950,R009,2026-06-09 11:05:04,Dine-in,,Completed,118.71
ORD0002312,CUST000542,R011,2026-09-22 14:54:04,Third-Party Delivery,,Completed,132.08
ORD0002313,CUST003739,R009,2026-08-26 23:53:04,Third-Party Delivery,,Completed,79.88
ORD0002314,CUST003822,R017,2026-07-04 13:53:04,Dine-in,,Completed,67.5
ORD0002315,CUST003424,R005,2025-12-25 21:59:04,Dine-in,,Completed,18.05
ORD0002316,CUST003370,R003,2026-03-25 13:47:04,Website/App,,Completed,44.47
ORD0002317,CUST000387,R002,2026-04-03 13:12:04,Website/App,,Completed,77.68
ORD0002318,CUST003976,R013,2025-12-24 12:50:04,Takeaway,,Cancelled,90.75
ORD0002319,CUST001586,R011,2026-09-08 14:19:04,Website/App,,Completed,80.23
ORD0002320,CUST000658,R005,2026-09-11 22:20:04,Third-Party Delivery,,Completed,85.8
ORD0002321,CUST003239,R008,2026-08-04 13:20:04,Dine-in,,Completed,65.42
ORD0002322,CUST000909,R009,2026-08-05 20:59:04,Takeaway,,Completed,18.6
ORD0002323,CUST002092,R007,2026-05-17 12:58:04,Dine-in,,Completed,85.87
ORD0002324,CUST000506,R008,2026-03-27 12:51:04,Third-Party Delivery,,Completed,11.01
ORD0002325,CUST001892,R016,2026-06-23 14:05:04,Third-Party Delivery,,Completed,3.79
ORD0002326,CUST002216,R010,2026-08-13 13:55:04,Third-Party Delivery,,Completed,70.31
ORD0002327,CUST001776,R013,2026-08-03 13:50:04,Third-Party Delivery,,Completed,47.24
ORD0002328,CUST000270,R001,2026-01-22 22:58:04,Takeaway,PROMO011,Completed,10.74
ORD0002329,CUST001936,R006,2026-08-31 21:26:04,Third-Party Delivery,,Completed,43.89
ORD0002330,CUST001870,R006,2026-08-22 11:52:04,Website/App,,Completed,43.84
ORD0002331,CUST001048,R001,2026-06-27 20:40:04,Dine-in,,Completed,54.31
ORD0002332,CUST003680,R006,2026-09-16 21:53:04,Dine-in,,Completed,219.14
ORD0002333,CUST001657,R005,2026-06-08 11:08:04,Third-Party Delivery,,Completed,22.19
ORD0002334,CUST003452,R016,2026-04-13 12:59:04,Website/App,,Completed,38.89
ORD0002335,CUST000433,R005,2026-07-13 12:37:04,Dine-in,,Completed,119.2
ORD0002336,CUST001264,R009,2026-06-23 21:31:04,Website/App,,Completed,8.63
ORD0002337,CUST000718,R007,2026-08-22 18:36:04,Third-Party Delivery,,Completed,17.36
ORD0002338,CUST001614,R013,2026-07-16 22:48:04,Third-Party Delivery,,Completed,94.99
ORD0002339,CUST000446,R018,2026-09-16 15:53:04,Dine-in,,Completed,33.71
ORD0002340,CUST001756,R009,2026-08-09 14:07:04,Third-Party Delivery,,Completed,31.46
ORD0002341,CUST001395,R002,2026-09-20 11:50:04,Third-Party Delivery,,Completed,37.46
ORD0002342,CUST000899,R001,2026-01-22 09:12:04,Dine-in,PROMO009,Completed,56.14
ORD0002343,CUST002553,R017,2026-06-26 22:14:04,Takeaway,,Completed,22.19
ORD0002344,CUST003803,R017,2026-09-09 13:06:04,Third-Party Delivery,,Cancelled,163.63
ORD0002345,CUST000838,R018,2026-09-07 14:01:04,Website/App,,Completed,23.76
ORD0002346,CUST002834,R007,2026-09-23 16:04:04,Website/App,,Completed,73.5
ORD0002347,CUST002960,R001,2026-08-30 11:46:04,Website/App,,Completed,33.8
ORD0002348,CUST001985,R012,2026-08-04 11:03:04,Dine-in,,Completed,88.71
ORD0002349,CUST003587,R011,2026-06-19 13:23:04,Website/App,,Completed,31.68
ORD0002350,CUST003864,R012,2025-10-27 14:45:04,Website/App,PROMO001,Completed,43.77
ORD0002351,CUST001427,R012,2026-09-13 22:30:04,Takeaway,,Completed,39.75
ORD0002352,CUST002585,R005,2026-07-27 12:23:04,Website/App,,Completed,22.3
ORD0002353,CUST002626,R008,2026-04-16 13:53:04,Dine-in,,Completed,78.64
ORD0002354,CUST001597,R002,2026-08-29 18:12:04,Takeaway,,Completed,43.04
ORD0002355,CUST001255,R018,2026-01-04 11:09:04,Website/App,,Completed,34.56
ORD0002356,CUST003727,R006,2026-03-31 12:49:04,Takeaway,,Completed,102.79
ORD0002357,CUST003155,R015,2026-01-25 21:46:04,Dine-in,PROMO011,Completed,119.31
ORD0002358,CUST000458,R020,2026-09-23 13:29:04,Website/App,,Completed,67.41
ORD0002359,CUST000476,R017,2026-02-22 11:01:04,Dine-in,,Completed,16.75
ORD0002360,CUST003683,R016,2026-08-10 09:41:04,Website/App,,Completed,47.55
ORD0002361,CUST000317,R006,2026-09-03 22:30:04,Takeaway,,Completed,21.14
ORD0002362,CUST002744,R020,2026-05-31 13:20:04,Dine-in,,Completed,15.26
ORD0002363,CUST000911,R009,2026-03-09 11:36:04,Dine-in,,Completed,27.5
ORD0002364,CUST000130,R010,2026-08-20 22:16:04,Third-Party Delivery,,Completed,78.87
ORD0002365,CUST000230,R008,2026-08-05 17:18:04,Dine-in,,Completed,92.95
ORD0002366,CUST001474,R001,2026-09-01 14:00:04,Dine-in,,Completed,15.35
ORD0002367,CUST000304,R020,2026-09-04 11:37:04,Dine-in,,Completed,39.18
ORD0002368,CUST002364,R019,2026-08-13 20:39:04,Third-Party Delivery,,Completed,72.77
ORD0002369,CUST002573,R006,2026-09-20 18:14:04,Third-Party Delivery,,Completed,64.72
ORD0002370,CUST001474,R009,2026-09-11 12:17:04,Website/App,,Completed,50.28
ORD0002371,CUST002963,R013,2026-07-23 21:02:04,Website/App,,Completed,50.32
ORD0002372,CUST001957,R017,2026-01-22 10:10:04,Website/App,,Completed,95.27
ORD0002373,CUST001709,R012,2025-12-25 22:56:04,Website/App,,Completed,70.38
ORD0002374,CUST001610,R012,2026-09-03 19:13:04,Website/App,,Completed,75.79
ORD0002375,CUST001712,R011,2026-08-21 13:01:04,Takeaway,,Completed,28.58
ORD0002376,CUST003869,R011,2026-09-18 11:36:04,Dine-in,,Completed,15.13
ORD0002377,CUST002709,R001,2026-06-09 13:02:04,Website/App,,Completed,153.5
ORD0002378,CUST001248,R020,2026-08-20 14:25:04,Website/App,,Completed,77.17
ORD0002379,CUST002926,R014,2026-05-16 13:32:04,Third-Party Delivery,,Completed,22.51
ORD0002380,CUST001309,R005,2026-07-13 12:36:04,Website/App,,Completed,52.68
ORD0002381,CUST000496,R003,2026-08-02 18:10:04,Takeaway,,Completed,22.37
ORD0002382,CUST001894,R003,2026-07-17 18:22:04,Dine-in,,Cancelled,30.24
ORD0002383,CUST002992,R015,2026-05-29 14:15:04,Website/App,,Completed,-78.24
ORD0002384,CUST001496,R006,2026-07-05 11:00:04,Dine-in,,Completed,12.6
ORD0002385,CUST003477,R017,2026-07-02 11:25:04,Website/App,,Cancelled,39.09
ORD0002386,CUST001531,R003,2025-10-05 19:52:04,Dine-in,,Completed,28.1
ORD0002387,CUST001379,R016,2026-09-18 22:47:04,Takeaway,,Completed,52.31
ORD0002388,CUST003996,R002,2026-01-23 10:54:04,Third-Party Delivery,,Completed,43.79
ORD0002389,CUST001926,R003,2026-03-28 16:43:04,Takeaway,,Completed,226.95
ORD0002390,CUST003215,R016,2026-07-16 10:59:04,Takeaway,,Completed,39.75
ORD0002391,CUST003215,R006,2026-08-17 20:32:04,Takeaway,,Completed,35.63
ORD0002392,CUST003699,R020,2026-06-23 14:40:04,Dine-in,,Completed,73.18
ORD0002393,CUST000334,R015,2026-05-15 14:26:04,Website/App,,Completed,76.95
ORD0002394,CUST001083,R008,2026-09-21 13:55:04,Takeaway,,Completed,87.29
ORD0002395,CUST003058,R006,2026-08-22 11:51:04,Dine-in,,Completed,42.28
ORD0002396,CUST002235,R009,2026-08-28 12:32:04,Dine-in,,Completed,46.55
ORD0002397,CUST002222,R010,2026-04-19 20:09:04,Dine-in,,Completed,119.94
ORD0002398,CUST000670,R001,2026-09-08 12:29:04,Third-Party Delivery,,Completed,37.94
ORD0002399,CUST001119,R013,2025-11-21 12:22:04,Dine-in,,Cancelled,20.66
ORD0002400,CUST002073,R015,2026-09-24 12:35:04,Dine-in,,Completed,127.43
ORD0002401,CUST001104,R006,2026-07-16 20:22:04,Dine-in,,Completed,41.1
ORD0002402,CUST000851,R006,2026-07-15 11:03:04,Website/App,,Completed,82.8
ORD0002403,CUST000346,R009,2026-08-18 11:08:04,Takeaway,,Completed,56.2
ORD0002404,CUST000625,R018,2026-08-20 12:12:04,Dine-in,,Completed,57.96
ORD0002405,CUST003063,R006,2026-06-26 11:41:04,Third-Party Delivery,,Completed,82.66
ORD0002406,CUST002864,R001,2026-01-15 21:27:04,Takeaway,PROMO009,Completed,91.03
ORD0002407,CUST000173,R007,2026-08-27 11:56:04,Dine-in,,Completed,22.19
ORD0002408,CUST000826,R003,2026-08-21 17:24:04,Third-Party Delivery,,Cancelled,78.12
ORD0002409,CUST002224,R006,2026-05-25 13:31:04,Takeaway,,Completed,57.03
ORD0002410,CUST001279,R017,2026-07-31 12:22:04,Takeaway,,Completed,44.95
ORD0002411,CUST003280,R019,2026-08-29 13:48:04,Website/App,,Completed,172.42
ORD0002412,CUST003134,R011,2026-09-19 20:54:04,Third-Party Delivery,,Completed,42.09
ORD0002413,CUST003563,R019,2026-05-15 16:04:04,Third-Party Delivery,,Completed,108.75
ORD0002414,CUST002236,R008,2026-06-10 22:32:04,Third-Party Delivery,,Completed,24.31
ORD0002415,CUST001388,R006,2026-09-10 18:42:04,Third-Party Delivery,,Completed,42.16
ORD0002416,CUST002398,R005,2025-12-28 18:51:04,Third-Party Delivery,PROMO008,Completed,85.77
ORD0002417,CUST000350,R017,2026-09-12 14:19:04,Website/App,,Completed,67.03
ORD0002418,CUST000036,R007,2026-08-01 12:05:04,Website/App,,Completed,32.33
ORD0002419,CUST000064,R009,2026-09-22 20:10:04,Dine-in,,Completed,37.25
ORD0002420,CUST001611,R015,2026-07-21 20:41:04,Third-Party Delivery,,Completed,39.75
ORD0002421,CUST000915,R018,2026-09-22 10:33:04,Website/App,,Completed,16.75
ORD0002422,CUST000632,R012,2026-07-19 12:21:04,Dine-in,,Completed,18.0
ORD0002423,CUST002439,R006,2026-09-12 22:33:04,Third-Party Delivery,,Completed,22.04
ORD0002424,CUST003984,R016,2026-04-30 18:22:04,Dine-in,,Completed,190.75
ORD0002425,CUST000723,R008,2026-01-02 19:19:04,Takeaway,,Completed,35.34
ORD0002426,CUST002170,R001,2026-09-20 11:45:04,Third-Party Delivery,,Completed,14.16
ORD0002427,CUST000476,R007,2026-07-18 15:31:04,Website/App,,Completed,15.13
ORD0002428,CUST003729,R014,2026-07-02 18:12:04,Dine-in,,Completed,140.97
ORD0002429,CUST001158,R007,2026-09-22 22:39:04,Dine-in,,Completed,21.63
ORD0002430,CUST003514,R011,2025-11-01 14:52:04,Third-Party Delivery,PROMO001,Completed,6.98
ORD0002431,CUST001127,R006,2025-11-07 22:26:04,Takeaway,,Completed,44.49
ORD0002432,CUST003217,R013,2026-09-24 19:43:04,Takeaway,,Completed,95.89
ORD0002433,CUST000847,R012,2026-08-29 20:54:04,Third-Party Delivery,,Completed,82.36
ORD0002434,CUST001162,R014,2026-04-17 18:13:04,Takeaway,PROMO002,Completed,38.95
ORD0002435,CUST000783,R009,2026-09-23 14:59:04,Takeaway,,Completed,129.34
ORD0002436,CUST001057,R006,2026-09-04 12:49:04,Takeaway,,Completed,49.64
ORD0002437,CUST003335,R008,2026-09-19 21:01:04,Website/App,,Completed,44.67
ORD0002438,CUST002542,R006,2026-07-01 12:08:04,Takeaway,,Completed,76.24
ORD0002439,CUST001607,R020,2026-09-15 21:16:04,Third-Party Delivery,,Completed,43.52
ORD0002440,CUST003884,R010,2026-09-11 14:56:04,Dine-in,,Completed,41.74
ORD0002441,CUST001854,R004,2026-03-15 13:35:04,Third-Party Delivery,,Completed,15.13
ORD0002442,CUST003875,R006,2026-08-18 22:02:04,Dine-in,,Completed,48.28
ORD0002443,CUST000800,R016,2026-05-12 12:13:04,Website/App,,Completed,86.03
ORD0002444,CUST003609,R018,2026-09-23 21:38:04,Dine-in,,Completed,63.17
ORD0002445,CUST000054,R009,2026-08-09 14:01:04,Takeaway,,Completed,293.62
ORD0002446,CUST002166,R012,2026-05-05 18:15:04,Third-Party Delivery,,Completed,31.35
ORD0002447,CUST001678,R008,2026-09-22 11:47:04,Dine-in,,Completed,8.15
ORD0002448,CUST002087,R018,2026-05-05 14:59:04,Website/App,,Completed,179.24
ORD0002449,CUST002200,R006,2026-09-24 12:18:04,Dine-in,,Completed,4.78
ORD0002450,CUST001538,R010,2026-09-01 19:36:04,Website/App,,Completed,51.06
ORD0002451,CUST003996,R019,2025-12-13 11:47:04,Third-Party Delivery,,Completed,61.92
ORD0002452,CUST003904,R008,2026-04-29 09:09:04,Takeaway,,Completed,90.36
ORD0002453,CUST003847,R015,2026-06-19 21:44:04,Takeaway,,Completed,120.11
ORD0002454,CUST003915,R012,2026-04-14 11:05:04,Dine-in,PROMO002,Completed,31.57
ORD0002455,CUST003166,R018,2026-09-17 12:31:04,Dine-in,,Completed,48.12
ORD0002456,CUST003955,R014,2025-12-04 12:35:04,Dine-in,,Completed,68.38
ORD0002457,CUST003565,R012,2025-11-27 11:57:04,Dine-in,,Completed,80.91
ORD0002458,CUST001651,R015,2026-09-10 13:48:04,Third-Party Delivery,,Completed,70.15
ORD0002459,CUST003133,R010,2026-08-03 18:48:04,Third-Party Delivery,,Completed,82.8
ORD0002460,CUST003640,R007,2026-02-07 21:48:04,Website/App,,Completed,4.36
ORD0002461,CUST002836,R005,2026-09-24 18:22:04,Takeaway,,Completed,52.9
ORD0002462,CUST001677,R019,2025-12-21 22:07:04,Third-Party Delivery,,Completed,15.78
ORD0002463,CUST000255,R004,2026-06-24 19:30:04,Takeaway,,Completed,50.05
ORD0002464,CUST003233,R014,2026-03-01 08:49:04,Dine-in,,Completed,26.39
ORD0002465,CUST003810,R003,2026-03-17 20:45:04,Dine-in,,Completed,79.5
ORD0002466,,R003,2026-07-03 20:43:04,Dine-in,,Completed,128.72
ORD0002467,CUST000604,R015,2026-03-23 20:02:04,Dine-in,,Completed,57.29
ORD0002468,CUST001294,R009,2026-07-20 19:30:04,Takeaway,,Completed,26.16
ORD0002469,CUST002313,R010,2026-09-13 14:30:04,Website/App,,Completed,14.69
ORD0002470,CUST001256,R016,2026-04-27 21:46:04,Takeaway,,Completed,35.53
ORD0002471,CUST002419,R016,2026-06-19 20:37:04,Website/App,,Completed,50.07
ORD0002472,CUST003866,R008,2026-08-17 16:00:04,Website/App,,Cancelled,21.45
ORD0002473,CUST002660,R014,2026-09-23 23:12:04,Dine-in,,Completed,149.34
ORD0002474,CUST001428,R003,2026-07-22 21:27:04,Third-Party Delivery,,Completed,95.8
ORD0002475,CUST003739,R004,2026-05-16 22:38:04,Website/App,,Completed,15.13
ORD0002476,CUST002249,R002,2026-07-14 18:37:04,Third-Party Delivery,,Cancelled,294.88
ORD0002477,CUST000507,R007,2026-08-27 12:30:04,Third-Party Delivery,,Completed,70.6
ORD0002478,CUST001987,R020,2026-09-16 19:03:04,Takeaway,,Completed,72.81
ORD0002479,CUST002593,R013,2026-09-11 22:53:04,Website/App,,Completed,138.25
ORD0002480,CUST003350,R018,2026-07-29 11:27:04,Dine-in,,Completed,70.65
ORD0002481,CUST003741,R012,2026-09-01 13:53:04,Dine-in,,Completed,34.12
ORD0002482,CUST001258,R017,2026-04-05 21:37:04,Website/App,,Completed,45.79
ORD0002483,CUST000625,R009,2026-08-30 12:47:04,Third-Party Delivery,,Completed,28.81
ORD0002484,CUST000289,R020,2025-12-29 13:11:04,Website/App,,Completed,47.55
ORD0002485,CUST002943,R012,2025-09-19 18:58:04,Takeaway,,Completed,75.96
ORD0002486,CUST003174,R006,2026-03-27 18:43:04,Website/App,,Completed,8.21
ORD0002487,CUST001620,R001,2026-09-03 14:11:04,Dine-in,,Completed,122.08
ORD0002488,CUST001567,R012,2026-08-31 14:10:04,Dine-in,,Completed,44.23
ORD0002489,CUST003816,R003,2026-04-30 08:34:04,Takeaway,,Completed,34.68
ORD0002490,CUST003659,R015,2026-09-24 16:03:04,Dine-in,,Completed,42.19
ORD0002491,CUST000937,R005,2026-09-23 12:47:04,Dine-in,,Completed,77.52
ORD0002492,CUST003115,R018,2026-08-04 11:10:04,Website/App,,Completed,8.63
ORD0002493,CUST002473,R017,2026-06-12 14:03:04,Dine-in,,Completed,102.71
ORD0002494,CUST000616,R013,2026-07-21 19:29:04,Takeaway,,Completed,44.58
ORD0002495,CUST001407,R006,2026-07-02 22:47:04,Dine-in,,Completed,104.93
ORD0002496,CUST000723,R008,2025-10-01 22:27:04,Website/App,PROMO004,Completed,23.71
ORD0002497,CUST001173,R013,2025-10-05 11:42:04,Third-Party Delivery,PROMO004,Completed,79.24
ORD0002498,CUST002439,R016,2026-08-10 17:56:04,Dine-in,,Completed,79.34
ORD0002499,CUST001484,R007,2026-01-24 12:22:04,Dine-in,PROMO011,Cancelled,52.05
ORD0002500,CUST001558,R004,2026-08-08 18:22:04,Takeaway,,Completed,83.58
ORD0002501,CUST002144,R007,2026-01-10 11:14:04,Dine-in,,Completed,16.58
ORD0002502,CUST000343,R005,2026-09-03 19:39:04,Dine-in,,Completed,143.33
ORD0002503,CUST002944,R018,2026-04-15 20:58:04,Third-Party Delivery,,Cancelled,33.3
ORD0002504,CUST001590,R003,2026-05-30 19:07:04,Third-Party Delivery,,Completed,23.25
ORD0002505,CUST001918,R014,2026-08-21 20:20:04,Website/App,,Completed,14.34
ORD0002506,CUST003895,R018,2026-09-17 12:31:04,Dine-in,,Completed,10.33
ORD0002507,CUST001358,R014,2026-06-21 19:04:04,Dine-in,,Completed,63.55
ORD0002508,CUST002575,R011,2026-04-12 22:13:04,Third-Party Delivery,,Completed,87.75
ORD0002509,CUST001551,R011,2026-03-04 18:44:04,Takeaway,,Completed,31.46
ORD0002510,CUST003571,R017,2026-08-29 16:30:04,Dine-in,,Completed,38.63
ORD0002511,CUST003384,R006,2026-06-16 11:57:04,Dine-in,,Completed,62.86
ORD0002512,CUST000971,R015,2026-06-29 12:01:04,Takeaway,,Completed,76.24
ORD0002513,CUST002756,R005,2026-09-21 18:55:04,Website/App,,Completed,149.79
ORD0002514,CUST000253,R013,2026-03-12 19:55:04,Takeaway,,Cancelled,81.77
ORD0002515,CUST003851,R002,2026-01-29 11:19:04,Dine-in,,Completed,188.15
ORD0002516,CUST001376,R012,2026-09-09 20:29:04,Website/App,,Completed,16.25
ORD0002517,CUST003318,R004,2026-06-22 12:05:04,Takeaway,,Completed,59.43
ORD0002518,CUST001263,R008,2026-09-05 11:37:04,Dine-in,,Completed,29.55
ORD0002519,CUST002516,R002,2026-09-02 21:31:04,Dine-in,,Completed,30.24
ORD0002520,CUST003936,R010,2026-09-04 22:27:04,Website/App,,Completed,16.11
ORD0002521,CUST003505,R017,2026-04-26 14:45:04,Dine-in,,Completed,23.05
ORD0002522,CUST000647,R016,2025-09-24 18:40:04,Dine-in,,Completed,48.14
ORD0002523,CUST002176,R008,2026-09-01 13:44:04,Website/App,,Completed,8.15
ORD0002524,CUST001372,R008,2026-01-26 20:25:04,Dine-in,,Completed,66.14
ORD0002525,CUST001725,R007,2026-03-19 18:47:04,Dine-in,,Completed,27.34
ORD0002526,CUST001329,R004,2026-06-24 13:00:04,Takeaway,,Completed,29.12
ORD0002527,CUST001331,R015,2026-09-11 19:48:04,Dine-in,,Completed,51.17
ORD0002528,CUST002154,R004,2026-06-03 20:56:04,Dine-in,,Cancelled,96.64
ORD0002529,CUST000782,R008,2026-04-07 15:59:04,Dine-in,,Completed,5.92
ORD0002530,CUST002134,R020,2026-07-06 11:38:04,Dine-in,,Completed,152.68
ORD0002531,CUST001109,R006,2026-05-31 14:00:04,Dine-in,,Completed,43.37
ORD0002532,CUST001149,R010,2026-09-23 19:11:04,Takeaway,,Completed,77.12
ORD0002533,CUST002944,R008,2026-02-03 22:04:04,Takeaway,,Completed,30.24
ORD0002534,CUST000111,R011,2026-09-17 19:10:04,Dine-in,,Completed,80.16
ORD0002535,CUST001509,R014,2026-06-20 11:26:04,Website/App,,Completed,32.52
ORD0002536,CUST001611,R005,2026-07-21 14:17:04,Takeaway,,Completed,37.43
ORD0002537,CUST001938,R018,2026-05-17 21:55:04,Takeaway,,Completed,48.14
ORD0002538,CUST002652,R007,2026-09-21 13:14:04,Website/App,,Completed,40.24
ORD0002539,CUST001458,R020,2026-05-05 12:54:04,Website/App,,Completed,37.98
ORD0002540,CUST000862,R007,2026-05-09 13:18:04,Dine-in,,Completed,77.17
ORD0002541,CUST003537,R003,2026-01-21 20:57:04,Takeaway,PROMO009,Completed,28.72
ORD0002542,CUST003926,R012,2026-04-30 21:33:04,Dine-in,,Completed,14.42
ORD0002543,CUST000078,R015,2026-09-17 12:50:04,Dine-in,,Completed,71.43
ORD0002544,CUST002171,R017,2026-02-27 10:30:04,Website/App,,Completed,27.1
ORD0002545,CUST001349,R017,2026-09-14 11:53:04,Dine-in,,Completed,61.76
ORD0002546,CUST001103,R013,2026-03-20 12:18:04,Dine-in,,Completed,15.13
ORD0002547,CUST001331,R017,2026-03-11 13:14:04,Dine-in,,Completed,30.24
ORD0002548,CUST002541,R002,2026-08-31 16:28:04,Dine-in,,Completed,67.44
ORD0002549,CUST000776,R011,2026-09-15 21:53:04,Takeaway,,Completed,8.4
ORD0002550,CUST003644,R014,2026-09-12 14:46:04,Dine-in,,Completed,53.12
ORD0002551,CUST001859,R008,2026-08-24 13:40:04,Dine-in,,Completed,167.88
ORD0002552,CUST001289,R004,2026-03-23 13:15:04,Dine-in,,Completed,91.33
ORD0002553,CUST003050,R018,2026-06-12 18:16:04,Website/App,,Completed,110.71
ORD0002554,CUST000062,R002,2026-07-08 20:14:04,Dine-in,,Completed,34.68
ORD0002555,,R019,2026-07-11 14:05:04,Website/App,,Completed,31.56
ORD0002556,CUST001401,R010,2026-05-22 14:54:04,Third-Party Delivery,PROMO005,Completed,30.09
ORD0002557,CUST001338,R010,2026-08-20 20:56:04,Dine-in,,Completed,27.01
ORD0002558,CUST001336,R002,2026-08-31 18:03:04,Website/App,,Completed,8.39
ORD0002559,CUST000116,R006,2026-06-17 08:49:04,Third-Party Delivery,,Completed,68.86
ORD0002560,CUST000605,R006,2026-09-14 20:01:04,Third-Party Delivery,,Completed,14.34
ORD0002561,CUST000565,R009,2026-09-10 11:14:04,Takeaway,,Completed,18.0
ORD0002562,CUST003955,R004,2026-08-02 19:01:04,Dine-in,,Completed,38.35
ORD0002563,CUST000084,R010,2026-04-20 23:44:04,Dine-in,PROMO002,Completed,22.84
ORD0002564,CUST000673,R018,2026-09-07 21:58:04,Dine-in,,Completed,35.53
ORD0002565,CUST003894,R015,2026-07-23 22:27:04,Dine-in,,Completed,73.13
ORD0002566,CUST002499,R011,2026-04-08 19:36:04,Takeaway,,Completed,30.8
ORD0002567,CUST001795,R017,2026-09-22 22:55:04,Third-Party Delivery,,Completed,55.87
ORD0002568,CUST000307,R016,2026-03-05 20:51:04,Third-Party Delivery,,Completed,73.03
ORD0002569,CUST002655,R011,2026-06-11 11:44:04,Takeaway,,Completed,65.12
ORD0002570,CUST000548,R014,2026-09-20 10:34:04,Third-Party Delivery,,Completed,89.02
ORD0002571,CUST002662,R014,2026-09-15 19:53:04,Takeaway,,Completed,18.0
ORD0002572,CUST003915,R012,2026-08-19 08:30:04,Dine-in,,Completed,37.73
ORD0002573,CUST002110,R011,2026-09-07 10:43:04,Third-Party Delivery,,Completed,70.2
ORD0002574,CUST000865,R003,2026-09-22 12:26:04,Dine-in,,Completed,85.08
ORD0002575,CUST002486,R015,2026-09-09 22:05:04,Third-Party Delivery,,Completed,45.61
ORD0002576,CUST002046,R001,2026-05-31 19:25:04,Dine-in,PROMO005,Completed,102.79
ORD0002577,CUST002115,R006,2026-08-25 19:56:04,Third-Party Delivery,,Completed,137.51
ORD0002578,CUST001907,R007,2026-08-29 18:07:04,Website/App,,Completed,152.46
ORD0002579,CUST002673,R017,2026-07-23 21:38:04,Takeaway,,Completed,6.49
ORD0002580,CUST002272,R019,2026-08-31 13:16:04,Dine-in,,Completed,30.12
ORD0002581,CUST003948,R015,2026-06-30 13:42:04,Dine-in,,Completed,41.74
ORD0002582,CUST003291,R017,2026-09-20 22:07:04,Dine-in,,Completed,143.67
ORD0002583,CUST001058,R016,2026-05-27 20:42:04,Dine-in,PROMO005,Completed,34.78
ORD0002584,CUST002890,R018,2026-07-21 12:57:04,Dine-in,,Completed,85.92
ORD0002585,CUST000866,R020,2026-07-16 11:30:04,Dine-in,,Completed,87.39
ORD0002586,CUST003124,R001,2025-11-29 11:32:04,Dine-in,,Completed,30.6
ORD0002587,CUST000588,R010,2026-09-17 10:29:04,Dine-in,,Completed,87.77
ORD0002588,CUST001888,R001,2026-08-13 13:53:04,Website/App,,Completed,6.63
ORD0002589,CUST003157,R013,2026-02-02 18:29:04,Takeaway,,Completed,44.53
ORD0002590,CUST001114,R015,2026-07-23 21:40:04,Website/App,,Completed,27.73
ORD0002591,CUST003344,R004,2026-08-22 22:56:04,Dine-in,,Completed,115.15
ORD0002592,CUST002559,R006,2026-07-22 18:35:04,Dine-in,,Completed,87.8
ORD0002593,CUST001574,R015,2026-08-03 19:59:04,Third-Party Delivery,,Completed,100.58
ORD0002594,CUST001679,R005,2026-05-27 13:51:04,Takeaway,PROMO005,Completed,65.22
ORD0002595,CUST003699,R020,2026-09-17 10:11:04,Takeaway,,Completed,28.29
ORD0002596,CUST000877,R001,2026-09-23 12:42:04,Dine-in,,Completed,53.39
ORD0002597,CUST002763,R004,2026-09-22 12:14:04,Takeaway,,Completed,15.13
ORD0002598,CUST002817,R016,2026-09-11 09:15:04,Dine-in,,Completed,29.89
ORD0002599,CUST003683,R006,2026-08-06 17:15:04,Third-Party Delivery,,Completed,45.21
ORD0002600,CUST002838,R007,2026-08-26 13:22:04,Third-Party Delivery,,Completed,150.01
ORD0002601,CUST002318,R011,2026-09-19 20:49:04,Takeaway,,Completed,202.83
ORD0002602,CUST003602,R010,2026-03-13 12:07:04,Dine-in,,Completed,160.88
ORD0002603,CUST003303,R012,2026-08-29 21:26:04,Website/App,,Completed,69.44
ORD0002604,CUST002853,R017,2026-04-21 21:38:04,Website/App,,Completed,78.44
ORD0002605,CUST000120,R006,2026-05-17 20:36:04,Dine-in,,Completed,78.9
ORD0002606,CUST001474,R001,2026-09-03 11:16:04,Takeaway,,Completed,31.46
ORD0002607,CUST002513,R012,2026-07-01 18:24:04,Website/App,,Completed,37.48
ORD0002608,CUST002074,R004,2026-08-25 13:24:04,Third-Party Delivery,,Completed,117.6
ORD0002609,CUST001266,R002,2026-07-15 19:37:04,Website/App,,Completed,34.92
ORD0002610,CUST000576,R003,2026-05-08 23:55:04,Third-Party Delivery,,Completed,95.58
ORD0002611,CUST002198,R010,2026-09-01 19:23:04,Third-Party Delivery,,Completed,30.24
ORD0002612,CUST001138,R006,2026-01-22 18:33:04,Dine-in,PROMO011,Completed,-17.78
ORD0002613,CUST000936,R009,2026-03-01 12:48:04,Dine-in,,Completed,51.51
ORD0002614,CUST001580,R016,2026-09-08 11:18:04,Website/App,,Completed,7.82
ORD0002615,CUST003135,R018,2026-09-17 12:53:04,Dine-in,,Completed,15.13
ORD0002616,CUST001947,R018,2026-09-16 17:46:04,Third-Party Delivery,,Completed,104.44
ORD0002617,CUST000872,R004,2025-12-03 22:31:04,Third-Party Delivery,,Completed,39.89
ORD0002618,CUST000466,R013,2026-09-21 14:41:04,Dine-in,,Completed,11.94
ORD0002619,CUST001987,R010,2026-09-11 12:03:04,Dine-in,,Completed,41.85
ORD0002620,CUST003172,R002,2025-10-12 21:27:04,Dine-in,,Completed,15.13
ORD0002621,CUST002592,R004,2026-06-12 22:52:04,Takeaway,,Completed,45.65
ORD0002622,CUST000934,R008,2025-08-30 20:34:04,Takeaway,,Cancelled,38.51
ORD0002623,CUST001738,R017,2026-08-24 11:28:04,Third-Party Delivery,,Completed,34.7
ORD0002624,CUST003415,R004,2026-08-07 12:48:04,Website/App,,Completed,158.42
ORD0002625,CUST000723,R018,2026-02-26 08:19:04,Dine-in,,Completed,30.75
ORD0002626,CUST002111,R012,2026-05-09 11:42:04,Takeaway,,Completed,37.25
ORD0002627,CUST001405,R018,2026-09-16 14:31:04,Takeaway,,Completed,213.92
ORD0002628,CUST000490,R019,2026-07-25 12:02:04,Website/App,,Completed,56.24
ORD0002629,CUST000189,R020,2026-08-23 18:37:04,Website/App,,Completed,47.74
ORD0002630,CUST002207,R013,2026-05-19 12:51:04,Dine-in,,Completed,154.39
ORD0002631,CUST000080,R005,2026-02-12 18:49:04,Takeaway,,Completed,11.86
ORD0002632,CUST000406,R004,2026-09-22 15:20:04,Takeaway,,Completed,13.13
ORD0002633,CUST001370,R008,2026-08-16 18:49:04,Website/App,,Completed,83.84
ORD0002634,CUST000165,R003,2025-12-15 19:05:04,Dine-in,,Completed,36.52
ORD0002635,CUST001586,R001,2026-09-09 18:17:04,Takeaway,,Completed,70.43
ORD0002636,CUST000516,R014,2026-06-29 20:32:04,Dine-in,,Completed,54.73
ORD0002637,CUST001379,R006,2026-07-18 16:17:04,Dine-in,,Completed,206.64
ORD0002638,CUST003159,R003,2026-07-12 18:58:04,Takeaway,,Completed,28.68
ORD0002639,CUST002490,R006,2026-09-16 11:37:04,Dine-in,,Completed,24.24
ORD0002640,CUST001775,R001,2026-09-08 11:34:04,Website/App,,Cancelled,4.18
ORD0002641,CUST000364,R006,2026-09-21 11:51:04,Dine-in,,Completed,67.17
ORD0002642,CUST002457,R007,2026-04-14 09:15:04,Dine-in,PROMO002,Completed,28.15
ORD0002643,CUST000661,R018,2026-08-14 14:20:04,Third-Party Delivery,,Completed,31.46
ORD0002644,CUST000300,R006,2026-01-13 22:13:04,Third-Party Delivery,PROMO009,Completed,8.5
ORD0002645,CUST002631,R009,2026-03-19 12:38:04,Third-Party Delivery,,Completed,74.8
ORD0002646,CUST003640,R007,2026-06-11 09:48:04,Dine-in,,Completed,105.41
ORD0002647,CUST001836,R007,2026-06-20 13:02:04,Takeaway,,Completed,71.25
ORD0002648,CUST000154,R006,2026-07-05 13:55:04,Website/App,,Completed,70.8
ORD0002649,CUST003520,R018,2026-01-24 18:21:04,Takeaway,PROMO011,Completed,91.39
ORD0002650,CUST000260,R019,2026-05-02 14:02:04,Dine-in,,Completed,54.8
ORD0002651,CUST003467,R016,2026-03-27 14:43:04,Website/App,,Completed,15.13
ORD0002652,CUST001548,R010,2026-09-16 18:55:04,Takeaway,,Completed,23.06
ORD0002653,CUST001440,R013,2026-04-14 11:18:04,Third-Party Delivery,PROMO002,Completed,6.51
ORD0002654,CUST002156,R017,2026-09-24 23:51:04,Third-Party Delivery,,Completed,94.22
ORD0002655,CUST003827,R011,2026-02-09 14:59:04,Takeaway,PROMO003,Completed,103.88
ORD0002656,CUST003591,R011,2026-09-06 12:23:04,Dine-in,,Completed,13.26
ORD0002657,CUST001875,R009,2026-08-08 18:21:04,Dine-in,,Completed,45.92
ORD0002658,CUST002773,R010,2026-04-07 11:23:04,Dine-in,,Completed,21.22
ORD0002659,CUST002304,R009,2026-01-12 21:17:04,Dine-in,,Completed,95.22
ORD0002660,CUST002764,R014,2026-06-03 11:10:04,Third-Party Delivery,,Completed,77.94
ORD0002661,CUST003303,R012,2026-08-07 13:21:04,Website/App,,Completed,46.61
ORD0002662,CUST000128,R017,2026-09-24 21:44:04,Third-Party Delivery,,Completed,8.15
ORD0002663,CUST001290,R002,2026-07-22 14:02:04,Takeaway,,Completed,32.52
ORD0002664,CUST003838,R007,2026-08-17 20:51:04,Dine-in,,Completed,18.92
ORD0002665,CUST003796,R002,2026-05-30 22:18:04,Takeaway,,Completed,105.92
ORD0002666,CUST000043,R009,2026-06-01 18:45:04,Dine-in,PROMO005,Completed,140.68
ORD0002667,CUST000819,R016,2026-05-16 17:48:04,Dine-in,,Completed,8.15
ORD0002668,CUST003978,R011,2026-07-15 19:09:04,Third-Party Delivery,,Completed,57.13
ORD0002669,CUST001964,R009,2026-08-13 14:06:04,Website/App,,Completed,66.17
ORD0002670,CUST002276,R019,2026-05-26 20:28:04,Dine-in,PROMO005,Completed,3.4
ORD0002671,CUST000672,R015,2026-06-23 11:23:04,Third-Party Delivery,,Cancelled,69.56
ORD0002672,CUST003572,R010,2025-11-23 18:28:04,Takeaway,,Completed,39.08
ORD0002673,CUST000930,R002,2026-06-30 18:20:04,Third-Party Delivery,,Completed,81.85
ORD0002674,CUST000772,R016,2026-09-08 19:16:04,Dine-in,,Completed,67.67
ORD0002675,CUST000915,R018,2026-09-10 20:03:04,Third-Party Delivery,,Completed,27.33
ORD0002676,CUST003672,R016,2026-08-16 13:44:04,Third-Party Delivery,,Completed,171.04
ORD0002677,CUST002803,R001,2026-07-31 11:48:04,Website/App,,Completed,41.89
ORD0002678,CUST003060,R011,2026-08-20 20:54:04,Website/App,,Completed,20.94
ORD0002679,CUST001493,R013,2026-07-16 15:12:04,Dine-in,,Completed,53.31
ORD0002680,CUST003627,R003,2026-09-15 21:25:04,Third-Party Delivery,,Cancelled,37.51
ORD0002681,CUST003152,R018,2026-09-04 23:54:04,Website/App,,Completed,94.08
ORD0002682,CUST002991,R011,2026-03-14 11:36:04,Dine-in,,Cancelled,64.97
ORD0002683,CUST003882,R017,2026-09-15 12:54:04,Dine-in,,Completed,44.56
ORD0002684,,R012,2026-05-18 12:13:04,Dine-in,,Completed,35.53
ORD0002685,CUST002420,R003,2026-08-05 12:20:04,Third-Party Delivery,,Completed,7.05
ORD0002686,CUST003631,R018,2026-09-23 22:41:04,Third-Party Delivery,,Completed,108.17
ORD0002687,CUST003158,R010,2026-05-20 19:14:04,Takeaway,,Completed,158.36
ORD0002688,CUST002237,R006,2026-05-24 12:01:04,Third-Party Delivery,PROMO005,Completed,31.46
ORD0002689,CUST000297,R010,2026-09-24 12:33:04,Website/App,,Completed,52.25
ORD0002690,CUST002592,R004,2026-05-10 22:37:04,Takeaway,,Completed,36.61
ORD0002691,CUST002092,R017,2026-04-22 10:21:04,Website/App,,Completed,59.32
ORD0002692,CUST000749,R007,2026-04-02 11:12:04,Dine-in,,Completed,88.83
ORD0002693,CUST003525,R009,2026-09-04 12:11:04,Website/App,,Completed,59.66
ORD0002694,CUST001354,R018,2026-01-02 21:29:04,Third-Party Delivery,,Completed,176.75
ORD0002695,CUST001532,R016,2026-08-19 18:25:04,Takeaway,,Completed,16.76
ORD0002696,CUST002668,R016,2026-09-11 13:03:04,Third-Party Delivery,,Completed,61.36
ORD0002697,CUST001951,R009,2025-12-25 20:08:04,Website/App,,Completed,41.11
ORD0002698,CUST000351,R004,2026-08-08 11:08:04,Dine-in,,Completed,79.23
ORD0002699,CUST001532,R016,2026-07-13 20:32:04,Website/App,,Completed,72.33
ORD0002700,CUST000371,R019,2025-11-26 21:53:04,Third-Party Delivery,,Completed,31.46
ORD0002701,CUST000776,R011,2026-09-04 20:40:04,Third-Party Delivery,,Completed,4.05
ORD0002702,CUST000030,R002,2026-05-20 10:18:04,Dine-in,,Completed,71.48
ORD0002703,CUST000738,R016,2026-03-21 23:47:04,Website/App,,Completed,115.38
ORD0002704,CUST001309,R014,2026-09-24 14:02:04,Dine-in,,Completed,118.05
ORD0002705,CUST002137,R010,2026-03-20 19:09:04,Dine-in,,Completed,31.86
ORD0002706,CUST003670,R014,2025-11-18 12:37:04,Dine-in,,Completed,127.82
ORD0002707,CUST002147,R015,2026-07-21 22:51:04,Dine-in,,Completed,87.46
ORD0002708,CUST002811,R017,2026-09-14 22:59:04,Website/App,,Completed,96.84
ORD0002709,CUST001410,R006,2025-11-21 19:08:04,Dine-in,,Completed,130.41
ORD0002710,CUST002994,R012,2026-04-03 12:21:04,Website/App,,Completed,77.0
ORD0002711,CUST002465,R004,2026-08-25 12:58:04,Dine-in,,Completed,49.45
ORD0002712,CUST001834,R002,2026-09-09 18:21:04,Website/App,,Completed,88.59
ORD0002713,CUST000787,R010,2026-04-24 19:44:04,Dine-in,,Completed,87.89
ORD0002714,CUST001206,R005,2026-08-21 16:25:04,Takeaway,,Completed,132.16
ORD0002715,CUST002467,R010,2026-09-07 22:49:04,Website/App,,Completed,7.97
ORD0002716,CUST001692,R006,2026-05-12 22:09:04,Website/App,,Completed,93.68
ORD0002717,CUST003553,R017,2026-07-27 19:26:04,Website/App,,Completed,43.04
ORD0002718,CUST000944,R011,2026-09-14 20:46:04,Dine-in,,Completed,14.39
ORD0002719,CUST000285,R011,2026-09-15 22:25:04,Website/App,,Completed,8.63
ORD0002720,CUST002335,R017,2026-08-30 19:16:04,Dine-in,,Completed,57.13
ORD0002721,CUST003541,R001,2026-08-14 21:51:04,Dine-in,,Completed,55.3
ORD0002722,CUST001436,R016,2026-07-11 20:20:04,Website/App,,Completed,23.76
ORD0002723,CUST002574,R009,2026-05-07 14:59:04,Third-Party Delivery,,Completed,11.07
ORD0002724,CUST000931,R017,2026-02-03 14:58:04,Dine-in,,Completed,90.56
ORD0002725,CUST002216,R019,2026-09-11 21:01:04,Dine-in,,Completed,56.44
ORD0002726,CUST003140,R014,2026-04-03 12:32:04,Dine-in,,Completed,80.77
ORD0002727,CUST003466,R006,2026-08-19 22:14:04,Dine-in,,Completed,102.89
ORD0002728,CUST000412,R004,2026-07-20 11:37:04,Dine-in,,Completed,4.05
ORD0002729,CUST001405,R018,2026-09-22 22:56:04,Takeaway,,Completed,27.07
ORD0002730,CUST002544,R005,2026-09-11 14:39:04,Third-Party Delivery,,Cancelled,80.2
ORD0002731,CUST000130,R010,2026-08-19 14:48:04,Website/App,,Completed,85.61
ORD0002732,CUST002752,R003,2026-09-07 21:40:04,Website/App,,Completed,132.61
ORD0002733,CUST002096,R006,2026-07-14 22:02:04,Dine-in,,Completed,62.81
ORD0002734,CUST001146,R016,2026-03-21 18:51:04,Dine-in,,Completed,50.84
ORD0002735,CUST003247,R018,2026-09-21 12:21:04,Dine-in,,Completed,39.89
ORD0002736,CUST001151,R008,2026-07-09 13:09:04,Takeaway,,Completed,37.22
ORD0002737,CUST003966,R014,2026-09-24 22:27:04,Takeaway,,Completed,24.18
ORD0002738,CUST003255,R019,2026-02-07 14:47:04,Dine-in,,Completed,80.2
ORD0002739,CUST002819,R014,2026-09-21 19:53:04,Website/App,,Completed,33.34
ORD0002740,CUST000237,R016,2026-09-07 20:06:04,Third-Party Delivery,,Completed,16.25
ORD0002741,CUST003607,R011,2026-03-29 14:01:04,Website/App,,Completed,16.17
ORD0002742,CUST003155,R005,2026-08-10 13:29:04,Dine-in,,Completed,28.1
ORD0002743,CUST000919,R005,2026-07-07 14:12:04,Dine-in,,Completed,103.86
ORD0002744,CUST001550,R019,2026-07-23 18:23:04,Dine-in,,Completed,94.82
ORD0002745,CUST001074,R018,2026-08-28 22:09:04,Takeaway,,Completed,56.68
ORD0002746,CUST003939,R015,2026-07-12 17:26:04,Website/App,,Completed,52.12
ORD0002747,CUST003411,R017,2025-12-07 14:46:04,Takeaway,,Completed,96.49
ORD0002748,CUST003712,R004,2026-05-21 08:09:04,Dine-in,,Completed,18.6
ORD0002749,CUST003150,R015,2026-02-03 14:20:04,Dine-in,PROMO003,Completed,109.87
ORD0002750,CUST001819,R016,2026-02-21 18:45:04,Website/App,,Completed,75.09
ORD0002751,CUST000834,R014,2026-06-18 12:37:04,Dine-in,,Completed,62.44
ORD0002752,CUST000841,R017,2026-09-15 18:53:04,Dine-in,,Completed,119.05
ORD0002753,CUST000603,R011,2026-07-02 20:31:04,Website/App,,Completed,47.14
ORD0002754,CUST002172,R006,2026-09-18 19:25:04,Takeaway,,Completed,130.57
ORD0002755,CUST003673,R020,2026-05-31 22:01:04,Third-Party Delivery,,Completed,43.02
ORD0002756,CUST003968,R017,2026-07-11 18:11:04,Takeaway,,Completed,50.82
ORD0002757,CUST001144,R002,2025-09-07 20:47:04,Website/App,,Completed,39.75
ORD0002758,CUST002780,R009,2026-09-16 20:54:04,Third-Party Delivery,,Completed,29.13
ORD0002759,CUST002367,R002,2026-09-19 14:00:04,Dine-in,,Completed,8.39
ORD0002760,CUST001951,R019,2026-08-01 14:37:04,Website/App,,Completed,47.55
ORD0002761,CUST002639,R016,2026-08-13 22:57:04,Third-Party Delivery,,Completed,10.64
ORD0002762,CUST001465,R019,2026-09-19 20:38:04,Third-Party Delivery,,Completed,43.33
ORD0002763,CUST003775,R007,2026-07-21 20:29:04,Dine-in,,Completed,14.38
ORD0002764,CUST002810,R006,2026-07-23 14:21:04,Takeaway,,Completed,33.16
ORD0002765,CUST003004,R004,2026-09-13 11:49:04,Website/App,,Completed,212.54
ORD0002766,CUST000975,R002,2026-04-28 13:21:04,Takeaway,,Completed,5.1
ORD0002767,CUST000680,R005,2026-07-12 18:22:04,Third-Party Delivery,,Completed,18.42
ORD0002768,CUST001560,R009,2026-09-14 19:33:04,Third-Party Delivery,,Completed,45.98
ORD0002769,CUST003053,R015,2026-09-23 14:06:04,Dine-in,,Completed,108.09
ORD0002770,CUST003753,R011,2025-09-19 19:59:04,Dine-in,,Completed,167.44
ORD0002771,CUST001697,R008,2026-09-14 21:07:04,Website/App,,Completed,30.79
ORD0002772,CUST003086,R002,2026-08-03 18:37:04,Takeaway,,Completed,10.74
ORD0002773,CUST001875,R002,2026-09-07 19:14:04,Dine-in,,Completed,49.27
ORD0002774,CUST001173,R004,2026-02-07 20:26:04,Website/App,,Completed,56.21
ORD0002775,CUST002945,R014,2026-04-02 21:46:04,Third-Party Delivery,,Completed,75.78
ORD0002776,CUST003186,R020,2026-05-17 19:39:04,Website/App,,Completed,49.49
ORD0002777,CUST000825,R005,2026-06-08 19:37:04,Takeaway,,Completed,15.13
ORD0002778,CUST001211,R020,2026-04-02 19:42:04,Takeaway,,Completed,34.16
ORD0002779,CUST001973,R015,2026-07-18 11:08:04,Website/App,,Completed,17.26
ORD0002780,CUST000759,R001,2026-09-18 19:14:04,Website/App,,Completed,16.78
ORD0002781,CUST003708,R018,2026-09-24 22:22:04,Takeaway,,Completed,60.16
ORD0002782,CUST002345,R008,2026-09-10 21:58:04,Website/App,,Completed,-15.65
ORD0002783,CUST000481,R009,2026-09-03 21:11:04,Dine-in,,Completed,123.03
ORD0002784,CUST000749,R017,2026-02-17 18:58:04,Dine-in,,Completed,194.05
ORD0002785,CUST003816,R013,2026-02-24 21:00:04,Takeaway,,Completed,46.71
ORD0002786,CUST002943,R012,2025-10-16 18:25:04,Dine-in,,Completed,43.82
ORD0002787,CUST002927,R005,2026-07-30 11:14:04,Website/App,,Completed,22.19
ORD0002788,CUST000280,R011,2026-06-19 13:52:04,Third-Party Delivery,,Completed,50.48
ORD0002789,CUST003577,R015,2026-09-18 12:34:04,Dine-in,,Completed,31.6
ORD0002790,CUST001769,R009,2025-12-14 08:51:04,Website/App,,Completed,50.73
ORD0002791,CUST002619,R020,2026-09-24 22:46:04,Third-Party Delivery,,Completed,27.93
ORD0002792,CUST003840,R013,2026-06-02 19:26:04,Website/App,,Completed,14.5
ORD0002793,CUST000392,R007,2026-03-02 18:00:04,Dine-in,,Completed,19.47
ORD0002794,CUST001925,R006,2026-01-06 11:08:04,Website/App,,Completed,161.16
ORD0002795,CUST000188,R003,2026-01-02 18:57:04,Dine-in,,Completed,27.48
ORD0002796,CUST001988,R014,2026-07-03 22:47:04,Dine-in,,Completed,54.31
ORD0002797,CUST001015,R005,2026-07-22 13:17:04,Third-Party Delivery,,Completed,62.93
ORD0002798,CUST003636,R020,2026-02-24 13:04:04,Dine-in,,Completed,63.53
ORD0002799,CUST001578,R009,2026-05-29 14:52:04,Dine-in,,Completed,51.82
ORD0002800,CUST002520,R007,2026-05-01 20:47:04,Website/App,,Completed,155.32
ORD0002801,CUST003436,R004,2026-05-21 19:40:04,Third-Party Delivery,,Completed,13.14
ORD0002802,CUST003937,R009,2026-09-15 17:38:04,Dine-in,,Completed,53.09
ORD0002803,CUST002002,R020,2026-06-25 12:47:04,Takeaway,,Completed,12.9
ORD0002804,CUST001817,R017,2026-09-22 13:49:04,Dine-in,,Completed,55.13
ORD0002805,CUST000297,R016,2026-09-21 19:34:04,Dine-in,,Completed,32.52
ORD0002806,CUST000051,R019,2026-08-26 12:04:04,Dine-in,,Completed,59.15
ORD0002807,CUST002410,R008,2026-07-09 21:18:04,Takeaway,,Completed,90.81
ORD0002808,CUST000255,R014,2026-03-22 14:33:04,Dine-in,,Completed,183.87
ORD0002809,CUST001507,R001,2026-05-19 08:18:04,Takeaway,,Completed,82.7
ORD0002810,CUST000015,R013,2026-08-02 22:12:04,Takeaway,,Completed,81.34
ORD0002811,CUST002439,R006,2026-05-20 14:15:04,Dine-in,,Completed,34.7
ORD0002812,CUST001689,R008,2025-10-12 14:30:04,Takeaway,,Completed,61.92
ORD0002813,CUST000501,R019,2026-09-18 14:06:04,Dine-in,,Completed,48.63
ORD0002814,CUST001178,R010,2026-04-20 19:21:04,Takeaway,,Completed,102.12
ORD0002815,CUST002264,R018,2026-07-18 22:42:04,Website/App,,Completed,90.51
ORD0002816,CUST002606,R017,2026-07-28 13:45:04,Dine-in,,Cancelled,100.31
ORD0002817,CUST001844,R011,2026-09-15 14:55:04,Takeaway,,Completed,25.45
ORD0002818,CUST003210,R009,2026-04-11 12:10:04,Dine-in,PROMO002,Completed,9.53
ORD0002819,CUST000449,R006,2026-09-02 21:02:04,Dine-in,,Completed,67.07
ORD0002820,CUST000333,R004,2026-09-22 11:55:04,Dine-in,,Completed,114.35
ORD0002821,CUST000168,R019,2026-09-19 16:02:04,Website/App,,Completed,96.54
ORD0002822,CUST002125,R011,2026-07-21 12:03:04,Website/App,,Completed,-75.89
ORD0002823,CUST002813,R020,2026-05-26 11:48:04,Third-Party Delivery,PROMO005,Completed,23.31
ORD0002824,CUST000516,R004,2026-07-14 12:23:04,Third-Party Delivery,,Completed,22.61
ORD0002825,CUST002541,R012,2026-04-06 13:21:04,Website/App,,Completed,62.93
ORD0002826,CUST001902,R015,2026-04-26 14:19:04,Third-Party Delivery,,Completed,14.94
ORD0002827,CUST003949,R018,2026-09-20 14:27:04,Takeaway,,Completed,56.47
ORD0002828,CUST002856,R018,2026-02-24 14:40:04,Dine-in,,Completed,7.54
ORD0002829,CUST002609,R012,2026-05-01 20:11:04,Takeaway,,Completed,48.99
ORD0002830,CUST002266,R020,2026-04-29 12:24:04,Takeaway,,Completed,47.8
ORD0002831,CUST003991,R003,2026-06-17 16:31:04,Takeaway,,Completed,30.24
ORD0002832,CUST003923,R007,2026-08-17 22:58:04,Website/App,,Completed,34.12
ORD0002833,CUST002136,R015,2026-06-09 13:10:04,Website/App,,Completed,91.42
ORD0002834,CUST001815,R009,2026-01-08 20:27:04,Takeaway,,Completed,29.55
ORD0002835,CUST001842,R008,2026-08-06 13:47:04,Third-Party Delivery,,Completed,85.82
ORD0002836,CUST001700,R014,2026-08-15 22:09:04,Website/App,,Completed,22.19
ORD0002837,CUST002109,R019,2026-07-20 21:12:04,Website/App,,Completed,61.86
ORD0002838,CUST001091,R006,2026-01-13 17:26:04,Third-Party Delivery,,Completed,28.84
ORD0002839,CUST003700,R010,2025-09-12 12:18:04,Takeaway,,Completed,110.8
ORD0002840,CUST001958,R003,2026-08-10 10:26:04,Takeaway,,Completed,10.99
ORD0002841,CUST003364,R013,2026-09-19 22:41:04,Dine-in,,Completed,53.81
ORD0002842,CUST001893,R014,2026-06-12 21:03:04,Dine-in,,Completed,44.76
ORD0002843,CUST002861,R015,2026-09-03 16:34:04,Third-Party Delivery,,Completed,24.15
ORD0002844,CUST001336,R002,2026-08-13 12:24:04,Dine-in,,Completed,60.26
ORD0002845,CUST002483,R020,2026-09-20 19:37:04,Dine-in,,Completed,34.57
ORD0002846,CUST001986,R018,2026-01-05 13:53:04,Third-Party Delivery,,Completed,14.66
ORD0002847,CUST001448,R010,2025-12-19 20:48:04,Dine-in,,Completed,34.7
ORD0002848,,R010,2026-05-10 13:00:04,Dine-in,,Completed,152.84
ORD0002849,CUST000450,R015,2026-09-21 14:44:04,Third-Party Delivery,,Completed,87.13
ORD0002850,CUST001944,R011,2026-08-03 21:43:04,Website/App,,Completed,53.42
ORD0002851,CUST000791,R017,2025-12-15 11:02:04,Third-Party Delivery,,Completed,56.44
ORD0002852,CUST003439,R013,2026-03-20 15:36:04,Takeaway,,Completed,81.47
ORD0002853,CUST001018,R018,2025-12-25 13:17:04,Dine-in,,Completed,59.58
ORD0002854,CUST002518,R012,2026-06-09 19:43:04,Third-Party Delivery,,Completed,112.89
ORD0002855,CUST000667,R008,2026-07-23 16:05:04,Third-Party Delivery,,Completed,13.13
ORD0002856,CUST001602,R002,2026-06-26 13:58:04,Dine-in,,Completed,28.13
ORD0002857,CUST003594,R018,2026-06-09 09:54:04,Dine-in,,Completed,44.67
ORD0002858,CUST000669,R010,2026-06-24 21:54:04,Third-Party Delivery,,Completed,33.06
ORD0002859,CUST002628,R009,2026-05-05 18:56:04,Third-Party Delivery,,Completed,86.42
ORD0002860,CUST000830,R007,2026-05-18 13:19:04,Website/App,,Completed,92.54
ORD0002861,CUST001650,R008,2026-09-07 11:27:04,Takeaway,,Completed,139.39
ORD0002862,CUST002148,R002,2026-06-04 22:06:04,Third-Party Delivery,,Completed,113.39
ORD0002863,CUST002294,R010,2026-07-20 11:50:04,Dine-in,,Completed,217.35
ORD0002864,CUST002385,R011,2026-08-20 18:08:04,Dine-in,,Completed,131.61
ORD0002865,CUST002546,R007,2025-11-05 10:18:04,Dine-in,PROMO006,Completed,7.18
ORD0002866,CUST001086,R010,2026-08-21 12:27:04,Website/App,,Completed,140.14
ORD0002867,CUST001588,R002,2026-08-01 11:15:04,Website/App,,Completed,22.19
ORD0002868,CUST000139,R019,2026-02-26 18:42:04,Dine-in,,Completed,31.6
ORD0002869,CUST003061,R017,2026-06-28 12:07:04,Dine-in,,Completed,43.79
ORD0002870,CUST003344,R001,2026-05-27 14:21:04,Dine-in,PROMO005,Completed,85.82
ORD0002871,,R013,2026-08-01 18:10:04,Takeaway,,Completed,57.17
ORD0002872,CUST000819,R006,2026-06-10 08:08:04,Third-Party Delivery,,Completed,17.81
ORD0002873,CUST000159,R007,2026-09-12 22:38:04,Website/App,,Completed,43.67
ORD0002874,CUST003878,R001,2026-09-16 21:38:04,Dine-in,,Completed,119.18
ORD0002875,CUST003222,R001,2026-06-26 11:37:04,Dine-in,,Completed,39.81
ORD0002876,CUST001421,R019,2026-08-05 20:13:04,Dine-in,,Completed,30.08
ORD0002877,CUST001924,R008,2026-01-09 21:09:04,Dine-in,,Completed,51.32
ORD0002878,CUST001159,R003,2026-06-21 20:24:04,Dine-in,,Completed,89.06
ORD0002879,CUST002368,R015,2025-11-06 13:07:04,Takeaway,PROMO001,Completed,165.32
ORD0002880,CUST002855,R007,2026-07-07 21:55:04,Website/App,,Completed,128.2
ORD0002881,CUST001781,R003,2026-05-19 11:56:04,Takeaway,,Completed,99.35
ORD0002882,CUST003496,R016,2026-06-15 22:03:04,Third-Party Delivery,,Completed,32.33
ORD0002883,CUST002058,R008,2025-10-19 22:09:04,Website/App,,Completed,136.23
ORD0002884,CUST000575,R008,2026-02-01 19:08:04,Takeaway,,Completed,99.48
ORD0002885,CUST002472,R008,2026-06-28 13:30:04,Dine-in,,Completed,87.23
ORD0002886,CUST001843,R002,2026-07-19 18:00:04,Website/App,,Completed,24.24
ORD0002887,CUST003738,R002,2026-01-29 18:14:04,Website/App,,Completed,39.0
ORD0002888,CUST001548,R010,2026-09-18 18:12:04,Website/App,,Completed,35.26
ORD0002889,CUST001593,R007,2025-10-21 12:59:04,Takeaway,,Completed,50.07
ORD0002890,CUST002584,R007,2026-01-27 20:31:04,Takeaway,PROMO011,Completed,53.19
ORD0002891,CUST002093,R015,2026-08-25 08:57:04,Takeaway,,Completed,145.57
ORD0002892,CUST001480,R001,2026-09-19 11:39:04,Dine-in,,Completed,195.48
ORD0002893,CUST003960,R001,2026-06-25 11:59:04,Third-Party Delivery,,Completed,79.3
ORD0002894,CUST001201,R009,2026-09-04 12:35:04,Dine-in,,Completed,13.13
ORD0002895,CUST001104,R006,2026-09-17 15:01:04,Dine-in,,Completed,52.24
ORD0002896,CUST003454,R006,2026-05-15 11:42:04,Dine-in,,Completed,79.45
ORD0002897,CUST000015,R013,2026-08-07 15:52:04,Dine-in,,Completed,34.12
ORD0002898,CUST000819,R016,2026-08-11 13:58:04,Third-Party Delivery,,Completed,46.79
ORD0002899,CUST002340,R017,2026-08-10 16:11:04,Third-Party Delivery,,Completed,55.07
ORD0002900,CUST000656,R005,2026-08-16 09:44:04,Takeaway,,Completed,20.98
ORD0002901,CUST003945,R018,2026-08-21 11:46:04,Website/App,,Completed,54.71
ORD0002902,CUST001851,R018,2026-05-03 20:23:04,Takeaway,,Completed,88.38
ORD0002903,CUST002368,R005,2025-12-07 18:59:04,Dine-in,,Completed,73.13
ORD0002904,CUST000647,R006,2026-06-04 13:14:04,Dine-in,,Completed,61.03
ORD0002905,CUST001149,R020,2026-09-24 22:54:04,Website/App,,Completed,6.86
ORD0002906,CUST002436,R006,2026-09-08 19:20:04,Takeaway,,Completed,110.91
ORD0002907,CUST002185,R016,2026-07-06 12:57:04,Takeaway,,Completed,52.32
ORD0002908,CUST003132,R012,2026-09-22 11:29:04,Takeaway,,Completed,90.96
ORD0002909,CUST001076,R019,2026-08-22 11:20:04,Website/App,,Completed,90.91
ORD0002910,CUST002593,R003,2026-05-18 21:36:04,Takeaway,,Cancelled,122.92
ORD0002911,CUST001156,R001,2026-07-22 12:14:04,Takeaway,,Completed,145.15
ORD0002912,CUST002325,R002,2026-06-12 10:20:04,Dine-in,,Completed,97.93
ORD0002913,CUST002396,R002,2026-03-29 11:58:04,Dine-in,,Completed,49.02
ORD0002914,CUST000483,R018,2026-07-22 18:31:04,Takeaway,,Completed,12.51
ORD0002915,CUST002179,R002,2026-07-28 14:29:04,Takeaway,,Completed,17.7
ORD0002916,CUST000046,R016,2026-05-29 21:24:04,Takeaway,,Completed,30.24
ORD0002917,CUST001994,R017,2026-04-09 09:13:04,Takeaway,PROMO002,Completed,41.57
ORD0002918,CUST002782,R004,2026-09-10 11:26:04,Third-Party Delivery,,Completed,63.62
ORD0002919,CUST000283,R010,2026-09-09 13:39:04,Third-Party Delivery,,Completed,92.42
ORD0002920,CUST003753,R001,2025-08-25 11:11:04,Dine-in,,Completed,69.01
ORD0002921,CUST001832,R009,2026-09-19 20:45:04,Dine-in,,Completed,20.67
ORD0002922,CUST003750,R015,2026-08-24 20:38:04,Website/App,,Completed,186.83
ORD0002923,CUST000422,R015,2026-06-19 13:46:04,Takeaway,,Completed,56.51
ORD0002924,CUST003799,R004,2026-03-10 22:29:04,Website/App,,Completed,170.86
ORD0002925,CUST000431,R017,2026-05-16 19:28:04,Website/App,,Completed,41.94
ORD0002926,CUST001839,R016,2026-04-28 11:58:04,Dine-in,,Completed,64.43
ORD0002927,CUST003748,R013,2026-05-16 13:11:04,Website/App,,Completed,56.97
ORD0002928,CUST000936,R019,2026-02-15 12:35:04,Dine-in,,Completed,40.4
ORD0002929,CUST000130,R010,2026-08-12 22:03:04,Website/App,,Completed,75.96
ORD0002930,CUST003167,R007,2026-03-30 22:43:04,Dine-in,,Cancelled,134.57
ORD0002931,CUST002361,R020,2026-08-24 19:21:04,Third-Party Delivery,,Completed,11.02
ORD0002932,CUST002048,R016,2026-03-04 22:09:04,Takeaway,,Completed,42.27
ORD0002933,CUST000127,R009,2026-05-12 22:23:04,Takeaway,,Completed,51.06
ORD0002934,CUST002592,R008,2025-11-15 11:01:04,Website/App,,Completed,13.55
ORD0002935,CUST000696,R016,2026-09-08 22:36:04,Third-Party Delivery,,Completed,60.26
ORD0002936,CUST003715,R018,2026-04-01 14:22:04,Third-Party Delivery,,Completed,6.03
ORD0002937,CUST002728,R009,2026-09-17 19:30:04,Dine-in,,Completed,48.9
ORD0002938,CUST002816,R005,2026-07-23 21:26:04,Website/App,,Completed,48.77
ORD0002939,CUST000935,R015,2025-12-07 12:02:04,Dine-in,,Completed,51.48
ORD0002940,CUST003522,R015,2025-11-01 13:44:04,Takeaway,,Completed,49.66
ORD0002941,CUST002135,R020,2026-09-24 13:04:04,Dine-in,,Completed,15.93
ORD0002942,CUST003424,R018,2026-03-21 12:31:04,Takeaway,,Completed,31.56
ORD0002943,CUST001083,R008,2026-06-05 16:33:04,Third-Party Delivery,,Completed,5.69
ORD0002944,CUST003009,R005,2026-07-30 13:45:04,Takeaway,,Completed,26.79
ORD0002945,CUST002284,R014,2026-03-22 14:37:04,Website/App,,Completed,29.55
ORD0002946,CUST000184,R016,2026-09-16 12:52:04,Website/App,,Completed,15.93
ORD0002947,CUST001603,R008,2026-04-24 19:38:04,Website/App,,Completed,232.7
ORD0002948,CUST000748,R012,2026-08-03 16:43:04,Dine-in,,Completed,129.9
ORD0002949,CUST001416,R013,2026-06-17 13:57:04,Takeaway,,Completed,42.85
ORD0002950,CUST001517,R009,2026-08-26 18:18:04,Website/App,,Completed,104.24
ORD0002951,CUST001893,R014,2026-06-03 12:23:04,Takeaway,,Completed,22.14
ORD0002952,CUST002378,R017,2026-01-31 12:05:04,Website/App,,Completed,78.08
ORD0002953,CUST002269,R014,2026-09-23 12:12:04,Website/App,,Completed,35.53
ORD0002954,CUST000145,R003,2026-06-29 20:20:04,Dine-in,,Completed,152.6
ORD0002955,CUST002991,R011,2026-06-24 12:26:04,Dine-in,,Completed,25.94
ORD0002956,CUST003795,R020,2026-07-17 11:08:04,Website/App,,Completed,194.63
ORD0002957,CUST001373,R009,2026-09-07 20:32:04,Dine-in,,Completed,36.51
ORD0002958,CUST000730,R013,2026-08-25 12:27:04,Third-Party Delivery,,Completed,122.87
ORD0002959,CUST002145,R001,2026-09-06 22:38:04,Third-Party Delivery,,Completed,20.67
ORD0002960,CUST002809,R013,2026-09-03 11:54:04,Dine-in,,Completed,73.37
ORD0002961,CUST002696,R018,2026-09-18 12:01:04,Dine-in,,Completed,57.98
ORD0002962,CUST002425,R008,2026-08-27 12:09:04,Dine-in,,Completed,82.49
ORD0002963,CUST000582,R016,2026-09-18 18:04:04,Dine-in,,Completed,81.06
ORD0002964,CUST003343,R017,2026-05-19 11:34:04,Dine-in,,Completed,15.93
ORD0002965,CUST001689,R008,2026-05-27 18:18:04,Takeaway,PROMO005,Completed,30.24
ORD0002966,CUST000891,R013,2025-10-21 14:57:04,Dine-in,,Completed,34.12
ORD0002967,CUST000338,R003,2026-06-23 18:17:04,Takeaway,,Completed,118.03
ORD0002968,CUST001654,R005,2026-04-18 11:06:04,Dine-in,,Completed,60.26
ORD0002969,CUST002452,R005,2026-08-28 20:02:04,Third-Party Delivery,,Completed,45.91
ORD0002970,CUST002637,R017,2026-09-20 22:33:04,Takeaway,,Completed,108.51
ORD0002971,CUST003850,R015,2026-07-25 21:27:04,Third-Party Delivery,,Completed,52.03
ORD0002972,CUST000609,R003,2026-06-10 21:52:04,Third-Party Delivery,,Completed,73.99
ORD0002973,CUST003945,R018,2026-07-29 19:10:04,Dine-in,,Completed,50.05
ORD0002974,CUST002597,R007,2026-06-18 12:23:04,Takeaway,,Completed,89.22
ORD0002975,CUST001811,R009,2026-09-01 13:28:04,Third-Party Delivery,,Completed,92.01
ORD0002976,CUST003548,R016,2026-03-02 22:49:04,Website/App,,Completed,99.25
ORD0002977,CUST002768,R011,2026-07-28 14:21:04,Dine-in,,Completed,134.95
ORD0002978,CUST001373,R009,2026-06-23 21:38:04,Takeaway,,Cancelled,25.41
ORD0002979,CUST003533,R012,2026-04-30 13:13:04,Takeaway,,Completed,37.25
ORD0002980,CUST002644,R005,2026-07-28 19:16:04,Takeaway,,Completed,62.44
ORD0002981,CUST002786,R020,2026-09-19 13:19:04,Website/App,,Completed,170.64
ORD0002982,CUST003582,R013,2026-08-07 08:34:04,Takeaway,,Completed,35.53
ORD0002983,CUST001786,R012,2026-09-19 13:30:04,Takeaway,,Completed,39.47
ORD0002984,CUST002606,R007,2026-05-23 17:08:04,Dine-in,,Completed,24.34
ORD0002985,CUST002968,R007,2026-07-17 09:00:04,Takeaway,,Completed,16.87
ORD0002986,CUST001810,R011,2026-07-31 13:31:04,Takeaway,,Completed,50.54
ORD0002987,CUST000326,R015,2026-09-16 11:48:04,Takeaway,,Completed,42.52
ORD0002988,CUST003074,R008,2026-03-17 23:06:04,Third-Party Delivery,,Completed,57.31
ORD0002989,CUST000180,R017,2026-09-24 21:26:04,Dine-in,,Completed,37.31
ORD0002990,CUST002859,R020,2026-03-18 19:12:04,Third-Party Delivery,,Completed,44.76
ORD0002991,CUST003635,R020,2026-03-23 13:08:04,Dine-in,,Completed,33.06
ORD0002992,CUST001368,R018,2026-02-25 14:44:04,Third-Party Delivery,,Completed,47.42
ORD0002993,CUST000401,R012,2026-07-10 18:29:04,Takeaway,,Completed,51.34
ORD0002994,CUST000936,R019,2026-05-16 18:31:04,Website/App,,Completed,73.56
ORD0002995,CUST002235,R009,2026-04-30 18:02:04,Dine-in,,Completed,71.85
ORD0002996,CUST003769,R011,2026-04-01 11:08:04,Dine-in,,Completed,14.34
ORD0002997,CUST002044,R009,2026-09-09 14:58:04,Third-Party Delivery,,Completed,15.13
ORD0002998,CUST000450,R013,2026-07-24 12:22:04,Dine-in,,Completed,52.54
ORD0002999,CUST002496,R010,2026-06-19 20:24:04,Website/App,,Completed,142.14
ORD0003000,CUST002919,R020,2026-05-28 20:54:04,Dine-in,,Completed,30.24
ORD0003001,CUST001555,R001,2026-09-03 23:44:04,Dine-in,,Completed,72.77
ORD0003002,,R009,2026-01-15 12:19:04,Website/App,,Completed,16.69
ORD0003003,CUST001286,R015,2026-04-14 23:42:04,Dine-in,PROMO002,Completed,81.72
ORD0003004,CUST003151,R006,2026-08-23 14:42:04,Website/App,,Completed,39.89
ORD0003005,CUST001347,R016,2026-09-22 11:37:04,Takeaway,,Completed,8.15
ORD0003006,CUST001024,R003,2026-07-16 20:41:04,Takeaway,,Completed,89.76
ORD0003007,CUST003515,R010,2026-03-30 18:57:04,Third-Party Delivery,,Completed,102.56
ORD0003008,CUST002179,R012,2026-09-10 14:51:04,Website/App,,Completed,35.53
ORD0003009,CUST001136,R005,2026-07-28 12:04:04,Dine-in,,Completed,86.32
ORD0003010,CUST003735,R009,2026-06-11 09:11:04,Dine-in,,Completed,115.12
ORD0003011,CUST002753,R009,2025-09-09 12:39:04,Dine-in,PROMO007,Completed,132.44
ORD0003012,CUST000888,R015,2026-06-26 19:49:04,Dine-in,,Completed,13.03
ORD0003013,CUST002436,R009,2026-02-12 18:08:04,Takeaway,,Completed,117.23
ORD0003014,CUST003481,R014,2026-01-07 16:49:04,Dine-in,,Cancelled,30.24
ORD0003015,CUST002774,R019,2026-05-12 10:02:04,Dine-in,,Completed,47.3
ORD0003016,CUST000983,R007,2026-04-02 14:31:04,Website/App,,Completed,16.58
ORD0003017,CUST002578,R008,2026-08-02 11:35:04,Dine-in,,Completed,255.62
ORD0003018,CUST002457,R007,2026-08-01 19:41:04,Website/App,,Completed,7.58
ORD0003019,CUST003273,R017,2026-06-14 18:32:04,Dine-in,,Completed,88.79
ORD0003020,CUST000724,R020,2026-09-10 19:26:04,Website/App,,Completed,21.09
ORD0003021,CUST002790,R008,2026-07-01 14:56:04,Website/App,,Completed,18.19
ORD0003022,CUST000102,R013,2026-09-18 14:27:04,Dine-in,,Completed,20.94
ORD0003023,CUST002774,R008,2026-04-26 19:28:04,Takeaway,,Completed,135.75
ORD0003024,CUST003841,R005,2026-09-13 11:29:04,Dine-in,,Completed,4.18
ORD0003025,CUST000710,R014,2026-07-30 19:20:04,Third-Party Delivery,,Completed,46.5
ORD0003026,CUST001233,R014,2026-09-21 14:24:04,Third-Party Delivery,,Completed,29.55
ORD0003027,CUST002314,R014,2026-08-24 08:20:04,Dine-in,,Completed,210.5
ORD0003028,CUST002918,R015,2026-06-09 14:06:04,Dine-in,,Completed,59.1
ORD0003029,CUST001358,R001,2026-06-18 11:52:04,Takeaway,,Completed,116.44
ORD0003030,CUST002633,R011,2026-08-25 18:34:04,Dine-in,,Completed,71.44
ORD0003031,CUST003594,R018,2026-09-05 19:49:04,Takeaway,,Completed,32.39
ORD0003032,CUST002894,R001,2026-07-01 19:33:04,Takeaway,,Completed,34.0
ORD0003033,CUST002830,R015,2026-07-04 15:41:04,Takeaway,,Completed,149.12
ORD0003034,CUST001514,R001,2026-04-12 19:21:04,Dine-in,PROMO002,Completed,14.97
ORD0003035,CUST003637,R014,2025-12-08 18:25:04,Takeaway,,Completed,16.3
ORD0003036,CUST001104,R016,2026-07-28 12:26:04,Website/App,,Completed,30.26
ORD0003037,CUST000833,R004,2025-10-20 18:00:04,Dine-in,,Completed,16.3
ORD0003038,CUST001435,R007,2026-05-15 21:08:04,Dine-in,,Completed,31.6
ORD0003039,CUST002583,R007,2026-05-12 20:01:04,Dine-in,,Completed,44.71
ORD0003040,CUST003440,R001,2026-01-04 16:19:04,Third-Party Delivery,,Completed,25.03
ORD0003041,CUST000523,R020,2026-08-05 21:16:04,Website/App,,Completed,58.24
ORD0003042,CUST003245,R020,2026-05-04 20:16:04,Takeaway,,Completed,69.4
ORD0003043,CUST003241,R012,2026-09-07 21:57:04,Dine-in,,Completed,17.62
ORD0003044,CUST002326,R007,2026-06-29 14:42:04,Website/App,,Completed,23.76
ORD0003045,CUST003030,R017,2026-06-22 19:42:04,Third-Party Delivery,,Completed,31.56
ORD0003046,CUST000740,R009,2026-04-21 21:53:04,Dine-in,,Completed,133.89
ORD0003047,CUST000685,R015,2026-04-26 14:30:04,Dine-in,,Completed,155.2
ORD0003048,CUST003446,R010,2026-09-12 14:49:04,Website/App,,Completed,87.69
ORD0003049,CUST001985,R018,2026-07-07 12:55:04,Dine-in,,Completed,183.67
ORD0003050,CUST000988,R010,2026-09-04 11:48:04,Third-Party Delivery,,Completed,69.47
ORD0003051,CUST002745,R007,2026-06-20 12:34:04,Website/App,,Completed,15.93
ORD0003052,CUST003563,R007,2025-10-27 12:17:04,Third-Party Delivery,,Completed,56.07
ORD0003053,CUST002515,R015,2026-09-11 23:58:04,Third-Party Delivery,,Completed,50.05
ORD0003054,CUST001369,R019,2026-08-20 11:04:04,Takeaway,,Completed,195.53
ORD0003055,CUST001930,R012,2025-11-07 18:19:04,Third-Party Delivery,PROMO001,Completed,35.03
ORD0003056,CUST002996,R009,2026-09-06 11:08:04,Dine-in,,Completed,94.56
ORD0003057,CUST000262,R004,2026-09-22 19:52:04,Third-Party Delivery,,Completed,202.06
ORD0003058,CUST000874,R005,2026-09-05 11:07:04,Dine-in,,Completed,54.08
ORD0003059,CUST001845,R010,2026-08-07 13:11:04,Takeaway,,Completed,98.99
ORD0003060,CUST002393,R008,2026-09-19 13:07:04,Takeaway,,Completed,27.8
ORD0003061,CUST001341,R005,2026-07-14 13:22:04,Takeaway,,Completed,60.58
ORD0003062,CUST001187,R004,2026-03-12 10:37:04,Takeaway,,Completed,58.11
ORD0003063,CUST000156,R010,2026-08-21 19:44:04,Website/App,,Completed,69.86
ORD0003064,CUST000120,R006,2026-05-18 22:54:04,Dine-in,,Completed,31.82
ORD0003065,CUST001108,R001,2026-06-07 12:54:04,Dine-in,,Completed,17.62
ORD0003066,CUST002106,R010,2026-09-24 19:48:04,Website/App,,Completed,43.63
ORD0003067,CUST002208,R017,2025-11-08 22:50:04,Dine-in,,Cancelled,26.06
ORD0003068,CUST001969,R004,2026-03-05 19:05:04,Third-Party Delivery,,Completed,65.26
ORD0003069,CUST001622,R003,2026-09-23 20:04:04,Third-Party Delivery,,Completed,87.86
ORD0003070,CUST001015,R005,2026-07-17 22:34:04,Takeaway,,Completed,37.84
ORD0003071,CUST001586,R015,2026-08-10 18:11:04,Website/App,,Completed,93.4
ORD0003072,CUST000552,R012,2026-08-19 09:19:04,Dine-in,,Completed,71.18
ORD0003073,CUST000460,R008,2026-09-11 12:25:04,Takeaway,,Completed,44.66
ORD0003074,CUST001195,R017,2026-07-03 18:15:04,Takeaway,,Completed,133.68
ORD0003075,CUST003985,R006,2026-07-06 19:38:04,Third-Party Delivery,,Completed,39.75
ORD0003076,CUST001294,R012,2026-04-21 20:12:04,Dine-in,,Completed,14.34
ORD0003077,CUST003741,R002,2026-08-16 22:23:04,Third-Party Delivery,,Completed,96.42
ORD0003078,CUST001550,R017,2026-09-21 19:42:04,Dine-in,,Completed,103.92
ORD0003079,CUST001747,R007,2026-05-21 12:43:04,Takeaway,,Completed,47.78
ORD0003080,CUST003182,R012,2026-07-15 13:51:04,Website/App,,Completed,173.3
ORD0003081,CUST000368,R017,2026-05-27 14:09:04,Third-Party Delivery,PROMO005,Completed,80.01
ORD0003082,CUST000741,R010,2026-02-11 12:25:04,Dine-in,PROMO012,Completed,54.9
ORD0003083,CUST003894,R015,2026-06-13 11:22:04,Dine-in,,Completed,33.06
ORD0003084,CUST002014,R011,2026-06-09 20:22:04,Third-Party Delivery,,Completed,152.36
ORD0003085,CUST000169,R014,2025-12-08 19:03:04,Takeaway,,Completed,19.22
ORD0003086,CUST000179,R005,2026-08-10 14:47:04,Dine-in,,Completed,50.07
ORD0003087,CUST003619,R014,2026-09-10 12:47:04,Dine-in,,Completed,83.73
ORD0003088,CUST003494,R005,2025-11-28 21:48:04,Website/App,,Completed,138.4
ORD0003089,CUST001831,R004,2026-05-01 14:17:04,Dine-in,,Completed,82.0
ORD0003090,CUST000658,R005,2026-07-19 22:45:04,Third-Party Delivery,,Completed,174.91
ORD0003091,CUST003310,R006,2026-09-18 12:53:04,Takeaway,,Completed,170.13
ORD0003092,CUST001286,R005,2026-09-11 13:24:04,Dine-in,,Completed,35.53
ORD0003093,CUST001662,R014,2026-04-27 12:23:04,Takeaway,,Completed,37.38
ORD0003094,CUST002716,R017,2026-07-18 14:33:04,Website/App,,Completed,37.21
ORD0003095,CUST001393,R012,2026-04-29 15:34:04,Takeaway,,Completed,34.05
ORD0003096,CUST002500,R020,2025-12-18 22:00:04,Third-Party Delivery,,Completed,84.15
ORD0003097,CUST003538,R020,2026-08-09 21:11:04,Takeaway,,Cancelled,45.17
ORD0003098,CUST003183,R007,2026-08-28 23:58:04,Dine-in,,Completed,137.47
ORD0003099,CUST001512,R020,2026-09-04 13:06:04,Dine-in,,Completed,126.34
ORD0003100,CUST001145,R018,2026-09-07 10:39:04,Website/App,,Completed,42.19
ORD0003101,CUST001137,R004,2026-06-20 22:25:04,Takeaway,,Completed,8.15
ORD0003102,CUST001373,R003,2026-07-01 18:15:04,Website/App,,Completed,38.04
ORD0003103,CUST001966,R019,2026-09-04 21:48:04,Website/App,,Completed,87.91
ORD0003104,CUST001653,R003,2026-06-11 14:48:04,Takeaway,,Completed,61.03
ORD0003105,CUST000527,R007,2026-06-26 21:13:04,Website/App,,Completed,124.04
ORD0003106,CUST000659,R010,2026-08-17 20:52:04,Dine-in,,Completed,27.3
ORD0003107,CUST001353,R003,2026-08-01 13:50:04,Website/App,,Completed,46.86
ORD0003108,CUST002233,R017,2026-08-08 11:04:04,Dine-in,,Completed,21.63
ORD0003109,CUST002350,R010,2026-03-24 18:23:04,Third-Party Delivery,,Completed,64.95
ORD0003110,CUST001942,R013,2026-09-01 19:56:04,Third-Party Delivery,,Completed,21.76
ORD0003111,CUST002944,R018,2026-05-09 22:24:04,Takeaway,,Completed,28.3
ORD0003112,CUST002939,R010,2026-09-15 22:49:04,Dine-in,,Cancelled,30.24
ORD0003113,CUST001698,R016,2026-06-18 19:25:04,Third-Party Delivery,,Completed,34.12
ORD0003114,CUST000491,R019,2026-08-28 19:49:04,Website/App,,Completed,38.54
ORD0003115,CUST002105,R001,2026-02-10 18:24:04,Takeaway,PROMO003,Completed,60.45
ORD0003116,CUST001511,R017,2026-09-12 14:10:04,Takeaway,,Completed,50.24
ORD0003117,CUST000549,R013,2026-08-07 11:28:04,Dine-in,,Completed,135.88
ORD0003118,CUST003929,R004,2026-07-10 21:33:04,Dine-in,,Completed,135.26
ORD0003119,CUST001458,R010,2026-08-21 20:37:04,Third-Party Delivery,,Completed,63.56
ORD0003120,CUST002487,R013,2026-03-23 11:07:04,Dine-in,,Completed,147.32
ORD0003121,CUST001957,R007,2026-03-13 22:39:04,Takeaway,,Completed,18.18
ORD0003122,CUST000568,R019,2026-04-09 21:13:04,Dine-in,,Completed,82.52
ORD0003123,CUST000210,R017,2026-09-02 11:26:04,Takeaway,,Completed,76.89
ORD0003124,CUST002487,R003,2026-05-21 22:52:04,Takeaway,,Completed,116.85
ORD0003125,CUST000994,R007,2026-08-30 22:26:04,Third-Party Delivery,,Completed,36.46
ORD0003126,,R012,2025-12-23 19:33:04,Website/App,,Completed,81.02
ORD0003127,CUST003827,R011,2026-09-04 19:44:04,Takeaway,,Completed,117.93
ORD0003128,CUST001840,R001,2026-05-08 21:22:04,Dine-in,,Completed,37.25
ORD0003129,CUST000110,R004,2026-02-07 21:58:04,Website/App,,Completed,82.48
ORD0003130,CUST001343,R018,2026-06-03 11:48:04,Dine-in,,Completed,115.95
ORD0003131,CUST002318,R006,2026-08-29 22:22:04,Website/App,,Completed,31.56
ORD0003132,CUST001301,R012,2026-06-02 14:57:04,Third-Party Delivery,,Completed,89.05
ORD0003133,CUST000100,R011,2026-09-21 13:46:04,Dine-in,,Completed,155.93
ORD0003134,CUST001773,R016,2026-09-23 18:06:04,Takeaway,,Completed,15.1
ORD0003135,CUST000413,R005,2026-09-22 20:35:04,Third-Party Delivery,,Completed,63.37
ORD0003136,CUST002457,R017,2026-02-02 21:57:04,Takeaway,PROMO003,Completed,46.09
ORD0003137,CUST002460,R010,2026-06-01 18:07:04,Dine-in,,Completed,15.13
ORD0003138,CUST000141,R008,2026-07-30 16:20:04,Takeaway,,Completed,57.1
ORD0003139,CUST001155,R004,2026-09-17 14:38:04,Third-Party Delivery,,Completed,62.81
ORD0003140,CUST001639,R006,2026-05-10 21:44:04,Third-Party Delivery,,Completed,37.66
ORD0003141,CUST002189,R005,2026-08-28 11:35:04,Dine-in,,Completed,34.56
ORD0003142,CUST001176,R015,2025-11-29 19:21:04,Dine-in,,Completed,67.46
ORD0003143,CUST001145,R018,2026-09-21 12:13:04,Takeaway,,Completed,98.81
ORD0003144,CUST003933,R015,2026-08-30 12:07:04,Dine-in,,Completed,35.53
ORD0003145,CUST000158,R015,2026-07-29 12:41:04,Website/App,,Completed,82.27
ORD0003146,CUST003957,R016,2026-09-09 15:51:04,Dine-in,,Completed,52.83
ORD0003147,CUST000180,R017,2026-09-19 20:57:04,Third-Party Delivery,,Completed,53.25
ORD0003148,CUST001146,R020,2026-03-31 13:48:04,Website/App,,Completed,171.71
ORD0003149,CUST001967,R019,2026-09-21 19:51:04,Third-Party Delivery,,Completed,38.23
ORD0003150,CUST000569,R009,2026-06-02 20:44:04,Takeaway,PROMO005,Completed,29.76
ORD0003151,CUST000534,R017,2026-08-12 08:39:04,Third-Party Delivery,,Completed,70.5
ORD0003152,CUST001026,R001,2026-06-15 22:45:04,Third-Party Delivery,,Completed,34.89
ORD0003153,CUST003892,R017,2026-06-17 13:05:04,Dine-in,,Completed,86.11
ORD0003154,CUST001506,R015,2026-09-12 10:01:04,Dine-in,,Completed,15.13
ORD0003155,CUST002250,R010,2026-09-16 22:11:04,Takeaway,,Completed,89.99
ORD0003156,CUST002806,R011,2026-05-08 21:38:04,Takeaway,,Completed,46.93
ORD0003157,CUST002959,R002,2026-09-22 22:16:04,Takeaway,,Completed,63.23
ORD0003158,CUST002742,R018,2026-09-07 08:53:04,Dine-in,,Completed,7.5
ORD0003159,CUST001336,R002,2025-10-17 19:18:04,Third-Party Delivery,,Completed,65.81
ORD0003160,CUST000447,R009,2026-07-31 13:43:04,Takeaway,,Completed,47.11
ORD0003161,CUST001121,R017,2026-04-10 22:24:04,Takeaway,,Completed,16.29
ORD0003162,CUST000851,R006,2026-09-02 17:11:04,Dine-in,,Completed,79.5
ORD0003163,CUST000539,R010,2026-02-07 14:17:04,Dine-in,,Cancelled,28.62
ORD0003164,CUST000092,R011,2026-04-21 19:38:04,Takeaway,,Completed,25.31
ORD0003165,CUST003739,R005,2025-10-22 14:51:04,Takeaway,,Completed,52.31
ORD0003166,CUST003676,R007,2026-02-21 20:02:04,Third-Party Delivery,,Completed,34.54
ORD0003167,CUST000191,R004,2026-02-20 18:17:04,Website/App,,Completed,52.95
ORD0003168,CUST000705,R007,2026-05-13 20:42:04,Dine-in,,Completed,6.63
ORD0003169,CUST000555,R018,2026-09-19 11:26:04,Website/App,,Completed,33.06
ORD0003170,CUST001119,R012,2026-07-09 14:37:04,Third-Party Delivery,,Completed,42.3
ORD0003171,CUST000828,R014,2026-03-20 14:51:04,Dine-in,,Completed,54.57
ORD0003172,CUST003782,R002,2026-09-22 14:30:04,Dine-in,,Completed,18.19
ORD0003173,CUST000330,R012,2025-12-04 18:34:04,Dine-in,,Completed,146.94
ORD0003174,CUST000855,R005,2026-06-21 20:16:04,Website/App,,Completed,15.13
ORD0003175,CUST000314,R018,2026-03-17 19:39:04,Dine-in,,Completed,56.6
ORD0003176,CUST003923,R017,2026-03-10 13:20:04,Dine-in,,Cancelled,68.71
ORD0003177,CUST003667,R007,2026-09-10 15:31:04,Takeaway,,Completed,27.63
ORD0003178,CUST002853,R017,2026-06-18 21:04:04,Third-Party Delivery,,Completed,7.77
ORD0003179,CUST001691,R019,2026-09-23 11:19:04,Dine-in,,Completed,95.48
ORD0003180,CUST000775,R014,2026-09-23 14:27:04,Dine-in,,Completed,156.8
ORD0003181,CUST000891,R013,2026-02-20 21:48:04,Third-Party Delivery,,Completed,46.93
ORD0003182,CUST001765,R001,2026-07-02 09:42:04,Third-Party Delivery,,Completed,135.6
ORD0003183,CUST003059,R017,2026-04-25 11:54:04,Dine-in,PROMO002,Completed,29.02
ORD0003184,CUST001059,R018,2026-09-15 12:00:04,Website/App,,Completed,57.6
ORD0003185,CUST001231,R012,2026-05-15 23:29:04,Dine-in,,Completed,23.4
ORD0003186,CUST002377,R020,2026-08-24 21:09:04,Dine-in,,Completed,64.31
ORD0003187,CUST000956,R010,2026-06-25 13:13:04,Dine-in,,Completed,67.42
ORD0003188,CUST002317,R006,2026-08-30 19:14:04,Dine-in,,Completed,46.62
ORD0003189,CUST001531,R003,2025-11-27 14:43:04,Website/App,,Completed,114.46
ORD0003190,CUST000127,R009,2025-09-14 19:53:04,Takeaway,,Completed,71.5
ORD0003191,CUST001593,R017,2026-04-01 21:11:04,Dine-in,,Completed,123.19
ORD0003192,CUST003672,R005,2026-08-20 20:44:04,Website/App,,Completed,18.79
ORD0003193,CUST001163,R016,2026-09-21 16:50:04,Third-Party Delivery,,Completed,70.22
ORD0003194,CUST001280,R018,2026-03-24 19:18:04,Third-Party Delivery,,Completed,34.12
ORD0003195,CUST000256,R005,2026-08-14 20:56:04,Dine-in,,Cancelled,20.67
ORD0003196,CUST002438,R008,2026-08-08 22:30:04,Dine-in,,Completed,22.19
ORD0003197,CUST003393,R004,2026-06-25 18:19:04,Dine-in,,Completed,52.98
ORD0003198,CUST001391,R009,2026-05-18 14:41:04,Dine-in,,Completed,12.17
ORD0003199,CUST000967,R013,2026-07-15 18:36:04,Dine-in,,Completed,16.76
ORD0003200,CUST003825,R011,2026-04-16 22:09:04,Dine-in,,Completed,52.31
ORD0003201,CUST002971,R011,2026-09-12 12:58:04,Website/App,,Completed,71.34
ORD0003202,CUST002254,R006,2026-07-22 08:55:04,Takeaway,,Completed,52.88
ORD0003203,CUST001211,R020,2026-08-27 11:47:04,Dine-in,,Completed,196.35
ORD0003204,CUST000889,R002,2026-08-25 21:04:04,Takeaway,,Completed,15.65
ORD0003205,CUST002850,R013,2026-09-19 10:35:04,Takeaway,,Completed,106.69
ORD0003206,CUST002073,R015,2026-08-11 16:25:04,Website/App,,Completed,44.38
ORD0003207,CUST002071,R020,2026-09-19 21:32:04,Dine-in,,Cancelled,115.52
ORD0003208,CUST000288,R008,2026-09-21 21:42:04,Website/App,,Completed,65.7
ORD0003209,CUST002043,R010,2026-09-22 11:47:04,Dine-in,,Completed,14.15
ORD0003210,CUST003278,R007,2026-09-24 18:33:04,Website/App,,Completed,59.76
ORD0003211,CUST003786,R013,2026-09-22 12:00:04,Takeaway,,Completed,37.25
ORD0003212,CUST000419,R019,2026-07-11 14:43:04,Dine-in,,Completed,85.55
ORD0003213,CUST002511,R015,2026-04-02 13:04:04,Takeaway,,Completed,-9.52
ORD0003214,CUST002259,R006,2025-12-08 13:28:04,Dine-in,,Completed,31.86
ORD0003215,CUST003558,R010,2026-05-16 22:21:04,Dine-in,,Completed,30.59
ORD0003216,CUST002994,R012,2026-01-03 13:18:04,Dine-in,,Completed,81.19
ORD0003217,CUST003860,R001,2026-09-16 12:50:04,Dine-in,,Completed,67.77
ORD0003218,CUST003840,R013,2026-05-25 21:26:04,Takeaway,,Completed,81.05
ORD0003219,CUST000908,R005,2026-02-06 10:32:04,Dine-in,PROMO003,Completed,31.46
ORD0003220,CUST002889,R020,2026-09-14 18:22:04,Website/App,,Completed,29.71
ORD0003221,CUST002106,R020,2026-07-31 11:31:04,Dine-in,,Completed,40.51
ORD0003222,CUST000866,R011,2025-12-28 17:45:04,Dine-in,,Completed,42.69
ORD0003223,CUST000793,R020,2026-07-26 11:24:04,Takeaway,,Completed,41.1
ORD0003224,CUST000315,R003,2026-01-26 11:37:04,Dine-in,PROMO003,Completed,64.88
ORD0003225,CUST003176,R014,2026-04-27 19:34:04,Dine-in,,Completed,105.89
ORD0003226,CUST001286,R018,2026-05-08 19:19:04,Dine-in,,Completed,40.3
ORD0003227,CUST003424,R005,2026-04-18 19:48:04,Takeaway,,Completed,34.7
ORD0003228,CUST002408,R014,2026-04-24 19:18:04,Dine-in,PROMO002,Completed,42.99
ORD0003229,CUST002673,R017,2026-06-21 18:04:04,Dine-in,,Completed,51.78
ORD0003230,CUST001157,R007,2026-04-17 18:42:04,Third-Party Delivery,,Completed,11.02
ORD0003231,CUST001825,R004,2026-05-27 22:19:04,Third-Party Delivery,,Completed,20.77
ORD0003232,CUST001633,R001,2026-07-31 18:56:04,Website/App,,Completed,65.35
ORD0003233,CUST000948,R005,2026-01-27 18:09:04,Website/App,,Completed,16.3
ORD0003234,CUST003322,R012,2026-04-02 18:59:04,Takeaway,,Completed,70.52
ORD0003235,CUST002472,R008,2026-05-13 20:41:04,Website/App,,Completed,65.55
ORD0003236,CUST000139,R013,2026-08-16 13:08:04,Takeaway,,Completed,37.54
ORD0003237,CUST003271,R020,2026-05-23 12:43:04,Website/App,,Completed,108.58
ORD0003238,CUST000414,R016,2026-04-06 21:53:04,Takeaway,,Completed,83.92
ORD0003239,CUST001597,R012,2026-08-26 20:31:04,Takeaway,,Completed,97.45
ORD0003240,CUST002269,R014,2026-01-26 12:08:04,Dine-in,,Completed,36.36
ORD0003241,CUST000031,R007,2026-02-24 19:35:04,Takeaway,,Completed,16.87
ORD0003242,CUST002592,R014,2025-09-14 14:58:04,Takeaway,,Completed,14.0
ORD0003243,CUST002619,R020,2026-09-12 22:07:04,Takeaway,,Completed,110.91
ORD0003244,CUST002590,R019,2026-08-28 11:45:04,Dine-in,,Completed,34.79
ORD0003245,CUST000659,R007,2026-06-14 14:02:04,Dine-in,,Cancelled,74.3
ORD0003246,CUST001024,R003,2026-04-27 14:50:04,Takeaway,,Completed,67.2
ORD0003247,CUST000994,R005,2026-09-07 20:44:04,Third-Party Delivery,,Completed,113.47
ORD0003248,CUST003840,R013,2026-05-09 13:27:04,Website/App,,Completed,34.7
ORD0003249,CUST000263,R017,2026-09-22 20:27:04,Dine-in,,Completed,133.23
ORD0003250,CUST001703,R005,2026-09-24 22:46:04,Website/App,,Completed,105.43
ORD0003251,CUST003484,R017,2026-09-24 15:04:04,Third-Party Delivery,,Completed,33.56
ORD0003252,CUST003065,R018,2026-09-20 08:56:04,Dine-in,,Completed,108.9
ORD0003253,CUST003277,R003,2026-02-19 18:59:04,Third-Party Delivery,,Completed,45.91
ORD0003254,CUST003887,R011,2026-09-20 08:13:04,Dine-in,,Completed,21.63
ORD0003255,CUST001532,R016,2026-08-26 20:46:04,Third-Party Delivery,,Completed,172.82
ORD0003256,CUST001226,R001,2026-07-21 11:16:04,Website/App,,Completed,34.12
ORD0003257,CUST000114,R018,2026-03-13 12:37:04,Takeaway,,Completed,67.74
ORD0003258,CUST000596,R011,2026-05-29 13:46:04,Takeaway,,Completed,29.55
ORD0003259,CUST002233,R017,2026-08-11 20:52:04,Website/App,,Completed,71.13
ORD0003260,CUST000634,R002,2026-08-12 12:37:04,Takeaway,,Completed,69.5
ORD0003261,CUST002935,R007,2026-09-23 19:55:04,Dine-in,,Completed,136.92
ORD0003262,CUST000138,R014,2025-08-03 11:33:04,Third-Party Delivery,,Completed,46.46
ORD0003263,CUST001039,R016,2026-09-19 13:43:04,Website/App,,Completed,70.85
ORD0003264,CUST002772,R016,2026-08-15 14:17:04,Third-Party Delivery,,Completed,15.48
ORD0003265,CUST001023,R002,2026-09-14 22:20:04,Takeaway,,Completed,30.24
ORD0003266,CUST002904,R007,2026-05-03 18:30:04,Dine-in,,Completed,14.34
ORD0003267,CUST003987,R009,2026-05-29 14:17:04,Third-Party Delivery,,Completed,14.0
ORD0003268,CUST003182,R018,2026-02-27 14:43:04,Takeaway,,Completed,4.18
ORD0003269,CUST001349,R017,2026-09-10 11:50:04,Third-Party Delivery,,Completed,77.61
ORD0003270,CUST003597,R013,2026-02-11 20:50:04,Website/App,,Completed,33.71
ORD0003271,CUST000193,R005,2026-04-19 21:33:04,Dine-in,PROMO002,Completed,19.05
ORD0003272,CUST002888,R003,2026-08-20 19:03:04,Dine-in,,Completed,71.06
ORD0003273,CUST000088,R008,2025-10-16 18:36:04,Third-Party Delivery,,Completed,81.49
ORD0003274,CUST000711,R015,2026-02-25 13:48:04,Dine-in,,Completed,39.75
ORD0003275,CUST003950,R013,2026-01-20 21:35:04,Takeaway,,Completed,-29.65
ORD0003276,CUST001421,R009,2026-09-18 11:17:04,Takeaway,,Completed,45.97
ORD0003277,CUST003273,R017,2026-07-19 13:55:04,Dine-in,,Completed,46.95
ORD0003278,CUST001488,R020,2026-07-25 23:06:04,Website/App,,Completed,35.53
ORD0003279,CUST003356,R014,2026-06-18 12:57:04,Dine-in,,Completed,36.48
ORD0003280,CUST003860,R011,2026-09-22 14:40:04,Website/App,,Completed,62.22
ORD0003281,CUST001731,R018,2026-01-07 20:39:04,Dine-in,,Completed,95.71
ORD0003282,CUST002220,R003,2026-09-22 20:26:04,Website/App,,Completed,11.55
ORD0003283,CUST002499,R017,2026-08-03 18:10:04,Third-Party Delivery,,Completed,96.87
ORD0003284,CUST003733,R016,2026-04-26 19:35:04,Website/App,,Cancelled,118.67
ORD0003285,CUST001026,R001,2026-07-04 18:58:04,Takeaway,,Completed,39.75
ORD0003286,CUST002422,R013,2026-07-13 22:17:04,Website/App,,Completed,66.92
ORD0003287,CUST001286,R005,2026-08-06 08:53:04,Takeaway,,Completed,216.15
ORD0003288,CUST000874,R005,2026-09-20 18:38:04,Website/App,,Completed,50.16
ORD0003289,CUST000334,R005,2026-04-10 20:19:04,Website/App,,Completed,43.84
ORD0003290,CUST002465,R004,2026-08-09 13:33:04,Takeaway,,Completed,116.88
ORD0003291,CUST003525,R019,2026-07-29 14:17:04,Dine-in,,Completed,115.82
ORD0003292,CUST001386,R011,2026-06-12 11:23:04,Takeaway,,Completed,30.24
ORD0003293,CUST002197,R013,2026-05-17 14:34:04,Dine-in,,Completed,110.83
ORD0003294,CUST002553,R017,2026-08-27 12:46:04,Website/App,,Completed,98.01
ORD0003295,CUST001643,R020,2026-09-08 19:19:04,Dine-in,,Completed,74.62
ORD0003296,CUST003604,R012,2026-07-27 18:42:04,Third-Party Delivery,,Completed,37.27
ORD0003297,CUST001428,R013,2026-08-09 19:49:04,Website/App,,Completed,65.75
ORD0003298,CUST000493,R016,2026-08-23 14:08:04,Dine-in,,Completed,59.66
ORD0003299,CUST000573,R018,2026-08-03 13:06:04,Dine-in,,Completed,25.87
ORD0003300,CUST003559,R009,2026-08-22 20:56:04,Takeaway,,Completed,11.17
ORD0003301,CUST003951,R010,2026-04-29 12:34:04,Dine-in,,Completed,57.22
ORD0003302,CUST001149,R010,2026-09-23 19:31:04,Dine-in,,Completed,72.63
ORD0003303,CUST000571,R002,2026-09-24 14:25:04,Dine-in,,Completed,14.39
ORD0003304,CUST001925,R016,2026-01-17 12:26:04,Website/App,PROMO009,Completed,54.28
ORD0003305,CUST002825,R020,2026-02-10 14:40:04,Website/App,,Completed,48.03
ORD0003306,CUST002427,R005,2026-08-10 19:18:04,Website/App,,Completed,65.18
ORD0003307,CUST003804,R010,2026-03-15 19:31:04,Dine-in,,Completed,70.74
ORD0003308,CUST003262,R017,2025-12-02 11:12:04,Third-Party Delivery,,Completed,78.82
ORD0003309,CUST003475,R010,2026-03-22 18:42:04,Website/App,,Completed,29.67
ORD0003310,CUST002150,R019,2026-08-22 20:36:04,Website/App,,Completed,90.24
ORD0003311,CUST001296,R016,2026-01-16 11:25:04,Takeaway,PROMO009,Completed,16.69
ORD0003312,CUST002798,R010,2026-08-11 22:27:04,Website/App,,Completed,28.99
ORD0003313,CUST001747,R007,2026-04-19 23:15:04,Takeaway,,Completed,31.03
ORD0003314,CUST001145,R008,2026-09-18 12:08:04,Dine-in,,Completed,54.74
ORD0003315,CUST000606,R010,2026-06-23 13:52:04,Dine-in,,Completed,57.29
ORD0003316,CUST002095,R012,2026-05-29 20:10:04,Dine-in,,Completed,93.67
ORD0003317,CUST002356,R010,2026-09-01 18:30:04,Dine-in,,Completed,137.56
ORD0003318,CUST002261,R001,2026-01-25 16:33:04,Takeaway,PROMO011,Completed,22.66
ORD0003319,CUST000465,R014,2026-09-11 14:43:04,Takeaway,,Completed,160.52
ORD0003320,CUST002264,R008,2026-09-11 19:24:04,Takeaway,,Completed,6.63
ORD0003321,CUST000680,R006,2026-05-23 21:15:04,Dine-in,PROMO005,Completed,31.6
ORD0003322,CUST002631,R012,2026-01-10 22:24:04,Dine-in,,Completed,70.28
ORD0003323,CUST001706,R016,2026-05-16 13:40:04,Dine-in,,Completed,143.46
ORD0003324,CUST003392,R016,2026-06-08 23:50:04,Website/App,,Completed,38.2
ORD0003325,CUST003102,R006,2026-01-27 17:25:04,Dine-in,,Completed,23.76
ORD0003326,CUST002885,R001,2026-03-22 14:11:04,Website/App,,Completed,65.42
ORD0003327,CUST002794,R018,2026-07-11 18:05:04,Third-Party Delivery,,Completed,157.33
ORD0003328,CUST002224,R016,2026-08-23 11:13:04,Takeaway,,Completed,42.55
ORD0003329,CUST000237,R006,2026-09-19 21:32:04,Dine-in,,Completed,119.74
ORD0003330,CUST002599,R014,2026-05-15 16:24:04,Dine-in,,Completed,177.57
ORD0003331,CUST001863,R020,2026-09-16 19:12:04,Dine-in,,Completed,52.98
ORD0003332,CUST001873,R019,2025-12-06 12:58:04,Website/App,,Completed,108.91
ORD0003333,CUST001501,R004,2026-09-15 17:29:04,Third-Party Delivery,,Completed,5.1
ORD0003334,CUST003709,R009,2026-06-03 21:27:04,Website/App,,Completed,14.42
ORD0003335,CUST001004,R007,2026-07-23 13:00:04,Takeaway,,Completed,100.94
ORD0003336,CUST001254,R014,2026-08-11 19:06:04,Dine-in,,Completed,175.96
ORD0003337,CUST003851,R012,2026-08-10 18:42:04,Takeaway,,Completed,15.49
ORD0003338,CUST003234,R011,2026-07-14 12:24:04,Takeaway,,Completed,33.18
ORD0003339,CUST000055,R001,2026-01-18 21:19:04,Dine-in,PROMO009,Completed,71.15
ORD0003340,CUST003614,R018,2026-09-20 21:50:04,Website/App,,Completed,108.49
ORD0003341,CUST000911,R019,2026-07-03 08:14:04,Dine-in,,Completed,15.93
ORD0003342,CUST002812,R009,2026-02-13 18:07:04,Third-Party Delivery,PROMO012,Completed,57.13
ORD0003343,CUST002199,R001,2026-09-20 14:29:04,Dine-in,,Completed,34.12
ORD0003344,CUST002130,R019,2026-07-15 12:40:04,Website/App,,Completed,54.45
ORD0003345,CUST002859,R010,2026-02-27 18:08:04,Takeaway,,Completed,94.64
ORD0003346,CUST000839,R009,2025-10-19 22:29:04,Takeaway,,Completed,180.52
ORD0003347,CUST000640,R010,2026-09-23 13:34:04,Website/App,,Completed,82.3
ORD0003348,CUST002588,R018,2026-05-13 13:28:04,Third-Party Delivery,,Completed,28.13
ORD0003349,CUST001154,R010,2026-09-08 13:24:04,Website/App,,Completed,29.72
ORD0003350,CUST003894,R005,2026-01-04 12:47:04,Dine-in,,Completed,141.38
ORD0003351,CUST001799,R001,2025-10-05 12:12:04,Dine-in,,Completed,34.78
ORD0003352,CUST000445,R006,2026-08-21 19:21:04,Takeaway,,Completed,129.71
ORD0003353,CUST002729,R005,2026-09-17 10:54:04,Takeaway,,Cancelled,57.13
ORD0003354,CUST001214,R011,2026-06-06 13:04:04,Takeaway,,Completed,32.78
ORD0003355,CUST000591,R018,2025-11-27 14:16:04,Website/App,,Completed,73.56
ORD0003356,CUST001677,R019,2026-08-31 19:15:04,Website/App,,Completed,56.89
ORD0003357,CUST003856,R006,2026-09-24 20:29:04,Takeaway,,Completed,111.74
ORD0003358,CUST001629,R014,2026-07-12 19:19:04,Third-Party Delivery,,Completed,73.31
ORD0003359,CUST001368,R018,2026-09-13 22:43:04,Takeaway,,Completed,104.88
ORD0003360,CUST001773,R006,2026-09-05 09:14:04,Takeaway,,Completed,25.97
ORD0003361,CUST000048,R001,2026-05-18 14:57:04,Dine-in,,Completed,59.91
ORD0003362,CUST000528,R008,2026-09-08 22:54:04,Website/App,,Completed,204.61
ORD0003363,CUST003395,R008,2026-09-07 19:53:04,Dine-in,,Completed,35.53
ORD0003364,CUST003912,R014,2026-03-27 11:29:04,Takeaway,,Completed,26.16
ORD0003365,CUST000635,R008,2026-05-04 17:51:04,Dine-in,,Completed,35.53
ORD0003366,CUST002124,R013,2026-09-09 23:25:04,Takeaway,,Completed,50.05
ORD0003367,CUST003864,R012,2026-04-21 12:32:04,Takeaway,,Completed,115.59
ORD0003368,CUST000630,R005,2026-04-08 13:17:04,Third-Party Delivery,,Completed,78.3
ORD0003369,CUST000758,R015,2026-08-05 13:43:04,Dine-in,,Completed,13.42
ORD0003370,CUST003700,R010,2025-09-04 20:46:04,Website/App,,Completed,117.99
ORD0003371,CUST002811,R007,2026-09-24 21:04:04,Takeaway,,Completed,7.82
ORD0003372,CUST000604,R008,2026-09-24 22:49:04,Website/App,,Completed,58.66
ORD0003373,CUST001556,R002,2026-06-04 21:02:04,Website/App,,Completed,201.26
ORD0003374,CUST000215,R012,2026-09-20 12:31:04,Dine-in,,Completed,47.28
ORD0003375,CUST001718,R006,2026-09-13 10:42:04,Takeaway,,Completed,38.58
ORD0003376,CUST003101,R017,2026-01-26 11:08:04,Takeaway,,Completed,14.0
ORD0003377,CUST002203,R010,2026-06-19 13:18:04,Dine-in,,Completed,49.71
ORD0003378,CUST002573,R002,2026-06-13 12:16:04,Dine-in,,Cancelled,14.42
ORD0003379,CUST001295,R013,2025-11-29 20:36:04,Dine-in,,Completed,35.53
ORD0003380,CUST000651,R011,2026-07-24 19:21:04,Third-Party Delivery,,Completed,8.15
ORD0003381,CUST000052,R002,2026-08-14 13:15:04,Dine-in,,Completed,70.41
ORD0003382,CUST003275,R011,2026-03-27 18:18:04,Dine-in,,Completed,60.26
ORD0003383,CUST002532,R010,2026-08-09 08:16:04,Third-Party Delivery,,Completed,8.15
ORD0003384,CUST000920,R020,2026-06-01 18:15:04,Takeaway,PROMO005,Completed,15.73
ORD0003385,CUST001660,R013,2026-02-27 14:35:04,Takeaway,,Completed,233.3
ORD0003386,CUST003198,R008,2025-09-09 18:14:04,Dine-in,,Completed,34.7
ORD0003387,CUST002140,R019,2026-08-14 18:35:04,Third-Party Delivery,,Completed,97.91
ORD0003388,CUST001195,R017,2026-07-15 22:51:04,Website/App,,Completed,91.55
ORD0003389,CUST001070,R019,2026-09-02 18:16:04,Dine-in,,Completed,52.39
ORD0003390,CUST000876,R015,2026-09-15 22:52:04,Dine-in,,Completed,35.25
ORD0003391,CUST003281,R002,2026-04-14 14:00:04,Takeaway,,Completed,50.46
ORD0003392,CUST002309,R002,2026-08-20 13:05:04,Dine-in,,Completed,158.32
ORD0003393,CUST002823,R010,2026-02-26 19:01:04,Dine-in,,Completed,28.58
ORD0003394,CUST003436,R014,2026-09-05 21:23:04,Third-Party Delivery,,Completed,38.89
ORD0003395,CUST003948,R014,2026-08-02 19:42:04,Dine-in,,Completed,24.34
ORD0003396,CUST001004,R007,2026-07-09 19:55:04,Dine-in,,Completed,83.45
ORD0003397,CUST000736,R016,2026-09-17 14:16:04,Takeaway,,Completed,75.3
ORD0003398,CUST001842,R018,2026-02-07 18:18:04,Takeaway,,Completed,56.44
ORD0003399,CUST000130,R020,2026-08-07 19:44:04,Third-Party Delivery,,Completed,41.92
ORD0003400,CUST003160,R019,2025-10-31 16:21:04,Dine-in,,Completed,92.83
ORD0003401,CUST003532,R011,2026-07-31 20:32:04,Dine-in,,Completed,9.11
ORD0003402,CUST002730,R014,2025-10-16 18:36:04,Takeaway,,Completed,52.08
ORD0003403,CUST001071,R020,2026-07-25 12:22:04,Takeaway,,Completed,29.55
ORD0003404,CUST000488,R005,2025-11-24 20:08:04,Third-Party Delivery,,Completed,15.26
ORD0003405,CUST001514,R011,2026-07-10 14:48:04,Dine-in,,Completed,94.96
ORD0003406,CUST003326,R016,2026-09-09 20:58:04,Dine-in,,Completed,234.31
ORD0003407,CUST001370,R008,2026-06-11 22:05:04,Website/App,,Completed,22.19
ORD0003408,CUST000126,R003,2026-06-07 22:19:04,Takeaway,,Completed,72.03
ORD0003409,CUST001095,R003,2026-06-26 14:52:04,Website/App,,Completed,4.25
ORD0003410,CUST003961,R009,2026-09-08 22:59:04,Takeaway,,Completed,60.62
ORD0003411,CUST002686,R001,2026-09-22 19:48:04,Takeaway,,Completed,7.1
ORD0003412,CUST003597,R013,2026-05-30 17:12:04,Dine-in,PROMO005,Completed,31.56
ORD0003413,CUST003089,R002,2026-07-30 19:38:04,Website/App,,Completed,199.07
ORD0003414,CUST002144,R015,2026-03-08 17:14:04,Website/App,,Completed,72.13
ORD0003415,CUST000591,R006,2026-02-13 19:17:04,Website/App,,Completed,22.19
ORD0003416,CUST001373,R003,2026-08-02 09:40:04,Dine-in,,Completed,56.44
ORD0003417,CUST002316,R014,2025-10-22 20:30:04,Third-Party Delivery,,Completed,47.11
ORD0003418,CUST003481,R004,2026-07-26 12:08:04,Website/App,,Completed,47.27
ORD0003419,CUST001074,R018,2026-04-02 22:14:04,Website/App,,Completed,61.42
ORD0003420,CUST000481,R009,2026-05-22 18:58:04,Dine-in,,Completed,34.7
ORD0003421,CUST002218,R018,2026-09-04 20:19:04,Third-Party Delivery,,Completed,29.11
ORD0003422,CUST000719,R015,2026-09-06 18:56:04,Takeaway,,Completed,62.81
ORD0003423,CUST002417,R020,2026-02-10 13:39:04,Takeaway,,Completed,8.15
ORD0003424,CUST001055,R015,2026-09-12 13:39:04,Dine-in,,Completed,31.76
ORD0003425,CUST000928,R017,2026-09-13 18:22:04,Website/App,,Completed,23.08
ORD0003426,CUST001580,R006,2026-09-13 19:47:04,Takeaway,,Completed,34.12
ORD0003427,CUST002353,R016,2026-01-03 11:36:04,Takeaway,,Completed,15.13
ORD0003428,CUST002166,R002,2026-08-13 20:19:04,Dine-in,,Completed,66.26
ORD0003429,CUST000983,R004,2026-05-09 17:11:04,Third-Party Delivery,,Completed,8.21
ORD0003430,CUST003561,R003,2026-09-10 11:47:04,Dine-in,,Completed,7.05
ORD0003431,CUST000435,R007,2026-03-27 12:19:04,Takeaway,,Completed,75.25
ORD0003432,CUST000146,R017,2026-05-26 12:47:04,Dine-in,,Completed,106.28
ORD0003433,CUST002386,R010,2026-08-05 14:35:04,Website/App,,Completed,42.68
ORD0003434,CUST000489,R001,2026-06-10 15:01:04,Dine-in,,Completed,147.2
ORD0003435,CUST002008,R018,2026-09-16 12:27:04,Dine-in,,Completed,68.23
ORD0003436,CUST003808,R015,2026-04-28 13:12:04,Third-Party Delivery,,Completed,79.2
ORD0003437,CUST002786,R020,2026-06-18 11:25:04,Website/App,,Completed,57.13
ORD0003438,CUST002450,R011,2026-09-20 18:23:04,Dine-in,,Completed,50.59
ORD0003439,CUST002284,R008,2025-11-08 16:40:04,Third-Party Delivery,PROMO001,Completed,66.93
ORD0003440,CUST000730,R013,2026-06-23 20:19:04,Dine-in,,Completed,50.05
ORD0003441,CUST001718,R006,2026-03-25 12:32:04,Third-Party Delivery,,Completed,7.19
ORD0003442,CUST001351,R002,2026-08-05 11:54:04,Website/App,,Completed,75.59
ORD0003443,CUST003813,R010,2026-07-24 12:46:04,Dine-in,,Completed,85.82
ORD0003444,CUST000974,R019,2026-09-08 21:07:04,Takeaway,,Completed,4.78
ORD0003445,CUST001881,R011,2026-09-12 14:27:04,Third-Party Delivery,,Completed,10.06
ORD0003446,CUST003748,R013,2026-09-10 13:26:04,Dine-in,,Completed,31.94
ORD0003447,CUST003151,R016,2026-09-03 18:42:04,Dine-in,,Completed,130.76
ORD0003448,CUST003856,R013,2026-09-23 12:00:04,Takeaway,,Cancelled,81.87
ORD0003449,CUST002408,R004,2025-09-10 13:09:04,Third-Party Delivery,,Completed,18.0
ORD0003450,CUST001323,R006,2026-08-15 21:29:04,Dine-in,,Completed,22.23
ORD0003451,CUST003294,R010,2026-09-14 11:47:04,Takeaway,,Completed,21.63
ORD0003452,CUST001157,R007,2026-06-18 18:46:04,Dine-in,,Completed,28.99
ORD0003453,CUST000665,R008,2026-09-23 18:34:04,Dine-in,,Completed,71.88
ORD0003454,CUST002813,R020,2026-08-23 21:15:04,Dine-in,,Completed,111.28
ORD0003455,CUST002541,R002,2026-08-17 20:05:04,Dine-in,,Completed,103.73
ORD0003456,CUST003515,R010,2026-01-11 09:42:04,Dine-in,,Completed,85.22
ORD0003457,CUST003847,R005,2026-03-07 11:00:04,Third-Party Delivery,,Completed,41.04
ORD0003458,CUST003425,R010,2025-09-03 22:07:04,Third-Party Delivery,,Completed,24.45
ORD0003459,CUST000231,R006,2026-08-18 12:22:04,Dine-in,,Cancelled,22.04
ORD0003460,CUST002633,R001,2026-07-20 18:34:04,Third-Party Delivery,,Completed,19.76
ORD0003461,CUST003133,R010,2026-09-23 19:06:04,Dine-in,,Completed,56.18
ORD0003462,CUST003929,R014,2026-07-30 18:16:04,Website/App,,Completed,37.25
ORD0003463,CUST001481,R009,2026-08-01 21:23:04,Dine-in,,Completed,85.87
ORD0003464,CUST000687,R013,2026-09-21 14:19:04,Dine-in,,Completed,32.92
ORD0003465,,R018,2026-05-30 13:15:04,Takeaway,PROMO005,Completed,36.17
ORD0003466,CUST001258,R007,2026-08-18 12:01:04,Takeaway,,Completed,60.82
ORD0003467,CUST002373,R017,2026-06-03 19:15:04,Third-Party Delivery,,Completed,158.92
ORD0003468,CUST001542,R004,2026-04-26 12:06:04,Website/App,,Completed,46.87
ORD0003469,CUST001592,R013,2026-07-01 21:06:04,Website/App,,Completed,13.55
ORD0003470,CUST002918,R014,2026-01-18 12:16:04,Website/App,PROMO009,Completed,69.22
ORD0003471,CUST001423,R016,2026-01-06 20:18:04,Third-Party Delivery,,Completed,187.17
ORD0003472,CUST002761,R016,2026-09-18 22:53:04,Dine-in,,Completed,45.91
ORD0003473,CUST000056,R014,2026-06-26 19:19:04,Dine-in,,Completed,15.13
ORD0003474,CUST001286,R015,2026-05-05 18:01:04,Dine-in,,Completed,37.94
ORD0003475,CUST001264,R019,2026-07-13 12:01:04,Website/App,,Completed,148.62
ORD0003476,CUST002986,R011,2026-09-23 21:20:04,Third-Party Delivery,,Completed,8.63
ORD0003477,CUST001246,R020,2026-07-16 19:22:04,Third-Party Delivery,,Completed,76.75
ORD0003478,CUST002518,R002,2025-12-19 20:40:04,Dine-in,,Cancelled,35.53
ORD0003479,CUST002744,R009,2026-05-17 13:02:04,Third-Party Delivery,,Completed,8.99
ORD0003480,CUST002614,R019,2026-08-26 11:42:04,Website/App,,Completed,23.76
ORD0003481,CUST002390,R016,2026-03-18 13:49:04,Dine-in,,Completed,34.7
ORD0003482,CUST001639,R016,2026-08-12 18:45:04,Takeaway,,Completed,39.75
ORD0003483,CUST001473,R012,2026-06-15 22:18:04,Website/App,,Completed,54.71
ORD0003484,CUST002245,R009,2026-09-24 19:26:04,Dine-in,,Completed,44.53
ORD0003485,CUST000248,R015,2026-08-22 17:19:04,Website/App,,Cancelled,54.07
ORD0003486,CUST003502,R019,2026-03-09 14:12:04,Website/App,,Completed,41.34
ORD0003487,CUST003289,R004,2026-08-15 19:04:04,Dine-in,,Completed,67.12
ORD0003488,CUST001366,R019,2026-03-07 21:40:04,Third-Party Delivery,,Completed,34.7
ORD0003489,CUST002254,R005,2026-09-04 21:00:04,Website/App,,Cancelled,42.59
ORD0003490,CUST003720,R015,2026-09-04 18:53:04,Takeaway,,Completed,55.67
ORD0003491,CUST001085,R018,2025-11-03 21:42:04,Third-Party Delivery,PROMO006,Completed,88.17
ORD0003492,CUST002960,R011,2026-06-04 19:18:04,Takeaway,,Completed,56.82
ORD0003493,CUST000322,R001,2026-09-03 11:33:04,Takeaway,,Completed,54.49
ORD0003494,CUST002081,R011,2026-09-21 13:58:04,Dine-in,,Completed,34.7
ORD0003495,CUST003532,R011,2026-09-16 08:19:04,Third-Party Delivery,,Completed,38.58
ORD0003496,CUST002193,R005,2026-06-17 20:50:04,Website/App,,Completed,69.34
ORD0003497,CUST002444,R010,2026-01-08 14:33:04,Takeaway,,Cancelled,84.17
ORD0003498,CUST003619,R006,2026-09-19 14:08:04,Dine-in,,Completed,53.81
ORD0003499,CUST002849,R007,2026-08-12 11:29:04,Takeaway,,Cancelled,148.76
ORD0003500,CUST002773,R018,2026-01-30 22:58:04,Dine-in,,Completed,39.75
ORD0003501,CUST002325,R008,2026-04-26 21:47:04,Third-Party Delivery,,Completed,37.25
ORD0003502,CUST002517,R011,2026-07-17 08:14:04,Website/App,,Completed,13.26
ORD0003503,CUST003208,R011,2026-04-24 22:02:04,Website/App,,Completed,58.42
ORD0003504,CUST003916,R014,2026-08-28 21:41:04,Takeaway,,Completed,50.05
ORD0003505,CUST003174,R016,2026-04-04 20:01:04,Website/App,,Completed,16.18
ORD0003506,CUST002818,R002,2026-06-07 20:56:04,Takeaway,,Completed,107.42
ORD0003507,CUST000538,R010,2026-07-27 22:16:04,Website/App,,Completed,73.16
ORD0003508,CUST003259,R006,2026-05-13 18:01:04,Dine-in,,Completed,160.72
ORD0003509,CUST002933,R009,2026-08-27 11:28:04,Takeaway,,Completed,45.96
ORD0003510,CUST003069,R014,2026-09-11 14:51:04,Dine-in,,Completed,29.55
ORD0003511,CUST000929,R011,2025-11-10 11:28:04,Dine-in,,Completed,57.8
ORD0003512,CUST003605,R018,2026-01-11 19:59:04,Dine-in,,Completed,55.72
ORD0003513,CUST000383,R016,2026-05-16 21:17:04,Takeaway,,Completed,26.15
ORD0003514,CUST001019,R003,2026-07-24 20:23:04,Dine-in,,Completed,40.39
ORD0003515,CUST002627,R001,2026-09-10 08:52:04,Website/App,,Completed,49.08
ORD0003516,CUST002673,R017,2026-01-18 12:24:04,Dine-in,PROMO009,Completed,36.09
ORD0003517,CUST001242,R005,2026-07-12 23:41:04,Dine-in,,Completed,78.74
ORD0003518,CUST002797,R012,2026-01-03 21:44:04,Takeaway,,Completed,135.99
ORD0003519,CUST001534,R015,2026-09-12 19:54:04,Third-Party Delivery,,Completed,9.21
ORD0003520,CUST000001,R017,2026-04-01 12:55:04,Website/App,,Completed,58.57
ORD0003521,CUST000657,R006,2026-09-09 11:59:04,Dine-in,,Completed,34.7
ORD0003522,CUST003526,R009,2026-09-17 20:28:04,Website/App,,Completed,81.63
ORD0003523,CUST000897,R007,2026-09-09 21:55:04,Takeaway,,Completed,14.42
ORD0003524,CUST000450,R013,2026-07-13 11:24:04,Third-Party Delivery,,Cancelled,39.65
ORD0003525,CUST002715,R007,2026-09-10 19:59:04,Third-Party Delivery,,Completed,4.18
ORD0003526,CUST001753,R020,2026-05-12 14:00:04,Third-Party Delivery,,Completed,16.25
ORD0003527,CUST003180,R007,2026-09-03 14:00:04,Third-Party Delivery,,Completed,166.51
ORD0003528,CUST003440,R011,2026-03-26 21:44:04,Takeaway,,Completed,82.45
ORD0003529,CUST003381,R001,2026-09-11 19:23:04,Dine-in,,Completed,81.65
ORD0003530,CUST001241,R012,2026-07-07 12:24:04,Dine-in,,Cancelled,14.67
ORD0003531,CUST002012,R006,2025-11-27 18:05:04,Website/App,,Completed,18.87
ORD0003532,CUST002583,R007,2026-09-02 13:50:04,Dine-in,,Completed,-31.05
ORD0003533,CUST001275,R010,2026-09-18 15:00:04,Dine-in,,Completed,82.33
ORD0003534,CUST000154,R001,2026-07-15 17:42:04,Takeaway,,Completed,42.34
ORD0003535,CUST001979,R006,2026-08-03 19:43:04,Website/App,,Completed,149.42
ORD0003536,CUST000051,R009,2026-07-28 14:40:04,Website/App,,Completed,31.98
ORD0003537,CUST003801,R001,2026-02-15 21:04:04,Takeaway,PROMO012,Completed,173.11
ORD0003538,CUST003181,R020,2026-06-23 08:26:04,Third-Party Delivery,,Completed,62.34
ORD0003539,CUST000782,R008,2026-08-02 11:30:04,Third-Party Delivery,,Completed,189.97
ORD0003540,CUST001144,R012,2026-08-26 11:09:04,Third-Party Delivery,,Completed,31.46
ORD0003541,CUST003933,R018,2026-05-13 19:20:04,Takeaway,,Completed,45.91
ORD0003542,CUST001475,R009,2026-07-16 12:09:04,Dine-in,,Completed,78.11
ORD0003543,CUST003129,R016,2026-09-09 12:21:04,Third-Party Delivery,,Completed,31.46
ORD0003544,CUST001779,R011,2026-08-10 18:11:04,Dine-in,,Completed,174.63
ORD0003545,CUST003452,R011,2026-01-22 22:36:04,Website/App,,Completed,39.75
ORD0003546,CUST002805,R001,2026-08-19 16:19:04,Third-Party Delivery,,Completed,34.32
ORD0003547,CUST000087,R020,2026-08-17 21:49:04,Dine-in,,Completed,18.49
ORD0003548,CUST001169,R001,2026-05-31 12:14:04,Website/App,,Completed,48.29
ORD0003549,CUST002215,R006,2026-09-24 21:05:04,Third-Party Delivery,,Completed,152.63
ORD0003550,CUST003699,R010,2026-08-23 19:49:04,Dine-in,,Completed,16.76
ORD0003551,CUST000401,R002,2026-06-17 11:44:04,Takeaway,,Completed,57.13
ORD0003552,CUST002380,R012,2026-04-27 18:26:04,Takeaway,,Completed,33.71
ORD0003553,CUST001201,R019,2026-09-21 12:12:04,Takeaway,,Completed,51.13
ORD0003554,CUST003553,R007,2026-07-24 14:29:04,Dine-in,,Completed,125.81
ORD0003555,CUST003049,R006,2026-09-24 13:31:04,Dine-in,,Completed,96.19
ORD0003556,CUST001458,R020,2026-08-15 14:17:04,Dine-in,,Completed,84.3
ORD0003557,CUST000674,R017,2026-01-06 22:00:04,Takeaway,,Completed,34.12
ORD0003558,CUST000044,R009,2026-03-22 22:55:04,Website/App,,Completed,44.08
ORD0003559,CUST002469,R002,2026-08-03 12:13:04,Dine-in,,Completed,52.87
ORD0003560,CUST001607,R010,2026-09-08 19:02:04,Dine-in,,Completed,104.25
ORD0003561,CUST001247,R013,2026-08-25 12:32:04,Dine-in,,Completed,46.37
ORD0003562,CUST003944,R019,2026-09-02 09:56:04,Third-Party Delivery,,Completed,58.24
ORD0003563,CUST001859,R007,2026-06-19 21:22:04,Takeaway,,Completed,12.51
ORD0003564,CUST002989,R016,2025-09-27 14:54:04,Dine-in,,Completed,60.26
ORD0003565,CUST000723,R008,2026-05-12 19:31:04,Takeaway,,Completed,30.72
ORD0003566,CUST000052,R012,2026-08-18 18:10:04,Website/App,,Completed,75.9
ORD0003567,CUST001657,R014,2026-06-15 18:01:04,Takeaway,,Completed,118.18
ORD0003568,CUST002639,R006,2026-09-12 20:45:04,Dine-in,,Completed,53.81
ORD0003569,CUST002020,R011,2025-10-22 11:28:04,Website/App,PROMO006,Completed,183.78
ORD0003570,CUST003558,R020,2026-06-21 12:42:04,Website/App,,Completed,164.62
ORD0003571,CUST001723,R007,2026-02-17 14:21:04,Takeaway,PROMO012,Completed,65.85
ORD0003572,CUST001231,R002,2026-03-18 08:55:04,Website/App,,Completed,20.09
ORD0003573,CUST003656,R004,2026-06-30 14:39:04,Website/App,,Completed,6.49
ORD0003574,CUST001609,R008,2026-08-31 12:54:04,Dine-in,,Completed,68.75
ORD0003575,CUST001079,R009,2026-09-05 21:25:04,Dine-in,,Completed,29.55
ORD0003576,CUST000384,R002,2026-09-06 13:35:04,Third-Party Delivery,,Completed,53.82
ORD0003577,CUST003167,R005,2026-05-19 19:37:04,Dine-in,,Completed,88.31
ORD0003578,CUST003287,R003,2026-06-21 11:22:04,Dine-in,,Completed,21.62
ORD0003579,CUST000123,R019,2026-04-11 21:06:04,Third-Party Delivery,,Completed,30.57
ORD0003580,CUST001413,R019,2026-09-19 12:44:04,Website/App,,Completed,56.97
ORD0003581,CUST002989,R006,2025-10-20 12:29:04,Takeaway,,Completed,15.13
ORD0003582,CUST003783,R014,2026-09-19 20:31:04,Website/App,,Completed,46.93
ORD0003583,CUST001496,R016,2026-07-07 18:05:04,Dine-in,,Completed,52.31
ORD0003584,CUST003487,R014,2026-07-25 19:29:04,Dine-in,,Completed,76.41
ORD0003585,CUST001556,R002,2026-05-25 11:28:04,Takeaway,,Completed,82.38
ORD0003586,CUST000730,R003,2026-08-22 22:30:04,Dine-in,,Completed,183.22
ORD0003587,CUST000015,R002,2026-02-28 15:23:04,Takeaway,,Completed,22.81
ORD0003588,CUST001309,R015,2026-05-20 20:38:04,Dine-in,,Completed,38.72
ORD0003589,CUST001498,R013,2026-06-21 21:20:04,Third-Party Delivery,,Completed,85.42
ORD0003590,CUST003778,R011,2025-10-26 12:50:04,Dine-in,,Completed,23.76
ORD0003591,CUST000835,R012,2026-04-22 19:28:04,Third-Party Delivery,,Completed,82.8
ORD0003592,CUST001514,R011,2026-03-17 20:33:04,Website/App,,Completed,60.26
ORD0003593,CUST000094,R013,2026-09-18 13:07:04,Dine-in,,Completed,34.73
ORD0003594,CUST003043,R010,2026-08-23 09:00:04,Takeaway,,Completed,39.35
ORD0003595,CUST003653,R011,2026-09-21 19:42:04,Website/App,,Completed,93.63
ORD0003596,CUST000956,R010,2026-08-11 18:43:04,Dine-in,,Completed,14.39
ORD0003597,CUST001703,R003,2026-08-03 19:46:04,Dine-in,,Completed,98.82
ORD0003598,CUST000484,R014,2026-07-04 12:29:04,Website/App,,Completed,57.13
ORD0003599,CUST001822,R020,2026-03-03 15:13:04,Dine-in,,Completed,53.31
ORD0003600,CUST000528,R018,2026-09-15 19:32:04,Third-Party Delivery,,Completed,20.94
ORD0003601,CUST002081,R011,2026-09-24 18:34:04,Dine-in,,Completed,62.81
ORD0003602,CUST002929,R019,2026-09-17 19:03:04,Third-Party Delivery,,Completed,49.95
ORD0003603,CUST002200,R006,2026-09-15 13:39:04,Dine-in,,Completed,90.88
ORD0003604,CUST000986,R004,2026-09-24 16:20:04,Takeaway,,Completed,87.93
ORD0003605,CUST001395,R002,2026-09-04 09:28:04,Dine-in,,Completed,90.4
ORD0003606,CUST002540,R005,2025-12-25 20:18:04,Takeaway,,Completed,52.71
ORD0003607,CUST002337,R011,2026-05-25 11:44:04,Website/App,,Completed,141.19
ORD0003608,CUST000542,R001,2026-07-09 18:40:04,Website/App,,Completed,165.27
ORD0003609,CUST003375,R014,2026-08-25 21:23:04,Third-Party Delivery,,Completed,23.13
ORD0003610,CUST001893,R008,2026-04-03 21:42:04,Dine-in,,Completed,20.61
ORD0003611,CUST000656,R015,2026-08-06 12:19:04,Dine-in,,Completed,45.08
ORD0003612,CUST000487,R017,2026-02-23 14:41:04,Website/App,,Completed,37.89
ORD0003613,CUST003861,R005,2026-07-23 11:56:04,Takeaway,,Completed,76.07
ORD0003614,CUST001120,R016,2026-07-18 21:37:04,Dine-in,,Completed,15.13
ORD0003615,CUST003623,R016,2026-06-13 12:26:04,Dine-in,,Completed,41.1
ORD0003616,CUST001627,R010,2026-05-21 18:46:04,Website/App,,Completed,27.34
ORD0003617,CUST001528,R003,2026-05-19 20:20:04,Website/App,,Completed,187.04
ORD0003618,CUST002794,R008,2026-07-12 14:09:04,Dine-in,,Completed,48.41
ORD0003619,CUST000037,R015,2026-02-20 20:27:04,Takeaway,,Completed,122.89
ORD0003620,CUST001338,R010,2026-09-07 13:44:04,Website/App,,Completed,40.24
ORD0003621,CUST001203,R008,2026-07-21 14:07:04,Website/App,,Completed,126.57
ORD0003622,CUST003471,R005,2026-09-13 13:36:04,Takeaway,,Completed,54.64
ORD0003623,CUST002100,R011,2026-09-06 12:59:04,Dine-in,,Completed,58.98
ORD0003624,CUST001436,R016,2026-07-27 18:53:04,Dine-in,,Cancelled,126.68
ORD0003625,CUST001066,R004,2026-09-12 12:58:04,Website/App,,Completed,15.07
ORD0003626,CUST002341,R012,2026-09-15 14:18:04,Third-Party Delivery,,Completed,28.86
ORD0003627,CUST000603,R011,2026-09-21 13:23:04,Website/App,,Completed,81.31
ORD0003628,CUST000989,R016,2026-01-23 20:27:04,Dine-in,,Completed,98.08
ORD0003629,CUST001166,R015,2026-05-26 14:14:04,Takeaway,,Completed,-56.44
ORD0003630,CUST002407,R007,2026-06-03 14:02:04,Third-Party Delivery,,Completed,34.85
ORD0003631,CUST001473,R012,2026-07-15 21:46:04,Dine-in,,Completed,69.6
ORD0003632,CUST002014,R017,2026-08-20 12:09:04,Third-Party Delivery,,Completed,18.71
ORD0003633,CUST002583,R017,2026-01-21 21:49:04,Dine-in,,Completed,30.05
ORD0003634,CUST003824,R018,2026-08-14 11:11:04,Website/App,,Completed,8.36
ORD0003635,CUST003048,R004,2026-04-24 14:38:04,Dine-in,PROMO002,Completed,27.57
ORD0003636,CUST001603,R016,2026-06-16 19:48:04,Takeaway,,Completed,37.2
ORD0003637,CUST002982,R018,2026-09-05 14:50:04,Dine-in,,Completed,63.33
ORD0003638,CUST003797,R008,2026-05-04 11:10:04,Dine-in,,Completed,84.67
ORD0003639,CUST001988,R004,2026-06-09 15:41:04,Dine-in,,Completed,35.53
ORD0003640,CUST001626,R011,2026-01-29 13:31:04,Website/App,,Completed,37.17
ORD0003641,CUST000305,R001,2025-11-18 12:09:04,Third-Party Delivery,,Completed,34.63
ORD0003642,CUST003565,R007,2025-10-15 13:26:04,Dine-in,,Completed,34.93
ORD0003643,CUST000990,R013,2025-12-20 22:37:04,Dine-in,,Completed,68.54
ORD0003644,CUST000249,R019,2026-01-05 21:52:04,Takeaway,,Cancelled,13.26
ORD0003645,CUST002133,R009,2026-05-08 20:58:04,Website/App,,Completed,73.51
ORD0003646,CUST003380,R016,2026-08-18 21:44:04,Dine-in,,Completed,9.52
ORD0003647,CUST001608,R008,2026-07-07 11:51:04,Dine-in,,Completed,61.85
ORD0003648,CUST003127,R006,2026-06-16 18:27:04,Takeaway,,Completed,92.72
ORD0003649,CUST003342,R002,2026-08-11 12:34:04,Third-Party Delivery,,Completed,90.5
ORD0003650,CUST001811,R019,2026-01-12 19:57:04,Takeaway,,Completed,15.78
ORD0003651,CUST002344,R001,2025-12-26 13:12:04,Dine-in,,Completed,185.8
ORD0003652,CUST002119,R001,2026-04-28 14:46:04,Dine-in,,Completed,46.93
ORD0003653,CUST003754,R016,2026-07-20 21:24:04,Takeaway,,Completed,25.32
ORD0003654,,R018,2026-08-05 19:29:04,Third-Party Delivery,,Completed,54.91
ORD0003655,CUST003695,R015,2026-09-20 16:08:04,Dine-in,,Completed,42.5
ORD0003656,CUST000886,R009,2026-06-21 14:50:04,Third-Party Delivery,,Completed,39.75
ORD0003657,CUST001229,R012,2026-09-02 22:01:04,Dine-in,,Cancelled,32.43
ORD0003658,CUST000275,R015,2026-07-21 14:31:04,Third-Party Delivery,,Completed,63.84
ORD0003659,CUST001990,R002,2026-07-24 18:30:04,Dine-in,,Completed,35.64
ORD0003660,CUST003497,R014,2026-05-26 21:38:04,Takeaway,,Completed,34.7
ORD0003661,CUST001295,R017,2025-12-12 11:59:04,Dine-in,,Completed,34.05
ORD0003662,CUST000507,R007,2026-04-28 23:35:04,Dine-in,,Cancelled,34.12
ORD0003663,CUST000268,R016,2026-05-18 13:36:04,Third-Party Delivery,,Completed,21.07
ORD0003664,CUST001781,R013,2026-03-25 22:11:04,Website/App,,Cancelled,10.29
ORD0003665,CUST000662,R016,2026-07-17 22:50:04,Dine-in,,Completed,97.85
ORD0003666,CUST001365,R004,2026-09-06 20:40:04,Takeaway,,Completed,77.13
ORD0003667,CUST003272,R007,2026-09-13 12:22:04,Third-Party Delivery,,Completed,28.68
ORD0003668,CUST001519,R017,2026-09-09 19:03:04,Website/App,,Completed,115.36
ORD0003669,CUST002417,R011,2026-06-01 13:05:04,Dine-in,,Completed,102.01
ORD0003670,CUST001996,R014,2026-07-06 22:50:04,Takeaway,,Completed,26.15
ORD0003671,CUST002863,R018,2026-09-23 22:24:04,Dine-in,,Completed,67.8
ORD0003672,CUST000628,R019,2026-09-01 18:21:04,Third-Party Delivery,,Completed,25.41
ORD0003673,CUST003674,R002,2026-08-30 18:51:04,Dine-in,,Completed,19.41
ORD0003674,CUST002557,R013,2026-05-07 20:17:04,Dine-in,,Completed,163.81
ORD0003675,CUST001083,R008,2026-08-04 20:47:04,Dine-in,,Completed,52.31
ORD0003676,CUST000488,R005,2025-09-19 21:13:04,Dine-in,,Completed,14.78
ORD0003677,CUST000595,R010,2026-08-20 18:06:04,Dine-in,,Completed,15.36
ORD0003678,CUST003125,R007,2026-09-12 10:34:04,Third-Party Delivery,,Completed,18.54
ORD0003679,CUST002331,R001,2026-09-11 18:38:04,Website/App,,Completed,167.79
ORD0003680,CUST001508,R013,2026-09-21 12:03:04,Dine-in,,Completed,56.76
ORD0003681,CUST001319,R017,2026-09-22 11:56:04,Third-Party Delivery,,Completed,-140.77
ORD0003682,CUST003418,R006,2026-09-07 14:42:04,Third-Party Delivery,,Cancelled,124.77
ORD0003683,CUST003499,R012,2026-09-16 19:52:04,Website/App,,Completed,9.11
ORD0003684,CUST002306,R010,2026-05-31 12:04:04,Website/App,,Completed,94.07
ORD0003685,CUST002084,R018,2026-08-26 20:28:04,Website/App,,Cancelled,68.02
ORD0003686,CUST003256,R005,2026-09-20 18:30:04,Takeaway,,Completed,41.23
ORD0003687,CUST002988,R014,2026-08-23 10:16:04,Third-Party Delivery,,Completed,33.02
ORD0003688,CUST001586,R011,2026-09-09 13:22:04,Third-Party Delivery,,Completed,112.23
ORD0003689,CUST000323,R013,2026-06-20 21:39:04,Website/App,,Completed,52.02
ORD0003690,CUST003060,R001,2026-09-22 21:21:04,Dine-in,,Completed,78.85
ORD0003691,CUST000681,R015,2026-03-25 15:17:04,Takeaway,,Completed,17.43
ORD0003692,CUST000062,R009,2026-02-17 22:44:04,Dine-in,,Completed,50.05
ORD0003693,,R010,2026-07-27 14:21:04,Website/App,,Completed,8.96
ORD0003694,CUST002296,R008,2026-06-23 12:33:04,Dine-in,,Completed,49.27
ORD0003695,CUST003563,R007,2026-07-20 13:30:04,Dine-in,,Completed,41.74
ORD0003696,CUST001935,R020,2026-04-22 18:23:04,Website/App,,Completed,108.23
ORD0003697,CUST003699,R020,2026-05-31 22:01:04,Dine-in,,Completed,68.24
ORD0003698,CUST001395,R012,2026-08-30 11:08:04,Takeaway,,Completed,32.11
ORD0003699,CUST002885,R001,2026-01-11 12:53:04,Website/App,PROMO009,Completed,91.29
ORD0003700,CUST001198,R015,2026-07-29 14:40:04,Dine-in,,Completed,10.06
ORD0003701,CUST000005,R017,2026-07-01 18:51:04,Website/App,,Completed,132.87
ORD0003702,CUST001504,R010,2026-09-06 12:35:04,Takeaway,,Completed,75.83
ORD0003703,CUST002942,R010,2026-09-15 20:44:04,Dine-in,,Completed,44.39
ORD0003704,CUST000596,R001,2026-03-17 21:14:04,Dine-in,,Completed,71.54
ORD0003705,CUST002007,R002,2025-10-18 12:21:04,Takeaway,,Completed,6.5
ORD0003706,CUST000857,R014,2026-08-14 22:02:04,Dine-in,,Completed,84.92
ORD0003707,,R007,2026-09-23 22:33:04,Third-Party Delivery,,Completed,36.74
ORD0003708,CUST002450,R012,2026-09-21 17:28:04,Website/App,,Completed,34.7
ORD0003709,CUST003808,R015,2026-04-11 14:05:04,Takeaway,,Completed,5.92
ORD0003710,CUST001230,R007,2026-01-20 14:24:04,Dine-in,PROMO009,Completed,18.42
ORD0003711,CUST002305,R001,2026-08-04 19:27:04,Dine-in,,Completed,49.36
ORD0003712,CUST003814,R019,2026-03-07 21:01:04,Takeaway,,Completed,35.29
ORD0003713,CUST002584,R007,2026-08-02 19:53:04,Dine-in,,Completed,40.47
ORD0003714,CUST002671,R003,2026-01-13 22:14:04,Takeaway,,Completed,54.68
ORD0003715,CUST000728,R015,2026-06-22 20:57:04,Dine-in,,Completed,99.26
ORD0003716,CUST001963,R004,2026-09-21 18:03:04,Dine-in,,Completed,33.03
ORD0003717,CUST001448,R004,2026-09-22 19:03:04,Takeaway,,Completed,12.33
ORD0003718,CUST001879,R019,2025-12-28 21:59:04,Website/App,,Completed,8.15
ORD0003719,CUST003197,R017,2026-07-24 14:33:04,Dine-in,,Completed,40.35
ORD0003720,CUST001837,R011,2026-08-02 22:41:04,Takeaway,,Completed,93.21
ORD0003721,CUST000243,R007,2026-06-15 18:23:04,Third-Party Delivery,,Completed,4.25
ORD0003722,CUST003612,R002,2026-09-11 19:33:04,Website/App,,Completed,15.78
ORD0003723,CUST002166,R002,2026-07-25 13:32:04,Third-Party Delivery,,Completed,39.55
ORD0003724,CUST003693,R009,2026-08-02 19:13:04,Website/App,,Completed,25.89
ORD0003725,CUST002274,R001,2026-03-17 13:22:04,Website/App,,Completed,23.1
ORD0003726,CUST000270,R001,2026-01-06 21:57:04,Dine-in,,Completed,52.31
ORD0003727,CUST002198,R018,2026-09-12 20:10:04,Dine-in,,Completed,8.68
ORD0003728,CUST002288,R004,2026-09-08 20:13:04,Takeaway,,Completed,58.12
ORD0003729,CUST000866,R010,2026-03-24 15:36:04,Third-Party Delivery,,Completed,47.55
ORD0003730,CUST001879,R013,2026-06-14 14:09:04,Takeaway,,Completed,9.21
ORD0003731,CUST001833,R002,2026-07-26 11:02:04,Dine-in,,Cancelled,30.24
ORD0003732,CUST002474,R006,2026-09-20 19:20:04,Third-Party Delivery,,Cancelled,26.64
ORD0003733,CUST001040,R003,2026-08-20 22:49:04,Dine-in,,Completed,135.96
ORD0003734,CUST002309,R002,2026-08-06 22:23:04,Website/App,,Completed,33.11
ORD0003735,CUST000970,R018,2026-02-03 21:21:04,Website/App,,Completed,16.25
ORD0003736,CUST001778,R017,2026-09-11 21:08:04,Takeaway,,Completed,121.21
ORD0003737,CUST000486,R011,2026-08-19 20:57:04,Takeaway,,Completed,8.15
ORD0003738,CUST000139,R013,2026-09-13 13:09:04,Dine-in,,Completed,70.37
ORD0003739,CUST001270,R007,2026-09-17 22:10:04,Dine-in,,Completed,66.46
ORD0003740,CUST001095,R003,2026-05-02 19:05:04,Dine-in,,Completed,110.35
ORD0003741,CUST001610,R012,2026-07-09 11:51:04,Dine-in,,Completed,87.66
ORD0003742,CUST003847,R005,2026-08-14 16:29:04,Website/App,,Completed,48.03
ORD0003743,CUST002074,R004,2026-06-18 11:12:04,Third-Party Delivery,,Completed,68.9
ORD0003744,CUST002200,R012,2026-09-05 12:47:04,Dine-in,,Completed,101.98
ORD0003745,CUST003764,R013,2026-08-19 14:14:04,Takeaway,,Completed,32.94
ORD0003746,CUST003676,R017,2026-05-11 11:52:04,Takeaway,,Completed,28.1
ORD0003747,CUST003533,R002,2026-08-25 14:36:04,Website/App,,Completed,14.35
ORD0003748,CUST000384,R005,2026-09-06 23:38:04,Website/App,,Completed,34.21
ORD0003749,CUST002522,R011,2026-06-30 18:19:04,Website/App,,Completed,16.76
ORD0003750,CUST003225,R002,2026-09-04 14:51:04,Dine-in,,Completed,131.67
ORD0003751,CUST003337,R005,2026-09-17 19:30:04,Website/App,,Completed,26.72
ORD0003752,CUST002295,R014,2026-06-19 21:34:04,Takeaway,,Completed,74.57
ORD0003753,CUST000065,R018,2026-08-07 12:39:04,Dine-in,,Completed,112.61
ORD0003754,,R003,2026-02-25 13:37:04,Website/App,,Completed,29.55
ORD0003755,CUST001883,R007,2026-07-06 11:37:04,Third-Party Delivery,,Completed,70.66
ORD0003756,CUST001556,R002,2026-03-24 11:43:04,Website/App,,Completed,38.1
ORD0003757,CUST001562,R016,2026-02-02 19:20:04,Dine-in,,Completed,32.52
ORD0003758,CUST001683,R007,2025-11-11 14:56:04,Website/App,,Completed,30.26
ORD0003759,CUST000973,R012,2026-02-03 10:00:04,Dine-in,PROMO003,Completed,97.04
ORD0003760,CUST001296,R014,2025-12-03 22:50:04,Dine-in,,Completed,89.23
ORD0003761,CUST003943,R018,2026-08-03 12:50:04,Takeaway,,Completed,141.83
ORD0003762,CUST001451,R006,2026-09-08 16:37:04,Dine-in,,Cancelled,15.65
ORD0003763,CUST002093,R015,2026-09-09 23:49:04,Third-Party Delivery,,Completed,36.51
ORD0003764,CUST003390,R003,2026-07-25 20:45:04,Dine-in,,Completed,47.12
ORD0003765,CUST002094,R010,2026-02-02 11:53:04,Dine-in,,Completed,37.85
ORD0003766,CUST001286,R015,2026-03-26 18:20:04,Website/App,,Completed,22.04
ORD0003767,CUST002082,R010,2026-01-09 20:55:04,Dine-in,,Completed,112.57
ORD0003768,CUST000455,R014,2026-04-02 13:38:04,Dine-in,,Completed,53.01
ORD0003769,CUST000514,R014,2026-06-17 22:15:04,Dine-in,,Completed,51.43
ORD0003770,CUST002767,R006,2026-08-18 18:01:04,Third-Party Delivery,,Completed,35.53
ORD0003771,CUST003662,R001,2026-09-15 14:55:04,Website/App,,Completed,57.13
ORD0003772,CUST002890,R008,2026-07-14 12:19:04,Dine-in,,Completed,17.26
ORD0003773,CUST000293,R017,2026-09-23 23:18:04,Dine-in,,Completed,87.58
ORD0003774,CUST001593,R007,2026-05-17 12:15:04,Website/App,,Completed,94.5
ORD0003775,CUST000013,R013,2026-09-19 20:58:04,Third-Party Delivery,,Completed,49.3
ORD0003776,CUST002038,R004,2026-09-12 20:20:04,Dine-in,,Completed,120.21
ORD0003777,CUST000784,R008,2026-09-01 21:50:04,Takeaway,,Completed,12.51
ORD0003778,CUST003471,R005,2026-09-11 19:35:04,Website/App,,Completed,-6.03
ORD0003779,CUST000410,R005,2026-08-21 12:34:04,Website/App,,Completed,15.13
ORD0003780,CUST000006,R009,2026-06-28 20:26:04,Takeaway,,Completed,6.63
ORD0003781,,R011,2026-08-29 14:14:04,Third-Party Delivery,,Completed,30.24
ORD0003782,CUST000624,R019,2026-07-04 12:36:04,Takeaway,,Completed,60.67
ORD0003783,CUST002942,R010,2026-09-19 18:47:04,Dine-in,,Completed,150.59
ORD0003784,CUST003673,R007,2026-03-24 20:45:04,Dine-in,,Completed,65.49
ORD0003785,CUST000158,R015,2026-09-12 14:58:04,Dine-in,,Completed,25.87
ORD0003786,CUST001565,R015,2026-07-15 19:25:04,Website/App,,Cancelled,34.12
ORD0003787,CUST003990,R008,2026-08-22 20:11:04,Dine-in,,Completed,29.55
ORD0003788,CUST002918,R004,2026-05-22 15:31:04,Dine-in,,Completed,23.76
ORD0003789,CUST003813,R020,2026-08-29 13:54:04,Dine-in,,Completed,62.73
ORD0003790,CUST000662,R016,2026-02-16 11:54:04,Dine-in,,Completed,30.63
ORD0003791,CUST000890,R003,2026-04-19 19:14:04,Third-Party Delivery,,Completed,50.95
ORD0003792,CUST000620,R020,2026-09-22 21:47:04,Website/App,,Completed,20.7
ORD0003793,CUST001202,R004,2026-09-11 18:37:04,Website/App,,Completed,81.25
ORD0003794,CUST002885,R001,2026-07-06 11:49:04,Takeaway,,Completed,12.17
ORD0003795,CUST000665,R018,2026-07-01 11:04:04,Dine-in,,Completed,71.53
ORD0003796,CUST002084,R018,2026-09-14 08:15:04,Dine-in,,Completed,15.13
ORD0003797,CUST001076,R019,2026-08-03 23:52:04,Website/App,,Cancelled,42.58
ORD0003798,CUST003303,R019,2026-09-18 22:21:04,Takeaway,,Completed,92.1
ORD0003799,CUST000027,R005,2026-09-17 16:18:04,Third-Party Delivery,,Completed,78.58
ORD0003800,CUST000898,R001,2026-03-16 11:47:04,Third-Party Delivery,,Completed,37.84
ORD0003801,CUST002396,R012,2026-06-03 12:30:04,Third-Party Delivery,,Completed,54.93
ORD0003802,CUST000382,R008,2026-03-30 18:41:04,Third-Party Delivery,,Completed,45.78
ORD0003803,CUST001860,R001,2026-08-25 18:37:04,Website/App,,Completed,51.59
ORD0003804,CUST001735,R015,2026-09-17 12:52:04,Third-Party Delivery,,Completed,128.92
ORD0003805,CUST003404,R015,2026-09-02 18:43:04,Dine-in,,Completed,32.52
ORD0003806,CUST002486,R015,2025-08-16 11:08:04,Dine-in,,Completed,10.64
ORD0003807,CUST002544,R010,2026-09-04 15:02:04,Third-Party Delivery,,Completed,108.42
ORD0003808,CUST003808,R005,2026-05-23 13:11:04,Third-Party Delivery,,Completed,50.37
ORD0003809,CUST003931,R016,2026-02-26 19:50:04,Takeaway,,Completed,37.85
ORD0003810,CUST002593,R013,2026-07-04 21:45:04,Takeaway,,Completed,63.21
ORD0003811,CUST002074,R012,2026-06-13 12:26:04,Third-Party Delivery,,Completed,156.45
ORD0003812,CUST002407,R017,2026-09-16 11:21:04,Dine-in,,Completed,58.75
ORD0003813,CUST001515,R009,2026-09-18 22:02:04,Website/App,,Completed,60.53
ORD0003814,CUST003949,R008,2026-09-20 08:31:04,Dine-in,,Completed,7.82
ORD0003815,CUST002809,R013,2026-04-08 14:16:04,Takeaway,,Completed,34.7
ORD0003816,CUST001156,R011,2026-08-08 14:23:04,Takeaway,,Completed,181.93
ORD0003817,CUST000222,R011,2026-09-20 13:45:04,Dine-in,,Completed,74.73
ORD0003818,CUST000169,R014,2026-07-02 23:29:04,Takeaway,,Completed,106.54
ORD0003819,CUST000832,R005,2026-09-08 20:15:04,Third-Party Delivery,,Completed,141.71
ORD0003820,CUST000936,R009,2026-01-27 19:48:04,Dine-in,,Completed,131.37
ORD0003821,CUST001644,R001,2026-06-01 18:09:04,Dine-in,,Completed,57.34
ORD0003822,CUST000867,R020,2026-08-18 21:19:04,Website/App,,Completed,117.15
ORD0003823,CUST002509,R005,2026-03-05 08:53:04,Dine-in,,Completed,30.66
ORD0003824,CUST000854,R019,2025-10-18 18:28:04,Dine-in,,Completed,32.33
ORD0003825,CUST000764,R013,2026-02-08 22:48:04,Takeaway,,Completed,30.28
ORD0003826,CUST001879,R017,2026-07-25 11:36:04,Takeaway,,Completed,91.27
ORD0003827,CUST003550,R008,2025-12-21 21:31:04,Third-Party Delivery,,Completed,105.98
ORD0003828,CUST001866,R012,2026-07-30 20:03:04,Takeaway,,Completed,19.41
ORD0003829,CUST001640,R014,2026-04-15 20:20:04,Takeaway,PROMO002,Completed,28.91
ORD0003830,CUST002296,R018,2026-07-10 19:32:04,Dine-in,,Completed,54.71
ORD0003831,CUST001029,R015,2026-07-27 18:12:04,Third-Party Delivery,,Completed,12.17
ORD0003832,CUST001393,R012,2025-10-30 12:25:04,Dine-in,,Completed,31.46
ORD0003833,CUST000864,R016,2026-03-13 19:28:04,Website/App,,Cancelled,158.76
ORD0003834,CUST002271,R011,2026-09-22 14:48:04,Takeaway,,Completed,99.68
ORD0003835,CUST002781,R005,2026-09-20 11:27:04,Website/App,,Completed,22.19
ORD0003836,CUST002673,R017,2026-07-13 20:07:04,Third-Party Delivery,,Completed,79.5
ORD0003837,CUST001021,R016,2026-06-18 09:46:04,Website/App,,Completed,14.15
ORD0003838,CUST003111,R009,2026-05-11 21:38:04,Dine-in,,Completed,16.94
ORD0003839,CUST001024,R003,2026-05-10 13:08:04,Takeaway,,Completed,28.1
ORD0003840,CUST000597,R013,2026-08-24 15:29:04,Third-Party Delivery,,Completed,64.18
ORD0003841,CUST001379,R016,2026-08-03 19:11:04,Dine-in,,Completed,43.38
ORD0003842,CUST002370,R017,2026-02-15 18:00:04,Dine-in,PROMO012,Completed,44.67
ORD0003843,CUST000565,R009,2026-08-13 18:17:04,Website/App,,Completed,81.43
ORD0003844,CUST002574,R019,2026-02-26 22:56:04,Website/App,,Completed,63.14
ORD0003845,CUST003448,R014,2026-09-10 14:57:04,Dine-in,,Completed,99.94
ORD0003846,CUST001163,R010,2026-09-20 13:48:04,Dine-in,,Completed,53.47
ORD0003847,CUST001792,R009,2026-06-03 21:34:04,Takeaway,,Completed,125.82
ORD0003848,CUST000917,R015,2026-07-17 20:19:04,Takeaway,,Completed,40.38
ORD0003849,CUST001423,R016,2026-04-17 21:18:04,Takeaway,PROMO002,Completed,17.38
ORD0003850,CUST000084,R010,2026-09-16 22:23:04,Dine-in,,Completed,70.2
ORD0003851,CUST003814,R019,2026-08-28 11:14:04,Website/App,,Completed,29.1
ORD0003852,CUST001651,R005,2026-09-22 14:05:04,Dine-in,,Cancelled,57.73
ORD0003853,CUST003150,R005,2026-09-24 22:52:04,Takeaway,,Completed,15.41
ORD0003854,CUST000568,R019,2026-04-27 18:08:04,Takeaway,,Completed,28.52
ORD0003855,CUST003240,R001,2026-09-14 18:25:04,Website/App,,Completed,31.46
ORD0003856,CUST003436,R004,2026-06-25 13:53:04,Dine-in,,Completed,102.14
ORD0003857,CUST002850,R002,2026-09-11 22:05:04,Takeaway,,Cancelled,18.92
ORD0003858,CUST003603,R007,2025-11-07 20:10:04,Website/App,,Completed,67.05
ORD0003859,CUST000674,R017,2026-08-30 19:36:04,Dine-in,,Completed,30.59
ORD0003860,CUST001899,R001,2026-07-01 22:18:04,Website/App,,Completed,23.76
ORD0003861,CUST002462,R011,2026-09-18 19:12:04,Dine-in,,Completed,37.24
ORD0003862,CUST002362,R020,2026-04-16 11:01:04,Website/App,PROMO002,Completed,40.69
ORD0003863,CUST003439,R003,2026-06-17 12:22:04,Dine-in,,Completed,40.85
ORD0003864,CUST000869,R012,2026-03-01 12:18:04,Dine-in,,Completed,46.07
ORD0003865,CUST000714,R010,2026-07-01 21:42:04,Dine-in,,Completed,37.44
ORD0003866,CUST001018,R008,2025-10-04 14:25:04,Takeaway,,Completed,54.46
ORD0003867,CUST003562,R013,2026-07-08 14:49:04,Third-Party Delivery,,Completed,148.22
ORD0003868,CUST003761,R012,2026-06-29 22:22:04,Website/App,,Completed,95.49
ORD0003869,CUST002264,R018,2026-09-11 08:38:04,Third-Party Delivery,,Completed,89.06
ORD0003870,CUST001994,R012,2026-09-21 20:40:04,Website/App,,Completed,32.52
ORD0003871,CUST002397,R016,2026-09-23 13:26:04,Dine-in,,Completed,100.69
ORD0003872,CUST002444,R010,2026-03-07 22:49:04,Dine-in,,Completed,69.14
ORD0003873,CUST000689,R006,2026-09-23 11:42:04,Dine-in,,Completed,44.03
ORD0003874,CUST002732,R014,2025-09-29 21:34:04,Dine-in,,Completed,41.1
ORD0003875,CUST001805,R018,2026-09-24 21:17:04,Takeaway,,Completed,88.59
ORD0003876,CUST002061,R002,2026-08-11 12:32:04,Dine-in,,Completed,45.49
ORD0003877,CUST000113,R012,2026-07-04 20:17:04,Takeaway,,Completed,17.67
ORD0003878,CUST003047,R017,2026-07-29 17:49:04,Dine-in,,Completed,101.72
ORD0003879,CUST003336,R001,2026-07-20 11:11:04,Dine-in,,Completed,18.69
ORD0003880,CUST002459,R013,2026-07-05 18:00:04,Website/App,,Completed,26.68
ORD0003881,CUST002985,R004,2026-09-24 21:27:04,Dine-in,,Completed,48.59
ORD0003882,CUST002077,R009,2026-05-18 20:28:04,Takeaway,,Completed,13.26
ORD0003883,CUST002455,R007,2025-11-08 21:05:04,Dine-in,PROMO006,Completed,14.75
ORD0003884,CUST001561,R017,2026-08-04 20:44:04,Dine-in,,Completed,79.93
ORD0003885,CUST003161,R005,2026-09-24 18:40:04,Takeaway,,Completed,15.13
ORD0003886,CUST001866,R003,2026-07-23 12:13:04,Dine-in,,Completed,26.97
ORD0003887,CUST002704,R008,2026-09-21 12:32:04,Dine-in,,Completed,28.0
ORD0003888,CUST002469,R012,2026-05-27 13:50:04,Takeaway,PROMO005,Completed,19.7
ORD0003889,CUST002800,R015,2026-02-15 13:51:04,Dine-in,PROMO012,Completed,45.48
ORD0003890,CUST003134,R011,2026-09-22 21:47:04,Dine-in,,Completed,25.44
ORD0003891,CUST002045,R006,2026-06-03 14:40:04,Takeaway,,Completed,87.76
ORD0003892,CUST003242,R006,2026-02-08 11:42:04,Dine-in,,Completed,11.02
ORD0003893,CUST001982,R010,2026-06-30 18:32:04,Third-Party Delivery,,Completed,61.92
ORD0003894,CUST003825,R013,2026-07-09 13:39:04,Dine-in,,Completed,8.15
ORD0003895,CUST002998,R007,2026-09-23 19:01:04,Website/App,,Completed,31.46
ORD0003896,CUST000694,R002,2026-07-29 12:13:04,Dine-in,,Completed,79.5
ORD0003897,CUST003305,R019,2026-09-09 12:02:04,Dine-in,,Completed,54.66
ORD0003898,CUST002193,R015,2026-07-20 11:52:04,Takeaway,,Completed,42.85
ORD0003899,CUST003940,R014,2026-07-07 22:22:04,Dine-in,,Completed,251.79
ORD0003900,CUST002864,R009,2026-04-22 18:44:04,Dine-in,PROMO002,Completed,53.3
ORD0003901,CUST000331,R020,2025-12-06 18:24:04,Third-Party Delivery,,Completed,28.76
ORD0003902,CUST001562,R016,2026-05-05 11:10:04,Dine-in,,Completed,85.82
ORD0003903,CUST002060,R020,2026-07-15 11:42:04,Takeaway,,Completed,131.47
ORD0003904,CUST003352,R017,2025-12-18 15:12:04,Takeaway,,Completed,65.72
ORD0003905,CUST002905,R001,2026-09-13 21:37:04,Takeaway,,Completed,16.25
ORD0003906,CUST001456,R018,2025-12-29 13:52:04,Dine-in,,Completed,197.44
ORD0003907,CUST002593,R003,2026-06-06 20:40:04,Dine-in,,Completed,172.57
ORD0003908,CUST002293,R001,2026-04-13 19:01:04,Takeaway,PROMO002,Completed,24.67
ORD0003909,CUST000498,R006,2026-09-21 11:25:04,Dine-in,,Completed,14.81
ORD0003910,CUST000944,R001,2026-09-21 16:16:04,Third-Party Delivery,,Completed,31.56
ORD0003911,CUST001347,R004,2026-09-06 22:31:04,Website/App,,Completed,35.09
ORD0003912,CUST000796,R010,2026-09-19 13:16:04,Dine-in,,Completed,162.45
ORD0003913,CUST000596,R005,2025-10-04 18:53:04,Dine-in,,Completed,55.25
ORD0003914,CUST000223,R019,2026-05-20 14:38:04,Dine-in,,Completed,11.02
ORD0003915,CUST003493,R001,2026-09-20 09:31:04,Takeaway,,Completed,60.43
ORD0003916,CUST001149,R020,2026-09-09 18:18:04,Dine-in,,Completed,177.16
ORD0003917,CUST001153,R005,2026-09-14 21:11:04,Takeaway,,Completed,106.45
ORD0003918,CUST000835,R002,2026-08-04 14:48:04,Website/App,,Completed,98.57
ORD0003919,CUST001894,R002,2026-06-10 11:25:04,Takeaway,,Completed,-30.26
ORD0003920,CUST002049,R016,2026-08-15 21:18:04,Third-Party Delivery,,Completed,29.55
ORD0003921,CUST000843,R005,2026-07-26 12:50:04,Website/App,,Completed,19.51
ORD0003922,CUST002410,R008,2026-08-25 10:07:04,Dine-in,,Completed,14.39
ORD0003923,CUST002880,R001,2026-07-20 19:19:04,Dine-in,,Completed,34.56
ORD0003924,CUST001476,R020,2026-06-26 21:30:04,Dine-in,,Completed,22.51
ORD0003925,CUST002322,R018,2026-01-06 23:52:04,Third-Party Delivery,,Completed,86.42
ORD0003926,CUST001996,R004,2026-05-08 12:20:04,Website/App,,Completed,11.94
ORD0003927,CUST000797,R009,2026-09-08 20:53:04,Dine-in,,Completed,18.19
ORD0003928,CUST002908,R013,2026-09-20 17:38:04,Dine-in,,Completed,74.74
ORD0003929,CUST003198,R008,2025-09-23 12:00:04,Dine-in,,Completed,34.7
ORD0003930,CUST002577,R016,2026-08-20 22:17:04,Website/App,,Completed,102.56
ORD0003931,CUST001284,R002,2026-08-03 12:15:04,Takeaway,,Completed,28.1
ORD0003932,CUST003700,R017,2025-09-02 19:58:04,Takeaway,,Completed,30.24
ORD0003933,CUST001816,R016,2026-07-13 16:58:04,Dine-in,,Completed,80.34
ORD0003934,CUST001064,R019,2026-09-13 23:32:04,Takeaway,,Completed,74.36
ORD0003935,CUST001614,R003,2026-07-06 21:56:04,Third-Party Delivery,,Completed,41.36
ORD0003936,CUST002757,R002,2026-08-20 09:48:04,Takeaway,,Completed,67.68
ORD0003937,CUST003380,R006,2026-09-07 11:13:04,Takeaway,,Completed,16.58
ORD0003938,CUST001406,R004,2026-09-14 18:32:04,Website/App,,Cancelled,56.44
ORD0003939,CUST000935,R007,2026-03-06 14:22:04,Dine-in,,Completed,49.02
ORD0003940,CUST002491,R003,2026-09-02 19:43:04,Takeaway,,Completed,33.29
ORD0003941,CUST003677,R019,2026-02-12 19:55:04,Dine-in,PROMO012,Completed,118.77
ORD0003942,CUST000746,R020,2026-07-27 14:52:04,Website/App,,Completed,8.15
ORD0003943,CUST003204,R014,2026-03-15 19:20:04,Third-Party Delivery,,Completed,22.7
ORD0003944,CUST001900,R005,2026-07-25 11:21:04,Website/App,,Completed,30.24
ORD0003945,CUST003192,R016,2026-08-25 19:32:04,Website/App,,Completed,11.02
ORD0003946,CUST002012,R016,2026-05-15 21:45:04,Website/App,,Completed,33.16
ORD0003947,,R004,2026-05-07 14:05:04,Takeaway,,Completed,73.49
ORD0003948,CUST002776,R014,2026-05-09 19:45:04,Dine-in,,Completed,44.34
ORD0003949,CUST003597,R003,2025-11-18 19:25:04,Takeaway,,Completed,28.13
ORD0003950,CUST001269,R014,2026-09-16 10:16:04,Takeaway,,Completed,48.55
ORD0003951,CUST001837,R010,2026-03-10 10:17:04,Takeaway,,Completed,64.7
ORD0003952,CUST000920,R010,2026-07-05 20:22:04,Takeaway,,Completed,85.93
ORD0003953,CUST000746,R020,2026-08-05 14:06:04,Dine-in,,Completed,46.11
ORD0003954,CUST003101,R007,2026-01-20 16:50:04,Dine-in,,Completed,24.34
ORD0003955,CUST000817,R011,2026-07-19 11:48:04,Takeaway,,Completed,9.21
ORD0003956,CUST003167,R008,2026-01-04 14:23:04,Takeaway,,Completed,69.74
ORD0003957,CUST001705,R007,2026-08-30 18:46:04,Takeaway,,Completed,37.54
ORD0003958,CUST003984,R009,2026-05-18 18:45:04,Dine-in,,Completed,65.98
ORD0003959,CUST000804,R005,2026-08-10 20:13:04,Dine-in,,Completed,8.15
ORD0003960,CUST000366,R006,2026-09-17 09:58:04,Third-Party Delivery,,Completed,43.79
ORD0003961,CUST000295,R001,2026-09-24 11:59:04,Takeaway,,Cancelled,68.95
ORD0003962,CUST003336,R014,2026-08-12 13:46:04,Third-Party Delivery,,Completed,59.35
ORD0003963,CUST001744,R013,2026-03-22 22:19:04,Dine-in,,Completed,24.41
ORD0003964,CUST000015,R013,2025-12-26 14:26:04,Website/App,,Completed,87.24
ORD0003965,CUST003499,R012,2026-09-07 14:24:04,Website/App,,Completed,74.3
ORD0003966,CUST003507,R012,2026-07-17 12:50:04,Third-Party Delivery,,Completed,89.03
ORD0003967,CUST003219,R011,2026-09-09 22:10:04,Dine-in,,Completed,106.09
ORD0003968,CUST000998,R015,2026-06-22 19:38:04,Website/App,,Completed,30.17
ORD0003969,CUST001470,R011,2026-09-16 21:36:04,Takeaway,,Completed,9.99
ORD0003970,CUST002970,R017,2026-07-24 20:34:04,Third-Party Delivery,,Completed,48.26
ORD0003971,CUST001953,R003,2026-09-16 13:33:04,Third-Party Delivery,,Completed,62.1
ORD0003972,CUST000613,R012,2026-09-06 13:55:04,Dine-in,,Completed,15.13
ORD0003973,CUST000976,R001,2026-08-10 14:47:04,Dine-in,,Completed,61.92
ORD0003974,CUST003888,R001,2026-01-17 19:50:04,Website/App,,Completed,31.46
ORD0003975,CUST000600,R001,2026-04-23 20:47:04,Takeaway,,Completed,38.77
ORD0003976,CUST002891,R002,2026-09-07 12:31:04,Third-Party Delivery,,Completed,31.46
ORD0003977,CUST001906,R016,2025-11-19 20:21:04,Dine-in,,Completed,38.85
ORD0003978,CUST002984,R009,2026-09-20 21:31:04,Dine-in,,Completed,8.99
ORD0003979,CUST002624,R014,2026-08-29 17:05:04,Website/App,,Completed,68.24
ORD0003980,CUST001747,R017,2026-04-25 08:35:04,Third-Party Delivery,,Completed,99.11
ORD0003981,CUST001395,R002,2026-08-24 11:43:04,Dine-in,,Completed,84.98
ORD0003982,CUST003005,R007,2026-08-28 11:21:04,Dine-in,,Completed,11.94
ORD0003983,CUST001281,R012,2026-08-02 20:31:04,Dine-in,,Completed,202.36
ORD0003984,CUST003145,R019,2025-12-17 14:06:04,Dine-in,,Completed,75.98
ORD0003985,CUST002701,R006,2026-05-03 08:19:04,Dine-in,,Completed,8.4
ORD0003986,CUST002295,R014,2026-08-29 14:14:04,Takeaway,,Completed,103.68
ORD0003987,CUST001454,R008,2026-09-24 20:29:04,Website/App,,Completed,88.31
ORD0003988,CUST000833,R014,2026-08-07 12:48:04,Third-Party Delivery,,Completed,8.15
ORD0003989,CUST002827,R003,2026-07-08 21:36:04,Dine-in,,Completed,101.05
ORD0003990,CUST000362,R014,2026-06-26 20:23:04,Takeaway,,Completed,45.12
ORD0003991,CUST003879,R017,2026-06-22 11:43:04,Takeaway,,Completed,38.23
ORD0003992,CUST003913,R007,2026-07-12 19:46:04,Takeaway,,Completed,10.33
ORD0003993,CUST000515,R014,2026-06-30 20:26:04,Third-Party Delivery,,Completed,39.05
ORD0003994,CUST000409,R006,2026-08-08 09:59:04,Dine-in,,Completed,14.66
ORD0003995,CUST001636,R017,2026-09-10 20:30:04,Dine-in,,Completed,59.89
ORD0003996,CUST003854,R007,2026-05-19 14:54:04,Takeaway,,Completed,8.39
ORD0003997,CUST001586,R001,2026-06-07 19:31:04,Dine-in,,Completed,147.19
ORD0003998,CUST001433,R017,2026-09-21 20:51:04,Dine-in,,Completed,22.19
ORD0003999,CUST002805,R001,2026-09-03 21:39:04,Third-Party Delivery,,Completed,22.19
ORD0004000,CUST000727,R009,2026-08-30 13:53:04,Website/App,,Completed,44.38
ORD0004001,CUST001431,R013,2026-09-20 13:41:04,Website/App,,Completed,45.14
ORD0004002,CUST001157,R007,2026-03-20 11:35:04,Dine-in,,Completed,87.24
ORD0004003,CUST002381,R001,2026-08-25 12:41:04,Takeaway,,Completed,22.19
ORD0004004,CUST000657,R015,2026-09-18 09:49:04,Dine-in,,Completed,18.6
ORD0004005,CUST002180,R014,2026-07-08 13:59:04,Dine-in,,Completed,71.06
ORD0004006,CUST003426,R013,2026-05-27 14:19:04,Third-Party Delivery,PROMO005,Completed,35.53
ORD0004007,CUST002049,R006,2026-08-02 12:03:04,Website/App,,Completed,44.67
ORD0004008,CUST002721,R003,2026-09-21 14:11:04,Takeaway,,Completed,41.91
ORD0004009,CUST000295,R008,2026-08-18 12:26:04,Third-Party Delivery,,Completed,110.72
ORD0004010,CUST001788,R005,2026-09-21 13:59:04,Third-Party Delivery,,Completed,52.21
ORD0004011,CUST000372,R013,2026-08-07 20:55:04,Takeaway,,Completed,11.94
ORD0004012,CUST002376,R019,2026-04-11 23:16:04,Website/App,,Completed,32.27
ORD0004013,CUST001119,R010,2026-09-07 18:03:04,Dine-in,,Cancelled,89.32
ORD0004014,CUST001144,R015,2026-04-04 11:43:04,Dine-in,,Completed,132.24
ORD0004015,CUST000300,R003,2026-05-14 14:30:04,Dine-in,,Completed,46.39
ORD0004016,CUST001229,R002,2026-08-13 08:27:04,Website/App,,Completed,25.56
ORD0004017,CUST002020,R001,2026-06-01 19:17:04,Dine-in,PROMO005,Completed,60.89
ORD0004018,CUST002318,R006,2026-08-28 13:26:04,Third-Party Delivery,,Completed,79.5
ORD0004019,CUST000258,R011,2026-09-21 21:48:04,Dine-in,,Completed,43.87
ORD0004020,CUST002587,R015,2026-09-10 18:10:04,Dine-in,,Completed,156.17
ORD0004021,CUST001951,R019,2025-11-17 11:08:04,Takeaway,,Completed,8.4
ORD0004022,CUST002131,R011,2026-09-03 20:43:04,Website/App,,Completed,30.24
ORD0004023,CUST003324,R013,2026-09-19 18:21:04,Takeaway,,Completed,124.43
ORD0004024,CUST001350,R009,2026-09-18 20:54:04,Website/App,,Completed,100.15
ORD0004025,CUST000709,R004,2026-07-30 11:29:04,Dine-in,,Completed,179.84
ORD0004026,CUST002193,R005,2026-07-25 22:12:04,Takeaway,,Completed,17.27
ORD0004027,CUST003777,R004,2026-08-08 20:42:04,Third-Party Delivery,,Completed,108.02
ORD0004028,CUST002062,R004,2026-05-30 22:03:04,Website/App,PROMO005,Completed,14.39
ORD0004029,CUST003318,R004,2026-06-20 16:15:04,Dine-in,,Completed,86.13
ORD0004030,CUST003017,R014,2026-07-13 13:16:04,Takeaway,,Completed,200.61
ORD0004031,CUST002065,R010,2026-06-16 14:01:04,Website/App,,Completed,25.74
ORD0004032,CUST002573,R012,2026-08-09 20:27:04,Dine-in,,Completed,148.53
ORD0004033,CUST001608,R014,2026-05-15 19:53:04,Takeaway,,Completed,39.75
ORD0004034,CUST002106,R010,2026-08-16 21:12:04,Website/App,,Completed,24.42
ORD0004035,CUST002022,R019,2026-07-23 19:54:04,Dine-in,,Completed,75.43
ORD0004036,CUST002823,R020,2026-01-09 22:07:04,Third-Party Delivery,,Completed,11.02
ORD0004037,CUST001623,R015,2025-11-21 19:59:04,Website/App,,Completed,38.08
ORD0004038,CUST000390,R020,2026-07-19 19:05:04,Dine-in,,Completed,69.48
ORD0004039,CUST003149,R008,2026-07-08 12:44:04,Dine-in,,Completed,54.32
ORD0004040,CUST002724,R011,2026-06-30 11:19:04,Third-Party Delivery,,Completed,34.07
ORD0004041,CUST003800,R018,2026-09-02 11:58:04,Dine-in,,Completed,36.31
ORD0004042,CUST001703,R013,2026-08-17 19:28:04,Dine-in,,Completed,85.55
ORD0004043,CUST000306,R005,2026-05-11 22:47:04,Dine-in,,Completed,72.66
ORD0004044,CUST000483,R013,2026-08-10 18:23:04,Third-Party Delivery,,Completed,81.91
ORD0004045,CUST003083,R009,2026-09-01 22:55:04,Website/App,,Completed,39.42
ORD0004046,CUST000264,R016,2026-08-23 18:32:04,Takeaway,,Completed,39.82
ORD0004047,CUST003621,R012,2026-05-04 22:50:04,Third-Party Delivery,,Completed,50.05
ORD0004048,CUST001121,R017,2026-07-05 11:59:04,Third-Party Delivery,,Completed,104.62
ORD0004049,CUST003591,R001,2026-05-24 16:47:04,Takeaway,PROMO005,Completed,34.4
ORD0004050,CUST003083,R009,2026-01-27 17:32:04,Third-Party Delivery,,Completed,37.83
ORD0004051,CUST003484,R017,2026-09-15 22:36:04,Takeaway,,Completed,25.65
ORD0004052,CUST000865,R006,2026-08-28 08:28:04,Dine-in,,Completed,16.69
ORD0004053,CUST002361,R017,2026-07-21 14:23:04,Website/App,,Completed,50.61
ORD0004054,CUST000368,R007,2026-05-26 12:42:04,Third-Party Delivery,,Completed,32.04
ORD0004055,CUST000823,R020,2026-09-22 21:59:04,Third-Party Delivery,,Completed,69.56
ORD0004056,CUST001228,R005,2026-09-16 11:08:04,Dine-in,,Completed,99.15
ORD0004057,CUST002952,R019,2026-07-19 15:30:04,Dine-in,,Completed,85.09
ORD0004058,CUST000093,R013,2026-07-15 19:38:04,Website/App,,Completed,75.99
ORD0004059,CUST003603,R007,2026-03-29 11:27:04,Takeaway,,Completed,47.43
ORD0004060,CUST000274,R020,2026-09-18 19:21:04,Third-Party Delivery,,Completed,6.63
ORD0004061,CUST001491,R007,2026-09-24 14:27:04,Takeaway,,Completed,20.87
ORD0004062,CUST000315,R003,2026-04-23 12:58:04,Takeaway,PROMO002,Completed,25.86
ORD0004063,CUST003063,R016,2026-06-11 18:18:04,Dine-in,,Completed,17.45
ORD0004064,CUST000561,R006,2026-04-15 14:58:04,Takeaway,,Completed,34.12
ORD0004065,CUST003536,R003,2026-02-16 20:22:04,Dine-in,,Completed,4.78
ORD0004066,CUST002105,R009,2026-06-27 21:35:04,Third-Party Delivery,,Completed,22.19
ORD0004067,CUST003791,R007,2026-07-13 21:26:04,Third-Party Delivery,,Completed,11.72
ORD0004068,CUST001153,R005,2026-09-05 11:01:04,Dine-in,,Completed,30.24
ORD0004069,CUST001811,R019,2025-12-14 20:58:04,Dine-in,,Completed,-16.3
ORD0004070,CUST002768,R011,2026-07-21 22:29:04,Takeaway,,Completed,28.1
ORD0004071,CUST003318,R014,2026-04-30 15:55:04,Third-Party Delivery,,Completed,131.74
ORD0004072,,R017,2026-09-22 18:05:04,Website/App,,Completed,90.47
ORD0004073,CUST003565,R002,2026-01-10 13:53:04,Takeaway,PROMO009,Completed,28.61
ORD0004074,CUST000469,R001,2026-07-28 19:45:04,Dine-in,,Completed,96.19
ORD0004075,CUST002821,R019,2026-01-05 11:42:04,Dine-in,,Completed,15.24
ORD0004076,CUST001371,R011,2026-05-13 18:35:04,Dine-in,,Completed,22.19
ORD0004077,CUST000397,R007,2026-07-12 14:49:04,Third-Party Delivery,,Completed,87.96
ORD0004078,CUST001529,R009,2026-07-29 12:47:04,Dine-in,,Completed,53.76
ORD0004079,CUST003519,R010,2026-05-10 12:47:04,Takeaway,,Completed,73.02
ORD0004080,CUST003924,R007,2026-06-02 21:19:04,Website/App,PROMO005,Completed,156.96
ORD0004081,CUST001553,R020,2026-07-27 21:26:04,Dine-in,,Completed,92.28
ORD0004082,,R019,2026-08-11 14:28:04,Dine-in,,Completed,82.03
ORD0004083,CUST002031,R007,2025-11-16 14:42:04,Website/App,,Completed,74.95
ORD0004084,CUST002854,R012,2026-08-28 20:15:04,Dine-in,,Completed,90.8
ORD0004085,CUST000172,R017,2026-05-23 13:00:04,Third-Party Delivery,,Completed,32.39
ORD0004086,CUST002212,R006,2026-08-30 20:17:04,Third-Party Delivery,,Completed,56.34
ORD0004087,CUST000273,R008,2026-08-24 10:57:04,Dine-in,,Completed,62.47
ORD0004088,CUST001074,R008,2026-07-02 12:15:04,Dine-in,,Completed,70.29
ORD0004089,CUST002254,R005,2026-09-15 14:35:04,Takeaway,,Completed,49.18
ORD0004090,CUST003222,R016,2026-06-23 13:03:04,Takeaway,,Completed,70.06
ORD0004091,CUST002228,R019,2026-09-12 13:31:04,Dine-in,,Completed,34.12
ORD0004092,CUST003740,R010,2026-09-21 20:43:04,Dine-in,,Completed,74.64
ORD0004093,CUST003234,R011,2026-08-22 21:35:04,Website/App,,Completed,27.28
ORD0004094,CUST000628,R009,2025-09-08 12:58:04,Dine-in,PROMO007,Completed,80.15
ORD0004095,CUST001537,R006,2026-08-23 14:58:04,Third-Party Delivery,,Completed,20.59
ORD0004096,CUST002650,R019,2026-08-10 14:22:04,Dine-in,,Completed,53.81
ORD0004097,CUST003750,R015,2026-01-04 11:43:04,Takeaway,,Completed,49.63
ORD0004098,CUST003950,R013,2025-12-17 12:03:04,Dine-in,,Completed,29.58
ORD0004099,CUST003043,R005,2026-08-20 19:42:04,Website/App,,Cancelled,58.46
ORD0004100,CUST002281,R007,2026-09-24 12:20:04,Third-Party Delivery,,Completed,69.56
ORD0004101,CUST003016,R007,2026-09-09 12:58:04,Dine-in,,Completed,37.74
ORD0004102,CUST001090,R005,2026-06-25 21:45:04,Dine-in,,Completed,57.27
ORD0004103,CUST001130,R005,2026-05-16 12:35:04,Dine-in,,Completed,126.18
ORD0004104,CUST002596,R009,2026-07-12 18:47:04,Website/App,,Completed,56.99
ORD0004105,CUST003487,R014,2026-06-06 20:29:04,Third-Party Delivery,,Completed,13.26
ORD0004106,CUST003875,R016,2026-08-03 21:23:04,Dine-in,,Cancelled,46.52
ORD0004107,CUST001347,R016,2026-09-02 12:22:04,Dine-in,,Completed,78.4
ORD0004108,CUST003180,R007,2026-03-05 12:02:04,Takeaway,,Completed,34.04
ORD0004109,CUST003402,R016,2026-09-19 20:07:04,Website/App,,Completed,19.56
ORD0004110,CUST002476,R003,2026-04-23 14:18:04,Third-Party Delivery,,Completed,55.08
ORD0004111,CUST001370,R008,2026-06-18 12:02:04,Takeaway,,Completed,71.8
ORD0004112,CUST002457,R007,2026-01-30 14:26:04,Dine-in,PROMO003,Completed,52.98
ORD0004113,CUST002318,R006,2026-09-10 18:32:04,Dine-in,,Completed,52.31
ORD0004114,CUST002401,R020,2026-06-07 14:29:04,Dine-in,,Completed,93.95
ORD0004115,CUST002458,R018,2026-03-25 21:47:04,Takeaway,,Completed,71.06
ORD0004116,CUST003384,R010,2026-03-07 21:35:04,Third-Party Delivery,,Completed,44.38
ORD0004117,CUST000687,R013,2026-06-08 13:05:04,Third-Party Delivery,,Completed,44.53
ORD0004118,CUST001448,R010,2026-09-13 19:15:04,Takeaway,,Completed,24.12
ORD0004119,CUST002323,R002,2026-04-22 15:01:04,Takeaway,,Completed,7.58
ORD0004120,CUST001129,R015,2026-08-01 14:21:04,Takeaway,,Completed,140.55
ORD0004121,CUST003912,R014,2026-03-04 11:45:04,Dine-in,,Completed,37.25
ORD0004122,CUST001054,R003,2026-09-05 20:40:04,Website/App,,Completed,102.42
ORD0004123,CUST001874,R016,2026-06-24 20:04:04,Takeaway,,Completed,80.5
ORD0004124,CUST003508,R013,2026-07-20 20:06:04,Dine-in,,Completed,71.86
ORD0004125,CUST000313,R013,2026-08-23 14:12:04,Dine-in,,Cancelled,65.39
ORD0004126,CUST003273,R017,2026-04-15 19:29:04,Third-Party Delivery,PROMO002,Completed,65.81
ORD0004127,CUST002269,R004,2026-04-01 14:02:04,Dine-in,,Completed,47.37
ORD0004128,CUST000117,R012,2025-11-16 16:28:04,Takeaway,,Completed,118.79
ORD0004129,CUST003603,R017,2025-10-30 19:55:04,Third-Party Delivery,,Completed,31.05
ORD0004130,CUST000146,R017,2026-06-04 22:23:04,Dine-in,,Completed,150.41
ORD0004131,CUST002052,R002,2026-09-23 20:38:04,Dine-in,,Completed,39.75
ORD0004132,CUST000185,R005,2026-08-08 18:43:04,Website/App,,Completed,124.2
ORD0004133,CUST000277,R001,2026-07-10 22:12:04,Takeaway,,Completed,64.99
ORD0004134,CUST003544,R020,2026-04-22 20:18:04,Website/App,PROMO002,Completed,82.6
ORD0004135,CUST003051,R016,2026-09-21 20:59:04,Website/App,,Completed,52.31
ORD0004136,CUST000802,R014,2026-04-06 19:29:04,Third-Party Delivery,,Completed,19.76
ORD0004137,CUST002465,R004,2026-07-28 08:36:04,Third-Party Delivery,,Completed,47.55
ORD0004138,CUST003173,R004,2026-04-13 19:28:04,Dine-in,,Completed,31.16
ORD0004139,CUST003555,R003,2026-09-09 18:07:04,Website/App,,Completed,6.03
ORD0004140,CUST001866,R003,2026-07-23 12:27:04,Dine-in,,Completed,23.76
ORD0004141,CUST003586,R013,2026-06-15 11:41:04,Dine-in,,Completed,11.94
ORD0004142,CUST002024,R002,2026-09-02 19:33:04,Website/App,,Completed,16.25
ORD0004143,CUST002744,R009,2026-08-26 21:54:04,Dine-in,,Completed,39.75
ORD0004144,CUST003914,R005,2026-08-30 14:32:04,Dine-in,,Completed,68.24
ORD0004145,CUST000949,R008,2026-06-02 22:58:04,Dine-in,,Completed,102.43
ORD0004146,CUST000680,R015,2026-05-10 19:24:04,Dine-in,,Completed,102.56
ORD0004147,CUST001349,R007,2026-09-05 18:13:04,Website/App,,Completed,94.65
ORD0004148,,R015,2026-08-09 22:51:04,Dine-in,,Completed,133.66
ORD0004149,CUST001132,R017,2025-11-27 18:31:04,Takeaway,,Completed,94.26
ORD0004150,CUST002963,R003,2026-09-07 21:12:04,Website/App,,Completed,43.84
ORD0004151,CUST001904,R020,2026-08-11 20:32:04,Takeaway,,Completed,71.04
ORD0004152,,R010,2026-05-09 18:41:04,Third-Party Delivery,,Completed,89.71
ORD0004153,CUST001454,R008,2026-09-24 21:48:04,Website/App,,Completed,94.28
ORD0004154,CUST000792,R016,2025-12-14 18:44:04,Dine-in,,Completed,130.86
ORD0004155,CUST001781,R013,2026-02-26 14:07:04,Website/App,,Completed,75.56
ORD0004156,CUST002481,R018,2026-06-29 12:43:04,Takeaway,,Completed,85.36
ORD0004157,CUST000553,R010,2026-08-21 14:33:04,Dine-in,,Completed,59.97
ORD0004158,CUST003888,R011,2026-04-14 19:21:04,Third-Party Delivery,PROMO002,Completed,20.0
ORD0004159,CUST001766,R012,2026-09-02 23:16:04,Dine-in,,Completed,11.94
ORD0004160,CUST003789,R017,2026-04-09 22:12:04,Third-Party Delivery,,Completed,159.19
ORD0004161,CUST000534,R017,2026-04-05 12:37:04,Dine-in,,Completed,61.6
ORD0004162,CUST003055,R020,2026-07-17 15:36:04,Website/App,,Completed,79.91
ORD0004163,CUST002452,R005,2026-08-16 18:20:04,Takeaway,,Completed,152.32
ORD0004164,CUST003272,R007,2026-09-10 22:05:04,Third-Party Delivery,,Completed,35.34
ORD0004165,CUST002379,R010,2026-09-16 13:13:04,Website/App,,Completed,41.55
ORD0004166,CUST003851,R012,2025-12-24 21:22:04,Website/App,,Completed,67.67
ORD0004167,CUST002493,R019,2026-06-28 13:32:04,Takeaway,,Completed,85.23
ORD0004168,CUST003133,R020,2026-09-07 22:41:04,Takeaway,,Completed,55.6
ORD0004169,CUST003510,R001,2026-01-19 11:26:04,Website/App,,Completed,78.93
ORD0004170,CUST002846,R007,2026-09-05 11:25:04,Dine-in,,Completed,32.84
ORD0004171,CUST002084,R018,2026-08-23 20:17:04,Dine-in,,Completed,41.59
ORD0004172,CUST001089,R010,2026-09-02 14:49:04,Dine-in,,Completed,50.73
ORD0004173,CUST003413,R020,2026-07-03 18:58:04,Takeaway,,Completed,28.6
ORD0004174,CUST001920,R019,2026-07-29 22:26:04,Dine-in,,Completed,76.37
ORD0004175,CUST002465,R004,2026-06-15 15:23:04,Website/App,,Completed,23.81
ORD0004176,CUST000309,R001,2026-09-24 10:06:04,Website/App,,Completed,30.24
ORD0004177,CUST001983,R001,2026-06-09 21:03:04,Third-Party Delivery,,Completed,74.36
ORD0004178,CUST002784,R004,2026-04-20 13:24:04,Website/App,,Completed,116.56
ORD0004179,CUST002316,R014,2025-12-11 12:07:04,Takeaway,,Completed,241.53
ORD0004180,CUST001787,R012,2026-09-20 19:09:04,Website/App,,Completed,50.63
ORD0004181,CUST000900,R017,2026-07-18 13:24:04,Takeaway,,Completed,77.84
ORD0004182,CUST001227,R018,2026-09-06 16:30:04,Takeaway,,Completed,58.59
ORD0004183,CUST002794,R018,2026-07-28 10:03:04,Dine-in,,Completed,80.85
ORD0004184,CUST000905,R006,2026-05-29 13:40:04,Dine-in,PROMO005,Completed,12.51
ORD0004185,CUST002470,R003,2026-05-18 11:31:04,Website/App,,Completed,41.17
ORD0004186,CUST002337,R011,2026-05-16 18:33:04,Website/App,,Completed,93.1
ORD0004187,CUST003878,R001,2026-03-23 21:25:04,Dine-in,,Completed,34.12
ORD0004188,CUST000234,R019,2026-09-24 10:21:04,Dine-in,,Completed,10.06
ORD0004189,CUST000425,R006,2026-06-19 18:42:04,Website/App,,Completed,35.53
ORD0004190,CUST002016,R020,2026-07-06 13:37:04,Dine-in,,Completed,188.59
ORD0004191,CUST002093,R005,2026-08-31 18:41:04,Website/App,,Completed,14.36
ORD0004192,,R019,2026-02-28 13:00:04,Takeaway,,Completed,51.74
ORD0004193,CUST003291,R007,2026-09-22 21:57:04,Website/App,,Completed,12.51
ORD0004194,CUST001973,R015,2026-06-10 11:57:04,Dine-in,,Completed,5.1
ORD0004195,CUST001366,R019,2026-03-26 18:09:04,Dine-in,,Completed,60.4
ORD0004196,CUST001264,R019,2026-08-27 14:25:04,Dine-in,,Completed,80.05
ORD0004197,CUST003439,R003,2026-04-19 22:07:04,Takeaway,,Completed,81.52
ORD0004198,CUST000801,R013,2026-09-18 13:44:04,Dine-in,,Completed,45.01
ORD0004199,CUST000647,R016,2026-02-02 12:46:04,Takeaway,,Completed,35.53
ORD0004200,CUST000862,R007,2026-07-30 12:13:04,Third-Party Delivery,,Completed,71.1
ORD0004201,CUST002484,R008,2026-03-31 15:18:04,Website/App,,Completed,51.33
ORD0004202,CUST003236,R015,2025-12-20 13:25:04,Third-Party Delivery,,Completed,112.42
ORD0004203,CUST001311,R020,2026-09-16 12:00:04,Takeaway,,Completed,84.7
ORD0004204,CUST000706,R011,2026-02-02 14:28:04,Third-Party Delivery,PROMO003,Completed,69.73
ORD0004205,,R003,2026-09-20 14:41:04,Takeaway,,Completed,149.21
ORD0004206,CUST002458,R008,2026-09-18 21:45:04,Website/App,,Completed,97.92
ORD0004207,CUST000989,R006,2026-09-09 19:04:04,Takeaway,,Completed,15.13
ORD0004208,CUST003508,R013,2026-08-26 12:53:04,Dine-in,,Completed,41.74
ORD0004209,CUST000408,R015,2025-09-19 22:45:04,Third-Party Delivery,,Completed,71.47
ORD0004210,CUST000119,R014,2026-02-20 13:18:04,Takeaway,,Completed,33.22
ORD0004211,CUST000347,R011,2026-07-29 19:37:04,Dine-in,,Completed,52.93
ORD0004212,CUST003380,R006,2026-09-20 15:37:04,Third-Party Delivery,,Completed,34.7
ORD0004213,CUST002585,R005,2026-03-27 19:58:04,Dine-in,,Completed,-7.14
ORD0004214,CUST003831,R011,2026-02-27 21:33:04,Dine-in,,Completed,63.14
ORD0004215,CUST001333,R012,2025-10-30 12:22:04,Third-Party Delivery,,Completed,56.44
ORD0004216,CUST000860,R002,2026-09-24 19:04:04,Dine-in,,Completed,20.67
ORD0004217,CUST002233,R017,2026-09-01 11:41:04,Takeaway,,Completed,32.91
ORD0004218,CUST002136,R008,2026-04-28 14:54:04,Website/App,,Cancelled,42.18
ORD0004219,CUST002344,R014,2025-08-20 22:58:04,Third-Party Delivery,,Completed,85.28
ORD0004220,CUST001370,R008,2026-09-21 21:12:04,Takeaway,,Completed,7.05
ORD0004221,,R017,2026-08-23 12:49:04,Third-Party Delivery,,Completed,178.0
ORD0004222,CUST000130,R010,2026-09-03 22:49:04,Dine-in,,Completed,96.67
ORD0004223,CUST002631,R002,2026-04-28 19:57:04,Takeaway,,Completed,96.42
ORD0004224,CUST002080,R010,2025-10-27 22:04:04,Third-Party Delivery,PROMO006,Completed,86.34
ORD0004225,CUST003274,R010,2026-09-07 11:01:04,Third-Party Delivery,,Completed,67.18
ORD0004226,CUST001196,R016,2026-07-05 13:46:04,Third-Party Delivery,,Completed,78.83
ORD0004227,CUST003253,R009,2025-12-21 12:31:04,Dine-in,,Completed,41.86
ORD0004228,CUST001689,R018,2025-11-16 21:53:04,Dine-in,,Completed,97.86
ORD0004229,CUST000382,R016,2026-03-12 14:56:04,Third-Party Delivery,,Completed,41.1
ORD0004230,CUST003911,R006,2026-09-16 11:28:04,Third-Party Delivery,,Completed,209.55
ORD0004231,CUST002041,R005,2026-08-29 19:22:04,Dine-in,,Completed,41.97
ORD0004232,CUST002504,R016,2026-09-16 18:56:04,Takeaway,,Completed,16.87
ORD0004233,CUST002661,R015,2026-09-13 22:27:04,Website/App,,Completed,93.87
ORD0004234,CUST001428,R003,2026-07-08 13:38:04,Dine-in,,Completed,129.66
ORD0004235,CUST002980,R018,2026-05-03 20:10:04,Dine-in,,Completed,69.98
ORD0004236,CUST003480,R018,2026-07-20 16:43:04,Dine-in,,Cancelled,77.14
ORD0004237,CUST001531,R013,2026-05-18 11:15:04,Website/App,,Completed,29.69
ORD0004238,CUST002606,R017,2026-05-17 18:08:04,Website/App,,Completed,35.11
ORD0004239,CUST003018,R011,2026-09-07 21:02:04,Dine-in,,Completed,60.1
ORD0004240,CUST000775,R004,2026-09-22 21:34:04,Dine-in,,Completed,60.26
ORD0004241,CUST001317,R018,2026-01-03 18:13:04,Takeaway,,Completed,15.13
ORD0004242,CUST000430,R006,2026-08-20 12:19:04,Dine-in,,Completed,85.32
ORD0004243,CUST002384,R010,2025-11-29 17:53:04,Dine-in,,Completed,69.3
ORD0004244,CUST003197,R016,2026-06-26 13:21:04,Dine-in,,Completed,42.03
ORD0004245,CUST002419,R016,2026-08-11 12:43:04,Dine-in,,Completed,50.08
ORD0004246,CUST000731,R017,2026-06-10 21:08:04,Takeaway,,Completed,69.69
ORD0004247,CUST002170,R001,2026-09-18 23:45:04,Takeaway,,Completed,34.77
ORD0004248,CUST003335,R008,2026-09-18 20:55:04,Third-Party Delivery,,Completed,3.79
ORD0004249,CUST001203,R004,2026-07-11 11:34:04,Website/App,,Completed,40.92
ORD0004250,CUST003323,R007,2026-09-14 09:17:04,Dine-in,,Completed,34.7
ORD0004251,CUST003133,R010,2026-08-31 13:47:04,Third-Party Delivery,,Completed,23.1
ORD0004252,CUST000083,R004,2025-12-29 21:53:04,Website/App,PROMO008,Completed,65.69
ORD0004253,CUST000965,R017,2026-09-16 14:49:04,Dine-in,,Completed,64.02
ORD0004254,CUST002157,R008,2026-02-16 18:32:04,Dine-in,PROMO012,Completed,31.66
ORD0004255,CUST002858,R005,2026-05-10 14:46:04,Third-Party Delivery,,Completed,15.13
ORD0004256,CUST003520,R018,2026-09-14 12:37:04,Third-Party Delivery,,Completed,16.24
ORD0004257,CUST002549,R020,2026-05-04 14:14:04,Website/App,,Completed,79.56
ORD0004258,CUST001507,R011,2026-04-17 14:40:04,Dine-in,,Completed,50.89
ORD0004259,CUST000750,R010,2026-09-04 19:43:04,Dine-in,,Completed,23.87
ORD0004260,CUST003027,R015,2026-08-28 09:28:04,Website/App,,Completed,20.67
ORD0004261,CUST000837,R017,2026-07-30 22:55:04,Dine-in,,Completed,10.2
ORD0004262,CUST002772,R006,2025-12-15 19:51:04,Dine-in,,Completed,38.26
ORD0004263,CUST000738,R016,2026-07-26 08:59:04,Dine-in,,Completed,56.41
ORD0004264,CUST000361,R002,2026-08-30 10:07:04,Website/App,,Completed,32.52
ORD0004265,CUST001010,R003,2026-08-27 22:44:04,Dine-in,,Completed,68.91
ORD0004266,CUST001136,R005,2026-09-20 21:26:04,Takeaway,,Completed,-60.83
ORD0004267,CUST002572,R005,2025-12-24 12:49:04,Dine-in,,Completed,15.2
ORD0004268,CUST000650,R010,2026-05-29 21:30:04,Dine-in,,Completed,57.44
ORD0004269,CUST003712,R020,2026-05-12 15:15:04,Website/App,,Completed,23.76
ORD0004270,CUST002204,R001,2026-09-14 11:29:04,Third-Party Delivery,,Completed,145.89
ORD0004271,CUST001960,R019,2026-09-04 22:55:04,Third-Party Delivery,,Completed,144.44
ORD0004272,CUST001726,R007,2026-09-24 19:40:04,Third-Party Delivery,,Completed,31.7
ORD0004273,CUST002253,R002,2026-08-11 22:28:04,Third-Party Delivery,,Completed,14.79
ORD0004274,CUST000086,R002,2026-08-03 20:25:04,Third-Party Delivery,,Completed,62.37
ORD0004275,CUST003961,R009,2026-09-06 11:06:04,Dine-in,,Completed,47.55
ORD0004276,CUST002213,R006,2026-05-29 12:15:04,Takeaway,,Completed,10.06
ORD0004277,CUST000131,R009,2026-06-19 13:29:04,Website/App,,Completed,14.87
ORD0004278,CUST002337,R002,2025-12-24 13:15:04,Dine-in,,Completed,24.5
ORD0004279,CUST001741,R018,2026-06-04 23:18:04,Third-Party Delivery,,Completed,69.72
ORD0004280,CUST000091,R008,2026-04-05 12:20:04,Third-Party Delivery,,Completed,64.78
ORD0004281,CUST003693,R019,2026-05-02 11:07:04,Takeaway,,Completed,8.15
ORD0004282,CUST000041,R004,2025-11-16 21:06:04,Takeaway,,Completed,67.12
ORD0004283,CUST002295,R004,2025-12-07 19:55:04,Third-Party Delivery,,Completed,94.78
ORD0004284,CUST003847,R016,2026-04-29 14:50:04,Dine-in,,Completed,47.5
ORD0004285,CUST000956,R020,2026-08-27 14:35:04,Dine-in,,Completed,11.02
ORD0004286,CUST001020,R009,2026-07-10 20:42:04,Dine-in,,Completed,24.41
ORD0004287,CUST000002,R010,2026-03-10 21:50:04,Website/App,,Completed,34.78
ORD0004288,CUST000258,R013,2026-08-01 20:34:04,Website/App,,Completed,94.23
ORD0004289,CUST000170,R017,2026-05-31 11:17:04,Third-Party Delivery,,Completed,55.69
ORD0004290,CUST003278,R007,2026-09-17 12:12:04,Website/App,,Completed,34.12
ORD0004291,CUST003343,R002,2026-05-28 12:42:04,Takeaway,,Completed,36.18
ORD0004292,CUST002894,R001,2026-02-06 23:20:04,Dine-in,,Completed,32.52
ORD0004293,CUST001391,R019,2026-03-25 20:58:04,Takeaway,,Completed,131.21
ORD0004294,CUST003275,R011,2026-07-12 21:16:04,Takeaway,,Completed,71.55
ORD0004295,CUST002144,R003,2026-01-30 13:27:04,Third-Party Delivery,PROMO011,Cancelled,18.85
ORD0004296,CUST001208,R014,2026-05-02 22:27:04,Website/App,,Completed,48.03
ORD0004297,CUST001741,R018,2026-06-07 23:29:04,Dine-in,,Completed,42.52
ORD0004298,CUST000255,R014,2026-07-14 20:41:04,Website/App,,Cancelled,34.7
ORD0004299,CUST003776,R012,2026-06-19 14:10:04,Takeaway,,Completed,16.76
ORD0004300,CUST002457,R017,2026-01-04 18:05:04,Third-Party Delivery,,Completed,8.47
ORD0004301,CUST002913,R016,2026-09-24 15:09:04,Dine-in,,Completed,101.33
ORD0004302,CUST002686,R018,2026-09-20 21:08:04,Third-Party Delivery,,Completed,132.42
ORD0004303,CUST002648,R006,2026-09-21 11:43:04,Website/App,,Completed,53.81
ORD0004304,CUST000064,R009,2026-08-05 22:19:04,Website/App,,Completed,87.8
ORD0004305,CUST002087,R008,2026-07-17 12:29:04,Dine-in,,Completed,68.27
ORD0004306,CUST003275,R015,2026-03-16 21:37:04,Website/App,,Completed,93.07
ORD0004307,CUST000169,R014,2026-04-18 13:45:04,Takeaway,,Completed,48.25
ORD0004308,CUST003823,R009,2026-03-18 19:46:04,Dine-in,,Completed,48.52
ORD0004309,CUST001683,R008,2026-04-07 22:14:04,Third-Party Delivery,,Completed,73.24
ORD0004310,CUST001150,R013,2026-05-21 12:25:04,Dine-in,,Completed,63.86
ORD0004311,CUST002110,R020,2026-02-11 20:45:04,Takeaway,,Completed,57.13
ORD0004312,CUST003198,R008,2026-02-14 12:35:04,Takeaway,,Completed,129.75
ORD0004313,CUST001892,R016,2026-05-04 12:45:04,Dine-in,,Completed,36.27
ORD0004314,CUST002565,R018,2026-04-21 13:43:04,Third-Party Delivery,,Completed,15.1
ORD0004315,CUST001990,R005,2026-08-01 22:49:04,Takeaway,,Completed,62.41
ORD0004316,CUST002511,R015,2026-05-24 12:20:04,Website/App,PROMO005,Completed,38.57
ORD0004317,CUST000549,R003,2026-07-06 12:45:04,Third-Party Delivery,,Completed,24.1
ORD0004318,CUST000143,R016,2026-06-21 13:07:04,Third-Party Delivery,,Completed,114.18
ORD0004319,CUST000542,R011,2026-06-28 12:57:04,Third-Party Delivery,,Completed,30.72
ORD0004320,CUST001138,R012,2026-06-08 22:42:04,Dine-in,,Completed,51.74
ORD0004321,CUST001018,R008,2026-03-11 14:04:04,Website/App,,Completed,61.92
ORD0004322,CUST002439,R016,2026-08-06 12:04:04,Dine-in,,Completed,61.36
ORD0004323,CUST001818,R005,2026-06-19 19:29:04,Dine-in,,Completed,51.83
ORD0004324,CUST000143,R006,2026-09-03 16:05:04,Dine-in,,Completed,8.15
ORD0004325,CUST000130,R010,2026-09-16 20:38:04,Dine-in,,Completed,8.15
ORD0004326,CUST000358,R015,2026-09-20 18:00:04,Website/App,,Completed,41.1
ORD0004327,CUST001393,R012,2026-08-30 18:55:04,Dine-in,,Completed,7.05
ORD0004328,CUST000027,R010,2026-08-27 12:38:04,Takeaway,,Completed,18.0
ORD0004329,CUST001969,R014,2026-09-03 12:13:04,Website/App,,Completed,28.84
ORD0004330,CUST001421,R009,2026-09-09 21:22:04,Dine-in,,Completed,38.93
ORD0004331,CUST002206,R014,2026-05-27 12:00:04,Third-Party Delivery,,Completed,29.12
ORD0004332,CUST002872,R006,2026-09-23 13:04:04,Takeaway,,Cancelled,207.72
ORD0004333,CUST001010,R013,2026-08-16 12:59:04,Website/App,,Completed,5.69
ORD0004334,CUST000632,R012,2026-07-18 14:20:04,Website/App,,Completed,16.58
ORD0004335,CUST001106,R008,2026-07-21 22:48:04,Dine-in,,Completed,199.54
ORD0004336,CUST000008,R008,2025-11-27 20:26:04,Dine-in,,Completed,11.94
ORD0004337,CUST000477,R018,2026-09-18 11:18:04,Takeaway,,Completed,88.68
ORD0004338,CUST002991,R011,2026-08-19 13:58:04,Website/App,,Completed,31.46
ORD0004339,CUST000897,R017,2026-07-18 16:42:04,Third-Party Delivery,,Completed,42.42
ORD0004340,CUST003981,R003,2026-09-19 14:28:04,Website/App,,Completed,11.02
ORD0004341,CUST000677,R003,2026-08-28 22:32:04,Website/App,,Completed,54.52
ORD0004342,CUST003150,R015,2026-07-09 21:17:04,Takeaway,,Completed,86.98
ORD0004343,CUST002809,R013,2026-08-21 19:27:04,Dine-in,,Completed,21.24
ORD0004344,CUST001276,R002,2025-12-27 22:57:04,Takeaway,,Completed,16.3
ORD0004345,CUST001310,R014,2026-07-23 18:27:04,Third-Party Delivery,,Completed,61.33
ORD0004346,CUST002239,R006,2026-08-11 16:15:04,Dine-in,,Completed,66.56
ORD0004347,CUST003404,R017,2026-03-31 14:40:04,Third-Party Delivery,,Completed,47.55
ORD0004348,CUST001528,R001,2026-08-06 22:11:04,Website/App,,Completed,32.2
ORD0004349,CUST000237,R013,2026-08-21 15:42:04,Takeaway,,Completed,38.73
ORD0004350,CUST001480,R011,2026-07-16 23:07:04,Dine-in,,Completed,19.04
ORD0004351,CUST000839,R019,2026-01-09 12:00:04,Dine-in,,Completed,37.98
ORD0004352,CUST003754,R016,2026-09-13 19:50:04,Third-Party Delivery,,Completed,21.63
ORD0004353,CUST002780,R009,2026-09-01 14:24:04,Third-Party Delivery,,Completed,43.25
ORD0004354,CUST000193,R015,2026-03-22 18:58:04,Website/App,,Completed,32.5
ORD0004355,CUST001162,R017,2026-08-19 12:01:04,Takeaway,,Completed,43.79
ORD0004356,CUST000190,R001,2026-06-15 12:08:04,Dine-in,,Completed,147.9
ORD0004357,CUST003309,R007,2026-08-25 14:55:04,Dine-in,,Completed,24.23
ORD0004358,CUST003615,R010,2026-09-01 21:02:04,Website/App,,Completed,8.62
ORD0004359,CUST000449,R006,2026-09-10 15:55:04,Website/App,,Completed,128.79
ORD0004360,CUST001751,R006,2026-09-21 21:19:04,Website/App,,Completed,18.54
ORD0004361,CUST003719,R007,2026-05-19 14:15:04,Website/App,,Completed,30.2
ORD0004362,CUST000579,R005,2026-09-14 13:57:04,Website/App,,Completed,88.31
ORD0004363,CUST001159,R006,2026-05-11 13:53:04,Dine-in,,Completed,35.56
ORD0004364,CUST001208,R014,2026-01-09 20:04:04,Takeaway,,Completed,24.63
ORD0004365,CUST000112,R017,2026-04-19 20:06:04,Dine-in,PROMO002,Completed,28.98
ORD0004366,CUST000135,R013,2026-06-21 12:08:04,Takeaway,,Completed,33.13
ORD0004367,CUST003810,R013,2026-07-09 13:07:04,Dine-in,,Completed,34.7
ORD0004368,CUST002269,R014,2026-03-19 12:42:04,Dine-in,,Completed,47.55
ORD0004369,CUST001217,R016,2026-05-19 19:26:04,Website/App,,Completed,30.26
ORD0004370,CUST001498,R003,2026-04-20 21:41:04,Website/App,,Completed,70.84
ORD0004371,CUST002846,R017,2026-07-11 18:25:04,Third-Party Delivery,,Completed,25.56
ORD0004372,CUST001445,R003,2026-09-23 21:48:04,Dine-in,,Completed,108.8
ORD0004373,CUST000913,R002,2026-09-15 21:55:04,Website/App,,Completed,65.98
ORD0004374,CUST000400,R012,2026-08-18 13:54:04,Third-Party Delivery,,Completed,65.98
ORD0004375,CUST002904,R007,2026-02-04 13:03:04,Takeaway,,Completed,9.21
ORD0004376,CUST000735,R017,2026-08-06 21:09:04,Dine-in,,Completed,8.15
ORD0004377,CUST000271,R014,2025-12-25 22:23:04,Dine-in,,Completed,4.36
ORD0004378,CUST001696,R011,2026-06-18 22:50:04,Dine-in,,Completed,12.17
ORD0004379,CUST000147,R004,2026-07-17 21:08:04,Dine-in,,Completed,135.69
ORD0004380,CUST003859,R018,2026-06-27 11:16:04,Third-Party Delivery,,Completed,13.14
ORD0004381,CUST002494,R015,2026-03-11 15:15:04,Dine-in,,Completed,119.18
ORD0004382,CUST000607,R013,2026-09-24 11:25:04,Website/App,,Completed,121.71
ORD0004383,CUST000702,R003,2026-09-04 13:22:04,Third-Party Delivery,,Completed,117.89
ORD0004384,CUST002264,R008,2026-08-11 21:59:04,Takeaway,,Completed,76.85
ORD0004385,CUST001406,R018,2026-03-22 14:36:04,Website/App,,Completed,31.38
ORD0004386,CUST003086,R018,2026-09-18 20:22:04,Dine-in,,Completed,12.15
ORD0004387,CUST002168,R013,2026-05-03 15:42:04,Dine-in,,Completed,92.48
ORD0004388,CUST001720,R006,2026-09-18 21:42:04,Dine-in,,Completed,89.86
ORD0004389,CUST003851,R012,2026-01-30 18:44:04,Dine-in,,Completed,83.07
ORD0004390,CUST001545,R003,2026-07-28 14:59:04,Website/App,,Completed,89.0
ORD0004391,CUST001586,R010,2026-06-07 21:51:04,Takeaway,,Completed,57.13
ORD0004392,CUST002639,R013,2026-09-06 11:31:04,Dine-in,,Completed,76.77
ORD0004393,CUST003232,R018,2026-09-08 22:56:04,Website/App,,Completed,76.65
ORD0004394,CUST002488,R016,2026-02-12 21:52:04,Dine-in,PROMO012,Completed,53.86
ORD0004395,CUST002786,R010,2026-06-10 12:53:04,Takeaway,,Completed,174.86
ORD0004396,CUST001472,R010,2026-08-30 12:07:04,Dine-in,,Completed,100.79
ORD0004397,CUST001913,R013,2026-01-01 20:46:04,Takeaway,PROMO008,Completed,39.23
ORD0004398,CUST000803,R015,2026-06-25 19:02:04,Third-Party Delivery,,Completed,54.33
ORD0004399,CUST002704,R008,2026-09-18 19:02:04,Takeaway,,Completed,14.0
ORD0004400,CUST000890,R007,2026-06-18 12:43:04,Third-Party Delivery,,Completed,44.67
ORD0004401,CUST000005,R017,2026-09-13 20:54:04,Takeaway,,Completed,15.13
ORD0004402,CUST003727,R016,2026-04-26 13:33:04,Dine-in,,Completed,83.92
ORD0004403,CUST001214,R013,2026-02-13 14:47:04,Website/App,,Completed,16.25
ORD0004404,CUST000800,R017,2026-08-08 11:19:04,Website/App,,Completed,111.21
ORD0004405,CUST001072,R002,2026-08-27 18:42:04,Third-Party Delivery,,Completed,43.79
ORD0004406,CUST001309,R004,2026-04-08 23:30:04,Dine-in,,Completed,93.71
ORD0004407,CUST001892,R006,2026-05-02 21:08:04,Website/App,,Completed,34.12
ORD0004408,CUST000270,R001,2026-06-08 18:18:04,Third-Party Delivery,,Completed,36.51
ORD0004409,CUST000198,R017,2026-06-19 12:37:04,Website/App,,Completed,26.78
ORD0004410,CUST001162,R007,2025-12-17 19:29:04,Dine-in,,Completed,126.08
ORD0004411,CUST001175,R020,2026-02-05 11:13:04,Takeaway,,Completed,61.92
ORD0004412,CUST000468,R014,2026-09-08 13:32:04,Dine-in,,Completed,61.82
ORD0004413,CUST001601,R013,2026-01-12 11:53:04,Takeaway,,Completed,96.35
ORD0004414,CUST001132,R007,2026-08-17 19:28:04,Dine-in,,Completed,75.84
ORD0004415,CUST000097,R017,2026-08-14 18:18:04,Dine-in,,Completed,19.03
ORD0004416,CUST003539,R005,2026-06-24 13:11:04,Dine-in,,Completed,124.77
ORD0004417,CUST003541,R011,2026-08-30 20:38:04,Dine-in,,Cancelled,53.96
ORD0004418,CUST000846,R020,2026-06-02 19:25:04,Third-Party Delivery,,Completed,49.52
ORD0004419,CUST000658,R005,2026-08-22 18:16:04,Third-Party Delivery,,Completed,111.84
ORD0004420,CUST002175,R011,2026-04-16 21:40:04,Dine-in,,Completed,54.5
ORD0004421,CUST002508,R009,2026-07-08 12:29:04,Dine-in,,Completed,91.23
ORD0004422,CUST003829,R011,2026-09-18 14:06:04,Website/App,,Completed,34.12
ORD0004423,CUST001494,R014,2025-12-16 11:37:04,Third-Party Delivery,,Completed,33.1
ORD0004424,CUST002454,R016,2026-07-12 18:32:04,Third-Party Delivery,,Completed,51.36
ORD0004425,CUST003512,R014,2026-08-22 13:35:04,Dine-in,,Completed,33.38
ORD0004426,CUST001791,R018,2026-07-27 08:15:04,Dine-in,,Completed,78.38
ORD0004427,CUST000484,R004,2026-04-04 14:22:04,Third-Party Delivery,,Completed,6.63
ORD0004428,CUST001494,R004,2026-05-24 11:21:04,Dine-in,,Completed,34.12
ORD0004429,CUST000541,R007,2026-07-28 11:52:04,Takeaway,,Completed,7.14
ORD0004430,CUST000063,R013,2026-07-24 20:45:04,Dine-in,,Completed,61.71
ORD0004431,CUST002994,R012,2026-04-15 08:02:04,Dine-in,,Completed,66.83
ORD0004432,CUST000961,R018,2026-03-29 20:09:04,Dine-in,,Completed,56.25
ORD0004433,CUST000010,R004,2026-09-24 12:05:04,Takeaway,,Completed,65.91
ORD0004434,CUST003488,R014,2026-07-30 13:21:04,Third-Party Delivery,,Completed,51.6
ORD0004435,CUST001769,R009,2026-09-05 19:31:04,Third-Party Delivery,,Completed,12.51
ORD0004436,CUST000961,R018,2026-07-14 11:11:04,Dine-in,,Completed,37.98
ORD0004437,CUST001053,R010,2026-01-30 12:07:04,Dine-in,,Completed,17.98
ORD0004438,CUST000968,R013,2026-07-23 14:38:04,Website/App,,Completed,48.78
ORD0004439,CUST000792,R016,2025-12-17 20:36:04,Website/App,,Completed,22.19
ORD0004440,CUST003360,R005,2026-07-08 22:51:04,Website/App,,Completed,95.85
ORD0004441,CUST000689,R015,2026-09-24 19:42:04,Third-Party Delivery,,Completed,79.38
ORD0004442,CUST002233,R016,2026-08-24 18:03:04,Website/App,,Completed,75.6
ORD0004443,CUST000304,R010,2026-09-08 21:24:04,Website/App,,Completed,40.63
ORD0004444,CUST003796,R002,2026-08-06 14:32:04,Website/App,,Completed,56.2
ORD0004445,CUST002390,R006,2026-08-25 13:21:04,Third-Party Delivery,,Completed,112.58
ORD0004446,CUST003603,R017,2025-10-28 19:24:04,Website/App,,Completed,25.84
ORD0004447,,R010,2026-03-18 12:31:04,Takeaway,,Completed,85.74
ORD0004448,CUST003235,R002,2026-04-25 13:30:04,Takeaway,,Completed,30.24
ORD0004449,CUST003408,R003,2026-01-20 21:26:04,Dine-in,PROMO009,Completed,42.48
ORD0004450,CUST002803,R011,2026-07-02 21:55:04,Dine-in,,Completed,34.6
ORD0004451,CUST000366,R010,2026-07-25 22:30:04,Takeaway,,Completed,15.13
ORD0004452,CUST000062,R007,2026-04-19 15:43:04,Third-Party Delivery,,Completed,211.22
ORD0004453,CUST000680,R015,2026-01-10 20:26:04,Dine-in,PROMO009,Completed,105.72
ORD0004454,CUST000470,R014,2026-07-26 12:55:04,Takeaway,,Completed,31.46
ORD0004455,CUST002888,R003,2026-09-04 14:37:04,Takeaway,,Completed,23.72
ORD0004456,CUST002211,R019,2026-07-08 21:38:04,Takeaway,,Completed,50.59
ORD0004457,CUST002090,R017,2026-07-30 10:49:04,Website/App,,Completed,15.64
ORD0004458,CUST001017,R001,2026-06-19 13:11:04,Takeaway,,Completed,90.9
ORD0004459,CUST000619,R015,2026-04-06 11:59:04,Dine-in,,Completed,80.91
ORD0004460,CUST000836,R008,2026-09-06 18:18:04,Website/App,,Completed,26.57
ORD0004461,CUST001586,R011,2026-08-27 12:07:04,Dine-in,,Completed,69.98
ORD0004462,CUST002948,R013,2026-04-17 13:38:04,Dine-in,PROMO002,Completed,7.47
ORD0004463,CUST001021,R006,2026-04-24 22:44:04,Takeaway,PROMO002,Completed,41.73
ORD0004464,CUST002786,R020,2026-09-01 10:29:04,Third-Party Delivery,,Completed,134.8
ORD0004465,CUST001961,R007,2026-03-29 13:18:04,Takeaway,,Completed,30.24
ORD0004466,CUST003539,R005,2026-07-17 20:58:04,Third-Party Delivery,,Completed,126.94
ORD0004467,CUST000936,R009,2026-08-22 11:57:04,Third-Party Delivery,,Completed,53.9
ORD0004468,CUST001797,R011,2026-03-09 19:57:04,Takeaway,,Completed,94.17
ORD0004469,CUST000381,R019,2026-09-24 12:18:04,Third-Party Delivery,,Completed,30.24
ORD0004470,CUST001329,R014,2026-06-26 18:01:04,Website/App,,Completed,103.85
ORD0004471,CUST002020,R011,2026-01-15 11:34:04,Dine-in,PROMO009,Completed,41.62
ORD0004472,CUST002919,R020,2026-03-25 18:56:04,Dine-in,,Completed,91.81
ORD0004473,CUST000808,R006,2026-09-21 13:10:04,Dine-in,,Completed,57.13
ORD0004474,CUST000879,R014,2026-06-18 18:47:04,Dine-in,,Completed,7.54
ORD0004475,CUST002512,R019,2026-03-08 22:50:04,Takeaway,,Completed,22.34
ORD0004476,CUST001515,R009,2026-09-17 11:21:04,Dine-in,,Completed,15.73
ORD0004477,CUST001925,R016,2026-04-14 18:10:04,Dine-in,,Completed,93.92
ORD0004478,CUST003341,R013,2026-07-03 17:43:04,Third-Party Delivery,,Completed,29.55
ORD0004479,CUST001987,R010,2026-09-10 09:42:04,Takeaway,,Completed,45.33
ORD0004480,CUST002590,R001,2026-02-26 22:20:04,Third-Party Delivery,,Completed,17.67
ORD0004481,CUST002606,R017,2026-08-16 14:32:04,Website/App,,Completed,13.26
ORD0004482,CUST003208,R011,2026-08-30 12:01:04,Third-Party Delivery,,Completed,66.76
ORD0004483,CUST002538,R011,2026-04-01 12:20:04,Takeaway,,Completed,101.82
ORD0004484,CUST000252,R011,2026-08-31 14:15:04,Dine-in,,Completed,173.78
ORD0004485,CUST001350,R019,2026-06-15 15:08:04,Takeaway,,Completed,88.89
ORD0004486,CUST003958,R018,2025-09-01 16:01:04,Third-Party Delivery,,Completed,63.57
ORD0004487,CUST000799,R017,2025-11-26 11:23:04,Third-Party Delivery,,Completed,194.54
ORD0004488,CUST002325,R002,2026-04-15 14:40:04,Takeaway,,Completed,33.35
ORD0004489,CUST003366,R002,2026-07-08 21:17:04,Dine-in,,Completed,71.5
ORD0004490,CUST002325,R002,2026-08-22 21:12:04,Dine-in,,Completed,37.84
ORD0004491,,R005,2026-03-07 22:01:04,Takeaway,,Completed,83.68
ORD0004492,CUST000313,R013,2026-04-23 22:07:04,Dine-in,,Completed,100.82
ORD0004493,CUST001424,R014,2026-02-13 14:31:04,Dine-in,,Completed,30.98
ORD0004494,CUST000741,R010,2026-09-19 14:47:04,Dine-in,,Completed,36.72
ORD0004495,CUST003842,R018,2026-04-28 20:21:04,Takeaway,,Completed,61.92
ORD0004496,CUST002847,R020,2026-09-18 12:42:04,Dine-in,,Cancelled,46.83
ORD0004497,CUST002988,R004,2026-05-01 12:28:04,Dine-in,,Completed,20.87
ORD0004498,CUST001733,R019,2026-09-01 13:40:04,Takeaway,,Completed,51.82
ORD0004499,CUST000435,R008,2026-06-01 21:50:04,Third-Party Delivery,,Completed,95.59
ORD0004500,CUST001068,R017,2026-08-27 19:13:04,Takeaway,,Completed,50.74
ORD0004501,CUST001041,R013,2026-08-25 13:01:04,Website/App,,Completed,22.8
ORD0004502,CUST001944,R001,2026-09-12 13:49:04,Website/App,,Completed,32.52
ORD0004503,CUST001838,R017,2026-07-04 14:50:04,Dine-in,,Completed,85.82
ORD0004504,CUST001721,R008,2026-07-25 19:30:04,Website/App,,Completed,24.25
ORD0004505,CUST001980,R013,2026-07-23 08:24:04,Website/App,,Completed,60.58
ORD0004506,CUST003948,R005,2026-06-20 11:16:04,Website/App,,Completed,97.59
ORD0004507,CUST001186,R015,2026-09-21 13:11:04,Dine-in,,Completed,130.6
ORD0004508,CUST002439,R006,2026-09-19 12:12:04,Third-Party Delivery,,Completed,140.07
ORD0004509,CUST000966,R009,2026-06-27 13:13:04,Takeaway,,Completed,178.67
ORD0004510,CUST001861,R008,2026-02-08 20:56:04,Dine-in,,Completed,36.78
ORD0004511,CUST000816,R016,2026-02-09 11:40:04,Takeaway,,Completed,8.63
ORD0004512,CUST002216,R007,2026-08-20 22:07:04,Third-Party Delivery,,Completed,17.9
ORD0004513,CUST001061,R011,2026-08-31 21:17:04,Takeaway,,Completed,15.13
ORD0004514,CUST000137,R006,2026-08-20 14:11:04,Takeaway,,Completed,52.88
ORD0004515,CUST003252,R019,2026-09-08 22:51:04,Dine-in,,Completed,62.05
ORD0004516,CUST000507,R007,2026-07-04 11:51:04,Takeaway,,Completed,46.39
ORD0004517,CUST001451,R006,2026-09-18 19:03:04,Takeaway,,Completed,105.89
ORD0004518,CUST001903,R002,2026-09-16 12:04:04,Dine-in,,Completed,77.31
ORD0004519,CUST001718,R006,2026-05-18 15:47:04,Dine-in,,Completed,4.25
ORD0004520,CUST002890,R008,2026-08-07 11:52:04,Third-Party Delivery,,Completed,130.24
ORD0004521,CUST002365,R014,2026-09-14 22:24:04,Website/App,,Cancelled,15.02
ORD0004522,CUST001174,R011,2026-09-17 19:47:04,Dine-in,,Completed,8.15
ORD0004523,CUST000195,R015,2026-02-03 21:38:04,Dine-in,,Completed,55.47
ORD0004524,CUST003057,R012,2026-06-24 20:37:04,Third-Party Delivery,,Completed,109.59
ORD0004525,CUST001390,R020,2026-08-29 14:02:04,Website/App,,Completed,145.8
ORD0004526,CUST003556,R003,2026-05-22 21:50:04,Dine-in,,Completed,28.1
ORD0004527,CUST001562,R006,2026-02-13 14:56:04,Third-Party Delivery,,Completed,65.98
ORD0004528,CUST002858,R015,2025-12-13 21:39:04,Dine-in,,Completed,65.94
ORD0004529,CUST003755,R017,2026-09-14 13:02:04,Dine-in,,Completed,15.13
ORD0004530,CUST002585,R015,2026-05-18 14:00:04,Takeaway,,Completed,16.49
ORD0004531,CUST001639,R016,2026-07-01 22:58:04,Website/App,,Completed,112.7
ORD0004532,CUST002255,R005,2026-05-12 13:47:04,Third-Party Delivery,,Completed,34.12
ORD0004533,CUST002159,R002,2026-09-10 21:13:04,Third-Party Delivery,,Completed,17.98
ORD0004534,CUST002319,R005,2026-08-15 18:21:04,Third-Party Delivery,,Completed,125.34
ORD0004535,CUST000585,R011,2026-09-20 14:24:04,Third-Party Delivery,,Cancelled,85.72
ORD0004536,CUST002785,R016,2026-03-04 19:38:04,Takeaway,,Completed,44.67
ORD0004537,CUST000578,R006,2026-08-29 09:15:04,Third-Party Delivery,,Completed,19.0
ORD0004538,CUST000057,R009,2026-07-18 21:39:04,Dine-in,,Completed,18.19
ORD0004539,CUST002482,R005,2026-09-20 20:19:04,Takeaway,,Completed,31.05
ORD0004540,CUST000466,R013,2026-09-23 11:51:04,Dine-in,,Completed,51.29
ORD0004541,CUST003069,R004,2026-07-28 19:24:04,Dine-in,,Completed,25.58
ORD0004542,CUST003461,R020,2026-09-07 12:54:04,Third-Party Delivery,,Completed,111.74
ORD0004543,CUST003776,R020,2026-09-02 20:25:04,Third-Party Delivery,,Completed,31.54
ORD0004544,CUST002633,R011,2026-06-28 14:48:04,Third-Party Delivery,,Completed,32.52
ORD0004545,CUST001925,R016,2026-09-10 19:49:04,Dine-in,,Completed,35.25
ORD0004546,CUST001388,R016,2026-09-12 19:46:04,Third-Party Delivery,,Completed,15.73
ORD0004547,CUST001960,R009,2026-08-11 17:26:04,Third-Party Delivery,,Completed,49.19
ORD0004548,CUST000775,R004,2026-09-19 13:54:04,Dine-in,,Completed,51.68
ORD0004549,CUST001372,R006,2026-09-11 14:20:04,Dine-in,,Completed,114.0
ORD0004550,CUST002859,R010,2026-05-18 11:09:04,Dine-in,,Completed,240.15
ORD0004551,CUST000875,R020,2026-06-05 13:48:04,Website/App,,Completed,18.48
ORD0004552,CUST001057,R020,2026-08-15 20:30:04,Third-Party Delivery,,Completed,38.95
ORD0004553,CUST002988,R009,2026-04-29 12:43:04,Dine-in,,Completed,45.08
ORD0004554,CUST000724,R019,2026-05-28 13:26:04,Website/App,PROMO005,Completed,35.53
ORD0004555,CUST000988,R020,2026-09-06 14:50:04,Dine-in,,Completed,18.19
ORD0004556,CUST000066,R009,2026-02-10 21:33:04,Takeaway,,Completed,45.03
ORD0004557,CUST002868,R015,2026-06-14 14:42:04,Website/App,,Completed,79.5
ORD0004558,CUST002452,R020,2026-05-12 21:03:04,Takeaway,,Completed,81.03
ORD0004559,CUST002768,R011,2026-08-08 17:18:04,Website/App,,Completed,-31.46
ORD0004560,CUST000866,R010,2025-12-26 22:58:04,Takeaway,,Completed,37.89
ORD0004561,CUST002737,R005,2026-09-10 18:02:04,Website/App,,Completed,56.61
ORD0004562,CUST002363,R020,2026-05-05 21:50:04,Website/App,,Completed,67.33
ORD0004563,CUST001442,R011,2026-07-11 20:21:04,Takeaway,,Completed,29.55
ORD0004564,CUST001744,R003,2026-02-23 20:12:04,Takeaway,,Completed,35.53
ORD0004565,CUST002259,R014,2026-02-01 19:36:04,Takeaway,PROMO003,Completed,31.86
ORD0004566,CUST001966,R009,2026-06-25 12:12:04,Third-Party Delivery,,Completed,60.26
ORD0004567,CUST002551,R001,2026-09-04 20:47:04,Takeaway,,Completed,70.17
ORD0004568,CUST000737,R005,2026-06-06 21:00:04,Website/App,,Completed,121.24
ORD0004569,CUST002148,R012,2026-07-26 14:27:04,Takeaway,,Completed,30.22
ORD0004570,CUST001792,R016,2026-06-03 15:47:04,Dine-in,,Completed,8.36
ORD0004571,CUST001838,R017,2026-09-23 22:15:04,Dine-in,,Completed,120.67
ORD0004572,CUST001872,R009,2026-01-28 13:22:04,Dine-in,PROMO003,Completed,55.25
ORD0004573,CUST003524,R010,2026-04-15 19:29:04,Website/App,PROMO002,Completed,114.34
ORD0004574,CUST003265,R004,2026-08-03 11:37:04,Website/App,,Completed,75.1
ORD0004575,CUST002504,R006,2026-09-04 18:24:04,Website/App,,Completed,54.65
ORD0004576,CUST002853,R019,2026-09-08 14:42:04,Takeaway,,Completed,26.26
ORD0004577,CUST000163,R004,2026-09-23 12:52:04,Dine-in,,Completed,98.82
ORD0004578,CUST002966,R007,2026-06-20 14:31:04,Dine-in,,Completed,18.0
ORD0004579,CUST001942,R011,2026-07-29 23:48:04,Dine-in,,Completed,27.73
ORD0004580,CUST001259,R006,2026-07-20 17:24:04,Dine-in,,Completed,34.28
ORD0004581,CUST000555,R008,2026-04-13 19:48:04,Dine-in,,Completed,151.97
ORD0004582,CUST000295,R008,2026-07-12 13:42:04,Dine-in,,Completed,14.87
ORD0004583,CUST000170,R005,2026-08-07 14:02:04,Website/App,,Completed,146.72
ORD0004584,CUST000652,R003,2025-09-17 22:39:04,Dine-in,,Completed,95.58
ORD0004585,CUST000112,R017,2026-06-18 19:31:04,Takeaway,,Completed,73.87
ORD0004586,CUST002918,R014,2026-04-25 20:31:04,Website/App,,Completed,270.56
ORD0004587,CUST001000,R012,2026-04-23 21:33:04,Dine-in,PROMO002,Completed,44.42
ORD0004588,,R018,2026-09-23 21:05:04,Third-Party Delivery,,Completed,42.99
ORD0004589,CUST003278,R007,2026-09-19 21:59:04,Website/App,,Completed,8.4
ORD0004590,CUST000459,R020,2025-10-09 13:20:04,Dine-in,,Completed,54.65
ORD0004591,CUST003338,R003,2026-09-11 13:08:04,Website/App,,Completed,56.86
ORD0004592,CUST002544,R005,2026-09-05 22:08:04,Website/App,,Completed,32.5
ORD0004593,CUST001349,R017,2026-09-18 20:35:04,Website/App,,Completed,25.41
ORD0004594,CUST000469,R001,2026-06-07 22:30:04,Takeaway,,Completed,159.03
ORD0004595,CUST000362,R006,2026-07-20 18:36:04,Dine-in,,Completed,103.48
ORD0004596,CUST001330,R009,2026-09-19 21:36:04,Third-Party Delivery,,Completed,196.41
ORD0004597,CUST000559,R010,2026-09-14 21:16:04,Third-Party Delivery,,Cancelled,22.19
ORD0004598,CUST001071,R010,2026-06-30 18:07:04,Dine-in,,Completed,39.75
ORD0004599,CUST000199,R003,2026-01-06 22:55:04,Dine-in,,Completed,85.83
ORD0004600,CUST002357,R002,2026-01-21 19:42:04,Dine-in,,Cancelled,19.32
ORD0004601,CUST000579,R005,2026-03-19 14:12:04,Third-Party Delivery,,Completed,105.1
ORD0004602,CUST003016,R017,2026-08-22 22:46:04,Takeaway,,Completed,63.43
ORD0004603,CUST000879,R006,2026-09-04 08:53:04,Dine-in,,Completed,62.96
ORD0004604,CUST003185,R007,2026-07-10 12:19:04,Website/App,,Completed,35.41
ORD0004605,CUST000773,R002,2026-07-07 13:08:04,Takeaway,,Completed,31.46
ORD0004606,CUST002874,R006,2025-12-13 19:00:04,Third-Party Delivery,,Completed,99.39
ORD0004607,CUST001319,R017,2026-08-24 18:32:04,Dine-in,,Completed,34.7
ORD0004608,CUST002314,R004,2026-09-05 10:45:04,Dine-in,,Completed,60.26
ORD0004609,CUST000143,R006,2026-09-01 22:01:04,Third-Party Delivery,,Completed,7.05
ORD0004610,CUST001976,R020,2026-08-26 21:41:04,Dine-in,,Completed,33.64
ORD0004611,CUST000591,R018,2026-08-11 12:10:04,Dine-in,,Completed,34.16
ORD0004612,CUST001942,R011,2026-08-15 14:39:04,Dine-in,,Completed,61.36
ORD0004613,CUST000561,R006,2026-05-05 08:53:04,Dine-in,,Completed,63.18
ORD0004614,CUST001741,R018,2026-08-23 19:09:04,Website/App,,Completed,116.11
ORD0004615,CUST000440,R015,2026-05-23 18:03:04,Dine-in,,Completed,31.46
ORD0004616,CUST000886,R019,2026-08-19 18:29:04,Third-Party Delivery,,Completed,91.6
ORD0004617,CUST002358,R007,2026-09-20 13:54:04,Website/App,,Completed,53.18
ORD0004618,CUST003905,R007,2025-09-14 19:51:04,Dine-in,,Completed,77.1
ORD0004619,CUST001789,R013,2026-08-11 10:20:04,Takeaway,,Completed,82.46
ORD0004620,CUST002735,R005,2026-08-28 14:46:04,Dine-in,,Completed,19.89
ORD0004621,CUST002144,R003,2026-03-13 13:08:04,Dine-in,,Completed,27.9
ORD0004622,CUST001986,R016,2026-07-20 20:45:04,Dine-in,,Completed,8.15
ORD0004623,CUST000252,R007,2026-09-16 13:37:04,Dine-in,,Completed,20.97
ORD0004624,CUST000575,R018,2026-04-11 14:53:04,Dine-in,,Completed,82.5
ORD0004625,CUST003528,R001,2026-07-27 21:21:04,Dine-in,,Cancelled,34.18
ORD0004626,CUST001624,R010,2026-08-05 22:54:04,Dine-in,,Completed,94.38
ORD0004627,CUST002435,R012,2026-09-08 19:09:04,Dine-in,,Completed,18.5
ORD0004628,CUST002096,R016,2026-07-21 14:24:04,Dine-in,,Completed,43.64
ORD0004629,CUST001500,R014,2026-01-20 14:01:04,Takeaway,PROMO009,Completed,174.4
ORD0004630,CUST001533,R007,2026-09-10 22:02:04,Third-Party Delivery,,Completed,8.15
ORD0004631,CUST002206,R004,2026-05-27 15:59:04,Website/App,PROMO005,Completed,39.75
ORD0004632,CUST000561,R006,2026-07-31 21:14:04,Takeaway,,Completed,99.88
ORD0004633,CUST001532,R016,2026-03-27 12:57:04,Takeaway,,Completed,80.85
ORD0004634,CUST001780,R017,2026-09-21 13:31:04,Website/App,,Completed,43.21
ORD0004635,CUST003942,R019,2026-08-25 18:20:04,Dine-in,,Completed,82.74
ORD0004636,CUST001387,R020,2025-12-23 22:00:04,Dine-in,,Completed,45.88
ORD0004637,CUST002561,R012,2026-09-23 22:31:04,Takeaway,,Completed,63.58
ORD0004638,CUST000544,R002,2026-09-22 22:27:04,Website/App,,Completed,30.24
ORD0004639,CUST000255,R014,2026-03-17 12:27:04,Takeaway,,Completed,75.01
ORD0004640,CUST003485,R009,2026-09-24 09:36:04,Third-Party Delivery,,Completed,133.39
ORD0004641,CUST002910,R013,2026-09-10 11:53:04,Dine-in,,Completed,21.15
ORD0004642,CUST001258,R017,2026-01-12 11:58:04,Dine-in,PROMO009,Completed,97.88
ORD0004643,CUST002006,R001,2026-06-03 14:58:04,Website/App,,Completed,22.19
ORD0004644,CUST000538,R020,2026-05-28 14:48:04,Third-Party Delivery,PROMO005,Completed,80.3
ORD0004645,CUST002817,R006,2026-01-17 14:31:04,Takeaway,PROMO009,Completed,21.63
ORD0004646,CUST000273,R008,2026-04-08 16:41:04,Third-Party Delivery,,Completed,76.45
ORD0004647,CUST003017,R020,2026-03-29 11:12:04,Dine-in,,Completed,15.0
ORD0004648,CUST002174,R006,2026-01-21 19:42:04,Website/App,PROMO009,Completed,55.0
ORD0004649,CUST001109,R016,2026-08-13 22:02:04,Takeaway,,Completed,15.65
ORD0004650,CUST003443,R003,2026-09-03 21:43:04,Third-Party Delivery,,Completed,50.58
ORD0004651,CUST003946,R005,2025-12-09 20:53:04,Takeaway,,Completed,58.05
ORD0004652,CUST001020,R019,2026-08-04 10:57:04,Dine-in,,Completed,60.48
ORD0004653,CUST003219,R001,2026-08-23 22:29:04,Dine-in,,Completed,25.56
ORD0004654,CUST002989,R016,2025-10-06 22:12:04,Dine-in,PROMO004,Completed,22.34
ORD0004655,CUST002980,R010,2026-07-30 19:24:04,Dine-in,,Completed,53.66
ORD0004656,CUST003828,R014,2026-08-23 13:35:04,Takeaway,,Completed,34.7
ORD0004657,CUST001943,R002,2026-08-01 18:21:04,Third-Party Delivery,,Completed,86.13
ORD0004658,CUST002675,R020,2026-09-02 12:45:04,Third-Party Delivery,,Completed,79.49
ORD0004659,CUST003281,R012,2026-06-29 11:55:04,Dine-in,,Completed,189.21
ORD0004660,CUST001913,R003,2026-07-26 14:17:04,Takeaway,,Completed,13.55
ORD0004661,CUST001923,R009,2026-01-03 14:26:04,Dine-in,,Completed,51.63
ORD0004662,CUST001263,R008,2026-04-26 19:17:04,Dine-in,,Completed,18.87
ORD0004663,CUST003115,R017,2026-06-06 22:04:04,Third-Party Delivery,,Completed,123.31
ORD0004664,CUST002731,R019,2026-08-08 13:06:04,Website/App,,Completed,50.05
ORD0004665,CUST001797,R011,2026-03-27 20:43:04,Takeaway,,Completed,72.23
ORD0004666,CUST001662,R014,2026-06-23 14:41:04,Dine-in,,Completed,8.47
ORD0004667,CUST000281,R018,2026-09-23 13:06:04,Dine-in,,Completed,95.43
ORD0004668,,R016,2026-09-09 15:34:04,Third-Party Delivery,,Completed,72.46
ORD0004669,CUST002100,R011,2026-01-03 18:41:04,Website/App,,Completed,78.68
ORD0004670,CUST001657,R005,2026-09-20 08:38:04,Third-Party Delivery,,Completed,34.7
ORD0004671,CUST003178,R019,2026-07-28 14:20:04,Dine-in,,Completed,8.4
ORD0004672,CUST002155,R020,2026-06-30 09:15:04,Website/App,,Completed,33.69
ORD0004673,CUST003742,R016,2026-06-26 19:49:04,Takeaway,,Completed,68.24
ORD0004674,CUST000799,R007,2026-01-20 13:28:04,Takeaway,PROMO009,Completed,14.42
ORD0004675,CUST003961,R019,2026-09-17 12:34:04,Third-Party Delivery,,Completed,30.19
ORD0004676,CUST001183,R010,2025-12-22 12:29:04,Dine-in,,Completed,14.34
ORD0004677,CUST002554,R015,2026-08-11 19:45:04,Dine-in,,Completed,137.6
ORD0004678,CUST001995,R003,2026-09-08 16:30:04,Dine-in,,Completed,14.34
ORD0004679,CUST001417,R007,2026-04-30 18:13:04,Dine-in,,Completed,40.8
ORD0004680,CUST000555,R018,2026-08-15 19:26:04,Dine-in,,Completed,100.16
ORD0004681,CUST000534,R007,2026-03-14 13:05:04,Website/App,,Completed,30.24
ORD0004682,CUST002834,R012,2026-09-23 18:55:04,Takeaway,,Completed,28.53
ORD0004683,CUST001496,R006,2026-03-02 13:55:04,Dine-in,,Completed,55.45
ORD0004684,CUST003845,R016,2026-09-17 18:53:04,Third-Party Delivery,,Completed,21.16
ORD0004685,CUST001289,R004,2026-09-21 15:05:04,Website/App,,Cancelled,173.98
ORD0004686,CUST003935,R008,2026-08-30 18:12:04,Dine-in,,Completed,22.19
ORD0004687,CUST000834,R004,2026-03-31 13:55:04,Dine-in,,Completed,11.07
ORD0004688,CUST000404,R018,2026-08-22 18:27:04,Dine-in,,Completed,54.03
ORD0004689,CUST001239,R013,2026-09-03 12:09:04,Website/App,,Completed,31.46
ORD0004690,CUST003539,R015,2026-04-22 21:58:04,Dine-in,,Completed,42.85
ORD0004691,CUST002074,R014,2026-08-19 12:13:04,Website/App,,Completed,36.89
ORD0004692,CUST000538,R010,2026-07-07 13:25:04,Takeaway,,Completed,118.93
ORD0004693,CUST000824,R013,2026-02-03 19:01:04,Third-Party Delivery,,Completed,83.42
ORD0004694,CUST001233,R014,2026-09-20 12:32:04,Dine-in,,Completed,37.25
ORD0004695,CUST002339,R020,2026-08-23 22:52:04,Dine-in,,Completed,8.68
ORD0004696,CUST001317,R009,2026-01-03 21:51:04,Third-Party Delivery,,Completed,25.87
ORD0004697,CUST002979,R016,2026-07-17 19:06:04,Third-Party Delivery,,Completed,57.13
ORD0004698,CUST002444,R010,2026-03-18 21:11:04,Third-Party Delivery,,Completed,84.39
ORD0004699,CUST003496,R016,2026-05-21 17:04:04,Third-Party Delivery,,Cancelled,46.94
ORD0004700,CUST001993,R007,2026-05-24 21:09:04,Third-Party Delivery,,Completed,92.32
ORD0004701,CUST001312,R009,2026-09-02 13:33:04,Takeaway,,Completed,48.2
ORD0004702,CUST003988,R018,2026-06-14 18:11:04,Dine-in,,Completed,39.75
ORD0004703,CUST001403,R003,2026-05-16 22:42:04,Dine-in,,Completed,35.0
ORD0004704,CUST001702,R010,2026-04-24 19:57:04,Website/App,PROMO002,Completed,52.49
ORD0004705,CUST003230,R010,2026-08-26 20:30:04,Takeaway,,Completed,70.15
ORD0004706,CUST000348,R003,2025-11-26 18:55:04,Dine-in,,Completed,53.3
ORD0004707,CUST001529,R009,2026-08-31 20:17:04,Dine-in,,Completed,-66.4
ORD0004708,,R010,2026-05-29 14:48:04,Website/App,,Cancelled,59.87
ORD0004709,CUST000555,R008,2026-06-13 21:27:04,Dine-in,,Completed,45.89
ORD0004710,CUST000022,R017,2026-02-13 18:16:04,Third-Party Delivery,PROMO012,Completed,70.8
ORD0004711,CUST000036,R007,2026-05-13 12:18:04,Dine-in,,Completed,16.87
ORD0004712,CUST001507,R011,2026-08-22 10:22:04,Takeaway,,Completed,103.3
ORD0004713,CUST003231,R016,2026-08-05 14:55:04,Website/App,,Cancelled,39.53
ORD0004714,CUST002327,R004,2026-07-18 20:02:04,Dine-in,,Completed,34.09
ORD0004715,CUST002524,R009,2026-06-23 12:17:04,Takeaway,,Completed,133.21
ORD0004716,CUST002067,R013,2026-09-08 12:52:04,Third-Party Delivery,,Completed,43.02
ORD0004717,CUST003270,R002,2026-09-11 22:25:04,Takeaway,,Completed,30.24
ORD0004718,CUST003520,R008,2026-07-27 17:03:04,Website/App,,Completed,84.37
ORD0004719,CUST003396,R019,2026-09-03 23:41:04,Website/App,,Completed,38.44
ORD0004720,CUST003239,R008,2026-07-03 19:47:04,Dine-in,,Completed,140.76
ORD0004721,CUST000742,R001,2026-09-14 20:52:04,Dine-in,,Completed,224.53
ORD0004722,CUST002355,R014,2026-09-17 11:32:04,Dine-in,,Cancelled,11.02
ORD0004723,CUST002311,R009,2026-09-15 23:42:04,Website/App,,Completed,24.39
ORD0004724,CUST002096,R016,2026-05-19 19:29:04,Website/App,,Completed,54.02
ORD0004725,CUST001921,R012,2026-08-08 12:36:04,Website/App,,Completed,38.89
ORD0004726,CUST000350,R017,2026-09-08 13:22:04,Dine-in,,Completed,196.36
ORD0004727,CUST000401,R002,2026-07-14 20:21:04,Dine-in,,Completed,32.39
ORD0004728,CUST003602,R020,2026-09-24 14:25:04,Dine-in,,Cancelled,53.73
ORD0004729,CUST002506,R013,2026-08-31 20:54:04,Takeaway,,Completed,44.52
ORD0004730,CUST001051,R014,2026-08-15 14:33:04,Third-Party Delivery,,Completed,15.73
ORD0004731,CUST001109,R006,2026-09-04 17:00:04,Takeaway,,Completed,56.13
ORD0004732,CUST002417,R020,2025-12-17 19:25:04,Website/App,,Completed,18.0
ORD0004733,CUST001610,R012,2026-08-15 21:26:04,Third-Party Delivery,,Completed,54.0
ORD0004734,CUST001758,R004,2026-06-09 18:27:04,Dine-in,,Completed,34.12
ORD0004735,CUST000233,R004,2026-09-02 11:15:04,Takeaway,,Completed,45.72
ORD0004736,CUST000552,R012,2026-03-01 22:14:04,Website/App,,Completed,60.84
ORD0004737,CUST001556,R012,2026-08-26 15:38:04,Third-Party Delivery,,Completed,34.45
ORD0004738,CUST002791,R002,2026-09-03 13:12:04,Website/App,,Completed,175.35
ORD0004739,CUST000181,R018,2026-04-04 10:05:04,Takeaway,,Completed,53.8
ORD0004740,CUST001328,R001,2026-03-15 20:17:04,Takeaway,,Completed,14.81
ORD0004741,CUST002770,R010,2026-09-22 09:17:04,Takeaway,,Completed,37.25
ORD0004742,CUST003161,R005,2026-09-22 22:19:04,Dine-in,,Completed,39.75
ORD0004743,CUST000775,R004,2026-09-21 21:14:04,Takeaway,,Completed,51.19
ORD0004744,CUST002915,R006,2026-08-23 13:01:04,Third-Party Delivery,,Completed,71.68
ORD0004745,CUST003821,R011,2026-06-03 11:59:04,Dine-in,,Completed,34.7
ORD0004746,CUST003617,R011,2026-09-21 18:27:04,Website/App,,Completed,34.05
ORD0004747,CUST003152,R008,2026-09-08 22:42:04,Third-Party Delivery,,Completed,33.69
ORD0004748,CUST002836,R015,2026-09-23 22:29:04,Dine-in,,Completed,43.84
ORD0004749,CUST000945,R004,2026-07-29 13:28:04,Website/App,,Completed,73.54
ORD0004750,CUST002520,R014,2026-09-19 20:20:04,Takeaway,,Completed,11.86
ORD0004751,CUST002556,R017,2026-06-07 19:53:04,Takeaway,,Completed,63.53
ORD0004752,CUST001609,R018,2026-09-16 22:32:04,Third-Party Delivery,,Completed,62.81
ORD0004753,CUST001965,R014,2025-11-05 21:01:04,Dine-in,PROMO006,Completed,72.58
ORD0004754,CUST002767,R016,2026-09-02 14:29:04,Dine-in,,Completed,95.97
ORD0004755,CUST003808,R005,2026-04-08 21:13:04,Third-Party Delivery,,Completed,14.94
ORD0004756,CUST001174,R001,2026-09-04 21:48:04,Dine-in,,Completed,20.64
ORD0004757,CUST000990,R003,2025-09-27 11:03:04,Dine-in,,Completed,50.37
ORD0004758,CUST002383,R003,2026-09-16 11:03:04,Takeaway,,Completed,64.68
ORD0004759,CUST000517,R001,2026-07-13 23:10:04,Dine-in,,Completed,194.21
ORD0004760,CUST002313,R010,2026-05-23 13:09:04,Takeaway,PROMO005,Completed,26.16
ORD0004761,CUST000349,R019,2026-09-14 22:09:04,Dine-in,,Completed,66.26
ORD0004762,CUST001959,R014,2026-09-08 21:26:04,Dine-in,,Completed,12.17
ORD0004763,CUST002465,R004,2026-08-14 21:53:04,Dine-in,,Completed,4.36
ORD0004764,CUST000273,R018,2026-09-09 14:58:04,Dine-in,,Completed,68.65
ORD0004765,CUST000837,R007,2026-06-03 12:22:04,Takeaway,,Completed,27.63
ORD0004766,CUST001330,R017,2026-09-02 22:20:04,Dine-in,,Completed,4.18
ORD0004767,CUST001453,R020,2026-09-02 19:44:04,Dine-in,,Completed,40.71
ORD0004768,CUST002682,R008,2026-06-22 18:02:04,Dine-in,,Completed,59.5
ORD0004769,CUST002100,R001,2026-04-20 19:30:04,Takeaway,PROMO002,Completed,70.31
ORD0004770,CUST001514,R011,2026-07-09 21:06:04,Dine-in,,Completed,58.01
ORD0004771,CUST001795,R016,2026-08-31 20:11:04,Website/App,,Completed,45.36
ORD0004772,CUST000051,R009,2026-08-07 19:32:04,Takeaway,,Completed,109.95
ORD0004773,CUST003069,R001,2026-09-02 19:59:04,Dine-in,,Completed,96.13
ORD0004774,CUST000154,R006,2026-03-06 11:25:04,Takeaway,,Completed,-6.03
ORD0004775,CUST003303,R003,2026-08-18 21:17:04,Takeaway,,Completed,42.36
ORD0004776,CUST002149,R019,2026-09-01 14:57:04,Takeaway,,Completed,43.79
ORD0004777,CUST002095,R002,2026-07-31 18:20:04,Takeaway,,Completed,63.62
ORD0004778,CUST002807,R006,2026-03-30 15:16:04,Dine-in,,Completed,96.2
ORD0004779,CUST003432,R003,2026-03-23 12:09:04,Website/App,,Completed,18.92
ORD0004780,CUST003769,R001,2026-08-29 21:20:04,Takeaway,,Cancelled,31.44
ORD0004781,CUST002159,R007,2026-02-27 11:44:04,Third-Party Delivery,,Completed,51.06
ORD0004782,CUST000598,R009,2026-06-26 21:58:04,Dine-in,,Completed,41.1
ORD0004783,CUST003514,R001,2025-11-19 11:21:04,Takeaway,,Completed,53.19
ORD0004784,CUST000154,R006,2026-09-05 20:18:04,Takeaway,,Completed,34.7
ORD0004785,CUST003223,R005,2026-06-03 14:00:04,Dine-in,,Completed,19.47
ORD0004786,CUST002706,R018,2026-09-21 12:39:04,Dine-in,,Completed,39.79
ORD0004787,CUST003610,R010,2026-04-26 16:18:04,Website/App,,Completed,73.13
ORD0004788,CUST003586,R013,2026-06-21 21:41:04,Dine-in,,Completed,39.95
ORD0004789,CUST000200,R010,2026-06-12 20:27:04,Dine-in,,Completed,52.31
ORD0004790,CUST002413,R015,2025-12-29 21:51:04,Third-Party Delivery,,Completed,99.99
ORD0004791,CUST000492,R006,2026-06-04 12:30:04,Dine-in,,Completed,71.18
ORD0004792,CUST000307,R011,2026-04-12 19:17:04,Website/App,,Completed,50.44
ORD0004793,CUST001785,R002,2026-06-26 21:27:04,Dine-in,,Completed,34.9
ORD0004794,CUST000384,R012,2026-09-10 20:17:04,Dine-in,,Completed,82.8
ORD0004795,CUST002900,R001,2026-09-22 12:51:04,Dine-in,,Completed,54.67
ORD0004796,CUST003873,R013,2026-04-14 11:00:04,Third-Party Delivery,,Completed,126.7
ORD0004797,CUST002264,R008,2026-09-12 20:02:04,Dine-in,,Completed,59.82
ORD0004798,CUST000945,R014,2026-08-15 17:35:04,Website/App,,Completed,15.65
ORD0004799,CUST003368,R020,2025-12-19 11:31:04,Third-Party Delivery,,Completed,119.6
ORD0004800,CUST003406,R020,2026-08-17 18:32:04,Takeaway,,Completed,48.01
ORD0004801,CUST002919,R020,2026-05-07 09:34:04,Dine-in,,Cancelled,44.67
ORD0004802,CUST002439,R006,2026-08-02 11:44:04,Dine-in,,Completed,18.07
ORD0004803,CUST003469,R017,2026-09-23 14:51:04,Third-Party Delivery,,Completed,28.99
ORD0004804,CUST000658,R015,2026-06-24 10:06:04,Third-Party Delivery,,Completed,35.53
ORD0004805,CUST003717,R016,2025-11-15 13:57:04,Dine-in,,Completed,124.76
ORD0004806,CUST003787,R001,2026-05-19 11:09:04,Website/App,,Completed,56.06
ORD0004807,CUST003487,R004,2026-06-22 19:03:04,Dine-in,,Completed,42.0
ORD0004808,CUST001008,R019,2026-08-17 16:37:04,Dine-in,,Completed,69.35
ORD0004809,CUST003428,R002,2025-10-30 22:09:04,Website/App,PROMO006,Completed,36.73
ORD0004810,CUST001983,R001,2026-09-16 18:48:04,Dine-in,,Completed,19.98
ORD0004811,CUST002357,R012,2026-09-09 18:13:04,Takeaway,,Completed,57.82
ORD0004812,CUST003358,R017,2025-10-30 14:18:04,Website/App,PROMO006,Completed,59.81
ORD0004813,CUST000111,R011,2026-02-27 22:56:04,Dine-in,,Completed,8.15
ORD0004814,CUST001429,R012,2026-05-18 12:17:04,Website/App,,Completed,86.12
ORD0004815,CUST003253,R012,2026-04-22 18:58:04,Dine-in,PROMO002,Completed,76.13
ORD0004816,CUST003246,R004,2026-08-05 20:34:04,Website/App,,Completed,98.05
ORD0004817,CUST003391,R011,2026-09-24 22:15:04,Third-Party Delivery,,Completed,8.5
ORD0004818,CUST000684,R018,2026-02-04 13:53:04,Dine-in,,Completed,46.6
ORD0004819,CUST002812,R019,2026-06-03 11:37:04,Takeaway,,Completed,61.44
ORD0004820,CUST000584,R016,2026-09-08 19:23:04,Website/App,,Completed,166.65
ORD0004821,CUST003134,R001,2026-09-24 19:08:04,Third-Party Delivery,,Completed,49.41
ORD0004822,CUST000985,R006,2026-09-15 13:07:04,Takeaway,,Completed,83.01
ORD0004823,CUST002942,R020,2026-09-14 23:53:04,Website/App,,Completed,26.3
ORD0004824,CUST001813,R001,2026-08-31 12:57:04,Website/App,,Completed,42.21
ORD0004825,CUST003946,R015,2026-01-01 18:26:04,Third-Party Delivery,,Completed,51.09
ORD0004826,CUST002303,R020,2026-08-18 17:17:04,Third-Party Delivery,,Completed,152.75
ORD0004827,CUST002516,R012,2026-08-07 17:44:04,Dine-in,,Completed,33.1
ORD0004828,CUST001451,R006,2026-09-05 18:52:04,Dine-in,,Completed,9.21
ORD0004829,CUST002928,R016,2026-09-24 09:56:04,Dine-in,,Completed,85.49
ORD0004830,CUST001974,R007,2026-09-04 19:48:04,Dine-in,,Completed,35.53
ORD0004831,CUST000067,R003,2026-04-29 12:32:04,Website/App,,Completed,148.48
ORD0004832,CUST002410,R008,2026-07-21 18:41:04,Dine-in,,Completed,76.04
ORD0004833,CUST003311,R011,2026-08-04 15:12:04,Takeaway,,Completed,16.87
ORD0004834,CUST000952,R007,2026-05-04 12:39:04,Dine-in,,Completed,237.69
ORD0004835,CUST000889,R012,2026-05-29 22:29:04,Dine-in,,Completed,-52.7
ORD0004836,CUST002410,R018,2026-09-21 19:11:04,Website/App,,Completed,23.76
ORD0004837,CUST003263,R009,2026-09-21 15:45:04,Website/App,,Completed,31.41
ORD0004838,CUST001005,R007,2026-09-19 22:53:04,Takeaway,,Completed,90.84
ORD0004839,CUST003720,R005,2026-09-02 17:29:04,Third-Party Delivery,,Completed,42.07
ORD0004840,CUST003702,R015,2026-09-17 15:23:04,Website/App,,Completed,45.91
ORD0004841,CUST000817,R011,2025-12-20 19:43:04,Third-Party Delivery,,Completed,56.4
ORD0004842,CUST001057,R016,2026-07-29 18:19:04,Third-Party Delivery,,Completed,79.67
ORD0004843,CUST002794,R008,2026-09-17 20:26:04,Takeaway,,Completed,43.26
ORD0004844,CUST003807,R018,2026-09-24 21:13:04,Dine-in,,Completed,46.93
ORD0004845,CUST002825,R020,2026-06-04 20:49:04,Website/App,,Completed,58.41
ORD0004846,CUST001774,R014,2026-09-16 11:45:04,Dine-in,,Completed,34.12
ORD0004847,CUST000683,R012,2026-09-05 21:13:04,Takeaway,,Completed,30.24
ORD0004848,CUST001838,R007,2026-08-06 20:56:04,Third-Party Delivery,,Completed,157.71
ORD0004849,CUST002401,R010,2026-08-21 22:05:04,Takeaway,,Completed,53.44
ORD0004850,CUST001310,R004,2026-06-16 11:01:04,Third-Party Delivery,,Completed,55.49
ORD0004851,CUST002033,R005,2026-09-23 21:38:04,Takeaway,,Completed,34.05
ORD0004852,CUST000515,R016,2026-04-23 18:16:04,Dine-in,,Completed,63.31
ORD0004853,CUST001804,R007,2026-05-30 18:42:04,Dine-in,PROMO005,Completed,34.64
ORD0004854,CUST000360,R012,2026-03-06 19:17:04,Third-Party Delivery,,Completed,51.12
ORD0004855,CUST000185,R005,2026-09-19 20:27:04,Third-Party Delivery,,Completed,60.39
ORD0004856,CUST003425,R020,2026-05-25 11:22:04,Dine-in,PROMO005,Completed,29.03
ORD0004857,CUST000833,R004,2025-11-13 12:55:04,Dine-in,,Completed,97.64
ORD0004858,CUST002286,R014,2026-02-03 14:29:04,Dine-in,,Completed,68.36
ORD0004859,CUST000592,R010,2026-02-04 12:24:04,Website/App,,Completed,67.2
ORD0004860,CUST001052,R015,2025-09-30 11:00:04,Dine-in,PROMO004,Completed,22.19
ORD0004861,CUST001423,R016,2026-08-26 12:55:04,Website/App,,Completed,11.55
ORD0004862,CUST000572,R012,2026-01-14 20:25:04,Third-Party Delivery,PROMO009,Completed,46.03
ORD0004863,CUST000173,R017,2026-09-22 12:50:04,Website/App,,Completed,60.42
ORD0004864,CUST003508,R003,2026-09-11 12:23:04,Takeaway,,Completed,14.34
ORD0004865,CUST000046,R016,2025-12-22 13:48:04,Takeaway,,Completed,3.4
ORD0004866,CUST000237,R016,2026-09-18 13:20:04,Dine-in,,Completed,26.45
ORD0004867,CUST003215,R008,2026-09-17 11:30:04,Dine-in,,Completed,12.17
ORD0004868,CUST001122,R009,2026-07-31 22:19:04,Takeaway,,Completed,76.05
ORD0004869,CUST002879,R017,2026-09-14 18:11:04,Dine-in,,Completed,15.8
ORD0004870,CUST000582,R006,2026-06-18 19:06:04,Dine-in,,Completed,16.25
ORD0004871,CUST000955,R006,2026-07-31 20:14:04,Takeaway,,Completed,22.14
ORD0004872,CUST002276,R005,2026-06-04 20:25:04,Website/App,,Completed,60.65
ORD0004873,CUST003955,R014,2025-11-03 19:24:04,Third-Party Delivery,,Completed,156.26
ORD0004874,CUST000288,R008,2026-03-29 14:32:04,Dine-in,,Completed,58.38
ORD0004875,CUST001586,R001,2026-05-09 11:05:04,Website/App,,Completed,30.89
ORD0004876,CUST000164,R020,2026-01-25 23:47:04,Takeaway,PROMO011,Completed,55.24
ORD0004877,CUST000812,R011,2026-03-27 19:48:04,Dine-in,,Completed,5.1
ORD0004878,CUST003619,R006,2026-08-27 21:44:04,Website/App,,Completed,79.78
ORD0004879,CUST000380,R012,2026-07-26 18:30:04,Third-Party Delivery,,Completed,25.07
ORD0004880,CUST003424,R015,2026-08-16 22:59:04,Dine-in,,Completed,27.69
ORD0004881,CUST000724,R009,2026-07-26 12:36:04,Dine-in,,Completed,24.31
ORD0004882,CUST003440,R001,2026-03-06 22:12:04,Website/App,,Completed,50.63
ORD0004883,CUST002136,R015,2026-06-16 22:54:04,Website/App,,Completed,8.99
ORD0004884,CUST003512,R014,2026-05-21 22:04:04,Takeaway,,Completed,57.67
ORD0004885,CUST000603,R001,2026-07-07 13:50:04,Website/App,,Completed,25.32
ORD0004886,CUST003037,R003,2026-09-07 12:09:04,Takeaway,,Completed,35.74
ORD0004887,CUST002706,R011,2026-08-07 21:12:04,Third-Party Delivery,,Completed,167.82
ORD0004888,CUST002157,R008,2026-05-29 22:59:04,Dine-in,PROMO005,Completed,122.37
ORD0004889,CUST003235,R005,2026-08-05 20:46:04,Dine-in,,Completed,16.61
ORD0004890,CUST002575,R013,2026-06-23 12:26:04,Third-Party Delivery,,Completed,97.72
ORD0004891,CUST003507,R002,2026-05-06 20:20:04,Website/App,,Completed,90.7
ORD0004892,CUST001509,R012,2026-06-23 11:59:04,Third-Party Delivery,,Completed,41.26
ORD0004893,CUST002337,R011,2025-12-20 14:20:04,Website/App,,Completed,52.49
ORD0004894,CUST003481,R014,2026-01-31 20:34:04,Website/App,PROMO003,Completed,68.18
ORD0004895,CUST000867,R008,2026-09-02 21:51:04,Dine-in,,Completed,42.52
ORD0004896,CUST001939,R002,2026-04-12 22:27:04,Dine-in,,Completed,34.12
ORD0004897,CUST003842,R018,2026-06-05 14:28:04,Third-Party Delivery,,Completed,51.18
ORD0004898,CUST001888,R001,2026-06-29 12:09:04,Dine-in,,Completed,107.2
ORD0004899,CUST001016,R016,2026-01-03 18:22:04,Third-Party Delivery,,Completed,29.55
ORD0004900,CUST001385,R001,2026-07-24 09:20:04,Third-Party Delivery,,Completed,34.12
ORD0004901,CUST003537,R003,2025-12-03 12:48:04,Takeaway,,Completed,29.43
ORD0004902,CUST003820,R014,2026-09-12 11:17:04,Third-Party Delivery,,Completed,51.68
ORD0004903,CUST003800,R006,2026-07-23 22:34:04,Dine-in,,Completed,35.1
ORD0004904,CUST002787,R001,2026-06-07 20:31:04,Third-Party Delivery,,Completed,45.4
ORD0004905,CUST002031,R007,2025-12-04 22:33:04,Third-Party Delivery,,Completed,39.75
ORD0004906,CUST000742,R011,2026-08-23 19:28:04,Website/App,,Completed,189.93
ORD0004907,CUST000488,R012,2026-06-07 13:16:04,Takeaway,,Completed,19.91
ORD0004908,CUST000230,R003,2026-07-31 13:11:04,Dine-in,,Completed,28.48
ORD0004909,CUST000067,R013,2026-04-20 12:05:04,Third-Party Delivery,,Completed,70.81
ORD0004910,CUST003512,R003,2026-08-06 10:50:04,Website/App,,Completed,8.68
ORD0004911,CUST003230,R008,2026-08-31 23:21:04,Takeaway,,Completed,29.62
ORD0004912,CUST002258,R003,2026-09-16 12:52:04,Takeaway,,Completed,126.38
ORD0004913,CUST003997,R019,2026-05-05 20:18:04,Takeaway,,Completed,52.31
ORD0004914,CUST003812,R009,2026-08-21 11:36:04,Website/App,,Completed,50.92
ORD0004915,CUST002599,R015,2026-04-06 23:06:04,Dine-in,,Completed,58.93
ORD0004916,CUST001852,R012,2026-05-19 12:23:04,Third-Party Delivery,,Completed,49.73
ORD0004917,CUST000606,R015,2026-08-13 18:59:04,Dine-in,,Completed,155.31
ORD0004918,CUST002053,R010,2026-09-03 13:32:04,Website/App,,Completed,191.89
ORD0004919,CUST000635,R018,2025-11-01 20:40:04,Dine-in,PROMO001,Completed,7.19
ORD0004920,CUST001578,R019,2026-03-27 15:03:04,Website/App,,Completed,29.55
ORD0004921,CUST003769,R011,2026-09-05 21:26:04,Dine-in,,Completed,46.36
ORD0004922,CUST001349,R017,2026-09-15 20:59:04,Website/App,,Cancelled,6.03
ORD0004923,CUST000607,R002,2026-08-26 20:17:04,Website/App,,Completed,26.16
ORD0004924,CUST002313,R020,2026-02-19 19:39:04,Third-Party Delivery,,Completed,231.01
ORD0004925,CUST002385,R011,2026-09-09 11:01:04,Website/App,,Completed,26.34
ORD0004926,CUST000787,R010,2026-07-19 20:22:04,Website/App,,Completed,31.46
ORD0004927,CUST000800,R013,2026-04-13 13:42:04,Website/App,,Completed,34.05
ORD0004928,CUST003958,R008,2026-01-10 21:10:04,Takeaway,,Completed,181.72
ORD0004929,CUST000978,R020,2026-08-23 22:42:04,Third-Party Delivery,,Cancelled,71.2
ORD0004930,CUST003350,R008,2026-08-08 19:12:04,Website/App,,Completed,8.4
ORD0004931,CUST001875,R012,2026-07-30 19:55:04,Website/App,,Completed,16.58
ORD0004932,CUST001727,R020,2026-09-24 18:22:04,Takeaway,,Completed,83.48
ORD0004933,CUST001172,R004,2026-05-27 18:49:04,Dine-in,PROMO005,Completed,170.92
ORD0004934,CUST003084,R015,2026-08-23 13:30:04,Dine-in,,Completed,-32.52
ORD0004935,CUST003521,R003,2026-09-24 11:18:04,Dine-in,,Completed,83.97
ORD0004936,CUST001045,R011,2026-05-29 18:55:04,Takeaway,PROMO005,Completed,90.01
ORD0004937,CUST000372,R013,2026-06-26 14:35:04,Dine-in,,Completed,69.72
ORD0004938,CUST000542,R001,2026-06-17 19:12:04,Takeaway,,Completed,169.5
ORD0004939,CUST003164,R002,2026-09-12 20:59:04,Website/App,,Completed,33.06
ORD0004940,CUST001732,R015,2026-07-03 18:47:04,Website/App,,Completed,42.19
ORD0004941,CUST000523,R020,2026-05-26 18:18:04,Dine-in,,Completed,54.57
ORD0004942,CUST001344,R014,2026-09-16 22:35:04,Third-Party Delivery,,Completed,226.37
ORD0004943,CUST002049,R006,2026-06-25 19:13:04,Dine-in,,Completed,47.41
ORD0004944,CUST003403,R012,2026-06-03 18:33:04,Dine-in,,Completed,22.23
ORD0004945,CUST002551,R001,2026-08-28 17:37:04,Website/App,,Completed,34.7
ORD0004946,CUST000716,R012,2026-09-21 11:05:04,Takeaway,,Completed,57.43
ORD0004947,CUST000638,R002,2026-07-20 13:01:04,Dine-in,,Completed,72.2
ORD0004948,CUST001633,R001,2026-01-14 13:21:04,Dine-in,PROMO009,Completed,32.33
ORD0004949,CUST000295,R008,2026-08-29 18:59:04,Website/App,,Completed,85.37
ORD0004950,CUST003009,R016,2026-08-08 22:02:04,Dine-in,,Completed,33.71
ORD0004951,CUST001588,R012,2026-07-22 21:18:04,Third-Party Delivery,,Completed,34.12
ORD0004952,CUST001354,R018,2026-07-05 11:31:04,Takeaway,,Completed,43.84
ORD0004953,CUST002029,R019,2026-09-17 17:55:04,Dine-in,,Completed,62.81
ORD0004954,CUST002822,R016,2026-09-19 11:49:04,Third-Party Delivery,,Completed,58.53
ORD0004955,CUST002263,R010,2026-09-11 18:17:04,Third-Party Delivery,,Completed,95.65
ORD0004956,CUST003201,R005,2026-08-21 19:53:04,Website/App,,Completed,32.31
ORD0004957,,R018,2026-09-21 14:03:04,Dine-in,,Completed,33.99
ORD0004958,CUST003145,R009,2026-01-17 11:56:04,Dine-in,,Completed,32.37
ORD0004959,CUST002776,R012,2026-03-24 15:54:04,Dine-in,,Completed,49.6
ORD0004960,CUST000784,R018,2026-09-19 11:06:04,Dine-in,,Completed,64.01
ORD0004961,CUST000197,R004,2026-09-16 19:28:04,Dine-in,,Completed,37.25
ORD0004962,CUST003604,R002,2026-01-26 14:37:04,Website/App,,Completed,96.41
ORD0004963,CUST003780,R003,2026-07-10 17:31:04,Third-Party Delivery,,Completed,66.5
ORD0004964,CUST002895,R010,2026-08-19 21:07:04,Third-Party Delivery,,Completed,107.07
ORD0004965,CUST002884,R003,2026-05-16 20:11:04,Dine-in,,Completed,15.13
ORD0004966,CUST001080,R009,2026-09-04 18:54:04,Dine-in,,Completed,144.14
ORD0004967,CUST002154,R004,2026-08-04 13:43:04,Takeaway,,Completed,31.46
ORD0004968,CUST003970,R001,2026-07-23 13:16:04,Third-Party Delivery,,Completed,92.41
ORD0004969,CUST003421,R009,2025-12-03 22:35:04,Takeaway,,Completed,104.94
ORD0004970,CUST001208,R004,2026-03-21 22:51:04,Third-Party Delivery,,Completed,52.99
ORD0004971,CUST001198,R005,2026-05-05 20:57:04,Website/App,,Completed,76.13
ORD0004972,CUST001932,R009,2026-09-14 11:19:04,Third-Party Delivery,,Completed,118.56
ORD0004973,CUST001601,R013,2025-10-09 21:44:04,Website/App,,Completed,34.12
ORD0004974,CUST001463,R002,2026-07-22 12:09:04,Takeaway,,Completed,159.03
ORD0004975,CUST002493,R009,2026-04-25 19:22:04,Takeaway,PROMO002,Completed,44.42
ORD0004976,CUST000044,R019,2025-11-13 18:00:04,Takeaway,,Completed,38.55
ORD0004977,CUST003043,R008,2026-06-15 20:41:04,Third-Party Delivery,,Completed,27.34
ORD0004978,CUST002948,R013,2026-07-30 11:09:04,Dine-in,,Completed,20.09
ORD0004979,CUST003310,R011,2026-09-23 21:33:04,Dine-in,,Completed,31.46
ORD0004980,CUST003361,R002,2026-03-28 12:56:04,Dine-in,,Completed,56.2
ORD0004981,CUST002253,R005,2026-07-31 22:21:04,Dine-in,,Completed,37.39
ORD0004982,CUST003114,R008,2026-08-18 20:48:04,Dine-in,,Completed,91.53
ORD0004983,CUST001963,R004,2026-09-21 12:36:04,Dine-in,,Completed,34.7
ORD0004984,CUST003806,R012,2026-02-27 14:10:04,Dine-in,,Completed,5.1
ORD0004985,CUST000776,R011,2026-09-17 20:45:04,Third-Party Delivery,,Completed,34.12
ORD0004986,CUST003655,R018,2026-08-23 21:57:04,Dine-in,,Completed,48.52
ORD0004987,CUST001034,R016,2025-11-12 14:07:04,Third-Party Delivery,,Completed,49.96
ORD0004988,CUST000404,R008,2026-08-06 18:21:04,Dine-in,,Completed,29.55
ORD0004989,CUST001747,R012,2026-04-25 13:50:04,Dine-in,,Completed,120.23
ORD0004990,CUST002437,R006,2026-03-25 20:34:04,Dine-in,,Completed,16.76
ORD0004991,CUST000928,R007,2026-08-28 12:32:04,Takeaway,,Completed,54.89
ORD0004992,CUST002207,R003,2026-09-12 10:07:04,Takeaway,,Completed,81.04
ORD0004993,CUST003224,R012,2026-02-24 22:58:04,Dine-in,,Completed,108.99
ORD0004994,CUST001028,R008,2026-08-28 14:49:04,Dine-in,,Completed,108.19
ORD0004995,CUST002304,R009,2026-03-29 20:03:04,Website/App,,Completed,16.87
ORD0004996,CUST001342,R004,2026-04-24 12:09:04,Dine-in,,Completed,65.75
ORD0004997,CUST002104,R005,2026-02-12 21:41:04,Dine-in,,Completed,44.6
ORD0004998,CUST002645,R004,2025-10-22 13:02:04,Website/App,,Completed,63.1
ORD0004999,CUST001383,R012,2026-08-03 08:25:04,Website/App,,Completed,156.49
ORD0005000,CUST003982,R008,2026-06-26 20:11:04,Takeaway,,Completed,73.08
ORD0005001,CUST002241,R019,2026-07-16 12:26:04,Dine-in,,Completed,28.99
ORD0005002,CUST003283,R002,2026-09-24 11:18:04,Dine-in,,Completed,34.78
ORD0005003,CUST002888,R008,2026-08-10 14:05:04,Website/App,,Completed,53.64
ORD0005004,CUST003405,R020,2025-12-12 19:01:04,Dine-in,,Completed,43.27
ORD0005005,CUST000708,R007,2026-06-10 11:30:04,Takeaway,,Completed,13.13
ORD0005006,CUST000897,R007,2026-08-05 22:52:04,Takeaway,,Completed,60.92
ORD0005007,CUST001946,R018,2026-07-27 13:04:04,Dine-in,,Completed,10.33
ORD0005008,CUST003404,R017,2026-06-23 12:38:04,Takeaway,,Completed,53.87
ORD0005009,CUST000804,R015,2026-08-13 18:16:04,Dine-in,,Completed,25.08
ORD0005010,CUST003883,R014,2026-09-18 17:31:04,Dine-in,,Completed,34.7
ORD0005011,CUST000504,R015,2026-09-05 19:38:04,Website/App,,Completed,118.19
ORD0005012,CUST000713,R018,2025-12-01 20:48:04,Dine-in,,Completed,57.04
ORD0005013,CUST000674,R017,2026-06-12 19:40:04,Website/App,,Completed,68.24
ORD0005014,CUST002323,R012,2026-07-12 14:23:04,Third-Party Delivery,,Completed,193.16
ORD0005015,CUST003662,R020,2026-04-05 09:46:04,Dine-in,,Completed,34.7
ORD0005016,CUST001022,R002,2026-04-30 08:18:04,Takeaway,,Completed,31.6
ORD0005017,CUST002199,R002,2026-09-14 22:26:04,Website/App,,Completed,49.65
ORD0005018,CUST000715,R017,2025-11-06 12:58:04,Takeaway,PROMO006,Completed,-86.48
ORD0005019,CUST002510,R003,2026-06-01 12:51:04,Dine-in,PROMO005,Completed,147.12
ORD0005020,CUST000488,R015,2026-01-25 14:25:04,Dine-in,PROMO011,Completed,55.12
ORD0005021,CUST001960,R019,2026-08-01 19:12:04,Takeaway,,Completed,36.58
ORD0005022,CUST002599,R009,2026-04-04 20:29:04,Third-Party Delivery,,Completed,34.7
ORD0005023,CUST002300,R015,2026-08-13 22:23:04,Third-Party Delivery,,Completed,45.57
ORD0005024,CUST000557,R014,2026-09-16 13:26:04,Third-Party Delivery,,Completed,34.12
ORD0005025,CUST000651,R011,2026-03-22 15:23:04,Website/App,,Completed,134.2
ORD0005026,CUST002664,R011,2026-09-07 20:07:04,Dine-in,,Completed,8.15
ORD0005027,CUST003230,R018,2026-08-21 18:03:04,Third-Party Delivery,,Completed,33.78
ORD0005028,CUST003621,R012,2025-12-02 12:12:04,Third-Party Delivery,,Completed,17.24
ORD0005029,CUST003245,R014,2026-04-01 22:02:04,Website/App,,Completed,94.79
ORD0005030,CUST003894,R015,2026-01-07 22:59:04,Dine-in,,Completed,70.68
ORD0005031,CUST001614,R013,2026-09-05 11:20:04,Dine-in,,Completed,54.54
ORD0005032,CUST001312,R019,2026-09-11 11:25:04,Website/App,,Completed,42.85
ORD0005033,CUST000107,R008,2025-11-15 10:04:04,Dine-in,,Completed,62.92
ORD0005034,CUST001791,R015,2026-09-15 17:23:04,Dine-in,,Completed,35.6
ORD0005035,CUST002586,R010,2025-11-18 14:28:04,Dine-in,,Completed,-57.34
ORD0005036,CUST003253,R012,2026-08-15 18:43:04,Dine-in,,Completed,65.98
ORD0005037,CUST001070,R019,2026-01-07 21:47:04,Dine-in,,Completed,105.24
ORD0005038,CUST002047,R015,2026-09-14 10:59:04,Website/App,,Completed,71.06
ORD0005039,CUST002625,R018,2026-06-05 18:07:04,Dine-in,,Completed,67.02
ORD0005040,CUST002193,R005,2026-06-28 22:40:04,Third-Party Delivery,,Completed,75.39
ORD0005041,CUST001093,R009,2026-01-27 21:22:04,Takeaway,,Cancelled,53.05
ORD0005042,CUST003179,R017,2026-08-24 18:18:04,Third-Party Delivery,,Completed,38.51
ORD0005043,CUST000706,R011,2026-09-24 22:35:04,Dine-in,,Completed,69.4
ORD0005044,CUST003610,R001,2026-03-20 12:19:04,Third-Party Delivery,,Completed,17.27
ORD0005045,CUST003809,R001,2026-04-15 14:20:04,Third-Party Delivery,,Completed,100.21
ORD0005046,CUST001441,R011,2026-09-14 11:41:04,Website/App,,Completed,69.25
ORD0005047,CUST001489,R020,2026-06-28 22:16:04,Dine-in,,Completed,29.12
ORD0005048,CUST002964,R010,2026-09-24 11:40:04,Dine-in,,Completed,31.46
ORD0005049,CUST001819,R006,2026-04-19 11:54:04,Takeaway,,Completed,174.33
ORD0005050,CUST000108,R018,2026-08-20 16:37:04,Dine-in,,Cancelled,34.12
ORD0005051,CUST003672,R015,2026-09-21 11:06:04,Dine-in,,Completed,61.75
ORD0005052,CUST001710,R001,2026-08-08 13:41:04,Takeaway,,Completed,104.36
ORD0005053,CUST000827,R013,2025-12-22 09:40:04,Takeaway,,Completed,33.71
ORD0005054,CUST002207,R013,2026-06-22 21:03:04,Dine-in,,Completed,82.84
ORD0005055,CUST000882,R019,2026-09-18 20:40:04,Dine-in,,Completed,15.13
ORD0005056,CUST000835,R011,2026-07-17 12:23:04,Website/App,,Completed,22.73
ORD0005057,CUST002168,R019,2026-05-13 14:02:04,Third-Party Delivery,,Completed,105.59
ORD0005058,CUST001547,R003,2025-11-12 19:53:04,Website/App,,Completed,81.48
ORD0005059,CUST002277,R015,2026-09-10 18:03:04,Dine-in,,Cancelled,179.52
ORD0005060,CUST003990,R018,2026-09-17 11:33:04,Dine-in,,Completed,8.68
ORD0005061,CUST003431,R007,2026-07-04 13:10:04,Dine-in,,Completed,22.51
ORD0005062,CUST000031,R020,2026-02-25 13:30:04,Dine-in,,Completed,21.63
ORD0005063,CUST000191,R004,2026-06-25 21:25:04,Website/App,,Completed,375.7
ORD0005064,CUST002417,R010,2026-08-25 19:18:04,Dine-in,,Completed,118.28
ORD0005065,CUST002489,R006,2026-09-23 09:51:04,Dine-in,,Completed,8.63
ORD0005066,CUST003512,R004,2026-08-05 14:32:04,Website/App,,Completed,128.58
ORD0005067,CUST002501,R014,2026-01-19 19:05:04,Website/App,PROMO009,Completed,44.13
ORD0005068,CUST000913,R002,2026-08-31 12:49:04,Dine-in,,Completed,60.26
ORD0005069,CUST001866,R003,2026-07-31 19:22:04,Third-Party Delivery,,Completed,28.22
ORD0005070,CUST003230,R018,2026-08-19 21:07:04,Third-Party Delivery,,Completed,83.69
ORD0005071,CUST003685,R001,2026-01-01 13:50:04,Website/App,,Completed,34.12
ORD0005072,CUST000953,R017,2026-09-03 21:55:04,Website/App,,Completed,15.13
ORD0005073,CUST002144,R013,2026-09-21 13:11:04,Third-Party Delivery,,Completed,34.65
ORD0005074,CUST000639,R019,2026-02-06 21:04:04,Dine-in,,Completed,119.08
ORD0005075,CUST001982,R015,2026-08-09 13:14:04,Takeaway,,Completed,20.87
ORD0005076,CUST000357,R014,2026-06-15 19:22:04,Third-Party Delivery,,Completed,128.58
ORD0005077,CUST003764,R013,2026-07-27 22:14:04,Dine-in,,Completed,56.32
ORD0005078,CUST002538,R001,2026-07-17 19:33:04,Third-Party Delivery,,Completed,38.47
ORD0005079,CUST003411,R007,2025-10-26 12:05:04,Dine-in,PROMO001,Completed,27.76
ORD0005080,CUST003996,R016,2025-09-07 19:23:04,Dine-in,,Completed,84.99
ORD0005081,CUST000742,R001,2026-08-14 17:45:04,Takeaway,,Completed,8.15
ORD0005082,CUST002767,R006,2026-08-14 11:35:04,Takeaway,,Completed,26.45
ORD0005083,CUST003543,R011,2026-08-22 22:19:04,Website/App,,Completed,47.18
ORD0005084,CUST002288,R005,2026-07-30 19:35:04,Dine-in,,Completed,58.07
ORD0005085,CUST002544,R015,2026-08-30 11:27:04,Dine-in,,Completed,82.8
ORD0005086,CUST001611,R004,2026-07-16 11:39:04,Third-Party Delivery,,Completed,28.8
ORD0005087,CUST002676,R004,2026-08-13 12:04:04,Takeaway,,Completed,92.12
ORD0005088,CUST001565,R005,2026-09-11 15:34:04,Website/App,,Completed,22.19
ORD0005089,CUST001900,R005,2026-09-17 19:34:04,Dine-in,,Completed,78.07
ORD0005090,CUST000404,R008,2026-09-23 13:25:04,Dine-in,,Completed,88.31
ORD0005091,CUST000032,R020,2026-04-06 08:00:04,Takeaway,,Completed,105.24
ORD0005092,CUST000209,R006,2026-09-20 12:54:04,Dine-in,,Completed,42.57
ORD0005093,CUST000783,R009,2026-09-03 11:42:04,Dine-in,,Completed,197.23
ORD0005094,CUST001821,R011,2026-05-08 12:46:04,Dine-in,,Completed,71.77
ORD0005095,CUST000081,R020,2026-06-15 18:32:04,Website/App,,Completed,58.0
ORD0005096,CUST000626,R003,2026-07-11 13:56:04,Takeaway,,Completed,106.51
ORD0005097,CUST003119,R020,2026-08-18 20:26:04,Takeaway,,Completed,37.25
ORD0005098,CUST003037,R003,2026-09-02 15:05:04,Third-Party Delivery,,Completed,84.47
ORD0005099,CUST003154,R009,2026-08-23 11:37:04,Takeaway,,Completed,92.17
ORD0005100,CUST003679,R008,2026-09-24 11:53:04,Website/App,,Completed,32.52
ORD0005101,CUST000472,R011,2026-08-23 14:00:04,Website/App,,Completed,18.87
ORD0005102,CUST000658,R005,2026-09-02 14:06:04,Takeaway,,Completed,28.25
ORD0005103,CUST001321,R001,2025-08-20 13:33:04,Takeaway,,Completed,4.05
ORD0005104,CUST003653,R001,2026-09-12 13:08:04,Website/App,,Completed,116.99
ORD0005105,CUST003093,R002,2026-08-21 18:03:04,Dine-in,,Completed,12.98
ORD0005106,CUST001284,R012,2026-09-16 18:21:04,Website/App,,Completed,7.05
ORD0005107,CUST000345,R007,2026-09-10 18:08:04,Website/App,,Completed,86.58
ORD0005108,CUST002444,R010,2026-05-13 22:01:04,Website/App,,Completed,91.85
ORD0005109,CUST001027,R013,2026-04-24 11:36:04,Website/App,,Completed,50.4
ORD0005110,CUST002108,R011,2026-09-09 13:27:04,Takeaway,,Completed,46.95
ORD0005111,CUST003764,R013,2026-09-17 18:52:04,Third-Party Delivery,,Completed,42.68
ORD0005112,CUST002275,R004,2025-10-17 13:57:04,Third-Party Delivery,,Completed,27.32
ORD0005113,CUST003690,R001,2026-09-13 21:30:04,Takeaway,,Completed,35.31
ORD0005114,CUST001553,R020,2026-02-27 21:51:04,Website/App,,Completed,20.12
ORD0005115,CUST002518,R012,2025-10-24 12:56:04,Dine-in,,Completed,57.35
ORD0005116,CUST003569,R013,2026-08-12 21:01:04,Third-Party Delivery,,Completed,42.19
ORD0005117,CUST002331,R011,2026-07-29 19:19:04,Website/App,,Cancelled,35.53
ORD0005118,CUST002437,R016,2026-05-13 13:45:04,Takeaway,,Completed,47.21
ORD0005119,CUST002851,R019,2026-09-04 14:22:04,Dine-in,,Completed,56.77
ORD0005120,CUST003525,R019,2026-07-13 20:25:04,Website/App,,Completed,14.1
ORD0005121,CUST000347,R011,2026-04-05 09:44:04,Website/App,,Completed,47.55
ORD0005122,CUST001336,R012,2025-10-10 20:22:04,Takeaway,,Completed,34.7
ORD0005123,CUST001575,R013,2026-03-18 22:01:04,Takeaway,,Completed,34.64
ORD0005124,CUST003629,R016,2026-09-21 10:49:04,Takeaway,,Completed,101.34
ORD0005125,CUST003822,R017,2026-01-30 20:56:04,Third-Party Delivery,,Completed,92.95
ORD0005126,CUST000480,R003,2026-07-31 12:44:04,Dine-in,,Completed,113.78
ORD0005127,CUST000472,R011,2026-06-12 14:06:04,Dine-in,,Completed,46.36
ORD0005128,CUST003733,R011,2026-09-12 22:38:04,Dine-in,,Completed,22.41
ORD0005129,CUST001175,R009,2025-09-24 15:11:04,Takeaway,,Completed,99.16
ORD0005130,CUST000971,R019,2026-05-13 12:17:04,Third-Party Delivery,,Completed,34.05
ORD0005131,CUST000132,R013,2026-08-20 13:49:04,Website/App,,Completed,39.75
ORD0005132,CUST001099,R017,2026-05-24 20:58:04,Dine-in,,Completed,80.31
ORD0005133,CUST002764,R014,2026-01-10 13:24:04,Dine-in,PROMO009,Completed,39.75
ORD0005134,CUST001692,R016,2026-03-29 20:35:04,Dine-in,,Completed,57.98
ORD0005135,CUST002058,R008,2025-09-07 21:48:04,Website/App,PROMO007,Completed,43.94
ORD0005136,CUST003661,R003,2026-06-26 14:59:04,Third-Party Delivery,,Completed,65.57
ORD0005137,CUST000459,R008,2025-12-16 22:06:04,Dine-in,,Completed,87.74
ORD0005138,CUST000277,R011,2026-09-06 20:28:04,Dine-in,,Completed,6.8
ORD0005139,,R012,2026-04-27 10:37:04,Dine-in,,Completed,31.86
ORD0005140,CUST003089,R009,2026-07-09 12:21:04,Third-Party Delivery,,Completed,81.6
ORD0005141,CUST001056,R002,2026-09-12 18:33:04,Dine-in,,Completed,35.82
ORD0005142,CUST001284,R002,2026-08-14 13:54:04,Website/App,,Completed,89.54
ORD0005143,CUST001229,R002,2026-09-08 21:31:04,Takeaway,,Completed,52.98
ORD0005144,CUST002574,R019,2026-08-26 11:17:04,Dine-in,,Completed,7.05
ORD0005145,CUST000237,R016,2026-09-11 13:47:04,Third-Party Delivery,,Completed,68.44
ORD0005146,CUST001953,R013,2026-09-17 13:02:04,Third-Party Delivery,,Completed,63.92
ORD0005147,CUST000530,R011,2026-08-09 13:08:04,Dine-in,,Completed,30.26
ORD0005148,CUST003270,R002,2026-05-13 16:22:04,Dine-in,,Completed,30.87
ORD0005149,CUST001507,R001,2026-08-14 21:13:04,Website/App,,Completed,12.51
ORD0005150,CUST002095,R012,2026-04-11 08:36:04,Third-Party Delivery,,Completed,28.1
ORD0005151,CUST000110,R014,2026-01-07 21:08:04,Third-Party Delivery,,Completed,49.0
ORD0005152,CUST000223,R019,2026-09-06 20:43:04,Takeaway,,Completed,29.55
ORD0005153,CUST002678,R002,2026-04-28 13:47:04,Third-Party Delivery,,Completed,81.8
ORD0005154,CUST003054,R019,2025-09-29 14:51:04,Dine-in,PROMO004,Completed,32.52
ORD0005155,CUST002826,R014,2026-09-17 20:16:04,Takeaway,,Completed,94.44
ORD0005156,CUST002938,R009,2026-05-21 13:02:04,Website/App,,Completed,25.67
ORD0005157,CUST000411,R016,2026-07-20 19:30:04,Website/App,,Completed,71.26
ORD0005158,CUST002764,R004,2025-12-16 14:06:04,Takeaway,,Completed,24.79
ORD0005159,CUST000739,R016,2026-06-08 12:43:04,Takeaway,,Completed,69.56
ORD0005160,CUST000384,R002,2026-09-18 12:22:04,Third-Party Delivery,,Completed,42.35
ORD0005161,CUST003018,R001,2026-09-22 21:39:04,Dine-in,,Completed,18.59
ORD0005162,CUST003554,R010,2025-08-27 11:12:04,Website/App,,Completed,85.87
ORD0005163,CUST002853,R007,2026-04-16 14:19:04,Third-Party Delivery,,Completed,39.4
ORD0005164,CUST003216,R016,2025-11-11 16:39:04,Website/App,,Completed,188.14
ORD0005165,CUST003964,R006,2026-08-28 22:39:04,Dine-in,,Completed,15.13
ORD0005166,CUST000534,R007,2026-08-14 11:06:04,Dine-in,,Completed,95.46
ORD0005167,CUST003860,R011,2026-09-23 14:58:04,Dine-in,,Completed,44.08
ORD0005168,CUST002380,R012,2026-03-12 12:52:04,Takeaway,,Completed,28.83
ORD0005169,CUST003244,R014,2026-08-05 20:27:04,Website/App,,Completed,72.43
ORD0005170,CUST002583,R017,2026-06-07 14:46:04,Dine-in,,Completed,16.69
ORD0005171,CUST002265,R010,2026-09-19 17:24:04,Dine-in,,Completed,47.55
ORD0005172,CUST002805,R001,2026-09-02 09:47:04,Dine-in,,Completed,39.89
ORD0005173,CUST001269,R014,2026-05-04 19:43:04,Dine-in,,Completed,74.74
ORD0005174,CUST003692,R014,2026-09-19 20:22:04,Dine-in,,Completed,35.07
ORD0005175,CUST000460,R018,2026-05-05 13:43:04,Dine-in,,Completed,8.99
ORD0005176,CUST001261,R020,2026-03-14 21:48:04,Takeaway,,Completed,48.2
ORD0005177,CUST000115,R017,2026-09-12 10:51:04,Dine-in,,Completed,6.5
ORD0005178,CUST001084,R016,2026-07-17 21:50:04,Third-Party Delivery,,Completed,15.13
ORD0005179,CUST000879,R004,2026-02-16 19:38:04,Takeaway,,Completed,29.21
ORD0005180,CUST000188,R018,2025-10-08 21:14:04,Takeaway,,Completed,15.13
ORD0005181,CUST001961,R017,2026-02-22 18:29:04,Dine-in,,Completed,41.02
ORD0005182,CUST001868,R015,2026-04-05 15:29:04,Website/App,,Completed,69.67
ORD0005183,CUST000305,R011,2026-04-17 14:14:04,Takeaway,,Completed,88.18
ORD0005184,CUST001049,R002,2026-09-15 18:56:04,Third-Party Delivery,,Completed,49.05
ORD0005185,CUST003813,R010,2026-08-05 10:52:04,Dine-in,,Completed,104.1
ORD0005186,CUST000441,R002,2026-09-21 12:05:04,Website/App,,Completed,76.33
ORD0005187,CUST001211,R011,2026-02-27 08:11:04,Dine-in,,Completed,15.73
ORD0005188,CUST000134,R004,2026-07-04 14:51:04,Website/App,,Completed,67.98
ORD0005189,CUST000592,R010,2025-10-01 13:36:04,Takeaway,PROMO004,Completed,15.13
ORD0005190,CUST002790,R008,2026-01-06 21:04:04,Takeaway,,Completed,171.82
ORD0005191,CUST001446,R016,2026-04-13 09:10:04,Third-Party Delivery,,Completed,56.32
ORD0005192,CUST001804,R017,2026-04-22 11:53:04,Dine-in,PROMO002,Completed,20.78
ORD0005193,CUST000632,R002,2026-04-08 09:19:04,Takeaway,,Completed,30.24
ORD0005194,CUST002715,R017,2026-08-08 20:39:04,Dine-in,,Completed,15.1
ORD0005195,CUST002994,R002,2026-09-16 19:30:04,Dine-in,,Completed,69.85
ORD0005196,CUST000738,R006,2026-04-24 23:31:04,Dine-in,,Completed,195.5
ORD0005197,CUST000171,R017,2026-01-28 20:30:04,Takeaway,PROMO011,Completed,13.62
ORD0005198,CUST000315,R003,2025-11-11 20:42:04,Website/App,,Completed,68.02
ORD0005199,CUST002607,R015,2026-09-17 13:56:04,Dine-in,,Completed,16.96
ORD0005200,CUST000538,R020,2026-07-22 11:19:04,Website/App,,Completed,61.92
ORD0005201,CUST001969,R004,2026-05-23 11:36:04,Takeaway,,Completed,30.72
ORD0005202,CUST000607,R013,2026-08-25 21:31:04,Dine-in,,Completed,20.87
ORD0005203,,R009,2026-04-07 13:05:04,Dine-in,,Completed,11.94
ORD0005204,CUST000021,R013,2026-09-01 16:49:04,Dine-in,,Completed,13.0
ORD0005205,CUST001270,R007,2026-08-16 18:44:04,Dine-in,,Completed,83.5
ORD0005206,CUST000355,R008,2026-06-19 21:49:04,Dine-in,,Completed,61.91
ORD0005207,CUST001557,R017,2026-09-21 12:16:04,Dine-in,,Completed,36.8
ORD0005208,CUST002370,R013,2025-12-19 08:28:04,Takeaway,,Completed,69.03
ORD0005209,CUST001449,R006,2026-05-08 13:14:04,Takeaway,,Completed,30.24
ORD0005210,,R013,2026-08-08 20:26:04,Website/App,,Completed,34.7
ORD0005211,CUST002955,R003,2026-09-23 18:20:04,Takeaway,,Completed,94.13
ORD0005212,CUST002775,R014,2025-11-24 21:22:04,Dine-in,,Completed,36.23
ORD0005213,CUST003743,R016,2026-08-31 14:58:04,Dine-in,,Completed,40.75
ORD0005214,CUST000955,R006,2026-07-13 21:06:04,Dine-in,,Completed,77.49
ORD0005215,CUST000770,R005,2025-11-12 21:08:04,Website/App,,Completed,8.15
ORD0005216,CUST002415,R003,2026-07-08 17:37:04,Takeaway,,Completed,116.42
ORD0005217,CUST002357,R002,2026-08-08 21:11:04,Dine-in,,Completed,79.6
ORD0005218,CUST002032,R018,2026-07-18 16:50:04,Dine-in,,Completed,52.01
ORD0005219,CUST000021,R013,2025-12-08 11:22:04,Takeaway,,Completed,59.32
ORD0005220,CUST002206,R004,2026-08-20 21:37:04,Takeaway,,Completed,14.99
ORD0005221,CUST003724,R002,2025-10-31 19:21:04,Dine-in,,Completed,34.7
ORD0005222,CUST001328,R001,2025-10-18 19:22:04,Takeaway,,Completed,107.82
ORD0005223,CUST003868,R018,2026-07-07 13:45:04,Website/App,,Completed,55.01
ORD0005224,CUST001407,R006,2026-04-26 13:59:04,Takeaway,,Completed,32.26
ORD0005225,CUST000556,R018,2026-09-22 14:28:04,Dine-in,,Completed,46.82
ORD0005226,CUST001578,R016,2026-05-23 20:34:04,Website/App,,Completed,58.17
ORD0005227,CUST001972,R011,2026-05-08 21:32:04,Dine-in,,Completed,93.42
ORD0005228,CUST002504,R016,2026-09-14 13:55:04,Website/App,,Completed,7.1
ORD0005229,CUST002008,R018,2026-09-16 20:01:04,Takeaway,,Completed,8.04
ORD0005230,CUST002130,R018,2026-07-04 23:58:04,Third-Party Delivery,,Completed,33.19
ORD0005231,CUST000091,R018,2026-09-08 11:48:04,Takeaway,,Completed,31.46
ORD0005232,CUST001019,R005,2026-07-27 22:18:04,Takeaway,,Completed,52.65
ORD0005233,CUST001230,R007,2026-05-10 08:17:04,Third-Party Delivery,,Completed,36.73
ORD0005234,CUST003948,R015,2026-09-11 22:38:04,Website/App,,Completed,136.85
ORD0005235,CUST001174,R011,2026-07-07 22:55:04,Website/App,,Completed,34.8
ORD0005236,CUST003583,R001,2026-03-21 22:03:04,Third-Party Delivery,,Completed,74.68
ORD0005237,CUST001209,R019,2026-01-01 14:00:04,Takeaway,,Completed,44.38
ORD0005238,CUST000379,R012,2026-07-11 12:00:04,Website/App,,Completed,35.53
ORD0005239,CUST000996,R015,2026-09-02 18:58:04,Dine-in,,Completed,54.58
ORD0005240,CUST001089,R020,2026-09-18 19:31:04,Takeaway,,Completed,15.36
ORD0005241,CUST003912,R004,2026-06-17 11:28:04,Third-Party Delivery,,Completed,84.17
ORD0005242,CUST002675,R010,2026-06-03 19:04:04,Dine-in,,Completed,144.29
ORD0005243,CUST003718,R012,2026-04-27 14:05:04,Takeaway,,Completed,62.18
ORD0005244,CUST003336,R001,2026-08-09 19:00:04,Dine-in,,Completed,79.39
ORD0005245,CUST002297,R012,2026-02-14 18:32:04,Third-Party Delivery,,Completed,106.06
ORD0005246,CUST002679,R002,2026-07-31 13:40:04,Website/App,,Completed,11.55
ORD0005247,CUST002483,R010,2026-09-21 14:37:04,Takeaway,,Completed,39.75
ORD0005248,CUST002642,R019,2026-09-07 22:09:04,Takeaway,,Completed,30.69
ORD0005249,CUST001059,R018,2026-09-23 12:32:04,Dine-in,,Completed,115.18
ORD0005250,CUST001613,R004,2026-09-16 19:38:04,Third-Party Delivery,,Completed,43.85
ORD0005251,CUST002350,R010,2026-04-05 18:28:04,Third-Party Delivery,,Completed,84.3
ORD0005252,CUST000134,R014,2026-04-13 12:39:04,Website/App,PROMO002,Completed,105.16
ORD0005253,CUST001929,R018,2026-08-06 14:24:04,Third-Party Delivery,,Completed,132.19
ORD0005254,CUST003433,R005,2026-08-16 19:43:04,Third-Party Delivery,,Completed,34.12
ORD0005255,CUST001963,R019,2026-09-23 16:23:04,Takeaway,,Completed,61.92
ORD0005256,CUST002197,R013,2026-09-16 18:58:04,Dine-in,,Completed,80.29
ORD0005257,CUST000821,R005,2026-07-09 22:35:04,Dine-in,,Completed,25.68
ORD0005258,CUST003172,R002,2026-01-27 09:08:04,Third-Party Delivery,,Completed,30.24
ORD0005259,CUST001415,R006,2026-05-08 18:49:04,Third-Party Delivery,,Cancelled,90.82
ORD0005260,CUST003825,R011,2026-09-10 11:16:04,Third-Party Delivery,,Completed,125.43
ORD0005261,CUST003978,R011,2026-04-23 21:32:04,Website/App,PROMO002,Completed,100.35
ORD0005262,CUST003656,R014,2026-06-15 21:46:04,Takeaway,,Completed,12.14
ORD0005263,CUST000334,R016,2026-07-07 20:13:04,Third-Party Delivery,,Completed,72.31
ORD0005264,CUST001320,R009,2026-09-22 12:12:04,Dine-in,,Completed,17.59
ORD0005265,CUST003778,R001,2025-09-26 13:18:04,Dine-in,PROMO010,Completed,62.06
ORD0005266,CUST003213,R012,2026-05-13 11:36:04,Third-Party Delivery,,Completed,63.12
ORD0005267,CUST003636,R020,2026-08-13 14:25:04,Dine-in,,Completed,18.19
ORD0005268,CUST002274,R001,2026-09-08 18:56:04,Third-Party Delivery,,Completed,135.52
ORD0005269,CUST001918,R020,2026-06-09 21:54:04,Dine-in,,Completed,33.16
ORD0005270,CUST000418,R006,2026-07-03 12:23:04,Dine-in,,Completed,19.51
ORD0005271,CUST003354,R014,2026-08-18 21:34:04,Dine-in,,Completed,16.58
ORD0005272,CUST002971,R001,2026-08-09 18:42:04,Takeaway,,Completed,163.6
ORD0005273,CUST000224,R009,2026-07-01 11:02:04,Dine-in,,Completed,67.36
ORD0005274,CUST000847,R016,2026-09-18 13:16:04,Dine-in,,Completed,49.0
ORD0005275,CUST002212,R018,2026-08-31 16:57:04,Third-Party Delivery,,Completed,50.05
ORD0005276,CUST002724,R011,2026-07-12 21:58:04,Dine-in,,Completed,34.7
ORD0005277,CUST000547,R004,2026-05-02 08:27:04,Takeaway,,Completed,76.44
ORD0005278,CUST000983,R014,2025-12-26 22:30:04,Takeaway,,Completed,18.87
ORD0005279,CUST000784,R018,2026-09-14 22:00:04,Dine-in,,Completed,25.41
ORD0005280,CUST000886,R009,2026-09-24 15:28:04,Dine-in,,Completed,52.91
ORD0005281,CUST003675,R017,2026-09-08 18:18:04,Website/App,,Completed,37.4
ORD0005282,CUST002850,R013,2026-09-17 18:15:04,Dine-in,,Completed,37.46
ORD0005283,CUST002938,R019,2026-05-20 11:53:04,Third-Party Delivery,,Completed,129.89
ORD0005284,CUST003171,R003,2026-05-20 22:17:04,Dine-in,,Completed,34.7
ORD0005285,CUST001406,R004,2026-06-03 13:28:04,Dine-in,,Completed,53.97
ORD0005286,CUST003055,R010,2026-08-10 19:02:04,Website/App,,Completed,58.76
ORD0005287,CUST003912,R015,2026-05-17 21:16:04,Takeaway,,Completed,22.19
ORD0005288,CUST002785,R006,2026-05-08 18:38:04,Dine-in,,Completed,71.61
ORD0005289,,R013,2026-05-26 12:20:04,Third-Party Delivery,,Completed,123.76
ORD0005290,CUST002851,R019,2026-09-09 19:39:04,Website/App,,Completed,50.19
ORD0005291,CUST003597,R003,2025-12-18 14:30:04,Website/App,,Completed,72.11
ORD0005292,CUST000509,R019,2026-02-14 11:14:04,Takeaway,,Completed,82.8
ORD0005293,CUST001062,R003,2026-08-07 12:39:04,Dine-in,,Completed,31.68
ORD0005294,CUST003670,R014,2026-08-19 21:08:04,Dine-in,,Completed,59.1
ORD0005295,CUST003783,R020,2026-09-19 21:05:04,Dine-in,,Completed,-112.3
ORD0005296,CUST001934,R017,2026-08-09 18:35:04,Takeaway,,Completed,11.02
ORD0005297,CUST001480,R001,2026-06-30 22:10:04,Dine-in,,Completed,75.62
ORD0005298,CUST001125,R017,2025-11-29 11:09:04,Website/App,,Completed,31.46
ORD0005299,CUST001986,R008,2026-08-24 21:04:04,Third-Party Delivery,,Completed,103.47
ORD0005300,CUST003732,R002,2026-09-24 11:38:04,Website/App,,Completed,34.87
ORD0005301,CUST000596,R017,2026-07-29 17:21:04,Third-Party Delivery,,Completed,53.81
ORD0005302,CUST001663,R007,2026-03-01 22:55:04,Dine-in,,Completed,23.46
ORD0005303,CUST003638,R015,2026-09-11 13:51:04,Dine-in,,Completed,11.94
ORD0005304,CUST001376,R012,2026-08-24 22:36:04,Dine-in,,Completed,32.33
ORD0005305,CUST003059,R007,2026-06-10 12:10:04,Dine-in,,Completed,100.44
ORD0005306,CUST001539,R006,2026-08-18 11:02:04,Takeaway,,Completed,59.05
ORD0005307,CUST003215,R016,2026-08-26 10:55:04,Dine-in,,Completed,98.23
ORD0005308,CUST003926,R012,2025-09-05 18:26:04,Takeaway,,Completed,33.66
ORD0005309,CUST001533,R012,2026-08-22 13:53:04,Takeaway,,Completed,25.56
ORD0005310,CUST003376,R009,2026-04-13 14:43:04,Website/App,,Completed,135.46
ORD0005311,CUST003953,R007,2026-08-27 21:43:04,Dine-in,,Completed,18.87
ORD0005312,CUST003938,R003,2026-06-28 13:44:04,Website/App,,Completed,29.64
ORD0005313,CUST001723,R017,2026-07-08 21:21:04,Website/App,,Completed,83.88
ORD0005314,CUST001939,R002,2026-06-05 18:16:04,Website/App,,Completed,28.52
ORD0005315,CUST001206,R015,2026-05-01 13:48:04,Website/App,,Completed,76.16
ORD0005316,CUST001245,R014,2026-03-15 12:40:04,Dine-in,,Completed,39.17
ORD0005317,CUST001963,R014,2026-09-21 20:41:04,Third-Party Delivery,,Completed,62.95
ORD0005318,,R011,2026-02-04 20:22:04,Third-Party Delivery,,Completed,35.24
ORD0005319,CUST002831,R019,2026-07-27 20:56:04,Takeaway,,Completed,78.96
ORD0005320,CUST002127,R018,2026-04-20 12:16:04,Dine-in,,Completed,72.31
ORD0005321,CUST003588,R002,2026-09-24 12:42:04,Dine-in,,Completed,137.34
ORD0005322,CUST003235,R007,2026-04-23 18:01:04,Takeaway,,Completed,22.57
ORD0005323,CUST001278,R002,2026-09-20 12:04:04,Website/App,,Completed,79.41
ORD0005324,CUST002014,R010,2026-06-25 22:22:04,Dine-in,,Completed,136.73
ORD0005325,CUST002990,R010,2026-06-29 11:00:04,Takeaway,,Completed,44.72
ORD0005326,CUST000784,R018,2026-09-16 13:14:04,Dine-in,,Completed,38.95
ORD0005327,CUST000117,R002,2026-05-09 19:18:04,Dine-in,,Completed,34.05
ORD0005328,CUST003404,R014,2026-09-24 11:26:04,Third-Party Delivery,,Completed,39.89
ORD0005329,CUST000546,R006,2026-09-02 22:41:04,Third-Party Delivery,,Completed,94.96
ORD0005330,CUST003554,R020,2026-08-22 18:39:04,Dine-in,,Completed,76.62
ORD0005331,CUST003646,R007,2026-08-19 12:04:04,Takeaway,,Completed,23.76
ORD0005332,CUST001837,R011,2026-08-17 11:20:04,Takeaway,,Completed,74.83
ORD0005333,CUST003220,R015,2026-04-30 21:40:04,Third-Party Delivery,,Completed,35.53
ORD0005334,CUST001431,R003,2026-05-24 13:41:04,Dine-in,,Completed,98.9
ORD0005335,CUST003428,R012,2025-11-22 20:45:04,Takeaway,,Completed,47.55
ORD0005336,CUST003285,R009,2026-09-04 18:49:04,Dine-in,,Completed,35.74
ORD0005337,CUST000307,R011,2026-03-09 22:50:04,Dine-in,,Completed,55.06
ORD0005338,CUST002313,R020,2026-09-08 21:42:04,Takeaway,,Completed,27.9
ORD0005339,CUST002546,R017,2026-06-28 21:53:04,Dine-in,,Completed,34.91
ORD0005340,CUST000004,R018,2026-08-14 11:55:04,Third-Party Delivery,,Completed,74.56
ORD0005341,CUST003921,R008,2026-06-26 22:09:04,Third-Party Delivery,,Completed,39.75
ORD0005342,CUST001608,R018,2026-05-06 13:06:04,Takeaway,,Completed,45.91
ORD0005343,CUST002060,R020,2026-05-10 22:53:04,Website/App,,Completed,34.12
ORD0005344,CUST000793,R014,2026-06-17 12:04:04,Dine-in,,Completed,104.08
ORD0005345,CUST002420,R003,2026-08-08 20:52:04,Dine-in,,Completed,23.72
ORD0005346,CUST003235,R007,2026-08-07 21:24:04,Third-Party Delivery,,Completed,58.16
ORD0005347,CUST002323,R012,2026-09-16 11:10:04,Dine-in,,Completed,39.89
ORD0005348,CUST003146,R001,2026-09-19 22:03:04,Takeaway,,Completed,10.33
ORD0005349,CUST002912,R015,2026-02-26 11:55:04,Dine-in,,Completed,61.92
ORD0005350,CUST000956,R013,2026-07-05 23:53:04,Website/App,,Completed,29.55
ORD0005351,CUST001732,R010,2026-08-08 13:45:04,Dine-in,,Completed,62.4
ORD0005352,CUST000591,R008,2026-02-28 23:20:04,Dine-in,,Completed,38.81
ORD0005353,CUST000158,R005,2026-07-26 19:34:04,Website/App,,Completed,34.12
ORD0005354,CUST000245,R015,2026-09-17 18:19:04,Takeaway,,Completed,40.25
ORD0005355,CUST003767,R020,2026-02-23 11:37:04,Website/App,,Completed,56.44
ORD0005356,CUST003940,R014,2026-05-11 13:42:04,Takeaway,,Completed,52.73
ORD0005357,CUST000372,R017,2026-08-13 23:28:04,Website/App,,Completed,15.78
ORD0005358,CUST001329,R004,2026-07-12 21:33:04,Website/App,,Completed,67.03
ORD0005359,CUST000457,R004,2026-07-20 11:41:04,Dine-in,,Completed,-89.21
ORD0005360,CUST003331,R003,2026-07-16 21:28:04,Dine-in,,Cancelled,212.34
ORD0005361,CUST001981,R017,2025-10-28 13:26:04,Website/App,,Completed,47.37
ORD0005362,CUST002469,R002,2026-08-25 21:50:04,Dine-in,,Completed,58.05
ORD0005363,CUST002145,R018,2026-04-17 11:00:04,Dine-in,,Completed,60.72
ORD0005364,CUST002827,R013,2026-08-08 21:23:04,Takeaway,,Completed,47.36
ORD0005365,CUST001264,R019,2026-06-30 21:19:04,Third-Party Delivery,,Completed,29.55
ORD0005366,CUST000545,R006,2026-09-23 19:15:04,Third-Party Delivery,,Completed,45.85
ORD0005367,CUST000066,R019,2026-04-11 18:55:04,Dine-in,PROMO002,Completed,13.98
ORD0005368,CUST001776,R007,2026-06-20 18:13:04,Website/App,,Completed,114.68
ORD0005369,CUST003621,R015,2025-09-07 10:40:04,Website/App,,Completed,39.75
ORD0005370,CUST001211,R013,2026-09-13 18:22:04,Website/App,,Completed,43.51
ORD0005371,CUST000798,R015,2025-09-19 11:14:04,Dine-in,,Completed,85.87
ORD0005372,CUST003699,R010,2026-05-31 11:29:04,Dine-in,,Completed,34.13
ORD0005373,CUST000413,R003,2026-09-20 19:06:04,Website/App,,Completed,172.19
ORD0005374,CUST000196,R013,2026-09-23 22:24:04,Dine-in,,Completed,50.33
ORD0005375,CUST003517,R005,2026-02-08 12:38:04,Third-Party Delivery,,Cancelled,19.76
ORD0005376,CUST002794,R018,2026-08-28 14:28:04,Takeaway,,Completed,103.98
ORD0005377,CUST001674,R016,2026-08-31 12:29:04,Dine-in,,Completed,101.17
ORD0005378,CUST002997,R013,2026-08-15 19:28:04,Takeaway,,Completed,46.93
ORD0005379,CUST002955,R003,2026-09-10 09:36:04,Website/App,,Completed,22.19
ORD0005380,CUST000149,R011,2026-09-24 13:01:04,Dine-in,,Completed,13.55
ORD0005381,CUST002683,R002,2026-01-06 19:46:04,Dine-in,,Completed,119.95
ORD0005382,CUST002549,R010,2026-09-12 16:01:04,Website/App,,Completed,15.13
ORD0005383,CUST003855,R007,2026-09-17 17:38:04,Website/App,,Completed,103.71
ORD0005384,CUST003865,R003,2026-02-01 21:05:04,Website/App,,Completed,60.32
ORD0005385,CUST001496,R015,2025-11-29 11:23:04,Third-Party Delivery,,Completed,49.93
ORD0005386,CUST002337,R001,2026-01-07 11:56:04,Dine-in,,Completed,4.25
ORD0005387,CUST000561,R006,2026-07-04 21:51:04,Takeaway,,Cancelled,56.24
ORD0005388,CUST000258,R001,2026-05-21 13:18:04,Takeaway,,Completed,47.55
ORD0005389,CUST001719,R007,2025-10-27 12:39:04,Website/App,PROMO001,Completed,19.09
ORD0005390,CUST002748,R003,2026-07-02 10:39:04,Dine-in,,Completed,115.43
ORD0005391,CUST002258,R003,2026-09-21 18:39:04,Third-Party Delivery,,Completed,23.4
ORD0005392,CUST001707,R009,2026-03-28 10:57:04,Dine-in,,Completed,114.2
ORD0005393,CUST003263,R009,2026-09-21 21:55:04,Dine-in,,Completed,42.15
ORD0005394,CUST003172,R004,2026-05-23 16:10:04,Takeaway,,Completed,74.55
ORD0005395,CUST002916,R018,2026-07-14 20:35:04,Dine-in,,Completed,56.44
ORD0005396,CUST000302,R002,2026-09-11 22:44:04,Takeaway,,Completed,35.53
ORD0005397,CUST003180,R007,2025-10-25 13:04:04,Dine-in,PROMO006,Completed,36.17
ORD0005398,CUST003671,R004,2026-09-18 13:39:04,Website/App,,Completed,63.32
ORD0005399,CUST000229,R001,2026-09-21 22:53:04,Dine-in,,Completed,196.28
ORD0005400,CUST001590,R013,2026-03-22 18:05:04,Dine-in,,Completed,11.35
ORD0005401,CUST003953,R007,2026-08-23 12:09:04,Dine-in,,Completed,8.99
ORD0005402,CUST002376,R019,2026-04-05 13:36:04,Dine-in,,Completed,33.71
ORD0005403,CUST002047,R015,2026-07-15 13:47:04,Takeaway,,Completed,47.55
ORD0005404,CUST000723,R008,2026-01-02 18:07:04,Dine-in,,Completed,76.0
ORD0005405,CUST002247,R014,2026-09-17 11:43:04,Third-Party Delivery,,Completed,39.75
ORD0005406,CUST001747,R003,2026-07-17 20:51:04,Takeaway,,Completed,126.15
ORD0005407,CUST000504,R005,2026-09-01 22:48:04,Dine-in,,Completed,52.31
ORD0005408,CUST001851,R020,2026-04-16 12:43:04,Third-Party Delivery,PROMO002,Completed,5.14
ORD0005409,CUST000663,R015,2026-04-10 21:50:04,Dine-in,,Completed,136.37
ORD0005410,CUST002910,R013,2026-06-28 12:23:04,Website/App,,Completed,34.12
ORD0005411,CUST003893,R018,2026-09-14 18:57:04,Third-Party Delivery,,Completed,176.01
ORD0005412,CUST001873,R019,2026-03-09 12:33:04,Third-Party Delivery,,Completed,-44.89
ORD0005413,CUST002515,R015,2026-08-06 21:01:04,Dine-in,,Completed,34.12
ORD0005414,CUST001712,R001,2026-08-24 14:24:04,Website/App,,Completed,29.48
ORD0005415,CUST000550,R019,2026-03-02 12:26:04,Website/App,,Completed,18.78
ORD0005416,CUST003879,R007,2025-12-07 22:23:04,Dine-in,,Completed,83.33
ORD0005417,CUST000512,R001,2026-05-10 21:47:04,Website/App,,Completed,97.45
ORD0005418,CUST000445,R017,2026-09-21 13:59:04,Dine-in,,Completed,57.13
ORD0005419,CUST001833,R012,2026-09-02 21:13:04,Dine-in,,Completed,92.36
ORD0005420,CUST002614,R005,2026-09-23 22:01:04,Takeaway,,Completed,48.92
ORD0005421,CUST001399,R004,2026-04-13 22:59:04,Takeaway,,Completed,20.29
ORD0005422,CUST000783,R019,2026-08-28 14:51:04,Dine-in,,Completed,25.41
ORD0005423,CUST003267,R018,2026-09-20 14:50:04,Dine-in,,Completed,82.79
ORD0005424,CUST001430,R017,2026-08-07 12:10:04,Takeaway,,Completed,35.11
ORD0005425,CUST000791,R007,2025-12-09 21:53:04,Third-Party Delivery,,Completed,75.54
ORD0005426,CUST001439,R020,2026-07-17 18:13:04,Third-Party Delivery,,Completed,42.19
ORD0005427,CUST000866,R010,2026-06-09 14:36:04,Dine-in,,Completed,202.44
ORD0005428,CUST002068,R008,2026-03-30 11:24:04,Takeaway,,Completed,119.08
ORD0005429,CUST002649,R017,2026-09-08 18:24:04,Third-Party Delivery,,Completed,73.51
ORD0005430,CUST003192,R012,2026-07-11 21:32:04,Dine-in,,Completed,18.78
ORD0005431,CUST000913,R002,2026-09-19 19:40:04,Dine-in,,Completed,66.4
ORD0005432,CUST000673,R018,2026-08-23 11:43:04,Dine-in,,Completed,188.9
ORD0005433,CUST000075,R007,2026-09-07 11:43:04,Takeaway,,Completed,11.37
ORD0005434,CUST000915,R018,2026-09-24 08:33:04,Website/App,,Completed,43.84
ORD0005435,CUST000091,R012,2026-03-11 19:58:04,Website/App,,Completed,70.95
ORD0005436,CUST001362,R002,2026-09-06 13:35:04,Third-Party Delivery,,Completed,106.71
ORD0005437,CUST000580,R016,2026-06-06 12:49:04,Website/App,,Completed,76.74
ORD0005438,CUST002303,R020,2026-09-04 21:54:04,Dine-in,,Completed,25.39
ORD0005439,CUST001518,R004,2026-09-15 10:45:04,Website/App,,Completed,20.67
ORD0005440,CUST000368,R017,2026-02-11 13:44:04,Takeaway,,Completed,86.23
ORD0005441,CUST001583,R002,2026-09-15 14:32:04,Third-Party Delivery,,Completed,34.7
ORD0005442,CUST000846,R020,2026-09-04 14:17:04,Dine-in,,Completed,8.63
ORD0005443,CUST002704,R018,2026-09-18 14:22:04,Website/App,,Completed,57.45
ORD0005444,CUST001436,R016,2026-06-23 12:06:04,Takeaway,,Completed,75.47
ORD0005445,CUST000585,R003,2026-07-24 12:31:04,Dine-in,,Completed,96.85
ORD0005446,CUST001379,R006,2026-07-16 22:51:04,Dine-in,,Completed,22.63
ORD0005447,CUST000906,R003,2026-07-11 14:10:04,Website/App,,Completed,17.47
ORD0005448,CUST003178,R019,2026-03-27 11:59:04,Dine-in,,Completed,59.73
ORD0005449,CUST003935,R005,2026-09-06 19:48:04,Dine-in,,Completed,97.92
ORD0005450,CUST000095,R015,2026-06-29 11:04:04,Takeaway,,Completed,92.04
ORD0005451,CUST002749,R009,2026-08-29 11:55:04,Website/App,,Completed,91.61
ORD0005452,CUST001057,R016,2026-07-20 15:52:04,Takeaway,,Completed,14.17
ORD0005453,CUST000258,R001,2026-09-11 20:23:04,Website/App,,Completed,144.8
ORD0005454,CUST000056,R014,2026-03-02 19:44:04,Dine-in,,Completed,48.84
ORD0005455,CUST003522,R005,2026-04-20 14:45:04,Third-Party Delivery,PROMO002,Completed,39.26
ORD0005456,CUST001394,R002,2026-09-15 18:31:04,Dine-in,,Completed,27.52
ORD0005457,CUST003982,R005,2026-07-01 18:06:04,Dine-in,,Completed,37.25
ORD0005458,CUST001762,R018,2026-04-04 12:18:04,Takeaway,,Completed,30.24
ORD0005459,CUST000763,R011,2026-06-21 21:26:04,Takeaway,,Completed,115.25
ORD0005460,CUST003099,R017,2026-09-20 22:23:04,Third-Party Delivery,,Completed,20.6
ORD0005461,CUST003699,R010,2026-08-05 08:44:04,Third-Party Delivery,,Completed,31.46
ORD0005462,CUST003253,R002,2025-10-26 21:23:04,Third-Party Delivery,,Completed,50.95
ORD0005463,CUST002971,R011,2026-08-23 18:53:04,Dine-in,,Completed,70.5
ORD0005464,CUST001329,R007,2026-08-15 20:24:04,Dine-in,,Completed,34.7
ORD0005465,CUST000251,R016,2026-09-18 22:01:04,Third-Party Delivery,,Completed,34.12
ORD0005466,CUST000819,R016,2026-04-18 22:00:04,Third-Party Delivery,PROMO002,Completed,13.98
ORD0005467,CUST001779,R009,2026-07-31 20:07:04,Third-Party Delivery,,Completed,91.14
ORD0005468,CUST003823,R009,2026-07-07 22:30:04,Dine-in,,Completed,153.63
ORD0005469,CUST002879,R016,2026-07-31 22:40:04,Dine-in,,Completed,43.99
ORD0005470,CUST003301,R004,2026-07-12 14:50:04,Dine-in,,Cancelled,68.93
ORD0005471,CUST001104,R006,2026-08-09 23:05:04,Dine-in,,Completed,73.47
ORD0005472,CUST002721,R013,2026-09-20 13:31:04,Dine-in,,Completed,58.63
ORD0005473,CUST003443,R003,2026-09-18 22:18:04,Website/App,,Completed,98.28
ORD0005474,CUST001913,R003,2026-06-17 22:03:04,Takeaway,,Completed,87.58
ORD0005475,CUST001708,R016,2026-08-03 20:19:04,Dine-in,,Completed,20.87
ORD0005476,CUST002865,R016,2025-12-22 14:44:04,Dine-in,,Completed,9.56
ORD0005477,CUST002222,R020,2026-04-04 08:36:04,Third-Party Delivery,,Completed,29.55
ORD0005478,CUST003975,R010,2026-09-13 14:42:04,Dine-in,,Completed,66.73
ORD0005479,CUST001687,R014,2026-06-29 13:07:04,Dine-in,,Completed,28.82
ORD0005480,CUST000715,R004,2026-04-25 12:42:04,Third-Party Delivery,PROMO002,Completed,40.92
ORD0005481,CUST001883,R007,2026-03-21 22:22:04,Dine-in,,Completed,104.13
ORD0005482,CUST000945,R004,2026-07-18 14:39:04,Website/App,,Completed,77.64
ORD0005483,CUST002230,R007,2026-08-16 12:39:04,Dine-in,,Completed,24.34
ORD0005484,CUST000497,R016,2026-07-23 18:01:04,Takeaway,,Completed,80.26
ORD0005485,CUST003799,R011,2026-07-06 14:41:04,Website/App,,Completed,48.05
ORD0005486,CUST003434,R012,2026-09-06 20:18:04,Takeaway,,Completed,37.48
ORD0005487,CUST000625,R019,2026-09-18 20:24:04,Takeaway,,Completed,8.47
ORD0005488,,R012,2026-08-17 11:41:04,Dine-in,,Completed,62.81
ORD0005489,CUST002044,R009,2026-08-29 18:56:04,Third-Party Delivery,,Completed,66.76
ORD0005490,CUST003081,R001,2026-08-14 20:48:04,Dine-in,,Completed,11.02
ORD0005491,CUST000883,R006,2026-05-18 13:09:04,Third-Party Delivery,,Completed,43.12
ORD0005492,CUST000235,R013,2026-09-16 18:53:04,Website/App,,Completed,49.31
ORD0005493,CUST002168,R019,2026-08-21 09:49:04,Website/App,,Completed,91.91
ORD0005494,CUST002755,R011,2026-05-08 11:27:04,Takeaway,,Completed,68.71
ORD0005495,CUST000981,R009,2026-08-19 11:14:04,Third-Party Delivery,,Completed,64.44
ORD0005496,CUST002947,R011,2026-09-04 12:44:04,Dine-in,,Completed,55.22
ORD0005497,CUST003801,R011,2025-10-15 20:00:04,Dine-in,,Completed,201.87
ORD0005498,CUST000543,R012,2026-06-11 21:18:04,Takeaway,,Completed,247.56
ORD0005499,CUST002038,R017,2026-08-26 11:56:04,Website/App,,Completed,53.59
ORD0005500,CUST000218,R009,2026-07-30 13:15:04,Takeaway,,Completed,42.95
ORD0005501,CUST000837,R017,2026-07-20 21:38:04,Takeaway,,Completed,62.84
ORD0005502,CUST000356,R007,2026-08-26 21:14:04,Takeaway,,Completed,41.43
ORD0005503,CUST001599,R011,2026-03-01 18:12:04,Dine-in,,Completed,106.75
ORD0005504,CUST003273,R007,2026-03-25 20:43:04,Dine-in,,Completed,36.56
ORD0005505,CUST002293,R001,2026-04-17 11:57:04,Website/App,,Completed,84.83
ORD0005506,CUST000897,R017,2026-09-02 22:05:04,Dine-in,,Completed,116.23
ORD0005507,CUST000149,R001,2026-09-24 18:37:04,Dine-in,,Completed,50.6
ORD0005508,CUST002200,R016,2026-09-05 19:28:04,Dine-in,,Completed,17.08
ORD0005509,CUST000526,R018,2026-09-24 12:04:04,Third-Party Delivery,,Completed,59.44
ORD0005510,CUST001352,R013,2026-03-06 18:51:04,Third-Party Delivery,,Completed,40.42
ORD0005511,CUST002032,R008,2026-07-01 13:29:04,Dine-in,,Completed,133.88
ORD0005512,CUST003605,R018,2025-12-30 21:56:04,Third-Party Delivery,PROMO008,Completed,58.72
ORD0005513,CUST000319,R009,2026-09-09 21:55:04,Dine-in,,Completed,33.06
ORD0005514,CUST002650,R009,2026-08-08 18:37:04,Dine-in,,Completed,65.29
ORD0005515,CUST000055,R011,2026-09-15 13:14:04,Dine-in,,Completed,65.98
ORD0005516,CUST002506,R011,2026-09-06 18:25:04,Third-Party Delivery,,Completed,51.63
ORD0005517,CUST002193,R005,2026-06-23 16:57:04,Website/App,,Completed,70.88
ORD0005518,CUST003239,R008,2026-04-15 14:51:04,Dine-in,,Completed,53.69
ORD0005519,CUST002109,R003,2026-04-20 14:02:04,Dine-in,,Completed,32.05
ORD0005520,CUST001390,R010,2026-09-07 10:16:04,Takeaway,,Completed,28.54
ORD0005521,CUST000975,R002,2026-04-21 19:48:04,Dine-in,,Completed,6.8
ORD0005522,,R001,2026-08-14 18:49:04,Website/App,,Completed,183.08
ORD0005523,CUST002122,R019,2026-05-02 21:18:04,Takeaway,,Completed,34.05
ORD0005524,CUST003549,R004,2026-01-08 21:35:04,Third-Party Delivery,,Completed,34.05
ORD0005525,CUST002050,R012,2026-02-07 14:51:04,Third-Party Delivery,,Completed,70.99
ORD0005526,CUST002944,R018,2026-09-16 12:23:04,Website/App,,Completed,65.32
ORD0005527,CUST001187,R004,2026-03-24 14:04:04,Takeaway,,Completed,32.65
ORD0005528,CUST001784,R012,2026-09-19 22:29:04,Website/App,,Completed,42.97
ORD0005529,CUST001286,R005,2026-08-03 23:10:04,Website/App,,Completed,29.55
ORD0005530,CUST000432,R010,2026-09-17 11:15:04,Takeaway,,Completed,127.36
ORD0005531,CUST001654,R007,2026-01-16 21:39:04,Third-Party Delivery,,Completed,8.21
ORD0005532,CUST003047,R014,2026-09-06 11:49:04,Dine-in,,Completed,81.28
ORD0005533,CUST001562,R016,2026-03-04 11:17:04,Takeaway,,Completed,47.46
ORD0005534,CUST002583,R017,2026-05-15 22:46:04,Website/App,,Completed,22.51
ORD0005535,CUST003023,R011,2026-04-11 22:26:04,Dine-in,,Completed,81.52
ORD0005536,CUST001280,R010,2026-07-05 13:14:04,Takeaway,,Completed,61.51
ORD0005537,CUST003183,R017,2026-07-22 13:24:04,Dine-in,,Completed,-34.7
ORD0005538,CUST001341,R015,2026-04-08 18:16:04,Website/App,,Completed,154.66
ORD0005539,CUST001024,R003,2026-04-21 12:48:04,Website/App,,Completed,118.26
ORD0005540,CUST000896,R001,2026-09-07 14:34:04,Website/App,,Completed,13.72
ORD0005541,CUST000815,R008,2026-06-25 12:51:04,Dine-in,,Completed,57.13
ORD0005542,CUST002938,R009,2026-09-19 18:40:04,Third-Party Delivery,,Completed,22.33
ORD0005543,CUST003545,R020,2026-09-18 21:18:04,Takeaway,,Completed,75.52
ORD0005544,CUST000925,R011,2026-08-09 14:25:04,Dine-in,,Completed,150.22
ORD0005545,CUST000335,R006,2026-08-28 16:22:04,Website/App,,Completed,74.34
ORD0005546,CUST001243,R020,2026-09-20 19:36:04,Dine-in,,Completed,22.14
ORD0005547,CUST002609,R006,2026-07-07 11:34:04,Dine-in,,Completed,34.86
ORD0005548,CUST001452,R015,2026-07-21 13:19:04,Dine-in,,Completed,92.24
ORD0005549,CUST002183,R017,2026-09-23 12:17:04,Dine-in,,Cancelled,58.07
ORD0005550,CUST002966,R007,2026-09-15 18:09:04,Takeaway,,Completed,84.38
ORD0005551,CUST001614,R003,2026-08-29 10:58:04,Website/App,,Completed,62.57
ORD0005552,CUST004000,R003,2026-06-21 19:48:04,Third-Party Delivery,,Completed,29.55
ORD0005553,CUST001183,R010,2026-08-13 17:13:04,Dine-in,,Completed,85.12
ORD0005554,CUST003912,R004,2026-07-12 20:20:04,Dine-in,,Completed,99.23
ORD0005555,CUST000826,R010,2026-09-13 22:58:04,Website/App,,Completed,155.95
ORD0005556,CUST000442,R003,2026-08-25 22:50:04,Takeaway,,Completed,15.13
ORD0005557,CUST002991,R011,2025-11-25 14:50:04,Dine-in,,Completed,182.12
ORD0005558,CUST002800,R015,2026-02-18 14:23:04,Takeaway,,Completed,22.18
ORD0005559,CUST003237,R016,2026-09-15 19:35:04,Dine-in,,Cancelled,38.0
ORD0005560,CUST001356,R002,2026-09-20 18:50:04,Dine-in,,Completed,4.05
ORD0005561,CUST003713,R001,2026-06-18 22:45:04,Takeaway,,Completed,156.8
ORD0005562,CUST000475,R020,2026-09-24 18:47:04,Dine-in,,Completed,79.13
ORD0005563,CUST000113,R002,2026-08-27 11:28:04,Takeaway,,Cancelled,35.02
ORD0005564,CUST001196,R016,2026-06-01 13:24:04,Dine-in,,Completed,30.24
ORD0005565,CUST003183,R007,2026-04-30 20:55:04,Takeaway,,Completed,5.1
ORD0005566,CUST002670,R003,2026-08-08 20:35:04,Third-Party Delivery,,Completed,166.56
ORD0005567,CUST001735,R005,2026-08-04 12:52:04,Dine-in,,Completed,62.27
ORD0005568,CUST001025,R019,2026-03-26 21:46:04,Dine-in,,Completed,64.01
ORD0005569,CUST000227,R012,2026-09-21 11:32:04,Website/App,,Completed,7.82
ORD0005570,CUST001337,R020,2026-02-08 11:12:04,Takeaway,PROMO012,Completed,55.64
ORD0005571,CUST001835,R010,2026-04-08 20:07:04,Third-Party Delivery,,Completed,114.9
ORD0005572,CUST002734,R008,2026-09-21 13:41:04,Third-Party Delivery,,Completed,95.96
ORD0005573,CUST002568,R008,2026-09-21 20:18:04,Website/App,,Completed,44.67
ORD0005574,CUST003787,R011,2026-04-04 13:21:04,Dine-in,,Completed,23.22
ORD0005575,CUST000392,R014,2025-08-22 14:50:04,Takeaway,,Completed,140.03
ORD0005576,CUST001333,R012,2026-02-14 21:22:04,Dine-in,,Completed,11.86
ORD0005577,CUST001924,R018,2026-09-03 18:50:04,Takeaway,,Completed,8.62
ORD0005578,CUST002660,R014,2026-09-22 21:31:04,Website/App,,Completed,51.19
ORD0005579,CUST001978,R014,2026-08-27 12:46:04,Dine-in,,Completed,30.07
ORD0005580,CUST003644,R004,2026-09-19 14:30:04,Dine-in,,Completed,40.39
ORD0005581,CUST002410,R008,2026-07-14 08:53:04,Third-Party Delivery,,Completed,153.27
ORD0005582,CUST000147,R014,2026-06-18 22:56:04,Dine-in,,Completed,41.1
ORD0005583,CUST000453,R020,2025-10-23 22:28:04,Third-Party Delivery,PROMO006,Completed,27.69
ORD0005584,CUST003001,R006,2026-06-18 22:33:04,Dine-in,,Completed,95.73
ORD0005585,CUST002850,R013,2026-09-19 14:33:04,Dine-in,,Completed,15.13
ORD0005586,CUST000611,R011,2026-01-07 19:20:04,Takeaway,,Completed,7.54
ORD0005587,CUST000224,R019,2026-05-22 20:16:04,Third-Party Delivery,PROMO005,Completed,135.38
ORD0005588,CUST002297,R002,2026-05-03 12:30:04,Third-Party Delivery,,Completed,41.25
ORD0005589,CUST002526,R019,2026-03-30 19:35:04,Takeaway,,Completed,164.69
ORD0005590,CUST000536,R007,2025-10-28 15:39:04,Third-Party Delivery,,Completed,59.1
ORD0005591,CUST001888,R001,2026-06-25 08:14:04,Takeaway,,Completed,83.27
ORD0005592,CUST001212,R011,2026-08-28 19:34:04,Dine-in,,Completed,73.23
ORD0005593,CUST003715,R018,2026-08-13 18:12:04,Third-Party Delivery,,Completed,62.81
ORD0005594,,R004,2026-09-16 13:25:04,Takeaway,,Completed,101.72
ORD0005595,CUST002922,R004,2026-06-15 20:49:04,Third-Party Delivery,,Completed,22.19
ORD0005596,CUST002063,R014,2026-09-24 22:25:04,Dine-in,,Completed,25.24
ORD0005597,CUST000044,R019,2026-05-30 19:50:04,Website/App,,Completed,42.82
ORD0005598,CUST002058,R018,2025-12-30 12:09:04,Dine-in,PROMO008,Completed,13.93
ORD0005599,CUST000390,R010,2026-07-16 20:01:04,Takeaway,,Completed,63.81
ORD0005600,CUST002615,R020,2026-07-10 20:14:04,Third-Party Delivery,,Completed,19.04
ORD0005601,CUST002248,R017,2026-09-08 18:18:04,Dine-in,,Completed,36.63
ORD0005602,CUST000040,R011,2025-12-05 18:54:04,Dine-in,,Completed,49.04
ORD0005603,CUST000831,R014,2026-04-07 13:34:04,Third-Party Delivery,,Cancelled,66.86
ORD0005604,CUST003095,R014,2026-04-02 19:15:04,Website/App,,Completed,59.36
ORD0005605,CUST001100,R019,2026-04-29 22:26:04,Dine-in,,Completed,28.19
ORD0005606,CUST001988,R014,2026-07-02 13:08:04,Dine-in,,Cancelled,34.7
ORD0005607,CUST001235,R012,2026-07-14 20:32:04,Dine-in,,Completed,53.6
ORD0005608,CUST003679,R018,2026-09-22 10:41:04,Dine-in,,Completed,75.31
ORD0005609,CUST002128,R018,2026-08-25 14:51:04,Third-Party Delivery,,Completed,73.13
ORD0005610,CUST002774,R008,2026-07-12 08:05:04,Takeaway,,Completed,31.46
ORD0005611,CUST000326,R015,2026-09-07 12:56:04,Website/App,,Completed,14.87
ORD0005612,CUST000151,R007,2026-09-16 14:18:04,Takeaway,,Completed,15.64
ORD0005613,CUST001037,R007,2026-09-07 21:56:04,Website/App,,Completed,126.32
ORD0005614,CUST001224,R004,2025-12-12 21:23:04,Dine-in,,Completed,60.26
ORD0005615,CUST002740,R008,2025-11-06 09:14:04,Dine-in,,Completed,25.99
ORD0005616,CUST002263,R010,2026-02-09 20:43:04,Third-Party Delivery,,Completed,33.93
ORD0005617,CUST001480,R001,2026-09-07 11:57:04,Dine-in,,Completed,30.24
ORD0005618,CUST002596,R009,2026-04-18 19:21:04,Dine-in,,Completed,24.61
ORD0005619,CUST000660,R010,2026-09-17 21:51:04,Dine-in,,Cancelled,99.42
ORD0005620,CUST000247,R001,2026-06-19 17:45:04,Dine-in,,Completed,30.26
ORD0005621,CUST003413,R003,2026-01-28 20:39:04,Dine-in,,Completed,18.69
ORD0005622,CUST002242,R018,2026-07-27 12:42:04,Third-Party Delivery,,Completed,123.88
ORD0005623,CUST002578,R008,2026-08-08 20:04:04,Dine-in,,Completed,35.82
ORD0005624,CUST001220,R010,2026-03-06 19:49:04,Takeaway,,Completed,23.78
ORD0005625,CUST001467,R016,2026-02-21 11:20:04,Third-Party Delivery,,Completed,84.19
ORD0005626,CUST000322,R011,2026-09-09 12:35:04,Third-Party Delivery,,Completed,83.37
ORD0005627,CUST003424,R019,2025-11-11 19:49:04,Third-Party Delivery,,Completed,34.12
ORD0005628,CUST002349,R004,2026-08-20 23:15:04,Takeaway,,Completed,56.6
ORD0005629,CUST000326,R005,2026-07-24 13:40:04,Third-Party Delivery,,Completed,205.9
ORD0005630,CUST003213,R002,2026-09-06 14:09:04,Website/App,,Completed,17.31
ORD0005631,CUST001771,R005,2026-06-06 20:52:04,Takeaway,,Completed,135.2
ORD0005632,CUST003048,R006,2026-05-25 20:46:04,Takeaway,,Completed,104.54
ORD0005633,CUST000050,R006,2026-03-30 22:37:04,Website/App,,Completed,52.31
ORD0005634,CUST000108,R008,2026-08-19 19:48:04,Third-Party Delivery,,Completed,90.37
ORD0005635,CUST000692,R018,2026-09-14 08:43:04,Third-Party Delivery,,Completed,46.13
ORD0005636,CUST000852,R010,2026-06-22 22:12:04,Dine-in,,Completed,13.55
ORD0005637,CUST003045,R003,2026-09-19 22:54:04,Website/App,,Completed,40.71
ORD0005638,CUST002814,R007,2026-08-07 14:48:04,Website/App,,Completed,148.35
ORD0005639,CUST002442,R008,2026-09-23 21:00:04,Takeaway,,Completed,71.81
ORD0005640,CUST003536,R003,2026-05-28 22:22:04,Website/App,,Completed,43.02
ORD0005641,CUST000994,R002,2026-05-23 13:56:04,Dine-in,,Completed,45.32
ORD0005642,CUST003607,R011,2026-09-17 18:56:04,Takeaway,,Completed,71.28
ORD0005643,CUST003627,R003,2026-09-17 20:58:04,Takeaway,,Completed,38.0
ORD0005644,CUST001725,R017,2026-02-22 13:40:04,Takeaway,,Completed,155.4
ORD0005645,CUST000371,R019,2025-12-01 19:40:04,Third-Party Delivery,,Completed,8.21
ORD0005646,CUST002894,R011,2026-07-16 18:07:04,Third-Party Delivery,,Completed,31.46
ORD0005647,CUST001336,R002,2026-04-21 10:47:04,Website/App,,Completed,205.79
ORD0005648,CUST003173,R014,2025-12-12 20:26:04,Dine-in,,Completed,80.2
ORD0005649,CUST000660,R020,2026-09-15 19:22:04,Dine-in,,Completed,37.95
ORD0005650,CUST002144,R003,2026-09-10 22:15:04,Third-Party Delivery,,Completed,24.31
ORD0005651,CUST002025,R007,2026-09-08 11:04:04,Takeaway,,Completed,35.97
ORD0005652,CUST000392,R008,2025-11-23 13:10:04,Website/App,,Completed,62.98
ORD0005653,CUST001431,R003,2026-04-16 14:56:04,Website/App,,Completed,164.36
ORD0005654,CUST000334,R009,2026-03-30 12:35:04,Website/App,,Completed,141.77
ORD0005655,CUST001853,R001,2026-08-04 13:24:04,Takeaway,,Completed,50.48
ORD0005656,CUST003366,R002,2026-07-01 21:03:04,Takeaway,,Completed,54.71
ORD0005657,CUST001080,R019,2026-06-24 11:34:04,Dine-in,,Completed,154.27
ORD0005658,CUST003048,R004,2026-02-25 20:30:04,Third-Party Delivery,,Completed,84.1
ORD0005659,CUST000746,R010,2026-07-14 18:29:04,Dine-in,,Completed,56.2
ORD0005660,CUST002673,R017,2026-08-16 21:47:04,Takeaway,,Completed,79.05
ORD0005661,CUST003655,R018,2026-09-01 18:56:04,Website/App,,Completed,37.57
ORD0005662,CUST001284,R002,2026-09-02 18:40:04,Third-Party Delivery,,Completed,29.33
ORD0005663,CUST003597,R013,2026-08-01 08:52:04,Dine-in,,Completed,147.17
ORD0005664,CUST002011,R002,2026-04-07 21:33:04,Website/App,,Completed,24.53
ORD0005665,CUST001255,R008,2025-12-08 11:34:04,Dine-in,,Completed,21.63
ORD0005666,CUST003583,R011,2026-05-13 12:01:04,Dine-in,,Completed,159.22
ORD0005667,CUST000118,R014,2026-09-14 22:22:04,Website/App,,Completed,62.81
ORD0005668,CUST000106,R012,2026-05-07 10:27:04,Website/App,,Completed,32.52
ORD0005669,CUST002377,R020,2026-08-20 14:03:04,Takeaway,,Completed,63.07
ORD0005670,CUST003181,R016,2026-06-11 19:24:04,Dine-in,,Completed,26.04
ORD0005671,CUST002994,R015,2026-08-04 09:50:04,Website/App,,Completed,47.85
ORD0005672,CUST000310,R009,2026-09-23 08:34:04,Dine-in,,Completed,92.0
ORD0005673,CUST003800,R006,2026-04-30 13:32:04,Takeaway,,Completed,78.4
ORD0005674,CUST002803,R011,2026-06-28 20:43:04,Third-Party Delivery,,Completed,114.71
ORD0005675,CUST003795,R015,2025-12-10 14:06:04,Third-Party Delivery,,Completed,42.41
ORD0005676,CUST001304,R020,2026-09-01 22:26:04,Dine-in,,Completed,61.43
ORD0005677,CUST002766,R016,2026-09-20 12:59:04,Third-Party Delivery,,Completed,115.26
ORD0005678,CUST003435,R015,2026-09-18 18:59:04,Dine-in,,Completed,107.3
ORD0005679,CUST001507,R001,2026-06-24 20:06:04,Website/App,,Completed,56.44
ORD0005680,CUST003858,R017,2026-07-15 22:21:04,Dine-in,,Completed,86.17
ORD0005681,CUST001061,R019,2026-09-07 14:28:04,Third-Party Delivery,,Completed,43.85
ORD0005682,CUST001249,R016,2026-08-08 19:43:04,Dine-in,,Completed,94.8
ORD0005683,CUST003674,R012,2026-09-04 19:42:04,Website/App,,Completed,88.31
ORD0005684,CUST003875,R016,2026-08-18 18:43:04,Takeaway,,Completed,148.87
ORD0005685,CUST001136,R005,2026-08-13 21:46:04,Website/App,,Completed,35.53
ORD0005686,CUST000540,R005,2026-09-06 21:09:04,Website/App,,Completed,174.37
ORD0005687,CUST003024,R019,2026-07-09 22:45:04,Website/App,,Completed,58.02
ORD0005688,CUST003710,R017,2026-08-21 20:05:04,Third-Party Delivery,,Completed,57.42
ORD0005689,CUST002379,R020,2026-09-07 22:47:04,Dine-in,,Completed,36.38
ORD0005690,CUST002522,R008,2026-08-13 19:01:04,Website/App,,Completed,120.6
ORD0005691,CUST003042,R009,2026-09-15 20:59:04,Third-Party Delivery,,Completed,56.13
ORD0005692,CUST000609,R013,2026-07-11 14:28:04,Dine-in,,Completed,17.26
ORD0005693,CUST003892,R007,2026-07-16 12:18:04,Dine-in,,Completed,75.66
ORD0005694,CUST001435,R007,2026-07-06 18:51:04,Website/App,,Completed,62.81
ORD0005695,CUST002499,R011,2026-07-10 12:08:04,Dine-in,,Completed,42.85
ORD0005696,CUST001867,R007,2026-09-10 19:37:04,Takeaway,,Completed,32.53
ORD0005697,CUST001866,R003,2026-09-17 18:35:04,Dine-in,,Completed,148.74
ORD0005698,CUST002802,R007,2026-09-24 14:57:04,Dine-in,,Completed,28.68
ORD0005699,CUST003983,R008,2026-08-28 14:25:04,Dine-in,,Completed,78.12
ORD0005700,CUST002615,R014,2026-08-22 20:58:04,Dine-in,,Completed,28.76
ORD0005701,CUST003171,R014,2026-03-09 14:33:04,Third-Party Delivery,,Completed,39.75
ORD0005702,CUST000104,R002,2026-01-05 13:04:04,Dine-in,,Completed,96.99
ORD0005703,CUST003234,R011,2026-06-24 20:20:04,Website/App,,Completed,104.76
ORD0005704,CUST001195,R017,2026-03-09 11:22:04,Dine-in,,Completed,87.42
ORD0005705,CUST000500,R020,2026-05-26 21:19:04,Third-Party Delivery,PROMO005,Completed,121.36
ORD0005706,CUST000451,R011,2025-12-24 14:27:04,Website/App,,Completed,69.46
ORD0005707,CUST002701,R010,2026-08-02 12:40:04,Third-Party Delivery,,Completed,18.46
ORD0005708,CUST003992,R008,2026-04-27 11:24:04,Dine-in,,Completed,16.69
ORD0005709,CUST002641,R011,2026-09-22 11:31:04,Dine-in,,Completed,78.26
ORD0005710,CUST001051,R004,2026-06-01 11:02:04,Dine-in,,Completed,63.91
ORD0005711,CUST000826,R013,2026-08-31 18:40:04,Dine-in,,Completed,112.41
ORD0005712,CUST002090,R017,2026-06-20 13:18:04,Third-Party Delivery,,Completed,85.82
ORD0005713,CUST000252,R019,2026-07-23 18:08:04,Website/App,,Completed,66.66
ORD0005714,CUST001580,R006,2026-09-18 20:12:04,Takeaway,,Completed,27.6
ORD0005715,CUST002642,R019,2026-07-21 20:17:04,Takeaway,,Completed,180.79
ORD0005716,CUST003868,R008,2025-12-14 18:50:04,Dine-in,,Completed,167.14
ORD0005717,CUST001690,R003,2026-08-12 11:55:04,Dine-in,,Completed,49.97
ORD0005718,CUST000816,R006,2026-04-02 13:02:04,Dine-in,,Completed,7.82
ORD0005719,CUST003259,R010,2026-05-14 14:40:04,Dine-in,,Completed,146.66
ORD0005720,CUST002966,R017,2026-06-20 18:26:04,Dine-in,,Completed,47.29
ORD0005721,CUST003433,R009,2026-09-07 11:42:04,Takeaway,,Completed,30.75
ORD0005722,CUST000866,R010,2026-08-17 12:00:04,Takeaway,,Completed,37.38
ORD0005723,CUST001601,R013,2025-12-25 21:55:04,Dine-in,,Completed,16.3
ORD0005724,CUST003928,R004,2026-07-28 14:00:04,Dine-in,,Completed,80.12
ORD0005725,CUST000635,R008,2025-12-03 21:36:04,Third-Party Delivery,,Completed,-56.44
ORD0005726,CUST002664,R001,2026-09-14 21:10:04,Third-Party Delivery,,Completed,190.77
ORD0005727,CUST000955,R016,2026-09-05 11:53:04,Third-Party Delivery,,Completed,41.88
ORD0005728,CUST001991,R016,2026-01-07 19:53:04,Dine-in,,Completed,52.76
ORD0005729,CUST003196,R003,2026-04-25 20:34:04,Dine-in,PROMO002,Completed,41.93
ORD0005730,CUST001950,R009,2026-03-03 22:31:04,Website/App,,Completed,82.69
ORD0005731,CUST003216,R006,2025-09-28 12:49:04,Takeaway,PROMO004,Completed,44.28
ORD0005732,CUST001693,R012,2026-06-13 19:57:04,Takeaway,,Completed,46.61
ORD0005733,CUST003999,R020,2026-08-22 11:56:04,Dine-in,,Completed,229.31
ORD0005734,CUST001732,R005,2026-08-31 19:01:04,Third-Party Delivery,,Completed,26.26
ORD0005735,CUST000594,R005,2026-03-24 22:42:04,Dine-in,,Completed,36.44
ORD0005736,CUST001591,R001,2026-09-19 22:20:04,Website/App,,Completed,40.19
ORD0005737,CUST002961,R014,2026-08-11 11:17:04,Dine-in,,Completed,95.24
ORD0005738,CUST003388,R004,2025-10-22 22:07:04,Third-Party Delivery,PROMO006,Completed,40.47
ORD0005739,CUST001835,R010,2026-07-19 20:37:04,Dine-in,,Completed,143.4
ORD0005740,CUST002356,R020,2025-12-20 22:25:04,Website/App,,Completed,49.68
ORD0005741,CUST003375,R014,2026-09-19 11:35:04,Website/App,,Cancelled,59.09
ORD0005742,CUST003245,R009,2026-03-17 14:18:04,Website/App,,Completed,61.5
ORD0005743,CUST002609,R003,2026-05-21 19:42:04,Third-Party Delivery,,Completed,70.5
ORD0005744,CUST003250,R005,2026-09-18 13:27:04,Third-Party Delivery,,Completed,50.05
ORD0005745,CUST002288,R012,2026-09-12 12:24:04,Takeaway,,Completed,53.9
ORD0005746,CUST000022,R017,2026-03-30 09:00:04,Website/App,,Completed,61.92
ORD0005747,CUST000155,R003,2026-06-03 22:57:04,Dine-in,,Completed,33.26
ORD0005748,CUST003921,R005,2025-11-04 20:51:04,Website/App,,Completed,79.21
ORD0005749,CUST000578,R016,2026-07-30 20:29:04,Dine-in,,Completed,108.95
ORD0005750,CUST001601,R003,2026-09-24 20:28:04,Dine-in,,Completed,39.75
ORD0005751,CUST003727,R016,2026-04-10 18:45:04,Dine-in,,Completed,67.91
ORD0005752,CUST000793,R020,2026-05-11 20:56:04,Website/App,,Completed,87.16
ORD0005753,CUST003369,R010,2025-12-24 14:56:04,Dine-in,,Completed,114.99
ORD0005754,CUST003263,R019,2026-09-24 22:49:04,Dine-in,,Completed,26.42
ORD0005755,CUST003946,R015,2026-07-24 19:46:04,Third-Party Delivery,,Completed,97.81
ORD0005756,CUST001121,R017,2026-06-26 22:23:04,Takeaway,,Completed,37.75
ORD0005757,CUST001249,R016,2026-05-05 23:33:04,Third-Party Delivery,,Completed,6.8
ORD0005758,CUST003603,R017,2026-04-23 19:02:04,Third-Party Delivery,PROMO002,Completed,6.94
ORD0005759,,R006,2026-05-04 15:18:04,Takeaway,,Completed,148.6
ORD0005760,CUST002177,R003,2026-09-05 20:52:04,Third-Party Delivery,,Completed,141.64
ORD0005761,CUST002817,R006,2026-05-11 21:13:04,Dine-in,,Completed,149.94
ORD0005762,CUST001086,R020,2026-08-01 11:37:04,Takeaway,,Completed,31.6
ORD0005763,CUST003750,R015,2026-07-17 22:22:04,Takeaway,,Completed,65.55
ORD0005764,CUST002639,R014,2026-08-10 19:56:04,Dine-in,,Completed,80.08
ORD0005765,CUST000179,R005,2026-09-08 22:46:04,Website/App,,Completed,17.67
ORD0005766,CUST000538,R010,2026-09-15 21:44:04,Website/App,,Completed,23.09
ORD0005767,CUST000776,R011,2026-09-16 13:34:04,Takeaway,,Cancelled,21.3
ORD0005768,CUST000984,R008,2026-05-05 21:06:04,Dine-in,,Completed,76.08
ORD0005769,CUST002910,R013,2026-09-08 13:38:04,Takeaway,,Completed,38.36
ORD0005770,CUST000349,R005,2026-09-07 22:34:04,Website/App,,Completed,61.44
ORD0005771,CUST001383,R010,2026-07-21 18:44:04,Dine-in,,Completed,133.02
ORD0005772,CUST003637,R014,2026-03-27 22:43:04,Dine-in,,Completed,73.13
ORD0005773,CUST002209,R015,2026-08-08 11:57:04,Dine-in,,Completed,107.32
ORD0005774,CUST001063,R001,2026-06-29 18:12:04,Dine-in,,Completed,60.7
ORD0005775,CUST003827,R001,2026-05-17 14:19:04,Dine-in,,Completed,82.99
ORD0005776,CUST000981,R009,2026-08-17 17:59:04,Dine-in,,Completed,-50.26
ORD0005777,CUST003611,R009,2026-08-30 20:23:04,Website/App,,Completed,32.33
ORD0005778,CUST002890,R008,2026-08-11 19:02:04,Takeaway,,Completed,83.66
ORD0005779,CUST002951,R017,2026-04-17 19:22:04,Takeaway,PROMO002,Completed,5.44
ORD0005780,CUST003048,R014,2026-09-02 20:20:04,Dine-in,,Completed,68.24
ORD0005781,CUST002019,R018,2026-08-19 19:18:04,Website/App,,Completed,74.73
ORD0005782,CUST003247,R018,2026-06-02 22:17:04,Website/App,,Completed,8.15
ORD0005783,CUST003341,R003,2026-08-09 14:44:04,Website/App,,Completed,111.93
ORD0005784,CUST001420,R004,2026-09-06 09:08:04,Dine-in,,Completed,19.89
ORD0005785,CUST001586,R001,2026-04-25 20:14:04,Dine-in,,Completed,94.89
ORD0005786,CUST003550,R008,2025-08-06 14:13:04,Third-Party Delivery,,Completed,31.46
ORD0005787,CUST002085,R012,2026-08-11 14:02:04,Website/App,,Completed,60.26
ORD0005788,CUST003466,R013,2026-09-02 19:22:04,Website/App,,Completed,185.53
ORD0005789,CUST002493,R009,2026-08-21 18:16:04,Website/App,,Completed,34.12
ORD0005790,CUST002354,R015,2026-06-28 19:52:04,Dine-in,,Completed,32.25
ORD0005791,CUST000114,R008,2026-01-31 13:59:04,Takeaway,,Completed,31.46
ORD0005792,CUST001106,R008,2026-07-30 15:39:04,Website/App,,Completed,51.92
ORD0005793,,R004,2026-07-02 13:54:04,Dine-in,,Completed,71.49
ORD0005794,CUST002327,R002,2026-07-02 21:35:04,Website/App,,Completed,219.23
ORD0005795,CUST002507,R010,2026-07-23 13:25:04,Dine-in,,Completed,76.35
ORD0005796,CUST002851,R019,2026-09-22 16:56:04,Third-Party Delivery,,Completed,27.0
ORD0005797,CUST002603,R014,2026-06-06 18:02:04,Third-Party Delivery,,Completed,39.11
ORD0005798,CUST003390,R019,2026-05-23 08:29:04,Dine-in,,Completed,54.38
ORD0005799,CUST001174,R011,2026-07-03 13:16:04,Website/App,,Completed,141.7
ORD0005800,CUST002551,R011,2026-09-20 13:26:04,Dine-in,,Completed,176.75
ORD0005801,CUST000193,R015,2026-08-01 18:41:04,Dine-in,,Completed,40.75
ORD0005802,CUST001917,R019,2026-09-14 19:10:04,Takeaway,,Completed,30.24
ORD0005803,CUST001071,R020,2026-05-27 12:44:04,Third-Party Delivery,PROMO005,Completed,87.44
ORD0005804,CUST001509,R003,2026-07-22 11:47:04,Dine-in,,Completed,39.75
ORD0005805,CUST001397,R003,2025-12-06 10:54:04,Third-Party Delivery,,Completed,68.59
ORD0005806,CUST000232,R009,2025-10-17 12:13:04,Dine-in,,Completed,16.69
ORD0005807,CUST001861,R008,2026-02-16 12:40:04,Website/App,,Completed,105.5
ORD0005808,CUST003983,R013,2026-08-16 12:01:04,Third-Party Delivery,,Completed,30.18
ORD0005809,CUST001189,R005,2026-08-31 11:12:04,Dine-in,,Completed,7.99
ORD0005810,CUST002934,R017,2026-09-18 12:21:04,Dine-in,,Completed,21.03
ORD0005811,CUST002177,R003,2026-05-22 12:48:04,Takeaway,,Completed,61.34
ORD0005812,CUST001288,R005,2026-04-30 13:37:04,Dine-in,,Completed,126.42
ORD0005813,CUST000354,R013,2026-09-11 17:03:04,Third-Party Delivery,,Completed,22.18
ORD0005814,CUST000870,R008,2026-09-19 20:13:04,Takeaway,,Completed,92.64
ORD0005815,CUST003122,R006,2026-08-30 18:38:04,Dine-in,,Completed,61.15
ORD0005816,CUST001109,R003,2026-07-13 14:12:04,Takeaway,,Completed,83.13
ORD0005817,CUST000575,R006,2026-02-22 21:47:04,Dine-in,,Completed,46.71
ORD0005818,CUST001313,R014,2026-08-23 13:51:04,Dine-in,,Completed,4.18
ORD0005819,CUST002316,R004,2026-05-07 14:34:04,Website/App,,Completed,47.55
ORD0005820,CUST002805,R011,2026-08-02 14:10:04,Dine-in,,Completed,14.39
ORD0005821,CUST001532,R016,2026-08-31 14:33:04,Dine-in,,Completed,17.59
ORD0005822,CUST001985,R012,2026-09-16 12:13:04,Takeaway,,Completed,32.46
ORD0005823,CUST001812,R018,2026-08-28 17:58:04,Dine-in,,Completed,160.95
ORD0005824,CUST000035,R018,2026-05-07 17:04:04,Dine-in,,Completed,48.11
ORD0005825,CUST001565,R005,2026-07-23 13:24:04,Takeaway,,Cancelled,57.64
ORD0005826,CUST002327,R001,2026-09-18 19:57:04,Website/App,,Completed,57.13
ORD0005827,CUST002264,R008,2026-08-07 19:12:04,Takeaway,,Completed,30.24
ORD0005828,CUST002988,R014,2026-09-08 12:13:04,Dine-in,,Completed,43.74
ORD0005829,CUST002657,R009,2026-05-31 22:05:04,Dine-in,PROMO005,Completed,46.26
ORD0005830,CUST001103,R013,2026-07-02 20:21:04,Dine-in,,Completed,47.55
ORD0005831,CUST001023,R012,2026-09-11 12:14:04,Takeaway,,Completed,35.53
ORD0005832,CUST001851,R012,2026-07-06 14:55:04,Dine-in,,Completed,51.8
ORD0005833,CUST002920,R015,2026-09-17 20:25:04,Dine-in,,Completed,41.44
ORD0005834,CUST000368,R007,2026-03-07 20:35:04,Website/App,,Completed,23.87
ORD0005835,CUST003791,R017,2026-08-25 22:40:04,Dine-in,,Completed,100.55
ORD0005836,CUST002158,R016,2025-10-28 18:47:04,Takeaway,,Completed,49.33
ORD0005837,CUST001215,R003,2026-09-16 20:57:04,Dine-in,,Completed,31.54
ORD0005838,CUST002764,R014,2025-09-07 19:22:04,Third-Party Delivery,PROMO007,Completed,29.12
ORD0005839,CUST000169,R014,2026-01-09 21:57:04,Website/App,,Cancelled,209.28
ORD0005840,CUST001934,R010,2026-09-16 09:47:04,Takeaway,,Completed,45.53
ORD0005841,CUST001941,R015,2026-02-22 13:10:04,Takeaway,,Completed,46.93
ORD0005842,CUST000652,R003,2026-09-12 20:54:04,Dine-in,,Completed,61.98
ORD0005843,CUST003346,R013,2026-08-24 12:19:04,Dine-in,,Completed,68.35
ORD0005844,CUST003181,R001,2026-07-12 20:09:04,Takeaway,,Completed,106.59
ORD0005845,CUST000607,R003,2026-08-25 20:43:04,Takeaway,,Completed,71.06
ORD0005846,CUST001433,R003,2026-08-15 19:46:04,Dine-in,,Completed,100.84
ORD0005847,CUST000392,R007,2025-10-24 14:17:04,Website/App,,Completed,38.88
ORD0005848,CUST003390,R009,2026-09-13 21:18:04,Takeaway,,Completed,54.0
ORD0005849,CUST001281,R002,2026-08-06 11:29:04,Third-Party Delivery,,Completed,-20.55
ORD0005850,CUST001747,R016,2026-09-03 12:18:04,Dine-in,,Completed,4.18
ORD0005851,CUST001283,R010,2026-01-29 22:40:04,Website/App,PROMO003,Completed,28.68
ORD0005852,,R012,2026-08-28 18:01:04,Third-Party Delivery,,Completed,29.17
ORD0005853,,R020,2026-09-22 09:28:04,Third-Party Delivery,,Completed,21.63
ORD0005854,CUST002980,R020,2026-08-30 11:18:04,Dine-in,,Completed,62.08
ORD0005855,CUST002062,R004,2026-07-08 13:05:04,Takeaway,,Completed,99.12
ORD0005856,CUST002609,R012,2026-08-22 13:23:04,Website/App,,Completed,47.2
ORD0005857,CUST002039,R009,2026-09-11 14:00:04,Dine-in,,Completed,69.13
ORD0005858,CUST000108,R008,2026-09-24 11:16:04,Third-Party Delivery,,Completed,62.76
ORD0005859,CUST000256,R005,2026-07-23 18:17:04,Third-Party Delivery,,Completed,39.89
ORD0005860,CUST001518,R004,2026-09-22 13:49:04,Website/App,,Completed,52.31
ORD0005861,CUST002988,R018,2026-03-04 14:11:04,Takeaway,,Completed,30.24
ORD0005862,CUST003645,R016,2026-07-09 20:07:04,Dine-in,,Completed,67.74
ORD0005863,CUST000111,R015,2026-05-31 13:44:04,Dine-in,PROMO005,Completed,35.53
ORD0005864,CUST001451,R006,2026-09-15 11:11:04,Website/App,,Completed,91.47
ORD0005865,CUST000902,R013,2026-09-17 20:20:04,Website/App,,Completed,48.67
ORD0005866,CUST003252,R009,2026-09-19 21:43:04,Dine-in,,Completed,7.05
ORD0005867,CUST003380,R006,2026-08-20 18:43:04,Dine-in,,Completed,108.24
ORD0005868,CUST000836,R020,2026-08-18 18:53:04,Dine-in,,Completed,179.69
ORD0005869,CUST002829,R011,2026-09-10 08:51:04,Website/App,,Completed,62.81
ORD0005870,CUST002915,R016,2026-07-27 11:50:04,Website/App,,Completed,15.13
ORD0005871,CUST000721,R017,2026-03-28 20:46:04,Takeaway,,Completed,305.11
ORD0005872,CUST001722,R006,2026-09-17 20:16:04,Third-Party Delivery,,Completed,80.2
ORD0005873,CUST002464,R008,2026-02-20 12:30:04,Dine-in,,Completed,8.39
ORD0005874,CUST000097,R007,2026-09-13 21:57:04,Website/App,,Completed,69.24
ORD0005875,CUST001601,R013,2025-11-12 13:36:04,Dine-in,,Completed,77.06
ORD0005876,CUST000621,R005,2025-11-09 14:01:04,Takeaway,PROMO006,Completed,9.7
ORD0005877,CUST002152,R008,2026-03-07 22:04:04,Dine-in,,Cancelled,109.57
ORD0005878,CUST003366,R012,2026-07-14 11:32:04,Third-Party Delivery,,Completed,105.3
ORD0005879,CUST002086,R010,2026-03-26 11:22:04,Dine-in,,Completed,36.56
ORD0005880,CUST000134,R014,2026-08-31 14:24:04,Third-Party Delivery,,Completed,38.96
ORD0005881,CUST000111,R011,2025-12-24 12:37:04,Dine-in,,Completed,15.73
ORD0005882,CUST002397,R016,2026-02-13 09:56:04,Takeaway,,Completed,55.78
ORD0005883,CUST001299,R009,2026-01-16 08:35:04,Dine-in,,Completed,17.59
ORD0005884,CUST002275,R011,2025-12-31 21:25:04,Dine-in,PROMO008,Cancelled,18.4
ORD0005885,CUST000660,R020,2026-09-07 14:13:04,Website/App,,Completed,124.96
ORD0005886,CUST003098,R008,2025-09-12 21:27:04,Third-Party Delivery,,Completed,111.04
ORD0005887,CUST003438,R006,2026-09-21 18:21:04,Third-Party Delivery,,Completed,68.3
ORD0005888,CUST003552,R004,2026-07-15 14:40:04,Takeaway,,Completed,139.42
ORD0005889,CUST001207,R020,2026-09-07 09:22:04,Dine-in,,Completed,65.81
ORD0005890,CUST002623,R009,2026-01-26 11:37:04,Takeaway,,Completed,43.79
ORD0005891,CUST001109,R006,2026-07-18 11:44:04,Dine-in,,Completed,47.62
ORD0005892,CUST003041,R006,2026-08-31 22:25:04,Third-Party Delivery,,Completed,109.19
ORD0005893,CUST000480,R019,2025-10-07 20:39:04,Dine-in,PROMO004,Completed,38.39
ORD0005894,CUST003041,R016,2026-02-21 22:28:04,Third-Party Delivery,,Completed,-94.96
ORD0005895,CUST001748,R010,2026-01-01 21:28:04,Takeaway,PROMO008,Completed,10.28
ORD0005896,CUST003417,R015,2026-05-07 19:47:04,Dine-in,,Completed,42.52
ORD0005897,CUST002944,R018,2026-07-14 12:57:04,Dine-in,,Completed,120.9
ORD0005898,CUST001491,R014,2026-09-13 20:02:04,Third-Party Delivery,,Completed,101.12
ORD0005899,CUST003605,R018,2026-05-02 20:56:04,Third-Party Delivery,,Completed,40.48
ORD0005900,CUST001129,R015,2026-08-19 10:56:04,Website/App,,Completed,182.11
ORD0005901,CUST003866,R008,2026-09-02 12:31:04,Dine-in,,Completed,29.55
ORD0005902,CUST003055,R020,2025-12-31 08:13:04,Third-Party Delivery,PROMO008,Completed,17.03
ORD0005903,CUST003963,R001,2025-11-02 19:16:04,Website/App,,Completed,39.4
ORD0005904,CUST000203,R018,2026-06-20 21:45:04,Dine-in,,Completed,53.01
ORD0005905,CUST001093,R008,2026-03-11 22:01:04,Dine-in,,Completed,56.44
ORD0005906,CUST002954,R015,2026-01-25 13:47:04,Website/App,PROMO011,Completed,15.02
ORD0005907,CUST003682,R008,2026-09-06 12:29:04,Third-Party Delivery,,Completed,44.89
ORD0005908,CUST000108,R008,2026-08-15 09:10:04,Dine-in,,Cancelled,16.95
ORD0005909,CUST000001,R017,2026-08-22 21:22:04,Dine-in,,Completed,61.69
ORD0005910,CUST001025,R019,2026-08-13 20:24:04,Third-Party Delivery,,Completed,52.94
ORD0005911,CUST003405,R005,2026-07-20 19:54:04,Takeaway,,Completed,67.85
ORD0005912,CUST003055,R010,2026-06-07 11:34:04,Takeaway,,Completed,22.19
ORD0005913,CUST001344,R004,2026-05-16 20:16:04,Takeaway,,Completed,22.19
ORD0005914,CUST000010,R002,2026-09-22 18:39:04,Website/App,,Completed,83.76
ORD0005915,CUST002205,R007,2025-12-17 22:38:04,Dine-in,,Completed,29.55
ORD0005916,CUST000957,R018,2026-01-30 11:00:04,Website/App,,Completed,135.01
ORD0005917,CUST002973,R015,2026-06-30 12:18:04,Dine-in,,Completed,34.7
ORD0005918,CUST001777,R014,2026-08-20 14:31:04,Takeaway,,Cancelled,20.23
ORD0005919,CUST002694,R003,2026-09-20 18:01:04,Takeaway,,Completed,20.77
ORD0005920,CUST003404,R007,2026-08-07 19:45:04,Dine-in,,Completed,196.44
ORD0005921,CUST002125,R001,2026-05-24 22:13:04,Website/App,,Completed,84.61
ORD0005922,CUST001331,R017,2026-07-30 20:40:04,Dine-in,,Completed,97.66
ORD0005923,CUST003065,R018,2026-06-26 19:47:04,Takeaway,,Completed,59.2
ORD0005924,CUST001062,R003,2026-07-21 11:16:04,Website/App,,Completed,26.06
ORD0005925,CUST003562,R003,2026-02-17 21:50:04,Dine-in,PROMO012,Completed,30.24
ORD0005926,CUST000277,R001,2026-07-02 21:57:04,Dine-in,,Completed,116.73
ORD0005927,CUST003336,R001,2026-09-09 14:33:04,Website/App,,Cancelled,37.06
ORD0005928,CUST000363,R008,2026-08-17 19:58:04,Dine-in,,Completed,34.12
ORD0005929,CUST000214,R003,2026-09-18 22:41:04,Dine-in,,Completed,105.16
ORD0005930,CUST001431,R003,2026-06-10 14:35:04,Dine-in,,Completed,20.29
ORD0005931,CUST003825,R009,2026-03-14 21:51:04,Dine-in,,Completed,9.21
ORD0005932,CUST003935,R005,2026-08-10 19:52:04,Takeaway,,Completed,60.3
ORD0005933,CUST000821,R005,2026-08-21 20:21:04,Dine-in,,Completed,86.02
ORD0005934,CUST000591,R018,2026-07-30 20:45:04,Dine-in,,Completed,107.84
ORD0005935,CUST001391,R009,2026-03-23 14:04:04,Website/App,,Completed,108.53
ORD0005936,CUST001336,R002,2025-09-26 10:53:04,Third-Party Delivery,PROMO010,Completed,31.28
ORD0005937,,R008,2026-06-24 19:44:04,Dine-in,,Completed,96.8
ORD0005938,CUST001770,R005,2026-02-10 19:44:04,Dine-in,,Completed,31.46
ORD0005939,CUST003113,R002,2026-03-22 14:01:04,Takeaway,,Completed,147.24
ORD0005940,CUST002985,R004,2026-09-24 11:03:04,Dine-in,,Completed,29.55
ORD0005941,CUST002296,R008,2026-06-21 18:59:04,Third-Party Delivery,,Completed,186.6
ORD0005942,CUST003328,R002,2026-09-05 22:30:04,Takeaway,,Completed,20.09
ORD0005943,CUST000798,R005,2025-12-17 14:48:04,Website/App,,Completed,84.3
ORD0005944,CUST000652,R003,2026-04-30 11:49:04,Third-Party Delivery,,Completed,178.84
ORD0005945,CUST002991,R001,2026-06-17 13:36:04,Website/App,,Completed,12.17
ORD0005946,CUST000983,R014,2026-06-14 13:48:04,Dine-in,,Completed,94.42
ORD0005947,CUST000013,R003,2026-09-13 22:48:04,Website/App,,Completed,185.71
ORD0005948,CUST003640,R017,2026-05-06 20:15:04,Dine-in,,Completed,111.67
ORD0005949,,R015,2025-11-27 22:16:04,Takeaway,,Completed,115.98
ORD0005950,CUST001774,R006,2026-06-01 19:32:04,Third-Party Delivery,,Completed,68.62
ORD0005951,CUST002890,R005,2026-09-17 08:04:04,Website/App,,Completed,50.14
ORD0005952,CUST001321,R011,2026-09-12 21:03:04,Website/App,,Completed,54.68
ORD0005953,CUST003814,R015,2026-02-15 22:04:04,Website/App,,Completed,30.26
ORD0005954,CUST000268,R006,2026-07-02 14:57:04,Dine-in,,Completed,8.15
ORD0005955,CUST002549,R018,2026-09-22 12:39:04,Dine-in,,Completed,213.05
ORD0005956,CUST003100,R014,2026-08-31 17:44:04,Dine-in,,Completed,98.83
ORD0005957,CUST001870,R006,2026-09-21 18:34:04,Dine-in,,Completed,47.63
ORD0005958,CUST003008,R005,2026-04-30 13:31:04,Dine-in,,Completed,79.37
ORD0005959,CUST003700,R020,2025-10-26 22:29:04,Third-Party Delivery,,Completed,31.46
ORD0005960,CUST002966,R017,2026-06-14 20:10:04,Third-Party Delivery,,Completed,99.22
ORD0005961,CUST001226,R001,2026-08-13 15:47:04,Dine-in,,Completed,133.62
ORD0005962,CUST002233,R017,2026-09-08 19:57:04,Third-Party Delivery,,Completed,70.48
ORD0005963,CUST003638,R005,2026-08-23 11:27:04,Dine-in,,Completed,16.25
ORD0005964,CUST001789,R007,2026-09-14 21:11:04,Takeaway,,Completed,15.13
ORD0005965,CUST002712,R012,2026-09-22 19:08:04,Takeaway,,Completed,45.38
ORD0005966,CUST001857,R003,2026-09-10 18:43:04,Dine-in,,Completed,47.11
ORD0005967,CUST000482,R003,2026-07-27 22:22:04,Dine-in,,Completed,40.79
ORD0005968,CUST000224,R009,2026-06-12 13:09:04,Third-Party Delivery,,Completed,56.02
ORD0005969,CUST003809,R017,2026-08-20 11:14:04,Website/App,,Completed,89.24
ORD0005970,CUST002427,R015,2026-07-15 18:04:04,Third-Party Delivery,,Completed,72.98
ORD0005971,CUST000408,R013,2025-11-13 11:52:04,Third-Party Delivery,,Completed,73.13
ORD0005972,CUST003426,R002,2026-04-27 18:27:04,Dine-in,,Completed,21.63
ORD0005973,CUST002077,R009,2026-08-27 11:13:04,Third-Party Delivery,,Completed,84.55
ORD0005974,CUST003076,R010,2026-02-20 19:25:04,Dine-in,,Completed,61.92
ORD0005975,CUST000500,R020,2026-07-11 12:52:04,Dine-in,,Completed,51.98
ORD0005976,CUST003617,R011,2026-08-04 22:04:04,Dine-in,,Completed,18.13
ORD0005977,CUST002341,R012,2026-08-15 23:02:04,Dine-in,,Completed,34.84
ORD0005978,CUST002943,R012,2026-03-10 19:23:04,Dine-in,,Completed,42.47
ORD0005979,CUST000116,R016,2026-08-14 13:24:04,Dine-in,,Completed,103.79
ORD0005980,CUST001248,R020,2026-07-22 22:43:04,Takeaway,,Completed,133.58
ORD0005981,CUST001070,R009,2026-07-20 13:42:04,Dine-in,,Completed,39.05
ORD0005982,CUST003796,R017,2026-06-17 14:59:04,Dine-in,,Completed,68.29
ORD0005983,CUST000754,R002,2026-08-24 12:40:04,Dine-in,,Completed,73.12
ORD0005984,CUST002816,R015,2026-01-07 13:09:04,Third-Party Delivery,,Completed,110.59
ORD0005985,CUST000162,R019,2026-03-17 19:17:04,Takeaway,,Completed,92.83
ORD0005986,CUST000805,R001,2026-09-12 21:34:04,Third-Party Delivery,,Completed,21.66
ORD0005987,CUST001340,R001,2026-04-01 19:55:04,Dine-in,,Completed,70.61
ORD0005988,CUST003172,R012,2025-12-13 19:37:04,Third-Party Delivery,,Completed,50.48
ORD0005989,CUST003155,R015,2025-10-16 11:49:04,Third-Party Delivery,,Completed,35.03
ORD0005990,CUST003809,R017,2026-08-21 14:05:04,Third-Party Delivery,,Completed,31.46
ORD0005991,CUST003660,R009,2026-04-21 12:02:04,Dine-in,,Completed,14.39
ORD0005992,CUST000318,R017,2026-01-15 20:55:04,Dine-in,PROMO009,Completed,222.89
ORD0005993,CUST003308,R005,2026-09-10 13:13:04,Dine-in,,Completed,109.54
ORD0005994,CUST001797,R002,2026-09-05 11:07:04,Dine-in,,Completed,20.26
ORD0005995,CUST003461,R020,2026-09-19 22:08:04,Dine-in,,Completed,53.16
ORD0005996,CUST000351,R006,2026-02-02 22:51:04,Website/App,,Completed,46.46
ORD0005997,CUST003278,R010,2026-09-16 21:20:04,Dine-in,,Completed,52.31
ORD0005998,CUST000643,R007,2026-09-24 12:50:04,Dine-in,,Completed,36.59
ORD0005999,CUST001323,R017,2026-09-18 11:06:04,Dine-in,,Completed,64.19
ORD0006000,CUST000108,R018,2026-08-27 21:01:04,Dine-in,,Completed,114.67
ORD0006001,CUST000489,R019,2026-07-14 19:41:04,Website/App,,Completed,35.53
ORD0006002,CUST001776,R007,2026-05-23 18:23:04,Dine-in,PROMO005,Completed,33.39
ORD0006003,CUST003264,R015,2026-09-07 20:43:04,Website/App,,Completed,60.04
ORD0006004,,R014,2026-06-16 22:01:04,Dine-in,,Completed,17.27
ORD0006005,CUST000946,R006,2026-09-09 13:35:04,Dine-in,,Completed,34.16
ORD0006006,CUST000603,R011,2026-04-27 22:46:04,Third-Party Delivery,,Completed,84.17
ORD0006007,CUST001539,R006,2026-09-17 22:48:04,Website/App,,Completed,49.05
ORD0006008,CUST003530,R014,2026-09-24 12:36:04,Dine-in,,Cancelled,45.39
ORD0006009,CUST000362,R016,2026-01-29 21:31:04,Website/App,PROMO003,Completed,72.73
ORD0006010,CUST002157,R008,2026-02-22 13:43:04,Takeaway,,Completed,28.79
ORD0006011,CUST000349,R015,2026-08-16 12:38:04,Dine-in,,Completed,29.55
ORD0006012,CUST001875,R002,2026-09-17 19:20:04,Dine-in,,Completed,34.78
ORD0006013,CUST000500,R010,2026-08-06 19:38:04,Dine-in,,Completed,68.42
ORD0006014,CUST000313,R013,2026-02-25 14:13:04,Takeaway,,Completed,47.38
ORD0006015,CUST000776,R011,2026-09-18 22:22:04,Third-Party Delivery,,Completed,71.11
ORD0006016,CUST001023,R008,2026-09-23 12:16:04,Third-Party Delivery,,Completed,62.7
ORD0006017,CUST001101,R016,2026-04-24 11:35:04,Takeaway,,Completed,35.53
ORD0006018,CUST002566,R001,2025-11-27 13:32:04,Takeaway,,Completed,7.77
ORD0006019,CUST000208,R005,2026-09-23 12:43:04,Dine-in,,Completed,31.56
ORD0006020,CUST000315,R003,2025-10-17 20:10:04,Website/App,,Completed,11.07
ORD0006021,CUST000767,R016,2026-07-26 13:27:04,Takeaway,,Completed,156.21
ORD0006022,CUST003487,R004,2026-09-20 18:58:04,Third-Party Delivery,,Completed,98.96
ORD0006023,CUST002499,R011,2026-04-28 13:06:04,Takeaway,,Completed,41.35
ORD0006024,CUST002909,R012,2026-08-27 13:16:04,Dine-in,,Completed,31.96
ORD0006025,CUST001460,R005,2026-06-01 12:59:04,Dine-in,,Completed,114.17
ORD0006026,CUST000862,R015,2026-07-03 22:05:04,Takeaway,,Completed,60.26
ORD0006027,CUST000141,R002,2026-07-26 12:14:04,Takeaway,,Cancelled,105.12
ORD0006028,CUST001950,R009,2026-09-13 18:23:04,Dine-in,,Completed,148.3
ORD0006029,CUST002281,R018,2026-09-22 12:24:04,Dine-in,,Completed,30.26
ORD0006030,CUST003585,R012,2026-05-10 13:51:04,Dine-in,,Completed,133.94
ORD0006031,CUST003525,R009,2026-07-29 12:32:04,Website/App,,Completed,85.49
ORD0006032,CUST001685,R020,2026-09-24 13:00:04,Dine-in,,Completed,85.11
ORD0006033,CUST001680,R002,2026-04-03 21:34:04,Third-Party Delivery,,Completed,42.58
ORD0006034,CUST000650,R010,2026-09-16 11:44:04,Dine-in,,Completed,34.7
ORD0006035,CUST001030,R002,2025-10-09 19:37:04,Takeaway,,Completed,37.98
ORD0006036,CUST003697,R003,2026-06-26 10:23:04,Website/App,,Completed,34.12
ORD0006037,CUST000561,R006,2026-08-25 19:10:04,Dine-in,,Completed,111.75
ORD0006038,CUST003872,R019,2026-08-19 14:12:04,Website/App,,Completed,45.48
ORD0006039,CUST002007,R002,2026-05-11 13:36:04,Website/App,,Completed,153.82
ORD0006040,CUST001821,R006,2026-08-15 13:24:04,Third-Party Delivery,,Completed,28.75
ORD0006041,CUST000712,R018,2026-02-21 13:53:04,Dine-in,,Completed,39.56
ORD0006042,CUST002624,R005,2026-07-14 13:48:04,Website/App,,Completed,54.37
ORD0006043,CUST001835,R020,2026-03-19 12:17:04,Dine-in,,Completed,68.06
ORD0006044,CUST001461,R008,2026-02-23 14:19:04,Website/App,,Completed,34.05
ORD0006045,CUST001058,R006,2026-08-01 18:54:04,Takeaway,,Completed,86.73
ORD0006046,,R001,2026-06-12 08:42:04,Dine-in,,Completed,37.94
ORD0006047,CUST002068,R018,2026-05-04 21:39:04,Website/App,,Completed,118.59
ORD0006048,CUST001241,R016,2026-07-23 22:27:04,Dine-in,,Completed,146.07
ORD0006049,CUST002818,R012,2025-11-22 20:39:04,Dine-in,,Completed,30.24
ORD0006050,,R020,2026-06-27 22:01:04,Dine-in,,Completed,16.42
ORD0006051,CUST001315,R004,2026-09-10 23:20:04,Dine-in,,Completed,24.28
ORD0006052,CUST002653,R017,2026-05-18 11:04:04,Website/App,,Completed,107.08
ORD0006053,CUST001035,R016,2025-11-13 19:08:04,Dine-in,,Completed,33.71
ORD0006054,CUST002896,R010,2026-01-06 12:13:04,Takeaway,,Completed,78.11
ORD0006055,CUST000062,R011,2026-02-05 18:27:04,Dine-in,,Completed,24.64
ORD0006056,CUST000603,R011,2026-06-20 21:37:04,Website/App,,Completed,76.92
ORD0006057,CUST000984,R010,2026-09-04 11:50:04,Dine-in,,Completed,96.71
ORD0006058,CUST003081,R011,2026-09-05 19:31:04,Takeaway,,Completed,35.34
ORD0006059,CUST000258,R011,2026-09-18 13:08:04,Takeaway,,Completed,48.03
ORD0006060,CUST000765,R011,2026-05-12 13:45:04,Website/App,,Completed,34.7
ORD0006061,CUST001413,R009,2026-06-01 22:31:04,Website/App,PROMO005,Completed,47.37
ORD0006062,CUST000035,R018,2026-09-20 14:33:04,Website/App,,Completed,134.91
ORD0006063,CUST003037,R003,2026-09-19 13:10:04,Dine-in,,Completed,136.79
ORD0006064,CUST002223,R019,2026-04-20 21:03:04,Dine-in,,Completed,30.76
ORD0006065,CUST003597,R013,2026-05-19 11:26:04,Third-Party Delivery,,Completed,203.55
ORD0006066,CUST000115,R017,2026-08-29 14:29:04,Takeaway,,Completed,110.55
ORD0006067,CUST001085,R019,2026-09-14 12:29:04,Dine-in,,Completed,60.62
ORD0006068,CUST002913,R006,2026-09-21 11:20:04,Third-Party Delivery,,Completed,30.24
ORD0006069,CUST002678,R006,2026-05-30 19:21:04,Dine-in,PROMO005,Completed,34.05
ORD0006070,CUST000976,R011,2026-07-25 18:53:04,Dine-in,,Completed,46.93
ORD0006071,CUST002361,R020,2026-04-30 10:31:04,Takeaway,,Completed,11.94
ORD0006072,CUST003170,R017,2026-07-28 13:37:04,Takeaway,,Completed,13.13
ORD0006073,CUST000124,R010,2026-08-28 19:16:04,Website/App,,Completed,85.76
ORD0006074,CUST002858,R005,2026-02-16 11:31:04,Dine-in,,Completed,93.63
ORD0006075,CUST001014,R003,2026-08-10 16:13:04,Third-Party Delivery,,Completed,70.41
ORD0006076,CUST003789,R007,2025-12-02 12:03:04,Dine-in,,Cancelled,-58.44
ORD0006077,CUST002137,R010,2026-06-28 12:24:04,Dine-in,,Completed,39.25
ORD0006078,CUST000124,R010,2026-09-14 13:32:04,Third-Party Delivery,,Completed,116.38
ORD0006079,CUST001597,R002,2026-09-02 20:02:04,Third-Party Delivery,,Completed,61.05
ORD0006080,CUST003864,R012,2026-07-09 12:50:04,Dine-in,,Completed,144.19
ORD0006081,,R002,2026-04-28 22:24:04,Dine-in,,Completed,202.79
ORD0006082,CUST001196,R016,2026-06-11 16:17:04,Website/App,,Completed,75.02
ORD0006083,CUST002287,R015,2026-05-08 08:51:04,Dine-in,,Completed,29.55
ORD0006084,CUST002375,R018,2026-08-20 21:47:04,Website/App,,Completed,3.79
ORD0006085,CUST000088,R018,2025-11-15 13:07:04,Dine-in,,Completed,169.99
ORD0006086,CUST000728,R005,2026-06-26 21:01:04,Takeaway,,Completed,22.75
ORD0006087,CUST002193,R015,2026-09-11 12:11:04,Takeaway,,Completed,85.48
ORD0006088,CUST001593,R007,2025-11-27 11:59:04,Dine-in,,Completed,45.91
ORD0006089,CUST000774,R014,2026-09-14 22:55:04,Website/App,,Completed,68.71
ORD0006090,CUST003080,R018,2026-06-03 13:34:04,Takeaway,,Completed,48.72
ORD0006091,CUST001951,R006,2026-04-18 21:42:04,Takeaway,PROMO002,Completed,28.05
ORD0006092,CUST001229,R002,2026-09-15 09:07:04,Website/App,,Completed,50.05
ORD0006093,CUST000652,R007,2025-12-08 22:09:04,Takeaway,,Completed,44.03
ORD0006094,CUST002421,R002,2026-09-02 14:31:04,Website/App,,Completed,54.98
ORD0006095,CUST002642,R019,2026-07-12 19:40:04,Dine-in,,Completed,117.99
ORD0006096,CUST002655,R001,2026-04-28 21:02:04,Takeaway,,Completed,89.63
ORD0006097,CUST000887,R012,2026-06-18 21:46:04,Dine-in,,Completed,34.05
ORD0006098,CUST002360,R009,2026-07-06 14:03:04,Website/App,,Completed,37.25
ORD0006099,CUST003611,R009,2026-05-28 22:53:04,Dine-in,PROMO005,Completed,16.75
ORD0006100,CUST001393,R012,2026-08-07 20:16:04,Dine-in,,Completed,40.16
ORD0006101,CUST000852,R010,2026-06-16 18:10:04,Takeaway,,Completed,16.8
ORD0006102,CUST003077,R006,2026-01-13 12:20:04,Takeaway,,Completed,75.87
ORD0006103,CUST000721,R007,2026-03-29 16:25:04,Dine-in,,Completed,97.81
ORD0006104,CUST001019,R019,2026-08-05 13:55:04,Takeaway,,Completed,62.92
ORD0006105,CUST000394,R020,2026-06-10 15:11:04,Website/App,,Completed,39.52
ORD0006106,CUST001071,R020,2026-06-03 10:52:04,Dine-in,,Completed,62.81
ORD0006107,CUST001625,R010,2026-09-09 14:11:04,Dine-in,,Completed,15.93
ORD0006108,CUST000249,R012,2026-05-28 12:08:04,Dine-in,PROMO005,Completed,23.76
ORD0006109,CUST003487,R004,2026-05-23 14:59:04,Dine-in,,Completed,177.11
ORD0006110,CUST002047,R005,2026-07-13 20:53:04,Website/App,,Completed,70.22
ORD0006111,CUST002331,R011,2026-07-25 12:15:04,Takeaway,,Completed,42.53
ORD0006112,CUST001464,R010,2026-01-23 11:22:04,Takeaway,,Completed,11.38
ORD0006113,CUST002656,R016,2026-07-27 22:01:04,Takeaway,,Cancelled,107.29
ORD0006114,CUST001716,R019,2026-07-29 11:01:04,Third-Party Delivery,,Completed,71.85
ORD0006115,CUST003034,R018,2026-08-06 12:44:04,Takeaway,,Completed,106.5
ORD0006116,CUST003275,R009,2026-09-24 11:15:04,Third-Party Delivery,,Completed,22.49
ORD0006117,CUST002666,R016,2026-09-06 14:18:04,Dine-in,,Completed,22.04
ORD0006118,CUST001960,R009,2026-07-16 19:43:04,Dine-in,,Completed,46.38
ORD0006119,CUST003124,R001,2026-03-30 18:16:04,Third-Party Delivery,,Completed,78.48
ORD0006120,CUST001970,R019,2026-09-03 19:25:04,Third-Party Delivery,,Completed,13.55
ORD0006121,CUST000445,R006,2025-11-05 08:43:04,Dine-in,,Completed,14.15
ORD0006122,CUST000464,R004,2026-05-13 18:40:04,Dine-in,,Completed,29.55
ORD0006123,CUST003791,R007,2026-01-21 22:52:04,Dine-in,,Completed,61.92
ORD0006124,CUST000863,R012,2026-04-26 12:28:04,Website/App,,Completed,8.15
ORD0006125,CUST003255,R009,2026-03-16 22:16:04,Dine-in,,Completed,144.42
ORD0006126,CUST000992,R020,2026-08-21 11:51:04,Takeaway,,Completed,35.53
ORD0006127,CUST001711,R009,2026-09-09 12:49:04,Dine-in,,Completed,42.52
ORD0006128,CUST002598,R001,2026-08-13 18:45:04,Website/App,,Completed,90.16
ORD0006129,CUST000639,R009,2025-10-31 19:49:04,Website/App,,Completed,20.53
ORD0006130,CUST002939,R007,2026-09-16 14:27:04,Third-Party Delivery,,Cancelled,58.75
ORD0006131,CUST002748,R006,2026-08-03 18:54:04,Takeaway,,Completed,61.37
ORD0006132,CUST002158,R016,2026-01-21 23:04:04,Dine-in,PROMO009,Completed,129.44
ORD0006133,CUST002250,R020,2026-09-24 12:12:04,Takeaway,,Completed,58.46
ORD0006134,CUST000413,R003,2026-09-19 20:55:04,Website/App,,Completed,152.68
ORD0006135,CUST001733,R007,2026-08-27 22:21:04,Third-Party Delivery,,Completed,134.77
ORD0006136,CUST000339,R011,2026-08-30 21:41:04,Third-Party Delivery,,Completed,25.65
ORD0006137,CUST001221,R002,2026-09-10 22:24:04,Third-Party Delivery,,Completed,39.26
ORD0006138,CUST003596,R020,2026-08-07 14:17:04,Website/App,,Completed,20.67
ORD0006139,CUST002283,R019,2026-09-22 11:54:04,Website/App,,Completed,36.53
ORD0006140,CUST002962,R017,2026-03-08 16:09:04,Dine-in,,Completed,63.99
ORD0006141,CUST002281,R008,2026-09-23 14:29:04,Dine-in,,Completed,47.54
ORD0006142,CUST000790,R012,2026-04-04 12:43:04,Dine-in,,Completed,56.44
ORD0006143,CUST002357,R012,2026-08-20 22:05:04,Takeaway,,Completed,46.71
ORD0006144,CUST003009,R015,2026-07-12 16:28:04,Website/App,,Completed,36.73
ORD0006145,CUST000549,R013,2026-09-13 15:46:04,Website/App,,Cancelled,104.99
ORD0006146,CUST003258,R005,2026-01-10 13:20:04,Third-Party Delivery,,Completed,37.25
ORD0006147,CUST002206,R004,2026-08-25 13:14:04,Takeaway,,Completed,52.98
ORD0006148,CUST000021,R013,2026-04-29 12:48:04,Dine-in,,Completed,65.98
ORD0006149,CUST002069,R006,2026-04-26 14:15:04,Website/App,,Completed,31.6
ORD0006150,CUST001566,R019,2026-01-03 14:34:04,Takeaway,,Completed,94.18
ORD0006151,CUST001178,R020,2026-02-06 22:41:04,Takeaway,,Completed,70.2
ORD0006152,CUST003073,R014,2026-02-01 13:22:04,Website/App,PROMO003,Completed,42.5
ORD0006153,CUST003595,R004,2026-07-22 10:27:04,Dine-in,,Completed,175.71
ORD0006154,CUST003040,R004,2026-03-18 13:20:04,Third-Party Delivery,,Completed,30.24
ORD0006155,CUST003384,R010,2026-07-16 11:50:04,Website/App,,Completed,43.04
ORD0006156,CUST003625,R005,2026-08-27 21:52:04,Takeaway,,Completed,53.81
ORD0006157,CUST003643,R013,2026-09-14 15:24:04,Dine-in,,Completed,110.89
ORD0006158,CUST000459,R020,2026-06-06 20:15:04,Website/App,,Completed,62.6
ORD0006159,CUST001819,R006,2026-06-28 17:54:04,Dine-in,,Completed,97.51
ORD0006160,CUST000001,R011,2026-07-16 14:28:04,Website/App,,Completed,29.55
ORD0006161,CUST002019,R008,2026-07-17 11:41:04,Takeaway,,Completed,121.49
ORD0006162,CUST003692,R004,2026-09-24 22:24:04,Third-Party Delivery,,Completed,85.82
ORD0006163,CUST000812,R012,2026-03-19 20:15:04,Dine-in,,Completed,71.06
ORD0006164,CUST002544,R015,2026-09-02 18:27:04,Dine-in,,Completed,11.72
ORD0006165,CUST002559,R016,2026-09-02 16:03:04,Dine-in,,Completed,31.46
ORD0006166,CUST000647,R016,2026-04-27 13:28:04,Website/App,,Completed,64.15
ORD0006167,CUST000961,R018,2026-01-21 13:59:04,Third-Party Delivery,PROMO009,Completed,22.7
ORD0006168,CUST001842,R008,2026-02-07 13:10:04,Dine-in,,Completed,216.42
ORD0006169,CUST000765,R011,2026-04-03 23:32:04,Dine-in,,Completed,45.14
ORD0006170,CUST002320,R004,2026-05-02 22:37:04,Dine-in,,Completed,74.07
ORD0006171,CUST001935,R010,2026-05-22 22:59:04,Third-Party Delivery,,Completed,15.13
ORD0006172,CUST002067,R006,2026-09-06 21:12:04,Website/App,,Completed,51.74
ORD0006173,CUST000534,R007,2026-02-19 18:51:04,Website/App,,Completed,42.31
ORD0006174,CUST002060,R005,2026-05-25 20:22:04,Dine-in,,Completed,45.3
ORD0006175,CUST000187,R013,2026-05-29 20:32:04,Dine-in,PROMO005,Completed,35.53
ORD0006176,CUST003524,R010,2026-06-17 21:45:04,Dine-in,,Completed,11.02
ORD0006177,CUST001354,R020,2026-03-07 22:19:04,Takeaway,,Completed,87.48
ORD0006178,CUST003422,R005,2026-09-21 12:58:04,Takeaway,,Completed,42.74
ORD0006179,CUST002797,R019,2025-10-01 21:53:04,Dine-in,,Completed,135.62
ORD0006180,CUST003051,R006,2026-09-15 18:19:04,Dine-in,,Completed,32.52
ORD0006181,CUST001246,R020,2026-08-16 18:12:04,Website/App,,Completed,61.8
ORD0006182,CUST000913,R001,2026-07-14 14:50:04,Website/App,,Completed,14.42
ORD0006183,CUST001609,R018,2026-09-19 11:37:04,Dine-in,,Completed,60.07
ORD0006184,CUST000092,R011,2026-04-05 20:01:04,Website/App,,Completed,5.92
ORD0006185,CUST003668,R004,2025-12-24 21:06:04,Takeaway,,Completed,150.7
ORD0006186,CUST001531,R013,2026-05-01 12:08:04,Website/App,,Completed,43.79
ORD0006187,CUST003954,R013,2026-09-22 12:37:04,Dine-in,,Completed,33.91
ORD0006188,CUST003034,R008,2026-07-02 13:57:04,Third-Party Delivery,,Completed,168.13
ORD0006189,CUST000314,R016,2025-12-29 20:20:04,Third-Party Delivery,PROMO008,Completed,93.67
ORD0006190,,R001,2025-10-25 23:22:04,Dine-in,,Completed,70.39
ORD0006191,CUST001082,R008,2026-07-13 14:14:04,Dine-in,,Completed,59.79
ORD0006192,CUST000979,R012,2026-08-13 21:21:04,Dine-in,,Completed,36.42
ORD0006193,CUST001026,R001,2026-08-01 12:18:04,Website/App,,Completed,38.85
ORD0006194,CUST003656,R013,2026-05-17 20:42:04,Dine-in,,Completed,77.06
ORD0006195,CUST001990,R004,2026-06-20 19:55:04,Third-Party Delivery,,Completed,34.05
ORD0006196,CUST002655,R001,2026-07-09 19:13:04,Takeaway,,Completed,53.72
ORD0006197,CUST001118,R005,2026-09-21 12:53:04,Dine-in,,Completed,123.72
ORD0006198,CUST002077,R009,2026-04-17 21:42:04,Third-Party Delivery,PROMO002,Completed,39.78
ORD0006199,CUST001381,R003,2026-07-13 11:43:04,Website/App,,Completed,44.67
ORD0006200,CUST001272,R014,2026-03-16 15:58:04,Third-Party Delivery,,Completed,133.5
ORD0006201,CUST000994,R007,2026-09-14 12:51:04,Dine-in,,Completed,58.24
ORD0006202,CUST001618,R004,2026-04-10 20:17:04,Third-Party Delivery,PROMO002,Completed,23.0
ORD0006203,CUST002620,R011,2026-04-07 14:44:04,Takeaway,,Completed,60.14
ORD0006204,CUST000893,R014,2026-08-11 19:19:04,Third-Party Delivery,,Completed,15.13
ORD0006205,CUST003860,R011,2026-09-14 12:04:04,Dine-in,,Completed,34.12
ORD0006206,,R006,2026-06-17 22:41:04,Website/App,,Completed,58.85
ORD0006207,CUST001917,R009,2026-07-19 14:39:04,Third-Party Delivery,,Completed,31.67
ORD0006208,CUST000334,R015,2026-09-03 10:01:04,Dine-in,,Completed,87.76
ORD0006209,CUST000087,R005,2026-09-16 21:24:04,Website/App,,Completed,36.0
ORD0006210,CUST003683,R006,2026-09-01 19:44:04,Website/App,,Completed,7.82
ORD0006211,CUST003234,R011,2026-07-01 13:35:04,Dine-in,,Completed,60.26
ORD0006212,CUST002767,R016,2026-07-22 18:40:04,Dine-in,,Completed,83.59
ORD0006213,CUST003458,R002,2026-09-22 20:19:04,Third-Party Delivery,,Completed,96.87
ORD0006214,CUST003202,R020,2025-12-18 13:03:04,Third-Party Delivery,,Completed,10.06
ORD0006215,CUST002573,R019,2026-08-31 22:00:04,Dine-in,,Completed,22.19
ORD0006216,CUST003386,R004,2026-05-05 11:08:04,Dine-in,,Completed,37.98
ORD0006217,CUST001546,R005,2026-08-16 15:36:04,Dine-in,,Completed,45.52
ORD0006218,CUST002197,R003,2026-05-01 14:08:04,Dine-in,,Completed,150.31
ORD0006219,CUST003095,R017,2026-08-29 14:20:04,Website/App,,Completed,37.25
ORD0006220,CUST000334,R015,2026-05-17 18:31:04,Dine-in,,Completed,61.48
ORD0006221,CUST003430,R011,2026-09-22 19:44:04,Website/App,,Completed,104.52
ORD0006222,CUST000631,R015,2026-07-04 13:07:04,Website/App,,Completed,18.92
ORD0006223,CUST003454,R016,2026-06-03 14:19:04,Website/App,,Completed,15.77
ORD0006224,CUST001233,R014,2026-09-19 20:10:04,Website/App,,Completed,16.53
ORD0006225,CUST001295,R005,2026-04-30 09:37:04,Dine-in,,Completed,134.75
ORD0006226,CUST000289,R005,2026-01-29 23:23:04,Takeaway,,Completed,22.19
ORD0006227,CUST003540,R004,2026-09-13 14:59:04,Website/App,,Completed,133.44
ORD0006228,CUST000711,R005,2026-05-21 21:26:04,Third-Party Delivery,,Completed,22.19
ORD0006229,CUST002506,R011,2026-09-07 20:07:04,Dine-in,,Completed,9.52
ORD0006230,CUST002558,R014,2026-03-28 22:26:04,Website/App,,Completed,34.12
ORD0006231,CUST001119,R012,2026-06-10 20:39:04,Website/App,,Completed,29.55
ORD0006232,CUST003945,R018,2026-05-24 12:27:04,Takeaway,,Completed,26.16
ORD0006233,CUST000249,R019,2026-01-23 14:26:04,Third-Party Delivery,PROMO011,Completed,58.26
ORD0006234,CUST002407,R017,2026-07-04 13:06:04,Dine-in,,Completed,16.87
ORD0006235,CUST001914,R016,2026-09-14 19:11:04,Dine-in,,Completed,89.47
ORD0006236,CUST000987,R007,2026-04-21 19:37:04,Dine-in,,Completed,35.82
ORD0006237,CUST000660,R020,2026-09-04 20:46:04,Website/App,,Completed,46.64
ORD0006238,CUST002938,R009,2026-05-15 18:20:04,Dine-in,,Completed,110.2
ORD0006239,CUST003657,R010,2026-09-13 12:46:04,Third-Party Delivery,,Completed,24.99
ORD0006240,CUST000422,R015,2026-07-11 17:36:04,Third-Party Delivery,,Completed,42.52
ORD0006241,CUST000788,R002,2026-07-09 20:14:04,Third-Party Delivery,,Completed,14.1
ORD0006242,CUST003946,R005,2026-09-24 19:08:04,Takeaway,,Completed,17.02
ORD0006243,CUST000058,R005,2026-06-03 11:36:04,Third-Party Delivery,,Completed,45.65
ORD0006244,CUST002025,R017,2026-09-08 19:49:04,Website/App,,Completed,5.1
ORD0006245,CUST002054,R001,2026-06-10 14:54:04,Website/App,,Completed,68.96
ORD0006246,CUST001054,R001,2026-08-23 11:18:04,Website/App,,Completed,63.44
ORD0006247,CUST002627,R001,2026-08-18 18:39:04,Dine-in,,Completed,92.25
ORD0006248,CUST003777,R014,2026-07-02 13:39:04,Dine-in,,Completed,38.84
ORD0006249,CUST001792,R009,2026-05-02 11:01:04,Third-Party Delivery,,Completed,111.35
ORD0006250,CUST002988,R014,2026-09-20 11:56:04,Website/App,,Completed,73.1
ORD0006251,,R008,2026-09-15 11:53:04,Takeaway,,Completed,49.87
ORD0006252,CUST001887,R013,2026-08-11 18:21:04,Third-Party Delivery,,Completed,30.24
ORD0006253,CUST000189,R020,2026-07-22 21:48:04,Takeaway,,Cancelled,81.58
ORD0006254,CUST002956,R014,2026-05-09 21:42:04,Website/App,,Completed,18.87
ORD0006255,CUST001431,R003,2026-02-23 21:37:04,Website/App,,Completed,51.33
ORD0006256,CUST000906,R019,2026-07-09 13:50:04,Third-Party Delivery,,Completed,16.63
ORD0006257,CUST003791,R017,2026-04-05 19:37:04,Dine-in,,Completed,45.91
ORD0006258,CUST003083,R019,2026-07-31 22:54:04,Website/App,,Completed,37.79
ORD0006259,CUST003849,R005,2026-03-06 20:38:04,Dine-in,,Completed,95.8
ORD0006260,CUST001025,R019,2026-07-12 14:07:04,Dine-in,,Completed,34.7
ORD0006261,CUST003339,R008,2026-09-24 13:23:04,Dine-in,,Completed,8.72
ORD0006262,CUST002406,R014,2026-08-11 14:13:04,Dine-in,,Completed,29.27
ORD0006263,CUST003928,R014,2026-08-29 21:12:04,Website/App,,Completed,147.65
ORD0006264,CUST003783,R010,2026-08-27 22:44:04,Website/App,,Completed,50.66
ORD0006265,CUST003889,R009,2026-09-19 18:07:04,Takeaway,,Completed,15.98
ORD0006266,CUST003808,R015,2026-02-02 12:14:04,Takeaway,,Completed,38.04
ORD0006267,CUST000031,R007,2025-12-12 12:17:04,Website/App,,Completed,22.19
ORD0006268,CUST002953,R008,2025-11-26 14:49:04,Takeaway,,Completed,42.19
ORD0006269,CUST001086,R020,2026-08-21 18:53:04,Dine-in,,Completed,6.63
ORD0006270,CUST002809,R003,2026-04-22 11:53:04,Website/App,PROMO002,Completed,44.5
ORD0006271,CUST003924,R007,2026-06-25 11:38:04,Third-Party Delivery,,Completed,55.03
ORD0006272,CUST000146,R007,2026-06-05 13:30:04,Website/App,,Completed,87.57
ORD0006273,CUST002254,R015,2026-05-09 11:00:04,Dine-in,,Completed,27.3
ORD0006274,CUST002930,R004,2026-01-16 23:02:04,Takeaway,PROMO009,Completed,39.89
ORD0006275,CUST001018,R008,2026-01-17 19:16:04,Third-Party Delivery,,Completed,15.93
ORD0006276,CUST000907,R018,2026-09-22 22:10:04,Website/App,,Completed,53.85
ORD0006277,CUST000232,R019,2025-11-22 11:14:04,Takeaway,,Completed,159.05
ORD0006278,CUST000369,R015,2026-08-25 12:39:04,Dine-in,,Completed,79.95
ORD0006279,CUST002606,R017,2026-09-12 12:05:04,Dine-in,,Completed,35.53
ORD0006280,CUST002010,R001,2026-08-22 18:52:04,Dine-in,,Cancelled,122.07
ORD0006281,CUST000112,R007,2026-07-02 20:42:04,Dine-in,,Completed,100.82
ORD0006282,CUST003875,R016,2026-06-21 12:56:04,Takeaway,,Completed,22.04
ORD0006283,CUST002603,R016,2026-02-17 13:59:04,Dine-in,PROMO012,Cancelled,72.02
ORD0006284,CUST002053,R012,2026-07-25 22:37:04,Dine-in,,Completed,62.81
ORD0006285,CUST001088,R007,2026-08-27 21:09:04,Website/App,,Completed,61.92
ORD0006286,CUST002611,R015,2026-05-26 20:08:04,Website/App,,Completed,15.13
ORD0006287,CUST001435,R007,2026-08-07 14:20:04,Website/App,,Completed,31.46
ORD0006288,CUST002800,R005,2026-08-04 23:19:04,Dine-in,,Completed,24.37
ORD0006289,CUST002717,R010,2026-08-22 22:48:04,Website/App,,Completed,69.85
ORD0006290,CUST000366,R006,2026-07-22 11:56:04,Dine-in,,Completed,30.24
ORD0006291,CUST003627,R013,2025-12-10 22:18:04,Website/App,,Completed,29.76
ORD0006292,CUST001944,R011,2026-08-20 23:21:04,Dine-in,,Completed,22.19
ORD0006293,CUST001553,R010,2026-05-17 12:47:04,Website/App,,Completed,81.37
ORD0006294,CUST003821,R001,2026-01-05 13:16:04,Dine-in,,Completed,72.24
ORD0006295,CUST001744,R013,2026-08-17 12:54:04,Third-Party Delivery,,Completed,72.82
ORD0006296,CUST002873,R015,2026-04-24 12:55:04,Dine-in,PROMO002,Completed,57.88
ORD0006297,CUST002599,R004,2026-08-05 19:52:04,Dine-in,,Completed,73.3
ORD0006298,CUST000666,R008,2026-06-26 22:35:04,Dine-in,,Completed,33.71
ORD0006299,CUST003964,R017,2026-07-31 13:06:04,Dine-in,,Completed,93.69
ORD0006300,CUST001849,R005,2026-06-27 20:43:04,Takeaway,,Completed,184.81
ORD0006301,CUST001562,R013,2026-09-21 19:10:04,Takeaway,,Completed,86.28
ORD0006302,CUST003672,R005,2026-07-13 22:33:04,Dine-in,,Completed,37.17
ORD0006303,CUST002101,R012,2026-07-07 18:33:04,Third-Party Delivery,,Completed,137.87
ORD0006304,CUST002809,R007,2026-08-14 21:52:04,Website/App,,Completed,52.29
ORD0006305,CUST003382,R002,2026-09-15 12:42:04,Dine-in,,Completed,37.6
ORD0006306,CUST000947,R009,2026-04-11 14:12:04,Website/App,,Completed,30.16
ORD0006307,CUST000685,R005,2026-06-17 11:17:04,Takeaway,,Completed,67.42
ORD0006308,CUST000268,R006,2026-06-30 12:17:04,Website/App,,Completed,74.94
ORD0006309,CUST003585,R002,2026-09-01 08:39:04,Dine-in,,Completed,119.73
ORD0006310,CUST000816,R016,2026-05-08 19:08:04,Website/App,,Completed,46.65
ORD0006311,CUST001221,R016,2026-08-28 19:19:04,Website/App,,Completed,38.84
ORD0006312,CUST001138,R012,2025-09-28 11:57:04,Takeaway,PROMO004,Completed,41.65
ORD0006313,CUST001208,R004,2026-05-17 21:59:04,Dine-in,,Completed,34.7
ORD0006314,CUST002648,R016,2026-09-23 13:30:04,Website/App,,Completed,39.75
ORD0006315,CUST003815,R006,2026-08-11 11:28:04,Third-Party Delivery,,Completed,14.0
ORD0006316,CUST001306,R006,2026-08-18 12:05:04,Takeaway,,Completed,34.24
ORD0006317,CUST001611,R015,2026-05-04 18:27:04,Third-Party Delivery,,Completed,43.84
ORD0006318,CUST003073,R005,2026-09-04 13:18:04,Website/App,,Completed,62.45
ORD0006319,CUST001718,R006,2026-06-10 12:14:04,Dine-in,,Completed,67.27
ORD0006320,CUST003699,R010,2026-08-18 11:01:04,Takeaway,,Completed,155.24
ORD0006321,CUST002000,R011,2026-04-18 14:41:04,Dine-in,PROMO002,Completed,26.3
ORD0006322,,R008,2026-05-11 22:17:04,Website/App,,Completed,92.5
ORD0006323,CUST003884,R020,2026-08-25 13:06:04,Dine-in,,Completed,55.01
ORD0006324,CUST001690,R013,2026-03-27 23:08:04,Dine-in,,Completed,67.75
ORD0006325,CUST000929,R011,2025-10-05 19:48:04,Third-Party Delivery,PROMO004,Completed,33.96
ORD0006326,CUST000723,R018,2026-04-04 17:35:04,Dine-in,,Completed,17.8
ORD0006327,CUST003984,R016,2026-08-26 13:20:04,Third-Party Delivery,,Completed,56.67
ORD0006328,CUST003000,R004,2026-04-05 19:51:04,Website/App,,Completed,52.31
ORD0006329,CUST001615,R007,2026-09-22 09:13:04,Takeaway,,Completed,46.16
ORD0006330,CUST003293,R016,2026-02-28 22:10:04,Dine-in,,Completed,16.89
ORD0006331,CUST002174,R016,2026-08-27 19:10:04,Website/App,,Completed,66.7
ORD0006332,CUST001258,R017,2026-09-15 14:37:04,Third-Party Delivery,,Completed,15.0
ORD0006333,CUST002964,R010,2026-09-22 12:18:04,Dine-in,,Completed,56.44
ORD0006334,CUST002974,R018,2026-06-03 12:23:04,Dine-in,,Completed,23.76
ORD0006335,CUST001991,R019,2026-02-25 22:53:04,Website/App,,Completed,20.67
ORD0006336,CUST000171,R017,2026-08-01 14:58:04,Website/App,,Completed,99.16
ORD0006337,CUST000302,R001,2026-04-30 13:15:04,Dine-in,,Completed,18.87
ORD0006338,CUST003150,R005,2026-02-22 13:17:04,Third-Party Delivery,,Completed,96.47
ORD0006339,CUST003280,R019,2026-07-22 14:39:04,Dine-in,,Completed,76.96
ORD0006340,CUST002693,R015,2026-08-27 12:21:04,Dine-in,,Completed,50.82
ORD0006341,CUST003352,R007,2026-05-07 19:27:04,Takeaway,,Completed,27.96
ORD0006342,CUST002866,R001,2026-09-19 22:49:04,Dine-in,,Completed,15.13
ORD0006343,CUST003584,R013,2026-05-28 18:46:04,Third-Party Delivery,PROMO005,Completed,122.27
ORD0006344,CUST000597,R013,2026-09-13 13:37:04,Dine-in,,Completed,81.11
ORD0006345,CUST001533,R006,2026-07-30 22:33:04,Dine-in,,Completed,71.31
ORD0006346,CUST001851,R018,2026-07-06 18:14:04,Dine-in,,Completed,35.53
ORD0006347,CUST001182,R017,2026-08-05 16:23:04,Dine-in,,Completed,72.27
ORD0006348,CUST002889,R020,2026-09-11 17:26:04,Dine-in,,Completed,8.4
ORD0006349,CUST003642,R002,2026-03-15 19:13:04,Takeaway,,Completed,36.29
ORD0006350,CUST001634,R012,2026-08-28 20:55:04,Takeaway,,Completed,60.55
ORD0006351,CUST003764,R013,2026-07-25 12:52:04,Third-Party Delivery,,Completed,34.7
ORD0006352,CUST002057,R009,2026-08-14 13:19:04,Takeaway,,Completed,63.56
ORD0006353,CUST002076,R011,2026-09-24 13:45:04,Takeaway,,Completed,35.53
ORD0006354,CUST002378,R007,2026-03-13 11:24:04,Dine-in,,Completed,147.11
ORD0006355,CUST001073,R019,2026-09-04 11:29:04,Dine-in,,Completed,136.94
ORD0006356,CUST001517,R018,2026-08-29 22:16:04,Website/App,,Completed,42.85
ORD0006357,CUST002200,R016,2026-09-15 15:30:04,Dine-in,,Completed,26.04
ORD0006358,CUST003765,R015,2026-09-22 19:28:04,Dine-in,,Completed,35.53
ORD0006359,CUST002554,R018,2025-10-15 14:40:04,Dine-in,,Completed,16.58
ORD0006360,CUST001319,R007,2026-08-07 21:03:04,Third-Party Delivery,,Completed,43.73
ORD0006361,CUST000040,R001,2026-08-20 21:24:04,Website/App,,Completed,34.7
ORD0006362,CUST003928,R014,2026-07-25 12:51:04,Website/App,,Cancelled,130.86
ORD0006363,CUST001965,R004,2025-11-24 12:48:04,Website/App,,Completed,102.75
ORD0006364,CUST003751,R013,2026-09-18 09:20:04,Dine-in,,Completed,60.26
ORD0006365,CUST002184,R009,2026-08-16 10:46:04,Takeaway,,Completed,62.81
ORD0006366,CUST002397,R006,2025-09-28 14:58:04,Third-Party Delivery,,Completed,75.96
ORD0006367,CUST002834,R017,2026-09-23 11:18:04,Dine-in,,Completed,40.32
ORD0006368,CUST001271,R012,2026-09-08 12:35:04,Website/App,,Completed,60.58
ORD0006369,CUST002787,R020,2026-07-19 18:32:04,Website/App,,Completed,113.87
ORD0006370,CUST002093,R008,2026-08-30 14:01:04,Takeaway,,Completed,15.13
ORD0006371,CUST002668,R006,2026-09-07 20:20:04,Dine-in,,Completed,21.16
ORD0006372,CUST003339,R013,2026-05-19 10:54:04,Dine-in,,Completed,89.37
ORD0006373,CUST000749,R017,2025-12-31 18:21:04,Dine-in,,Completed,44.57
ORD0006374,CUST002431,R005,2026-03-31 13:18:04,Website/App,,Completed,31.86
ORD0006375,CUST000196,R003,2026-09-24 13:11:04,Dine-in,,Completed,112.92
ORD0006376,CUST000401,R002,2026-07-17 18:54:04,Website/App,,Completed,44.67
ORD0006377,CUST002676,R001,2026-08-17 12:39:04,Website/App,,Completed,49.67
ORD0006378,,R020,2026-07-14 21:17:04,Dine-in,,Completed,71.87
ORD0006379,CUST002360,R019,2026-09-22 12:39:04,Takeaway,,Completed,51.1
ORD0006380,CUST000886,R019,2026-09-16 18:44:04,Website/App,,Completed,118.7
ORD0006381,CUST001207,R001,2026-08-20 21:11:04,Third-Party Delivery,,Completed,79.5
ORD0006382,CUST000513,R006,2026-05-02 11:58:04,Takeaway,,Completed,7.05
ORD0006383,CUST001000,R004,2026-08-14 22:20:04,Website/App,,Completed,-28.7
ORD0006384,CUST003275,R001,2026-07-27 17:58:04,Dine-in,,Completed,109.23
ORD0006385,CUST002541,R012,2026-02-16 14:07:04,Dine-in,PROMO012,Completed,97.92
ORD0006386,CUST003798,R019,2026-09-17 12:33:04,Website/App,,Completed,97.8
ORD0006387,CUST000184,R016,2026-09-20 21:20:04,Website/App,,Completed,31.32
ORD0006388,CUST003162,R017,2026-07-25 13:27:04,Website/App,,Completed,88.31
ORD0006389,CUST002787,R010,2026-07-02 08:46:04,Dine-in,,Completed,43.5
ORD0006390,CUST001045,R007,2026-05-31 20:48:04,Third-Party Delivery,PROMO005,Completed,79.2
ORD0006391,CUST002905,R011,2026-07-26 13:13:04,Third-Party Delivery,,Completed,44.18
ORD0006392,CUST002853,R017,2026-07-06 19:22:04,Takeaway,,Completed,8.15
ORD0006393,CUST001833,R002,2026-06-05 21:52:04,Website/App,,Completed,25.56
ORD0006394,CUST002745,R002,2026-08-21 11:50:04,Third-Party Delivery,,Completed,88.04
ORD0006395,CUST001773,R006,2026-06-16 12:51:04,Takeaway,,Completed,73.13
ORD0006396,,R007,2026-07-10 21:00:04,Dine-in,,Completed,119.82
ORD0006397,CUST001860,R001,2026-06-08 22:06:04,Takeaway,,Completed,52.31
ORD0006398,CUST003575,R017,2026-05-07 19:35:04,Third-Party Delivery,,Completed,63.54
ORD0006399,CUST001521,R016,2026-05-10 11:24:04,Third-Party Delivery,,Completed,8.39
ORD0006400,CUST001597,R002,2026-09-06 14:52:04,Takeaway,,Completed,81.12
ORD0006401,CUST002409,R011,2026-02-09 19:04:04,Dine-in,,Completed,101.78
ORD0006402,CUST003000,R014,2026-09-06 17:14:04,Dine-in,,Completed,65.12
ORD0006403,CUST002929,R019,2026-09-12 20:25:04,Dine-in,,Completed,48.74
ORD0006404,CUST000077,R010,2026-08-28 12:24:04,Dine-in,,Completed,22.94
ORD0006405,CUST002738,R003,2026-05-23 11:05:04,Dine-in,PROMO005,Completed,39.75
ORD0006406,CUST001794,R006,2026-09-16 23:05:04,Website/App,,Completed,18.84
ORD0006407,CUST002083,R004,2026-03-30 20:08:04,Dine-in,,Completed,56.45
ORD0006408,CUST002232,R003,2026-01-08 18:18:04,Website/App,,Completed,91.16
ORD0006409,CUST002915,R016,2026-09-19 20:45:04,Third-Party Delivery,,Completed,131.9
ORD0006410,CUST003317,R012,2026-09-22 13:55:04,Takeaway,,Completed,152.37
ORD0006411,CUST002569,R012,2026-09-05 17:31:04,Dine-in,,Completed,4.36
ORD0006412,CUST002242,R018,2026-08-23 19:41:04,Takeaway,,Completed,73.21
ORD0006413,CUST001476,R011,2026-08-07 19:11:04,Website/App,,Completed,38.89
ORD0006414,CUST000549,R013,2025-11-28 12:07:04,Dine-in,,Completed,35.23
ORD0006415,CUST003835,R001,2026-09-21 14:28:04,Takeaway,,Completed,24.57
ORD0006416,CUST001840,R001,2026-05-13 21:45:04,Website/App,,Completed,45.92
ORD0006417,CUST002252,R014,2026-07-20 19:15:04,Takeaway,,Completed,43.02
ORD0006418,CUST002993,R009,2026-05-07 12:41:04,Dine-in,,Completed,70.5
ORD0006419,CUST000268,R006,2026-06-21 19:25:04,Third-Party Delivery,,Completed,31.86
ORD0006420,CUST003415,R014,2026-04-20 13:10:04,Dine-in,,Completed,34.95
ORD0006421,CUST003182,R012,2026-03-14 11:04:04,Third-Party Delivery,,Completed,34.49
ORD0006422,CUST003087,R016,2026-09-15 21:09:04,Website/App,,Completed,11.02
ORD0006423,CUST000084,R010,2026-05-16 13:19:04,Dine-in,,Completed,23.06
ORD0006424,CUST002092,R007,2025-12-09 18:14:04,Website/App,,Completed,140.57
ORD0006425,CUST000204,R016,2026-06-15 10:58:04,Dine-in,,Completed,39.64
ORD0006426,CUST002191,R008,2026-09-08 13:21:04,Dine-in,,Completed,31.53
ORD0006427,CUST002863,R018,2026-09-18 12:54:04,Third-Party Delivery,,Completed,98.88
ORD0006428,CUST000483,R018,2026-07-29 21:42:04,Third-Party Delivery,,Completed,41.7
ORD0006429,CUST002770,R020,2026-09-19 21:21:04,Takeaway,,Completed,20.66
ORD0006430,CUST001789,R003,2026-08-07 20:02:04,Website/App,,Completed,151.68
ORD0006431,CUST003238,R014,2026-06-05 21:33:04,Takeaway,,Completed,37.25
ORD0006432,CUST002117,R006,2026-07-12 15:13:04,Dine-in,,Completed,40.18
ORD0006433,CUST001331,R017,2026-09-01 22:20:04,Third-Party Delivery,,Cancelled,40.69
ORD0006434,CUST001315,R014,2026-07-10 11:45:04,Third-Party Delivery,,Completed,81.71
ORD0006435,CUST003586,R003,2026-08-12 18:35:04,Website/App,,Completed,78.7
ORD0006436,CUST001806,R018,2026-05-26 20:25:04,Takeaway,,Completed,16.25
ORD0006437,CUST001606,R012,2026-09-13 22:05:04,Dine-in,,Completed,34.12
ORD0006438,CUST000148,R019,2026-02-28 08:00:04,Dine-in,,Completed,56.24
ORD0006439,CUST001435,R007,2026-09-14 20:07:04,Website/App,,Completed,54.1
ORD0006440,CUST003395,R018,2026-08-26 14:06:04,Dine-in,,Completed,42.75
ORD0006441,CUST003031,R016,2026-08-07 15:45:04,Dine-in,,Completed,33.71
ORD0006442,CUST000889,R002,2026-03-18 22:52:04,Dine-in,,Completed,17.67
ORD0006443,CUST001637,R010,2026-03-30 13:01:04,Dine-in,,Completed,28.78
ORD0006444,CUST000800,R003,2026-01-04 19:01:04,Third-Party Delivery,,Completed,66.56
ORD0006445,CUST003815,R006,2026-07-02 22:26:04,Takeaway,,Completed,39.89
ORD0006446,CUST002372,R002,2026-09-06 20:31:04,Third-Party Delivery,,Completed,53.22
ORD0006447,CUST003005,R007,2026-08-29 13:12:04,Website/App,,Completed,42.19
ORD0006448,CUST002842,R003,2026-07-08 14:03:04,Dine-in,,Completed,62.31
ORD0006449,CUST003496,R016,2026-02-04 14:06:04,Takeaway,PROMO003,Completed,40.5
ORD0006450,CUST003796,R012,2026-06-25 22:06:04,Dine-in,,Completed,34.7
ORD0006451,CUST000120,R016,2026-09-17 22:08:04,Dine-in,,Completed,65.55
ORD0006452,CUST003900,R012,2025-10-21 20:29:04,Third-Party Delivery,,Cancelled,62.61
ORD0006453,CUST003481,R014,2026-04-28 21:43:04,Dine-in,,Completed,12.51
ORD0006454,CUST001516,R012,2026-08-04 18:21:04,Website/App,,Completed,100.82
ORD0006455,CUST003344,R011,2026-06-02 20:55:04,Website/App,PROMO005,Completed,4.25
ORD0006456,CUST002937,R008,2025-12-01 14:57:04,Website/App,,Completed,70.4
ORD0006457,CUST003167,R008,2026-09-11 21:51:04,Takeaway,,Completed,130.2
ORD0006458,CUST000888,R015,2026-09-15 20:04:04,Takeaway,,Completed,57.13
ORD0006459,CUST002576,R015,2026-09-20 20:07:04,Takeaway,,Completed,40.07
ORD0006460,CUST000096,R014,2026-09-23 13:16:04,Takeaway,,Completed,34.7
ORD0006461,CUST003389,R015,2026-09-19 13:01:04,Website/App,,Completed,32.52
ORD0006462,CUST003804,R016,2026-05-23 22:28:04,Website/App,,Completed,31.86
ORD0006463,CUST002626,R019,2026-05-19 13:34:04,Website/App,,Completed,26.39
ORD0006464,CUST002045,R016,2026-09-07 12:06:04,Dine-in,,Completed,16.81
ORD0006465,CUST002890,R018,2026-08-23 21:30:04,Dine-in,,Completed,8.4
ORD0006466,CUST001293,R020,2026-05-28 11:21:04,Website/App,,Completed,15.44
ORD0006467,CUST002490,R006,2026-09-24 21:20:04,Takeaway,,Completed,61.91
ORD0006468,CUST002865,R006,2026-08-02 22:31:04,Third-Party Delivery,,Completed,83.54
ORD0006469,CUST000568,R019,2026-04-27 11:10:04,Website/App,,Completed,81.82
ORD0006470,CUST000558,R001,2026-09-02 15:16:04,Website/App,,Completed,39.89
ORD0006471,CUST002851,R019,2026-09-13 12:39:04,Dine-in,,Completed,32.52
ORD0006472,CUST001716,R019,2026-08-02 21:23:04,Dine-in,,Completed,46.19
ORD0006473,CUST003552,R014,2025-10-29 23:40:04,Dine-in,PROMO001,Completed,88.05
ORD0006474,CUST001235,R012,2026-09-21 21:16:04,Takeaway,,Completed,33.5
ORD0006475,CUST000162,R019,2026-08-17 19:37:04,Dine-in,,Completed,69.68
ORD0006476,CUST002582,R009,2026-09-22 18:57:04,Third-Party Delivery,,Completed,79.24
ORD0006477,,R017,2025-11-11 19:21:04,Dine-in,,Completed,26.88
ORD0006478,CUST002201,R009,2026-08-17 14:12:04,Third-Party Delivery,,Completed,11.07
ORD0006479,CUST002720,R003,2026-08-12 11:27:04,Dine-in,,Completed,57.08
ORD0006480,CUST002082,R020,2026-06-27 16:30:04,Third-Party Delivery,,Completed,14.39
ORD0006481,CUST002759,R014,2026-07-01 22:35:04,Website/App,,Completed,92.3
ORD0006482,CUST000168,R009,2026-09-23 21:39:04,Takeaway,,Completed,73.64
ORD0006483,CUST001452,R005,2026-05-26 13:55:04,Takeaway,,Completed,33.93
ORD0006484,CUST000852,R020,2026-07-14 11:59:04,Third-Party Delivery,,Completed,65.28
ORD0006485,CUST000390,R010,2026-09-01 13:06:04,Third-Party Delivery,,Completed,79.65
ORD0006486,CUST000940,R016,2026-08-10 14:08:04,Third-Party Delivery,,Completed,43.83
ORD0006487,CUST000778,R008,2026-06-27 22:36:04,Dine-in,,Completed,8.15
ORD0006488,CUST003889,R009,2026-09-23 20:03:04,Dine-in,,Completed,74.24
ORD0006489,CUST001141,R012,2026-07-10 12:02:04,Dine-in,,Completed,122.97
ORD0006490,CUST000928,R007,2026-07-31 13:11:04,Dine-in,,Completed,34.65
ORD0006491,CUST003335,R012,2026-09-18 22:26:04,Dine-in,,Completed,56.9
ORD0006492,CUST001662,R004,2026-09-10 19:48:04,Website/App,,Completed,34.12
ORD0006493,CUST001671,R006,2026-03-31 21:34:04,Website/App,,Completed,68.68
ORD0006494,CUST001767,R011,2026-05-24 21:24:04,Dine-in,PROMO005,Completed,58.88
ORD0006495,CUST001653,R013,2026-06-12 15:54:04,Third-Party Delivery,,Completed,39.89
ORD0006496,CUST001294,R015,2026-08-24 20:35:04,Dine-in,,Completed,99.37
ORD0006497,CUST001140,R009,2026-05-19 11:11:04,Website/App,,Completed,34.12
ORD0006498,CUST003525,R016,2026-07-12 17:03:04,Third-Party Delivery,,Cancelled,46.87
ORD0006499,CUST000652,R013,2026-08-23 19:25:04,Website/App,,Completed,22.19
ORD0006500,CUST000737,R005,2026-09-04 13:52:04,Dine-in,,Completed,102.22
ORD0006501,CUST002271,R001,2026-09-11 21:55:04,Website/App,,Completed,96.34
ORD0006502,CUST001356,R002,2026-09-19 17:46:04,Dine-in,,Completed,20.17
ORD0006503,CUST001671,R006,2026-02-04 11:31:04,Dine-in,,Completed,70.5
ORD0006504,CUST003219,R011,2026-02-08 18:01:04,Website/App,,Completed,94.3
ORD0006505,CUST003605,R003,2025-11-03 11:42:04,Dine-in,,Completed,34.78
ORD0006506,CUST003157,R003,2026-07-04 20:05:04,Third-Party Delivery,,Completed,42.75
ORD0006507,CUST000945,R014,2026-08-18 18:27:04,Third-Party Delivery,,Completed,88.1
ORD0006508,CUST003922,R005,2026-09-12 19:28:04,Third-Party Delivery,,Completed,3.4
ORD0006509,CUST001430,R017,2026-07-30 21:07:04,Website/App,,Completed,28.78
ORD0006510,CUST000683,R002,2026-01-25 10:31:04,Third-Party Delivery,,Cancelled,240.22
ORD0006511,CUST001988,R004,2026-09-10 18:08:04,Website/App,,Completed,69.61
ORD0006512,CUST002888,R003,2026-09-16 13:19:04,Dine-in,,Completed,4.78
ORD0006513,CUST000324,R007,2026-04-16 08:44:04,Website/App,PROMO002,Completed,70.24
ORD0006514,CUST002522,R018,2026-08-16 17:27:04,Dine-in,,Completed,12.86
ORD0006515,CUST003428,R012,2026-08-15 22:26:04,Dine-in,,Completed,27.43
ORD0006516,CUST001048,R009,2026-06-21 21:44:04,Dine-in,,Completed,42.2
ORD0006517,CUST002761,R006,2026-08-03 12:10:04,Takeaway,,Completed,16.49
ORD0006518,,R012,2026-09-15 12:30:04,Takeaway,,Completed,46.15
ORD0006519,CUST001641,R020,2026-09-12 17:20:04,Dine-in,,Completed,28.17
ORD0006520,CUST001117,R004,2026-07-21 12:16:04,Website/App,,Completed,65.74
ORD0006521,CUST002481,R008,2026-06-09 12:11:04,Website/App,,Completed,56.36
ORD0006522,CUST001422,R016,2026-04-04 19:44:04,Dine-in,,Completed,23.76
ORD0006523,CUST003314,R019,2026-07-29 21:14:04,Dine-in,,Completed,72.91
ORD0006524,CUST003851,R002,2026-06-23 13:31:04,Website/App,,Cancelled,46.69
ORD0006525,CUST003735,R018,2026-05-01 09:30:04,Takeaway,,Completed,64.48
ORD0006526,CUST000658,R005,2026-08-17 21:17:04,Third-Party Delivery,,Completed,18.54
ORD0006527,CUST000055,R011,2026-07-12 21:39:04,Takeaway,,Completed,19.51
ORD0006528,CUST001745,R006,2026-03-24 14:15:04,Third-Party Delivery,,Completed,16.25
ORD0006529,CUST002904,R017,2026-06-09 19:35:04,Website/App,,Completed,7.82
ORD0006530,CUST003909,R011,2026-08-15 21:13:04,Dine-in,,Completed,77.43
ORD0006531,CUST003128,R004,2025-09-22 20:22:04,Dine-in,PROMO010,Completed,40.2
ORD0006532,CUST002304,R019,2026-03-29 21:14:04,Website/App,,Completed,39.75
ORD0006533,CUST000098,R001,2026-09-06 13:59:04,Website/App,,Completed,88.11
ORD0006534,CUST003289,R004,2026-06-11 13:38:04,Dine-in,,Completed,42.52
ORD0006535,CUST000722,R014,2026-03-25 21:09:04,Dine-in,,Completed,20.78
ORD0006536,CUST000211,R017,2026-08-19 11:57:04,Website/App,,Completed,96.26
ORD0006537,CUST003399,R010,2026-05-14 21:28:04,Website/App,,Completed,10.64
ORD0006538,CUST002252,R014,2026-01-19 18:38:04,Website/App,,Completed,14.42
ORD0006539,CUST000508,R017,2026-08-29 22:14:04,Dine-in,,Completed,50.01
ORD0006540,CUST001529,R007,2026-07-30 14:10:04,Dine-in,,Completed,36.87
ORD0006541,CUST000337,R020,2026-07-12 14:31:04,Third-Party Delivery,,Completed,-64.66
ORD0006542,CUST002537,R005,2026-04-22 11:39:04,Dine-in,PROMO002,Completed,31.34
ORD0006543,CUST001124,R002,2026-08-09 14:15:04,Third-Party Delivery,,Completed,44.38
ORD0006544,CUST003461,R020,2026-08-22 20:30:04,Takeaway,,Completed,59.8
ORD0006545,CUST001410,R010,2026-05-14 11:29:04,Third-Party Delivery,,Completed,36.22
ORD0006546,CUST001972,R011,2026-06-22 20:33:04,Takeaway,,Completed,39.75
ORD0006547,CUST000247,R020,2026-07-29 21:27:04,Takeaway,,Completed,16.25
ORD0006548,CUST001099,R017,2026-07-08 20:44:04,Dine-in,,Completed,37.98
ORD0006549,CUST002686,R018,2026-08-24 14:47:04,Website/App,,Completed,69.55
ORD0006550,CUST002935,R002,2026-09-20 13:50:04,Third-Party Delivery,,Completed,37.3
ORD0006551,CUST000976,R011,2026-09-06 11:31:04,Dine-in,,Completed,6.03
ORD0006552,CUST002002,R020,2026-08-26 19:10:04,Dine-in,,Completed,105.52
ORD0006553,CUST003260,R006,2026-09-10 18:48:04,Takeaway,,Completed,130.85
ORD0006554,CUST001505,R013,2026-06-10 11:08:04,Dine-in,,Completed,48.47
ORD0006555,CUST000530,R013,2026-07-10 23:48:04,Dine-in,,Completed,55.43
ORD0006556,CUST001717,R020,2026-09-10 20:06:04,Dine-in,,Completed,87.14
ORD0006557,CUST002379,R001,2026-09-07 14:33:04,Dine-in,,Completed,140.26
ORD0006558,CUST000030,R012,2026-01-25 18:03:04,Website/App,,Completed,146.78
ORD0006559,CUST001372,R018,2026-02-11 19:33:04,Website/App,,Completed,75.51
ORD0006560,CUST002404,R003,2026-08-30 19:55:04,Dine-in,,Completed,72.95
ORD0006561,CUST003808,R005,2026-06-11 12:08:04,Third-Party Delivery,,Completed,6.63
ORD0006562,CUST001614,R013,2026-08-28 14:39:04,Takeaway,,Completed,69.5
ORD0006563,CUST000658,R005,2026-06-21 20:36:04,Website/App,,Completed,41.1
ORD0006564,CUST002120,R007,2026-03-27 22:58:04,Dine-in,,Cancelled,95.06
ORD0006565,CUST001138,R002,2026-08-24 19:45:04,Third-Party Delivery,,Completed,14.35
ORD0006566,CUST000867,R010,2026-07-10 11:51:04,Takeaway,,Completed,115.49
ORD0006567,CUST002340,R007,2026-07-15 14:52:04,Dine-in,,Cancelled,63.36
ORD0006568,CUST003655,R008,2026-09-16 12:04:04,Dine-in,,Completed,126.71
ORD0006569,CUST003336,R011,2026-09-12 22:56:04,Dine-in,,Completed,8.47
ORD0006570,CUST000741,R020,2026-03-24 12:35:04,Dine-in,,Completed,217.06
ORD0006571,CUST003051,R015,2026-09-10 11:35:04,Third-Party Delivery,,Completed,78.15
ORD0006572,CUST000922,R012,2026-09-05 13:47:04,Third-Party Delivery,,Completed,96.83
ORD0006573,CUST001155,R004,2026-08-22 16:00:04,Dine-in,,Completed,98.73
ORD0006574,CUST003673,R017,2026-09-07 20:29:04,Third-Party Delivery,,Completed,203.02
ORD0006575,CUST003636,R010,2026-06-26 13:16:04,Dine-in,,Completed,50.59
ORD0006576,CUST000680,R005,2026-05-20 19:14:04,Takeaway,,Completed,68.38
ORD0006577,CUST000249,R019,2026-07-08 18:37:04,Website/App,,Completed,126.0
ORD0006578,CUST001163,R006,2026-09-09 18:08:04,Takeaway,,Completed,84.94
ORD0006579,CUST002309,R012,2026-09-21 13:03:04,Website/App,,Completed,12.17
ORD0006580,CUST003506,R012,2026-09-08 19:01:04,Takeaway,,Completed,44.27
ORD0006581,CUST000472,R001,2026-09-22 20:44:04,Takeaway,,Completed,44.88
ORD0006582,CUST001644,R001,2026-08-27 14:36:04,Takeaway,,Completed,56.44
ORD0006583,CUST001085,R018,2026-02-04 19:29:04,Third-Party Delivery,,Completed,94.3
ORD0006584,CUST000058,R005,2026-07-04 14:51:04,Dine-in,,Completed,123.78
ORD0006585,CUST003149,R018,2026-08-15 11:58:04,Dine-in,,Completed,30.24
ORD0006586,CUST003244,R004,2026-08-12 11:52:04,Third-Party Delivery,,Completed,14.47
ORD0006587,CUST000889,R012,2026-04-20 12:15:04,Third-Party Delivery,PROMO002,Completed,28.01
ORD0006588,CUST000601,R017,2026-03-12 12:06:04,Dine-in,,Completed,37.27
ORD0006589,CUST000576,R019,2026-01-08 14:13:04,Dine-in,,Completed,42.85
ORD0006590,CUST001850,R010,2026-08-17 20:26:04,Website/App,,Completed,38.47
ORD0006591,CUST000990,R013,2026-02-27 20:58:04,Dine-in,,Completed,15.93
ORD0006592,CUST002038,R002,2026-09-24 20:58:04,Takeaway,,Completed,16.78
ORD0006593,CUST001523,R008,2026-06-08 20:55:04,Third-Party Delivery,,Completed,3.79
ORD0006594,CUST000852,R010,2026-06-25 13:29:04,Third-Party Delivery,,Completed,64.38
ORD0006595,CUST002993,R006,2026-08-29 16:39:04,Takeaway,,Completed,27.15
ORD0006596,CUST000597,R003,2026-09-16 11:22:04,Dine-in,,Completed,4.25
ORD0006597,CUST003188,R009,2026-07-09 16:27:04,Dine-in,,Completed,103.76
ORD0006598,CUST002230,R007,2026-06-23 14:05:04,Website/App,,Completed,15.1
ORD0006599,CUST003320,R009,2026-09-04 14:25:04,Takeaway,,Completed,200.15
ORD0006600,CUST000022,R017,2026-04-23 14:14:04,Takeaway,PROMO002,Completed,4.75
ORD0006601,CUST002987,R003,2026-07-24 18:10:04,Third-Party Delivery,,Completed,5.92
ORD0006602,CUST000194,R009,2026-08-17 11:53:04,Dine-in,,Completed,22.62
ORD0006603,CUST003800,R016,2026-06-17 20:39:04,Dine-in,,Completed,31.56
ORD0006604,CUST002802,R017,2026-09-23 19:35:04,Dine-in,,Completed,124.58
ORD0006605,CUST001269,R004,2026-06-19 19:12:04,Takeaway,,Completed,114.46
ORD0006606,CUST001268,R009,2026-03-27 14:07:04,Third-Party Delivery,,Completed,53.55
ORD0006607,CUST003440,R001,2026-02-09 20:30:04,Takeaway,,Completed,37.18
ORD0006608,CUST003603,R017,2025-11-11 19:14:04,Dine-in,,Completed,150.38
ORD0006609,CUST003562,R013,2026-08-13 10:39:04,Takeaway,,Completed,20.61
ORD0006610,CUST003229,R005,2026-09-03 13:42:04,Dine-in,,Completed,14.39
ORD0006611,CUST003267,R018,2026-08-14 13:44:04,Dine-in,,Completed,22.19
ORD0006612,CUST002276,R017,2026-08-05 18:55:04,Dine-in,,Completed,48.26
ORD0006613,CUST000107,R018,2025-11-14 13:28:04,Website/App,,Completed,79.04
ORD0006614,CUST000339,R014,2026-07-24 17:16:04,Third-Party Delivery,,Completed,15.3
ORD0006615,CUST002580,R019,2026-09-22 13:20:04,Takeaway,,Completed,27.17
ORD0006616,CUST001587,R009,2026-02-10 12:32:04,Dine-in,PROMO012,Cancelled,59.3
ORD0006617,CUST002255,R005,2025-12-19 14:16:04,Dine-in,,Completed,43.5
ORD0006618,CUST000929,R011,2026-01-22 20:53:04,Website/App,PROMO011,Completed,114.76
ORD0006619,CUST002579,R017,2026-03-05 20:04:04,Dine-in,,Completed,107.01
ORD0006620,CUST000976,R011,2026-09-22 11:12:04,Third-Party Delivery,,Completed,65.62
ORD0006621,CUST001837,R011,2026-03-10 21:07:04,Website/App,,Completed,15.13
ORD0006622,CUST001909,R009,2026-07-08 13:06:04,Takeaway,,Completed,16.25
ORD0006623,CUST000723,R008,2026-03-17 19:34:04,Third-Party Delivery,,Completed,23.63
ORD0006624,CUST003504,R003,2026-09-22 22:25:04,Dine-in,,Completed,74.03
ORD0006625,CUST002089,R016,2026-08-27 19:57:04,Third-Party Delivery,,Completed,15.0
ORD0006626,CUST003464,R003,2026-08-13 12:54:04,Dine-in,,Completed,129.33
ORD0006627,CUST001052,R015,2026-07-07 21:59:04,Website/App,,Completed,4.78
ORD0006628,CUST000702,R003,2026-08-07 11:42:04,Dine-in,,Completed,46.87
ORD0006629,CUST000067,R013,2025-12-23 22:30:04,Dine-in,,Completed,31.46
ORD0006630,CUST000368,R007,2026-01-09 14:11:04,Dine-in,,Completed,106.27
ORD0006631,CUST000587,R015,2026-07-01 09:16:04,Takeaway,,Completed,50.44
ORD0006632,CUST000308,R010,2026-06-22 11:16:04,Takeaway,,Completed,71.76
ORD0006633,CUST003584,R013,2026-05-29 19:16:04,Website/App,PROMO005,Completed,101.2
ORD0006634,CUST003637,R014,2026-03-07 22:56:04,Third-Party Delivery,,Completed,32.02
ORD0006635,CUST003746,R013,2026-02-24 20:51:04,Dine-in,,Completed,131.55
ORD0006636,CUST003840,R013,2026-08-09 08:39:04,Takeaway,,Completed,168.19
ORD0006637,CUST001962,R018,2026-03-28 12:07:04,Website/App,,Completed,53.57
ORD0006638,CUST002104,R005,2026-01-14 21:23:04,Dine-in,,Completed,105.59
ORD0006639,CUST000517,R011,2026-05-01 13:27:04,Dine-in,,Completed,71.49
ORD0006640,CUST000543,R010,2026-08-28 12:33:04,Website/App,,Completed,25.77
ORD0006641,CUST003080,R018,2026-08-08 20:59:04,Dine-in,,Completed,55.21
ORD0006642,CUST003418,R013,2026-09-17 13:04:04,Takeaway,,Completed,20.65
ORD0006643,CUST003133,R010,2026-08-05 22:28:04,Dine-in,,Completed,16.3
ORD0006644,CUST003332,R011,2026-09-02 14:34:04,Website/App,,Completed,37.61
ORD0006645,CUST001102,R011,2026-07-13 11:47:04,Takeaway,,Completed,61.25
ORD0006646,CUST001859,R017,2026-07-10 23:22:04,Dine-in,,Completed,25.03
ORD0006647,CUST001833,R002,2026-01-22 13:18:04,Takeaway,PROMO011,Completed,24.15
ORD0006648,CUST003985,R006,2026-06-07 22:18:04,Third-Party Delivery,,Completed,8.23
ORD0006649,CUST003795,R005,2026-09-05 19:35:04,Takeaway,,Completed,40.09
ORD0006650,CUST002373,R017,2026-05-03 12:21:04,Website/App,,Completed,43.06
ORD0006651,CUST000549,R011,2026-05-14 12:43:04,Dine-in,,Completed,50.8
ORD0006652,CUST001034,R006,2025-11-06 21:34:04,Website/App,,Completed,113.52
ORD0006653,CUST001433,R015,2026-04-17 11:22:04,Takeaway,,Completed,150.36
ORD0006654,CUST003493,R001,2026-08-19 09:51:04,Takeaway,,Cancelled,94.96
ORD0006655,CUST000691,R007,2026-03-05 13:23:04,Dine-in,,Completed,80.5
ORD0006656,CUST000885,R003,2026-08-03 19:12:04,Third-Party Delivery,,Completed,133.49
ORD0006657,CUST001379,R016,2026-07-22 21:52:04,Website/App,,Completed,24.42
ORD0006658,,R020,2026-09-16 13:16:04,Dine-in,,Completed,35.53
ORD0006659,CUST002002,R020,2026-05-27 14:31:04,Third-Party Delivery,PROMO005,Completed,17.07
ORD0006660,CUST002572,R015,2025-10-25 11:40:04,Dine-in,,Completed,42.02
ORD0006661,CUST001531,R003,2026-01-18 12:45:04,Website/App,PROMO009,Completed,116.47
ORD0006662,CUST000766,R005,2026-07-09 12:45:04,Dine-in,,Completed,7.82
ORD0006663,CUST000897,R007,2026-07-11 18:28:04,Dine-in,,Completed,56.35
ORD0006664,CUST003202,R010,2025-11-27 20:21:04,Dine-in,,Completed,13.26
ORD0006665,CUST003568,R006,2026-08-11 19:40:04,Website/App,,Completed,20.98
ORD0006666,CUST001965,R004,2026-03-21 12:00:04,Third-Party Delivery,,Completed,29.93
ORD0006667,CUST001407,R006,2026-05-22 13:00:04,Website/App,,Completed,102.47
ORD0006668,CUST003224,R012,2026-05-12 22:36:04,Dine-in,,Completed,39.75
ORD0006669,CUST002671,R016,2026-03-14 20:35:04,Dine-in,,Completed,28.78
ORD0006670,CUST000154,R016,2026-05-08 11:38:04,Dine-in,,Cancelled,69.4
ORD0006671,CUST001385,R017,2026-05-15 20:33:04,Website/App,,Completed,146.2
ORD0006672,CUST002715,R019,2026-09-01 12:12:04,Website/App,,Completed,39.75
ORD0006673,CUST002280,R009,2026-07-21 21:32:04,Dine-in,,Completed,85.14
ORD0006674,CUST003912,R004,2026-07-07 16:13:04,Takeaway,,Completed,116.86
ORD0006675,CUST003461,R009,2026-07-09 21:22:04,Dine-in,,Completed,-62.81
ORD0006676,CUST000230,R013,2026-08-12 14:50:04,Takeaway,,Completed,28.29
ORD0006677,CUST002890,R018,2026-07-26 18:01:04,Third-Party Delivery,,Completed,133.23
ORD0006678,CUST001333,R002,2026-01-22 19:29:04,Takeaway,,Completed,147.64
ORD0006679,CUST002715,R009,2026-09-10 20:39:04,Website/App,,Completed,74.29
ORD0006680,CUST002448,R009,2026-09-08 12:12:04,Website/App,,Completed,112.59
ORD0006681,CUST001999,R016,2026-03-27 14:02:04,Dine-in,,Completed,90.01
ORD0006682,CUST003406,R010,2026-08-13 11:43:04,Dine-in,,Completed,91.35
ORD0006683,CUST002821,R009,2026-02-12 13:47:04,Dine-in,PROMO012,Completed,107.71
ORD0006684,CUST003555,R013,2026-02-21 20:45:04,Third-Party Delivery,,Completed,75.02
ORD0006685,CUST001121,R014,2026-04-01 16:04:04,Takeaway,,Completed,37.85
ORD0006686,CUST001371,R011,2026-05-15 19:44:04,Website/App,,Completed,56.63
ORD0006687,CUST002471,R008,2026-07-18 20:08:04,Third-Party Delivery,,Completed,15.13
ORD0006688,CUST003864,R002,2026-09-16 19:23:04,Website/App,,Completed,40.5
ORD0006689,CUST001466,R006,2026-08-20 20:48:04,Takeaway,,Completed,73.29
ORD0006690,CUST000119,R013,2026-07-21 19:01:04,Website/App,,Completed,108.14
ORD0006691,CUST001776,R007,2026-06-13 20:24:04,Website/App,,Completed,66.01
ORD0006692,CUST002162,R006,2026-05-01 19:00:04,Website/App,,Completed,8.81
ORD0006693,CUST003197,R011,2026-06-13 20:55:04,Takeaway,,Completed,66.76
ORD0006694,CUST002904,R007,2026-09-16 14:21:04,Dine-in,,Completed,64.52
ORD0006695,CUST003857,R011,2026-05-01 19:15:04,Takeaway,,Completed,113.66
ORD0006696,CUST003126,R007,2026-09-10 12:29:04,Dine-in,,Completed,15.93
ORD0006697,CUST001188,R007,2026-06-10 14:29:04,Third-Party Delivery,,Completed,93.58
ORD0006698,CUST002550,R003,2026-07-20 12:01:04,Dine-in,,Completed,43.04
ORD0006699,CUST002668,R016,2026-07-15 21:17:04,Dine-in,,Completed,99.19
ORD0006700,CUST003995,R001,2025-11-05 15:04:04,Takeaway,,Completed,108.84
ORD0006701,CUST000552,R002,2026-06-25 13:10:04,Website/App,,Completed,38.37
ORD0006702,CUST000778,R015,2026-06-04 08:37:04,Takeaway,,Completed,36.49
ORD0006703,CUST000625,R019,2026-09-07 18:15:04,Takeaway,,Completed,216.5
ORD0006704,CUST002335,R007,2026-07-23 20:27:04,Third-Party Delivery,,Completed,30.24
ORD0006705,CUST000536,R017,2026-02-27 18:10:04,Dine-in,,Completed,58.49
ORD0006706,CUST002603,R006,2026-09-04 13:32:04,Website/App,,Completed,10.05
ORD0006707,CUST003209,R007,2026-09-10 14:45:04,Takeaway,,Completed,27.51
ORD0006708,CUST001719,R009,2026-05-06 22:15:04,Takeaway,,Completed,117.69
ORD0006709,CUST002226,R002,2026-09-23 14:18:04,Dine-in,,Completed,61.32
ORD0006710,CUST003643,R013,2026-06-02 11:09:04,Website/App,,Completed,34.05
ORD0006711,CUST002264,R008,2026-08-29 19:31:04,Website/App,,Completed,60.96
ORD0006712,CUST000844,R007,2026-06-15 11:55:04,Dine-in,,Completed,17.26
ORD0006713,CUST001354,R018,2026-08-22 14:59:04,Dine-in,,Completed,126.61
ORD0006714,CUST002104,R005,2026-03-05 20:16:04,Takeaway,,Completed,83.1
ORD0006715,CUST000621,R002,2026-03-28 23:39:04,Dine-in,,Completed,22.19
ORD0006716,CUST002427,R015,2026-08-28 14:45:04,Dine-in,,Completed,91.68
ORD0006717,CUST003999,R020,2026-08-22 22:47:04,Third-Party Delivery,,Completed,95.5
ORD0006718,CUST002590,R001,2026-09-21 14:00:04,Takeaway,,Completed,85.59
ORD0006719,CUST001469,R018,2026-09-13 14:04:04,Third-Party Delivery,,Completed,8.39
ORD0006720,CUST001315,R004,2026-09-01 20:47:04,Takeaway,,Completed,31.46
ORD0006721,CUST003717,R017,2026-09-19 13:37:04,Dine-in,,Completed,89.26
ORD0006722,CUST003485,R009,2026-09-01 19:53:04,Website/App,,Completed,7.05
ORD0006723,CUST001884,R001,2026-07-31 11:48:04,Takeaway,,Completed,32.5
ORD0006724,CUST001393,R018,2026-09-08 13:39:04,Website/App,,Completed,22.19
ORD0006725,CUST002827,R003,2026-09-06 22:32:04,Dine-in,,Completed,46.21
ORD0006726,CUST001246,R020,2026-03-10 12:18:04,Website/App,,Completed,15.1
ORD0006727,CUST000475,R020,2026-09-24 10:05:04,Takeaway,,Completed,8.15
ORD0006728,CUST001229,R012,2026-09-24 13:40:04,Third-Party Delivery,,Completed,56.52
ORD0006729,CUST001725,R017,2026-01-17 12:02:04,Third-Party Delivery,PROMO009,Completed,41.1
ORD0006730,CUST001023,R002,2026-09-10 13:04:04,Third-Party Delivery,,Completed,39.75
ORD0006731,CUST000873,R014,2026-09-19 19:34:04,Third-Party Delivery,,Completed,72.43
ORD0006732,CUST000027,R005,2026-09-08 21:34:04,Takeaway,,Completed,97.3
ORD0006733,CUST002508,R009,2026-08-31 12:37:04,Dine-in,,Completed,16.69
ORD0006734,CUST002435,R009,2026-09-20 18:19:04,Dine-in,,Completed,16.69
ORD0006735,CUST000764,R010,2026-04-20 19:01:04,Takeaway,PROMO002,Completed,29.96
ORD0006736,CUST003772,R012,2026-09-16 11:37:04,Dine-in,,Completed,121.29
ORD0006737,CUST001621,R001,2026-08-18 12:00:04,Website/App,,Completed,98.99
ORD0006738,CUST000095,R015,2026-08-21 11:37:04,Dine-in,,Completed,40.07
ORD0006739,CUST000885,R003,2026-08-22 19:01:04,Dine-in,,Completed,45.92
ORD0006740,CUST002757,R017,2026-09-05 20:03:04,Takeaway,,Completed,47.56
ORD0006741,CUST000820,R005,2025-12-24 22:10:04,Dine-in,,Completed,46.26
ORD0006742,CUST000203,R008,2026-02-19 20:41:04,Website/App,,Completed,74.77
ORD0006743,CUST002452,R016,2026-08-08 19:43:04,Dine-in,,Completed,44.67
ORD0006744,CUST002065,R020,2026-06-24 11:57:04,Third-Party Delivery,,Completed,75.63
ORD0006745,CUST003033,R013,2026-09-06 11:57:04,Takeaway,,Completed,186.33
ORD0006746,CUST003080,R020,2025-11-05 14:26:04,Dine-in,PROMO001,Completed,16.54
ORD0006747,CUST003840,R014,2026-07-11 13:59:04,Dine-in,,Completed,97.94
ORD0006748,CUST000218,R019,2026-06-10 15:20:04,Takeaway,,Completed,74.72
ORD0006749,CUST000145,R003,2026-05-20 13:45:04,Dine-in,,Completed,22.19
ORD0006750,CUST003948,R020,2026-06-09 13:43:04,Dine-in,,Completed,8.39
ORD0006751,CUST002563,R017,2026-08-16 11:21:04,Dine-in,,Completed,201.4
ORD0006752,CUST002849,R007,2026-04-01 18:35:04,Dine-in,,Completed,100.11
ORD0006753,CUST000380,R012,2026-03-23 11:08:04,Third-Party Delivery,,Completed,34.12
ORD0006754,CUST000272,R016,2026-09-13 13:32:04,Dine-in,,Completed,65.79
ORD0006755,CUST000646,R020,2026-09-22 12:44:04,Website/App,,Completed,21.94
ORD0006756,CUST001697,R008,2026-09-20 21:25:04,Dine-in,,Completed,61.13
ORD0006757,CUST000436,R019,2026-09-03 22:35:04,Dine-in,,Completed,63.49
ORD0006758,CUST001777,R004,2026-09-08 10:54:04,Dine-in,,Completed,265.94
ORD0006759,CUST002231,R011,2026-09-08 21:47:04,Third-Party Delivery,,Completed,23.76
ORD0006760,CUST000001,R017,2026-07-28 11:40:04,Third-Party Delivery,,Completed,46.65
ORD0006761,CUST000456,R006,2026-06-25 11:44:04,Third-Party Delivery,,Completed,61.2
ORD0006762,CUST001484,R010,2026-06-10 18:17:04,Third-Party Delivery,,Completed,27.81
ORD0006763,CUST000200,R010,2026-05-10 20:09:04,Dine-in,,Completed,152.22
ORD0006764,CUST000528,R018,2026-09-23 11:59:04,Takeaway,,Completed,33.38
ORD0006765,CUST000933,R013,2026-04-24 18:16:04,Third-Party Delivery,PROMO002,Completed,38.0
ORD0006766,CUST001706,R006,2026-05-20 14:54:04,Website/App,,Completed,108.2
ORD0006767,CUST002846,R017,2026-03-10 21:35:04,Takeaway,,Completed,125.07
ORD0006768,CUST000526,R018,2026-09-18 23:08:04,Dine-in,,Completed,36.4
ORD0006769,CUST002942,R020,2026-09-05 22:25:04,Takeaway,,Completed,15.13
ORD0006770,CUST003415,R015,2026-01-27 14:09:04,Dine-in,,Completed,57.34
ORD0006771,CUST002587,R004,2026-09-14 19:41:04,Dine-in,,Completed,31.86
ORD0006772,CUST000166,R020,2026-08-15 13:37:04,Takeaway,,Completed,8.15
ORD0006773,CUST001753,R020,2026-09-08 11:04:04,Website/App,,Completed,73.41
ORD0006774,CUST002620,R001,2026-07-07 15:52:04,Dine-in,,Completed,24.28
ORD0006775,CUST003913,R007,2026-04-22 14:53:04,Dine-in,,Completed,108.82
ORD0006776,CUST003808,R005,2026-01-15 17:30:04,Dine-in,,Completed,98.34
ORD0006777,CUST001566,R003,2025-12-30 18:24:04,Dine-in,,Completed,82.8
ORD0006778,CUST002442,R004,2026-09-18 18:21:04,Website/App,,Completed,34.7
ORD0006779,CUST003559,R019,2026-05-20 14:01:04,Dine-in,,Completed,50.05
ORD0006780,CUST003314,R009,2026-09-07 22:12:04,Third-Party Delivery,,Completed,151.27
ORD0006781,CUST001913,R003,2026-03-16 21:11:04,Dine-in,,Completed,22.19
ORD0006782,CUST001046,R017,2026-09-19 12:12:04,Dine-in,,Completed,79.39
ORD0006783,CUST000543,R020,2026-08-11 22:03:04,Takeaway,,Completed,8.47
ORD0006784,CUST001948,R013,2026-07-22 14:48:04,Website/App,,Completed,20.09
ORD0006785,CUST002879,R017,2026-07-01 21:34:04,Third-Party Delivery,,Completed,56.83
ORD0006786,CUST003875,R001,2026-05-20 12:14:04,Takeaway,,Completed,11.35
ORD0006787,CUST003440,R011,2025-11-22 11:15:04,Dine-in,,Completed,188.32
ORD0006788,,R018,2026-08-22 22:42:04,Takeaway,,Completed,34.12
ORD0006789,CUST002867,R015,2026-09-17 11:09:04,Dine-in,,Completed,32.33
ORD0006790,CUST001149,R020,2026-09-24 13:39:04,Third-Party Delivery,,Completed,54.04
ORD0006791,CUST002720,R013,2026-09-16 20:25:04,Third-Party Delivery,,Completed,90.28
ORD0006792,CUST002639,R006,2026-09-21 18:33:04,Website/App,,Completed,16.69
ORD0006793,CUST001087,R009,2026-05-31 22:12:04,Takeaway,,Completed,26.16
ORD0006794,CUST000942,R001,2026-05-11 21:28:04,Dine-in,,Completed,32.52
ORD0006795,,R005,2026-05-06 14:45:04,Website/App,,Completed,8.15
ORD0006796,CUST000191,R014,2026-05-24 20:54:04,Takeaway,,Completed,103.59
ORD0006797,CUST003429,R010,2026-09-19 20:06:04,Third-Party Delivery,,Completed,119.2
ORD0006798,CUST000189,R020,2026-07-18 20:02:04,Dine-in,,Completed,46.52
ORD0006799,CUST000349,R015,2026-09-04 20:18:04,Takeaway,,Completed,23.98
ORD0006800,CUST000961,R008,2026-09-07 21:28:04,Dine-in,,Completed,61.36
ORD0006801,CUST003546,R009,2026-08-14 11:58:04,Third-Party Delivery,,Completed,51.16
ORD0006802,CUST001319,R017,2026-07-11 11:15:04,Website/App,,Completed,61.99
ORD0006803,CUST000781,R010,2026-09-07 14:35:04,Website/App,,Completed,78.92
ORD0006804,CUST002850,R013,2026-09-09 17:01:04,Takeaway,,Completed,22.07
ORD0006805,CUST001264,R019,2026-04-13 19:50:04,Website/App,,Completed,11.94
ORD0006806,CUST001321,R001,2026-04-16 15:03:04,Website/App,,Completed,29.23
ORD0006807,CUST002944,R018,2026-04-19 22:18:04,Third-Party Delivery,PROMO002,Completed,63.88
ORD0006808,CUST001012,R013,2026-08-05 18:18:04,Dine-in,,Completed,179.86
ORD0006809,CUST003584,R013,2026-08-19 19:03:04,Third-Party Delivery,,Completed,30.72
ORD0006810,CUST002230,R007,2026-08-21 22:39:04,Third-Party Delivery,,Completed,70.32
ORD0006811,CUST002136,R015,2026-08-20 16:25:04,Dine-in,,Completed,56.44
ORD0006812,CUST001059,R008,2026-09-16 11:13:04,Dine-in,,Completed,69.44
ORD0006813,CUST003336,R011,2026-03-31 14:08:04,Dine-in,,Completed,53.49
ORD0006814,CUST002276,R007,2026-05-27 11:22:04,Third-Party Delivery,,Completed,124.14
ORD0006815,CUST000625,R009,2026-09-11 16:19:04,Website/App,,Completed,58.3
ORD0006816,CUST000836,R017,2026-09-15 15:02:04,Website/App,,Completed,56.13
ORD0006817,CUST001866,R003,2026-07-28 21:09:04,Website/App,,Completed,22.62
ORD0006818,CUST003111,R019,2025-12-16 22:36:04,Takeaway,,Completed,35.53
ORD0006819,CUST003754,R016,2026-08-21 12:41:04,Dine-in,,Completed,67.21
ORD0006820,CUST002629,R005,2026-09-11 12:09:04,Third-Party Delivery,,Completed,24.1
ORD0006821,CUST002016,R010,2026-06-01 12:14:04,Website/App,,Completed,38.64
ORD0006822,,R013,2026-09-21 20:59:04,Third-Party Delivery,,Completed,29.09
ORD0006823,CUST002670,R003,2026-07-17 17:09:04,Takeaway,,Completed,57.24
ORD0006824,CUST003931,R015,2026-06-27 22:22:04,Website/App,,Completed,50.05
ORD0006825,,R011,2026-09-09 14:35:04,Dine-in,,Completed,143.04
ORD0006826,CUST000654,R013,2026-09-22 19:17:04,Takeaway,,Completed,70.65
ORD0006827,CUST000405,R003,2026-01-23 22:23:04,Dine-in,,Completed,146.34
ORD0006828,CUST001076,R019,2026-08-05 11:35:04,Takeaway,,Completed,60.26
ORD0006829,CUST002263,R010,2026-04-02 14:42:04,Website/App,,Completed,139.53
ORD0006830,CUST003786,R013,2026-07-20 18:01:04,Dine-in,,Completed,166.85
ORD0006831,CUST001190,R001,2025-11-30 22:26:04,Takeaway,,Completed,14.1
ORD0006832,CUST001211,R020,2026-06-29 20:28:04,Takeaway,,Completed,18.92
ORD0006833,CUST001922,R018,2026-02-06 11:42:04,Website/App,,Completed,60.26
ORD0006834,CUST003667,R007,2026-08-07 20:49:04,Dine-in,,Completed,58.46
ORD0006835,CUST001662,R004,2026-06-22 19:14:04,Takeaway,,Completed,47.76
ORD0006836,CUST000899,R001,2026-08-18 12:40:04,Dine-in,,Completed,12.86
ORD0006837,CUST000658,R005,2026-06-17 21:42:04,Takeaway,,Completed,15.13
ORD0006838,CUST001823,R020,2026-09-10 09:50:04,Third-Party Delivery,,Completed,98.74
ORD0006839,CUST003196,R013,2026-09-21 12:39:04,Third-Party Delivery,,Completed,112.16
ORD0006840,CUST001157,R017,2026-05-07 19:11:04,Website/App,,Completed,57.13
ORD0006841,CUST002045,R016,2026-08-08 22:23:04,Dine-in,,Completed,37.52
ORD0006842,CUST002387,R005,2026-04-13 11:24:04,Third-Party Delivery,PROMO002,Completed,9.11
ORD0006843,CUST001793,R007,2026-09-23 12:41:04,Website/App,,Completed,55.02
ORD0006844,CUST000780,R001,2026-02-02 13:28:04,Website/App,,Completed,119.02
ORD0006845,CUST003680,R006,2026-08-09 12:09:04,Third-Party Delivery,,Completed,21.07
ORD0006846,CUST002247,R005,2026-09-04 18:35:04,Dine-in,,Completed,103.74
ORD0006847,CUST002905,R011,2026-08-02 16:39:04,Takeaway,,Completed,66.6
ORD0006848,CUST002528,R008,2026-08-21 22:52:04,Dine-in,,Completed,174.65
ORD0006849,CUST003995,R001,2026-09-04 13:48:04,Third-Party Delivery,,Completed,30.24
ORD0006850,CUST001819,R011,2026-05-27 12:16:04,Takeaway,,Completed,69.75
ORD0006851,CUST001686,R009,2026-06-24 08:38:04,Dine-in,,Completed,69.02
ORD0006852,CUST001419,R017,2026-07-18 18:52:04,Takeaway,,Completed,27.34
ORD0006853,CUST001424,R005,2026-04-21 20:32:04,Takeaway,,Completed,101.21
ORD0006854,CUST001100,R019,2026-02-21 12:05:04,Takeaway,,Completed,33.79
ORD0006855,CUST003924,R017,2026-05-05 19:29:04,Website/App,,Completed,27.71
ORD0006856,CUST003481,R004,2025-08-27 18:43:04,Dine-in,,Completed,68.41
ORD0006857,CUST001254,R014,2026-08-28 19:05:04,Third-Party Delivery,,Completed,85.21
ORD0006858,CUST001211,R020,2026-09-23 14:42:04,Website/App,,Completed,49.44
ORD0006859,CUST000407,R001,2026-04-04 22:31:04,Website/App,,Completed,35.53
ORD0006860,CUST003507,R002,2026-04-20 14:01:04,Third-Party Delivery,,Completed,190.55
ORD0006861,CUST001466,R017,2026-08-05 14:29:04,Dine-in,,Completed,15.13
ORD0006862,CUST002275,R014,2026-08-21 14:08:04,Dine-in,,Completed,38.88
ORD0006863,CUST003597,R013,2026-03-27 14:56:04,Dine-in,,Completed,75.09
ORD0006864,CUST001613,R014,2026-09-05 14:56:04,Dine-in,,Completed,27.51
ORD0006865,CUST003221,R009,2026-09-24 19:08:04,Dine-in,,Completed,52.98
ORD0006866,CUST001709,R012,2025-10-16 20:32:04,Takeaway,,Completed,41.1
ORD0006867,CUST002794,R018,2026-07-18 11:17:04,Takeaway,,Completed,47.3
ORD0006868,CUST001712,R003,2026-08-04 14:28:04,Third-Party Delivery,,Completed,22.28
ORD0006869,CUST001552,R010,2026-08-27 19:53:04,Takeaway,,Completed,100.23
ORD0006870,CUST003964,R006,2026-07-16 14:20:04,Dine-in,,Completed,58.51
ORD0006871,CUST002427,R005,2026-09-24 14:51:04,Takeaway,,Completed,56.25
ORD0006872,CUST001448,R010,2025-12-01 14:51:04,Third-Party Delivery,,Completed,50.81
ORD0006873,CUST001031,R012,2026-04-25 14:33:04,Takeaway,,Completed,153.84
ORD0006874,CUST000147,R004,2026-05-11 13:35:04,Website/App,,Completed,20.77
ORD0006875,CUST002814,R017,2026-03-28 14:22:04,Dine-in,,Completed,118.12
ORD0006876,CUST001468,R015,2026-09-03 13:11:04,Dine-in,,Cancelled,22.19
ORD0006877,CUST003275,R001,2026-02-03 08:31:04,Takeaway,,Completed,120.71
ORD0006878,CUST001433,R005,2026-09-08 22:31:04,Takeaway,,Completed,11.9
ORD0006879,CUST001473,R012,2026-05-14 18:36:04,Dine-in,,Completed,8.39
ORD0006880,CUST003108,R009,2026-06-15 19:22:04,Takeaway,,Completed,97.45
ORD0006881,CUST001953,R003,2026-09-13 11:55:04,Third-Party Delivery,,Completed,88.02
ORD0006882,CUST003537,R003,2025-12-04 18:02:04,Takeaway,,Completed,75.05
ORD0006883,CUST002338,R017,2026-09-10 12:02:04,Dine-in,,Completed,23.46
ORD0006884,CUST000968,R013,2026-08-11 09:33:04,Website/App,,Completed,32.33
ORD0006885,CUST002259,R004,2025-12-28 11:53:04,Third-Party Delivery,,Completed,73.65
ORD0006886,CUST000018,R003,2026-09-09 14:52:04,Takeaway,,Completed,12.21
ORD0006887,CUST001238,R015,2026-09-12 11:50:04,Third-Party Delivery,,Completed,84.29
ORD0006888,CUST000840,R006,2026-05-24 22:23:04,Dine-in,,Completed,6.63
ORD0006889,CUST002596,R019,2026-02-04 11:15:04,Website/App,,Completed,49.66
ORD0006890,CUST000539,R020,2025-12-08 19:08:04,Third-Party Delivery,,Completed,17.88
ORD0006891,CUST001151,R002,2026-05-09 10:42:04,Takeaway,,Completed,226.66
ORD0006892,CUST001313,R003,2026-09-16 18:27:04,Website/App,,Completed,80.47
ORD0006893,CUST000015,R003,2026-08-19 20:26:04,Website/App,,Completed,91.0
ORD0006894,CUST000177,R010,2026-09-17 11:59:04,Third-Party Delivery,,Cancelled,41.1
ORD0006895,CUST001231,R012,2026-04-05 22:16:04,Dine-in,,Completed,20.12
ORD0006896,CUST000895,R017,2025-11-29 22:51:04,Takeaway,,Completed,47.55
ORD0006897,CUST000466,R003,2026-08-20 14:49:04,Takeaway,,Completed,44.83
ORD0006898,CUST000615,R011,2026-02-13 11:07:04,Takeaway,PROMO012,Completed,31.25
ORD0006899,CUST003337,R015,2026-09-22 21:05:04,Third-Party Delivery,,Completed,50.61
ORD0006900,,R017,2026-09-16 11:33:04,Dine-in,,Completed,98.98
ORD0006901,CUST001934,R010,2026-09-07 19:39:04,Takeaway,,Completed,132.93
ORD0006902,CUST003626,R020,2026-05-12 18:18:04,Website/App,,Completed,36.66
ORD0006903,CUST000110,R001,2026-05-04 15:05:04,Dine-in,,Completed,132.6
ORD0006904,CUST001359,R012,2026-09-15 11:32:04,Dine-in,,Completed,56.49
ORD0006905,CUST003280,R009,2026-06-11 14:07:04,Dine-in,,Completed,59.28
ORD0006906,CUST002499,R001,2026-08-16 12:31:04,Dine-in,,Completed,37.02
ORD0006907,CUST003928,R014,2026-08-18 20:01:04,Third-Party Delivery,,Completed,37.84
ORD0006908,CUST003775,R007,2026-08-16 20:54:04,Third-Party Delivery,,Completed,46.93
ORD0006909,CUST000687,R003,2026-06-19 20:29:04,Dine-in,,Completed,124.03
ORD0006910,CUST003885,R005,2026-09-17 14:42:04,Dine-in,,Completed,66.89
ORD0006911,CUST003780,R013,2026-07-16 13:50:04,Dine-in,,Completed,97.13
ORD0006912,CUST001475,R009,2026-08-03 11:34:04,Website/App,,Completed,42.19
ORD0006913,CUST003933,R005,2026-09-14 21:54:04,Third-Party Delivery,,Completed,52.69
ORD0006914,CUST000134,R014,2026-08-17 21:44:04,Dine-in,,Completed,-6.63
ORD0006915,CUST002623,R006,2026-03-14 20:25:04,Dine-in,,Completed,30.1
ORD0006916,CUST001066,R013,2026-09-24 22:36:04,Third-Party Delivery,,Completed,22.19
ORD0006917,CUST000512,R011,2026-06-25 20:14:04,Dine-in,,Completed,227.89
ORD0006918,CUST002294,R020,2026-04-29 12:44:04,Takeaway,,Completed,8.15
ORD0006919,CUST001215,R003,2026-08-13 21:37:04,Dine-in,,Completed,22.19
ORD0006920,CUST002644,R015,2026-07-13 22:27:04,Dine-in,,Completed,36.38
ORD0006921,CUST002145,R001,2026-09-08 21:59:04,Dine-in,,Completed,31.46
ORD0006922,CUST001551,R001,2026-08-12 12:21:04,Dine-in,,Completed,55.91
ORD0006923,CUST000740,R009,2025-12-24 19:34:04,Dine-in,,Completed,49.0
ORD0006924,CUST002381,R011,2026-09-10 19:16:04,Takeaway,,Completed,17.36
ORD0006925,CUST003303,R012,2026-09-22 13:53:04,Dine-in,,Completed,119.87
ORD0006926,CUST002377,R010,2026-08-26 13:28:04,Third-Party Delivery,,Completed,114.75
ORD0006927,CUST002419,R016,2026-08-04 19:18:04,Dine-in,,Completed,75.58
ORD0006928,CUST002040,R020,2026-09-23 11:35:04,Dine-in,,Completed,22.19
ORD0006929,CUST001535,R008,2026-09-20 18:00:04,Takeaway,,Completed,34.05
ORD0006930,CUST001826,R002,2026-09-20 21:19:04,Dine-in,,Completed,44.38
ORD0006931,,R008,2026-06-16 22:17:04,Dine-in,,Cancelled,170.12
ORD0006932,CUST002988,R004,2026-02-08 10:14:04,Dine-in,,Completed,60.26
ORD0006933,CUST001709,R012,2025-12-20 20:58:04,Dine-in,,Completed,134.23
ORD0006934,CUST001825,R004,2026-04-16 13:06:04,Dine-in,,Completed,4.36
ORD0006935,CUST001988,R014,2026-06-15 21:09:04,Third-Party Delivery,,Completed,38.12
ORD0006936,CUST002615,R010,2026-08-16 18:24:04,Website/App,,Completed,4.36
ORD0006937,CUST001858,R003,2026-09-18 18:23:04,Website/App,,Completed,81.47
ORD0006938,CUST002731,R019,2026-06-13 20:39:04,Third-Party Delivery,,Completed,77.52
ORD0006939,CUST001305,R009,2026-02-10 14:47:04,Dine-in,PROMO003,Completed,20.87
ORD0006940,CUST001627,R005,2026-02-28 15:33:04,Takeaway,,Completed,125.0
ORD0006941,CUST003452,R001,2026-04-15 14:34:04,Website/App,,Completed,5.1
ORD0006942,CUST001302,R020,2026-06-13 22:37:04,Third-Party Delivery,,Completed,18.25
ORD0006943,CUST003856,R006,2026-09-19 22:43:04,Dine-in,,Completed,68.33
ORD0006944,CUST000702,R003,2026-08-26 21:22:04,Dine-in,,Completed,106.21
ORD0006945,CUST000971,R015,2026-09-16 22:28:04,Takeaway,,Completed,53.11
ORD0006946,CUST001849,R010,2026-08-01 22:01:04,Dine-in,,Completed,82.8
ORD0006947,CUST003183,R017,2026-07-15 12:49:04,Dine-in,,Completed,46.93
ORD0006948,CUST002915,R006,2026-07-05 20:44:04,Website/App,,Completed,49.03
ORD0006949,CUST000711,R015,2026-08-26 20:28:04,Third-Party Delivery,,Completed,104.53
ORD0006950,CUST000952,R017,2026-05-15 20:09:04,Website/App,,Completed,46.53
ORD0006951,CUST002287,R015,2026-04-10 11:40:04,Dine-in,,Completed,33.71
ORD0006952,CUST001173,R006,2026-08-11 18:10:04,Dine-in,,Completed,134.61
ORD0006953,CUST001675,R014,2026-08-07 14:25:04,Website/App,,Completed,37.54
ORD0006954,CUST001943,R002,2026-08-31 11:28:04,Website/App,,Completed,63.35
ORD0006955,CUST002356,R020,2025-09-27 11:22:04,Dine-in,PROMO010,Completed,58.38
ORD0006956,CUST001010,R003,2026-08-20 22:00:04,Takeaway,,Completed,39.86
ORD0006957,CUST000658,R005,2026-08-12 14:48:04,Website/App,,Completed,54.55
ORD0006958,CUST001578,R019,2026-04-28 20:15:04,Dine-in,,Completed,41.55
ORD0006959,CUST000320,R004,2026-09-20 16:06:04,Dine-in,,Completed,142.34
ORD0006960,CUST002093,R005,2026-09-18 11:32:04,Dine-in,,Completed,18.27
ORD0006961,CUST003355,R020,2026-09-05 19:54:04,Takeaway,,Completed,-18.0
ORD0006962,CUST000472,R001,2026-08-01 22:04:04,Website/App,,Completed,58.54
ORD0006963,CUST000450,R013,2026-08-09 22:51:04,Website/App,,Completed,34.7
ORD0006964,CUST000313,R003,2026-07-01 08:09:04,Takeaway,,Completed,126.76
ORD0006965,CUST003388,R016,2026-07-11 11:12:04,Website/App,,Completed,71.55
ORD0006966,CUST000314,R016,2026-01-16 14:57:04,Third-Party Delivery,PROMO009,Completed,146.61
ORD0006967,CUST003935,R005,2026-08-30 20:05:04,Dine-in,,Completed,56.87
ORD0006968,CUST001411,R003,2026-06-05 13:47:04,Third-Party Delivery,,Completed,75.0
ORD0006969,CUST001301,R012,2026-03-15 12:24:04,Dine-in,,Completed,99.97
ORD0006970,CUST000363,R002,2026-08-14 14:59:04,Takeaway,,Completed,103.15
ORD0006971,CUST002323,R012,2026-08-08 10:26:04,Dine-in,,Completed,39.89
ORD0006972,CUST002323,R002,2026-09-17 21:39:04,Dine-in,,Completed,61.19
ORD0006973,CUST001968,R012,2026-09-06 18:52:04,Website/App,,Completed,92.35
ORD0006974,CUST001231,R002,2026-03-20 21:17:04,Dine-in,,Completed,59.75
ORD0006975,CUST001453,R020,2026-09-05 11:42:04,Dine-in,,Completed,18.92
ORD0006976,CUST001269,R014,2025-10-25 14:13:04,Third-Party Delivery,,Completed,69.81
ORD0006977,CUST001692,R011,2026-07-14 12:09:04,Website/App,,Completed,39.75
ORD0006978,CUST001349,R007,2026-09-20 19:27:04,Dine-in,,Completed,13.83
ORD0006979,CUST002679,R019,2026-08-10 13:48:04,Third-Party Delivery,,Cancelled,37.23
ORD0006980,CUST001176,R015,2025-11-24 19:41:04,Website/App,,Completed,94.48
ORD0006981,CUST001385,R007,2026-05-26 15:36:04,Takeaway,,Completed,100.84
ORD0006982,CUST001730,R002,2026-09-23 12:08:04,Takeaway,,Completed,8.36
ORD0006983,CUST000018,R013,2026-09-07 12:45:04,Dine-in,,Completed,83.86
ORD0006984,CUST001962,R003,2026-05-19 11:27:04,Dine-in,,Completed,44.34
ORD0006985,CUST001024,R003,2026-07-21 12:17:04,Website/App,,Completed,37.22
ORD0006986,CUST000214,R003,2026-09-24 18:43:04,Dine-in,,Completed,32.33
ORD0006987,CUST003636,R011,2026-08-08 22:58:04,Dine-in,,Completed,22.14
ORD0006988,CUST001278,R012,2026-08-04 19:46:04,Website/App,,Completed,86.94
ORD0006989,CUST001692,R016,2026-05-15 14:46:04,Website/App,,Completed,57.16
ORD0006990,CUST003296,R020,2026-08-06 13:45:04,Third-Party Delivery,,Completed,55.43
ORD0006991,CUST000673,R008,2026-08-18 14:42:04,Takeaway,,Completed,61.36
ORD0006992,CUST003399,R020,2026-03-04 22:34:04,Dine-in,,Completed,55.35
ORD0006993,CUST000971,R015,2026-06-19 11:25:04,Dine-in,,Completed,33.99
ORD0006994,CUST002335,R018,2026-07-25 17:41:04,Website/App,,Completed,117.38
ORD0006995,CUST002727,R017,2026-09-16 19:09:04,Dine-in,,Completed,42.27
ORD0006996,CUST003611,R013,2026-06-13 14:28:04,Dine-in,,Completed,67.49
ORD0006997,CUST002405,R004,2026-09-06 13:06:04,Website/App,,Completed,72.26
ORD0006998,CUST001807,R008,2026-07-31 21:22:04,Third-Party Delivery,,Completed,34.34
ORD0006999,CUST002273,R012,2026-02-01 20:13:04,Dine-in,PROMO003,Cancelled,176.56
ORD0007000,CUST000821,R005,2026-08-03 18:24:04,Third-Party Delivery,,Completed,12.51
ORD0007001,CUST002746,R008,2026-09-22 20:19:04,Dine-in,,Completed,46.3
ORD0007002,CUST000759,R003,2026-07-25 13:20:04,Third-Party Delivery,,Completed,22.21
ORD0007003,CUST002212,R016,2026-09-18 13:31:04,Takeaway,,Completed,52.31
ORD0007004,CUST002573,R012,2026-08-06 14:27:04,Third-Party Delivery,,Completed,73.06
ORD0007005,CUST003590,R005,2026-01-14 13:12:04,Takeaway,,Completed,21.63
ORD0007006,CUST001792,R007,2026-08-07 13:37:04,Takeaway,,Completed,47.55
ORD0007007,CUST003091,R015,2026-09-02 15:00:04,Dine-in,,Completed,-35.53
ORD0007008,CUST000676,R020,2026-08-25 13:01:04,Takeaway,,Completed,18.0
ORD0007009,CUST000628,R019,2026-06-05 13:02:04,Dine-in,,Completed,122.3
ORD0007010,CUST002086,R010,2025-12-06 16:49:04,Takeaway,,Completed,57.03
ORD0007011,CUST002363,R010,2026-06-14 19:03:04,Dine-in,,Completed,64.06
ORD0007012,CUST002515,R015,2026-07-30 22:00:04,Website/App,,Completed,30.95
ORD0007013,CUST002973,R005,2026-04-02 22:59:04,Takeaway,,Completed,25.44
ORD0007014,CUST001172,R014,2026-08-15 22:57:04,Website/App,,Completed,47.12
ORD0007015,CUST002473,R007,2026-09-20 19:10:04,Dine-in,,Completed,66.46
ORD0007016,CUST000765,R011,2026-05-11 11:54:04,Takeaway,,Completed,147.09
ORD0007017,CUST000883,R006,2026-08-10 11:31:04,Takeaway,,Completed,20.67
ORD0007018,CUST000261,R006,2026-09-12 11:32:04,Third-Party Delivery,,Completed,63.56
ORD0007019,CUST002978,R011,2026-09-11 11:34:04,Dine-in,,Completed,49.89
ORD0007020,CUST002021,R007,2026-01-04 22:26:04,Dine-in,,Completed,148.6
ORD0007021,CUST000959,R004,2026-09-03 21:44:04,Dine-in,,Completed,109.2
ORD0007022,CUST002208,R017,2025-12-20 18:15:04,Dine-in,,Completed,49.99
ORD0007023,CUST001396,R013,2026-07-10 13:39:04,Dine-in,,Completed,52.56
ORD0007024,CUST003345,R002,2026-06-08 14:32:04,Dine-in,,Completed,102.92
ORD0007025,CUST002096,R019,2026-05-23 22:34:04,Takeaway,,Completed,11.94
ORD0007026,CUST000111,R004,2026-06-07 22:48:04,Third-Party Delivery,,Completed,39.75
ORD0007027,CUST003942,R009,2026-07-29 21:03:04,Takeaway,,Completed,21.94
ORD0007028,CUST000289,R010,2026-02-02 18:14:04,Takeaway,PROMO003,Completed,92.4
ORD0007029,CUST002774,R018,2026-05-23 19:17:04,Dine-in,,Completed,32.33
ORD0007030,CUST001741,R018,2026-07-20 21:26:04,Takeaway,,Completed,5.79
ORD0007031,CUST001003,R017,2026-09-19 18:24:04,Dine-in,,Completed,64.56
ORD0007032,CUST002685,R018,2026-04-24 22:39:04,Third-Party Delivery,,Completed,50.96
ORD0007033,CUST000497,R006,2026-08-20 14:20:04,Dine-in,,Completed,35.5
ORD0007034,CUST003428,R002,2025-11-30 21:27:04,Dine-in,,Completed,117.45
ORD0007035,CUST001008,R007,2026-06-22 08:48:04,Dine-in,,Completed,22.05
ORD0007036,CUST001423,R016,2026-01-23 08:57:04,Third-Party Delivery,,Completed,86.78
ORD0007037,CUST002516,R012,2026-08-02 13:49:04,Takeaway,,Completed,69.04
ORD0007038,CUST000005,R017,2026-06-21 11:41:04,Dine-in,,Completed,37.12
ORD0007039,CUST001886,R005,2026-08-07 18:22:04,Website/App,,Completed,40.71
ORD0007040,CUST003571,R017,2026-09-22 14:17:04,Takeaway,,Completed,73.91
ORD0007041,CUST002706,R011,2026-07-08 13:39:04,Takeaway,,Completed,98.69
ORD0007042,CUST001533,R012,2026-07-31 13:25:04,Website/App,,Completed,28.68
ORD0007043,CUST002622,R020,2026-05-18 12:05:04,Dine-in,,Completed,23.29
ORD0007044,CUST003742,R006,2026-07-19 17:01:04,Website/App,,Completed,35.53
ORD0007045,CUST000764,R013,2026-05-18 13:36:04,Website/App,,Completed,61.4
ORD0007046,CUST002110,R010,2026-07-29 11:03:04,Dine-in,,Completed,64.53
ORD0007047,CUST000943,R006,2026-09-20 20:06:04,Dine-in,,Completed,8.15
ORD0007048,CUST003411,R017,2025-10-03 14:18:04,Takeaway,,Completed,21.15
ORD0007049,CUST002873,R020,2026-08-07 21:24:04,Dine-in,,Completed,117.69
ORD0007050,CUST003197,R017,2026-07-13 14:32:04,Third-Party Delivery,,Completed,51.95
ORD0007051,CUST003770,R005,2026-09-23 18:00:04,Dine-in,,Completed,54.57
ORD0007052,CUST000934,R018,2026-05-25 15:11:04,Takeaway,,Completed,136.91
ORD0007053,CUST000184,R006,2026-09-06 22:07:04,Third-Party Delivery,,Completed,26.57
ORD0007054,CUST001156,R001,2026-07-06 11:05:04,Dine-in,,Completed,38.04
ORD0007055,CUST001580,R003,2026-09-11 21:06:04,Dine-in,,Completed,53.35
ORD0007056,CUST002485,R001,2026-09-01 16:19:04,Takeaway,,Completed,74.01
ORD0007057,CUST003185,R007,2026-09-17 08:03:04,Third-Party Delivery,,Completed,210.01
ORD0007058,CUST001379,R006,2026-09-21 21:20:04,Dine-in,,Completed,65.98
ORD0007059,CUST001888,R001,2026-08-12 14:36:04,Dine-in,,Completed,43.04
ORD0007060,CUST003135,R018,2026-09-11 08:54:04,Third-Party Delivery,,Completed,3.79
ORD0007061,,R005,2026-01-21 22:01:04,Takeaway,,Completed,82.74
ORD0007062,CUST000874,R005,2026-09-11 20:09:04,Third-Party Delivery,,Completed,157.28
ORD0007063,CUST002335,R017,2026-08-25 14:50:04,Dine-in,,Completed,53.55
ORD0007064,CUST001733,R009,2026-06-06 21:31:04,Takeaway,,Completed,157.85
ORD0007065,CUST003793,R003,2026-09-13 12:06:04,Third-Party Delivery,,Completed,26.97
ORD0007066,CUST001407,R016,2026-07-04 20:50:04,Third-Party Delivery,,Completed,51.69
ORD0007067,CUST003026,R008,2026-04-29 22:35:04,Third-Party Delivery,,Completed,55.68
ORD0007068,CUST002314,R014,2026-08-27 18:55:04,Website/App,,Completed,69.4
ORD0007069,CUST000205,R004,2026-04-05 19:54:04,Dine-in,,Completed,75.06
ORD0007070,CUST000331,R009,2026-05-02 21:11:04,Takeaway,,Completed,99.08
ORD0007071,CUST000826,R001,2026-09-17 12:50:04,Third-Party Delivery,,Completed,21.63
ORD0007072,CUST000569,R012,2026-04-19 08:05:04,Dine-in,,Completed,65.1
ORD0007073,CUST001306,R016,2026-06-21 18:03:04,Takeaway,,Completed,181.04
ORD0007074,CUST002299,R008,2026-09-14 14:30:04,Takeaway,,Cancelled,31.3
ORD0007075,CUST002385,R001,2026-08-15 19:14:04,Website/App,,Completed,73.49
ORD0007076,CUST002329,R013,2026-09-24 20:54:04,Dine-in,,Completed,94.91
ORD0007077,CUST000468,R014,2026-09-12 11:49:04,Takeaway,,Completed,102.74
ORD0007078,CUST002378,R017,2026-03-19 13:36:04,Takeaway,,Completed,161.77
ORD0007079,CUST001621,R001,2026-08-28 22:29:04,Third-Party Delivery,,Completed,39.75
ORD0007080,CUST003603,R017,2025-11-20 19:08:04,Website/App,,Completed,164.29
ORD0007081,CUST003640,R007,2026-08-04 09:29:04,Dine-in,,Completed,64.43
ORD0007082,CUST003059,R007,2026-05-12 18:21:04,Takeaway,,Completed,8.68
ORD0007083,CUST002803,R011,2026-07-02 19:06:04,Third-Party Delivery,,Completed,30.24
ORD0007084,CUST000459,R020,2026-02-27 21:36:04,Third-Party Delivery,,Completed,153.95
ORD0007085,CUST000334,R005,2026-09-01 21:57:04,Website/App,,Completed,105.81
ORD0007086,CUST003360,R015,2026-09-18 14:28:04,Takeaway,,Completed,42.65
ORD0007087,CUST001696,R004,2026-01-28 13:44:04,Takeaway,,Completed,4.36
ORD0007088,CUST001798,R011,2026-06-25 13:55:04,Takeaway,,Completed,145.05
ORD0007089,CUST003388,R004,2025-10-10 12:08:04,Dine-in,,Completed,82.8
ORD0007090,CUST002469,R012,2026-07-02 12:42:04,Takeaway,,Completed,181.61
ORD0007091,CUST000729,R016,2026-09-16 22:40:04,Website/App,,Completed,50.05
ORD0007092,CUST000853,R007,2026-09-11 21:48:04,Takeaway,,Completed,43.69
ORD0007093,CUST000027,R015,2026-09-22 18:26:04,Website/App,,Completed,35.53
ORD0007094,CUST002828,R007,2026-07-05 11:46:04,Dine-in,,Completed,75.57
ORD0007095,CUST001939,R002,2026-04-29 11:02:04,Dine-in,,Completed,50.26
ORD0007096,CUST003799,R011,2026-09-01 11:03:04,Third-Party Delivery,,Completed,32.33
ORD0007097,CUST002842,R013,2026-08-03 21:57:04,Third-Party Delivery,,Completed,68.78
ORD0007098,CUST000405,R013,2026-01-03 22:22:04,Dine-in,,Completed,74.27
ORD0007099,CUST000651,R001,2026-04-28 13:47:04,Takeaway,,Completed,5.69
ORD0007100,CUST001995,R003,2026-05-29 22:55:04,Website/App,,Completed,23.71
ORD0007101,CUST003694,R004,2026-05-17 21:50:04,Third-Party Delivery,,Completed,18.69
ORD0007102,CUST000994,R007,2026-06-26 14:15:04,Website/App,,Completed,76.42
ORD0007103,CUST003289,R014,2026-07-03 14:16:04,Dine-in,,Completed,61.47
ORD0007104,CUST001237,R013,2025-10-21 20:02:04,Dine-in,,Completed,19.36
ORD0007105,CUST001080,R009,2026-06-12 12:41:04,Dine-in,,Completed,34.8
ORD0007106,CUST003599,R016,2026-08-31 13:34:04,Third-Party Delivery,,Completed,24.14
ORD0007107,CUST000179,R005,2026-09-18 20:21:04,Website/App,,Completed,88.13
ORD0007108,CUST002623,R019,2026-04-22 11:16:04,Dine-in,,Completed,39.75
ORD0007109,CUST000164,R010,2025-11-29 12:28:04,Website/App,,Completed,13.13
ORD0007110,CUST003197,R017,2026-09-18 20:20:04,Dine-in,,Completed,60.87
ORD0007111,CUST003304,R019,2026-03-26 11:53:04,Third-Party Delivery,,Completed,4.36
ORD0007112,CUST003568,R020,2026-07-13 22:40:04,Dine-in,,Completed,15.07
ORD0007113,CUST000756,R001,2026-08-11 19:54:04,Dine-in,,Completed,176.22
ORD0007114,CUST000491,R007,2026-08-05 14:21:04,Takeaway,,Completed,15.13
ORD0007115,CUST002001,R002,2026-08-22 22:12:04,Third-Party Delivery,,Completed,23.06
ORD0007116,CUST001085,R016,2026-06-15 14:56:04,Website/App,,Completed,73.11
ORD0007117,CUST002399,R006,2026-07-20 22:40:04,Dine-in,,Completed,67.2
ORD0007118,CUST002047,R015,2026-08-12 20:06:04,Website/App,,Completed,95.38
ORD0007119,CUST000578,R016,2026-07-04 21:10:04,Dine-in,,Completed,112.25
ORD0007120,CUST002945,R019,2026-06-24 22:56:04,Third-Party Delivery,,Completed,46.48
ORD0007121,CUST003209,R003,2026-07-30 17:17:04,Dine-in,,Completed,169.05
ORD0007122,CUST003851,R012,2026-05-17 13:37:04,Dine-in,,Completed,76.16
ORD0007123,CUST001565,R005,2026-07-12 14:47:04,Takeaway,,Completed,37.56
ORD0007124,CUST001337,R010,2026-03-03 10:08:04,Dine-in,,Completed,40.08
ORD0007125,CUST000782,R001,2026-06-12 12:03:04,Dine-in,,Completed,29.55
ORD0007126,CUST000736,R010,2026-09-21 19:01:04,Dine-in,,Completed,94.96
ORD0007127,CUST001272,R004,2026-03-24 11:10:04,Dine-in,,Completed,35.07
ORD0007128,CUST003929,R014,2026-09-05 22:02:04,Dine-in,,Completed,36.38
ORD0007129,CUST000365,R007,2026-08-27 22:10:04,Takeaway,,Completed,34.37
ORD0007130,CUST001038,R001,2026-09-03 11:42:04,Dine-in,,Completed,195.76
ORD0007131,CUST000338,R013,2026-07-31 20:37:04,Third-Party Delivery,,Completed,171.84
ORD0007132,CUST001091,R016,2026-07-30 18:46:04,Takeaway,,Completed,33.19
ORD0007133,CUST000365,R017,2026-09-08 11:10:04,Takeaway,,Completed,30.71
ORD0007134,,R017,2026-07-29 21:27:04,Dine-in,,Completed,87.22
ORD0007135,CUST001745,R006,2026-05-17 17:18:04,Third-Party Delivery,,Completed,20.66
ORD0007136,CUST000709,R014,2026-07-19 13:58:04,Takeaway,,Completed,87.1
ORD0007137,CUST000713,R008,2026-05-14 13:23:04,Website/App,,Completed,29.55
ORD0007138,CUST002488,R006,2026-05-22 18:09:04,Takeaway,PROMO005,Completed,36.6
ORD0007139,CUST001531,R003,2025-12-03 18:29:04,Takeaway,,Completed,20.67
ORD0007140,CUST000214,R013,2026-09-20 12:50:04,Dine-in,,Completed,60.81
ORD0007141,CUST003673,R007,2026-08-13 21:56:04,Website/App,,Completed,35.53
ORD0007142,CUST001602,R002,2026-05-09 12:33:04,Dine-in,,Completed,7.77
ORD0007143,CUST002344,R001,2025-09-02 12:47:04,Takeaway,,Completed,59.04
ORD0007144,CUST003539,R005,2026-06-27 15:41:04,Dine-in,,Completed,23.76
ORD0007145,CUST001592,R010,2026-07-30 11:02:04,Dine-in,,Completed,19.76
ORD0007146,CUST003273,R017,2026-04-05 13:51:04,Takeaway,,Completed,81.34
ORD0007147,CUST003652,R013,2026-09-17 22:30:04,Dine-in,,Completed,21.63
ORD0007148,CUST000709,R014,2026-08-30 18:22:04,Dine-in,,Cancelled,63.62
ORD0007149,CUST003565,R012,2026-02-14 22:33:04,Website/App,PROMO012,Completed,46.71
ORD0007150,CUST000476,R007,2025-12-13 22:29:04,Dine-in,,Completed,109.89
ORD0007151,CUST001098,R004,2026-05-11 21:39:04,Takeaway,,Completed,40.57
ORD0007152,CUST003226,R020,2026-09-02 11:40:04,Takeaway,,Completed,111.49
ORD0007153,CUST003597,R013,2026-03-03 21:44:04,Takeaway,,Cancelled,22.51
ORD0007154,CUST002723,R007,2026-08-17 11:19:04,Dine-in,,Completed,110.82
ORD0007155,CUST000411,R006,2026-09-18 17:08:04,Website/App,,Completed,23.4
ORD0007156,CUST002078,R013,2026-09-21 14:21:04,Website/App,,Completed,124.38
ORD0007157,CUST002275,R004,2026-04-10 20:52:04,Third-Party Delivery,,Completed,99.56
ORD0007158,CUST001122,R014,2025-12-22 18:06:04,Takeaway,,Completed,32.05
ORD0007159,CUST003965,R016,2026-07-17 11:57:04,Third-Party Delivery,,Completed,96.15
ORD0007160,CUST001331,R017,2026-06-25 20:26:04,Dine-in,,Completed,25.99
ORD0007161,CUST000851,R001,2026-06-17 11:07:04,Website/App,,Cancelled,58.37
ORD0007162,CUST000436,R019,2026-09-04 10:17:04,Dine-in,,Completed,138.82
ORD0007163,CUST001498,R003,2026-04-03 20:29:04,Third-Party Delivery,,Completed,17.27
ORD0007164,CUST002759,R004,2026-07-24 22:55:04,Dine-in,,Completed,65.55
ORD0007165,CUST000931,R017,2025-11-20 11:11:04,Third-Party Delivery,,Completed,11.55
ORD0007166,CUST003065,R008,2026-04-14 23:47:04,Third-Party Delivery,,Completed,82.95
ORD0007167,CUST000537,R008,2026-08-12 20:28:04,Website/App,,Completed,11.35
ORD0007168,CUST001752,R005,2026-06-04 12:43:04,Takeaway,,Completed,57.66
ORD0007169,CUST002800,R005,2026-05-17 18:40:04,Dine-in,,Completed,31.46
ORD0007170,CUST000536,R020,2026-04-23 19:58:04,Dine-in,,Completed,38.95
ORD0007171,CUST002370,R017,2026-01-05 12:44:04,Dine-in,,Completed,16.25
ORD0007172,CUST003188,R019,2026-06-28 21:44:04,Dine-in,,Completed,42.4
ORD0007173,CUST002360,R016,2026-08-01 20:55:04,Website/App,,Completed,116.58
ORD0007174,CUST002038,R017,2026-09-15 12:32:04,Dine-in,,Completed,120.14
ORD0007175,CUST003350,R018,2026-09-16 12:35:04,Third-Party Delivery,,Cancelled,122.49
ORD0007176,CUST003943,R018,2026-09-15 21:44:04,Takeaway,,Completed,170.38
ORD0007177,CUST000738,R005,2026-04-25 13:51:04,Dine-in,,Completed,85.04
ORD0007178,CUST002754,R005,2025-09-12 13:25:04,Website/App,,Cancelled,61.22
ORD0007179,CUST000314,R006,2025-12-11 12:15:04,Website/App,,Completed,57.23
ORD0007180,CUST000163,R004,2026-08-30 12:38:04,Takeaway,,Cancelled,-99.89
ORD0007181,CUST001117,R004,2026-09-11 13:27:04,Dine-in,,Completed,54.7
ORD0007182,CUST003882,R017,2026-03-25 12:07:04,Website/App,,Completed,19.65
ORD0007183,CUST002196,R011,2026-04-03 14:49:04,Third-Party Delivery,,Completed,65.64
ORD0007184,CUST001073,R019,2026-07-20 12:14:04,Dine-in,,Completed,31.46
ORD0007185,CUST000526,R001,2026-09-16 22:33:04,Website/App,,Completed,29.55
ORD0007186,CUST003673,R010,2026-07-06 20:34:04,Third-Party Delivery,,Completed,52.37
ORD0007187,CUST001428,R003,2026-07-08 19:08:04,Website/App,,Completed,31.46
ORD0007188,CUST001217,R016,2026-04-13 22:28:04,Dine-in,,Completed,40.65
ORD0007189,CUST003427,R006,2026-07-03 11:15:04,Dine-in,,Completed,15.93
ORD0007190,CUST002393,R008,2026-03-20 19:05:04,Website/App,,Completed,71.96
ORD0007191,CUST000680,R005,2026-05-02 14:01:04,Website/App,,Completed,8.99
ORD0007192,CUST001671,R014,2026-08-25 16:10:04,Takeaway,,Completed,27.1
ORD0007193,CUST003705,R015,2026-08-14 13:32:04,Dine-in,,Completed,30.24
ORD0007194,CUST003598,R015,2026-07-05 15:09:04,Dine-in,,Completed,77.45
ORD0007195,,R018,2026-03-20 12:00:04,Dine-in,,Completed,31.46
ORD0007196,,R008,2026-08-15 20:32:04,Dine-in,,Completed,19.05
ORD0007197,CUST000618,R003,2026-05-22 18:29:04,Third-Party Delivery,PROMO005,Completed,21.97
ORD0007198,CUST002118,R001,2026-04-15 09:11:04,Dine-in,,Completed,92.61
ORD0007199,CUST002989,R006,2026-02-22 09:20:04,Dine-in,,Completed,39.47
ORD0007200,CUST001174,R011,2026-08-30 18:39:04,Third-Party Delivery,,Completed,127.59
ORD0007201,CUST003021,R005,2026-04-15 11:29:04,Dine-in,PROMO002,Completed,38.7
ORD0007202,CUST002650,R019,2026-09-09 19:10:04,Dine-in,,Completed,120.12
ORD0007203,CUST002903,R002,2026-02-26 21:45:04,Third-Party Delivery,,Completed,60.26
ORD0007204,CUST003791,R007,2026-05-16 18:04:04,Dine-in,,Completed,81.78
ORD0007205,CUST001685,R010,2026-08-07 12:23:04,Dine-in,,Completed,48.53
ORD0007206,CUST001351,R012,2026-07-08 16:44:04,Takeaway,,Completed,30.26
ORD0007207,CUST002721,R013,2026-09-10 23:07:04,Dine-in,,Completed,93.44
ORD0007208,CUST003223,R007,2026-09-13 11:51:04,Dine-in,,Completed,43.72
ORD0007209,CUST000779,R010,2025-11-21 18:58:04,Website/App,,Completed,109.07
ORD0007210,CUST003384,R010,2026-07-06 11:49:04,Dine-in,,Completed,112.27
ORD0007211,CUST000222,R018,2026-09-11 12:32:04,Third-Party Delivery,,Completed,34.12
ORD0007212,CUST000027,R015,2026-08-27 12:28:04,Dine-in,,Completed,70.67
ORD0007213,CUST000637,R002,2026-09-24 18:50:04,Dine-in,,Completed,50.21
ORD0007214,CUST003913,R017,2026-08-27 11:49:04,Website/App,,Completed,45.03
ORD0007215,CUST002082,R010,2026-08-18 12:41:04,Takeaway,,Completed,25.38
ORD0007216,CUST000176,R017,2026-03-06 12:56:04,Dine-in,,Completed,143.78
ORD0007217,CUST003991,R013,2026-03-23 11:40:04,Third-Party Delivery,,Completed,152.33
ORD0007218,CUST002970,R007,2026-09-17 21:58:04,Dine-in,,Completed,122.06
ORD0007219,CUST003349,R005,2026-09-21 18:58:04,Website/App,,Completed,26.66
ORD0007220,CUST000861,R015,2026-02-18 21:44:04,Third-Party Delivery,,Completed,55.6
ORD0007221,CUST000413,R013,2026-09-24 16:52:04,Dine-in,,Completed,65.54
ORD0007222,CUST002051,R010,2026-09-16 13:16:04,Third-Party Delivery,,Completed,78.04
ORD0007223,CUST003077,R016,2026-06-11 14:14:04,Dine-in,,Completed,22.91
ORD0007224,CUST002537,R018,2025-12-26 13:11:04,Website/App,,Cancelled,51.18
ORD0007225,CUST002510,R007,2026-09-03 13:10:04,Website/App,,Completed,14.39
ORD0007226,CUST003018,R001,2026-09-22 12:15:04,Takeaway,,Completed,15.13
ORD0007227,CUST000912,R010,2026-02-11 21:55:04,Dine-in,PROMO003,Completed,77.89
ORD0007228,CUST002624,R014,2026-08-14 21:28:04,Third-Party Delivery,,Completed,56.69
ORD0007229,CUST001549,R002,2026-07-23 20:12:04,Third-Party Delivery,,Completed,73.68
ORD0007230,CUST000271,R020,2026-06-10 21:18:04,Dine-in,,Completed,6.8
ORD0007231,CUST000821,R015,2026-09-02 14:50:04,Takeaway,,Completed,105.44
ORD0007232,CUST003171,R004,2026-07-26 12:36:04,Dine-in,,Completed,66.95
ORD0007233,CUST003580,R006,2026-08-04 18:15:04,Takeaway,,Completed,143.03
ORD0007234,CUST001126,R009,2026-06-19 11:01:04,Dine-in,,Completed,34.93
ORD0007235,CUST000775,R014,2026-09-20 11:53:04,Dine-in,,Completed,12.14
ORD0007236,CUST000100,R001,2026-09-22 20:04:04,Takeaway,,Completed,95.75
ORD0007237,CUST003787,R011,2026-05-06 13:20:04,Takeaway,,Completed,16.75
ORD0007238,CUST002721,R013,2026-09-13 19:10:04,Website/App,,Completed,82.92
ORD0007239,CUST003827,R009,2026-05-17 13:46:04,Takeaway,,Completed,122.55
ORD0007240,CUST003451,R004,2026-07-15 21:45:04,Dine-in,,Completed,34.36
ORD0007241,CUST001344,R014,2026-06-10 10:29:04,Dine-in,,Completed,22.32
ORD0007242,CUST000450,R013,2026-08-16 22:47:04,Website/App,,Completed,64.49
ORD0007243,CUST001987,R010,2026-09-14 14:27:04,Website/App,,Completed,34.05
ORD0007244,CUST000100,R005,2026-09-24 12:20:04,Takeaway,,Completed,15.97
ORD0007245,,R012,2026-01-11 23:33:04,Dine-in,,Cancelled,47.55
ORD0007246,CUST000938,R020,2026-02-04 11:10:04,Third-Party Delivery,PROMO003,Completed,51.96
ORD0007247,CUST002639,R006,2026-08-06 14:10:04,Takeaway,,Completed,101.13
ORD0007248,CUST002032,R008,2026-07-06 19:20:04,Website/App,,Completed,61.44
ORD0007249,CUST001202,R014,2026-09-13 14:43:04,Dine-in,,Completed,84.02
ORD0007250,CUST002245,R009,2026-09-10 11:55:04,Dine-in,,Completed,138.55
ORD0007251,CUST000494,R017,2026-09-06 11:36:04,Takeaway,,Completed,31.4
ORD0007252,CUST003010,R004,2026-09-24 13:30:04,Dine-in,,Completed,-68.24
ORD0007253,CUST002835,R011,2026-09-18 18:12:04,Dine-in,,Completed,73.76
ORD0007254,CUST000872,R015,2026-01-04 12:56:04,Takeaway,,Completed,96.09
ORD0007255,CUST002400,R012,2026-08-27 16:33:04,Dine-in,,Completed,74.9
ORD0007256,CUST002000,R008,2026-05-04 22:54:04,Takeaway,,Completed,70.5
ORD0007257,CUST000234,R003,2026-09-16 18:32:04,Third-Party Delivery,,Completed,75.4
ORD0007258,CUST001107,R016,2026-08-19 22:21:04,Third-Party Delivery,,Completed,37.25
ORD0007259,CUST003999,R020,2026-09-12 22:54:04,Dine-in,,Completed,22.83
ORD0007260,CUST000390,R020,2026-03-06 19:35:04,Third-Party Delivery,,Completed,33.38
ORD0007261,CUST002018,R013,2026-09-19 18:30:04,Dine-in,,Completed,11.94
ORD0007262,CUST003393,R014,2026-02-19 12:57:04,Website/App,,Completed,20.09
ORD0007263,CUST001197,R020,2026-08-12 13:56:04,Dine-in,,Completed,14.42
ORD0007264,CUST001043,R007,2026-04-01 19:43:04,Website/App,,Completed,179.18
ORD0007265,CUST003559,R016,2026-07-13 14:30:04,Dine-in,,Completed,28.62
ORD0007266,CUST001209,R009,2026-04-13 22:12:04,Website/App,,Completed,92.25
ORD0007267,CUST002587,R005,2026-09-10 14:11:04,Third-Party Delivery,,Completed,40.79
ORD0007268,CUST002949,R005,2026-05-31 22:53:04,Website/App,PROMO005,Completed,125.08
ORD0007269,CUST003149,R018,2026-09-22 14:17:04,Dine-in,,Completed,50.05
ORD0007270,CUST003983,R013,2026-08-26 12:38:04,Third-Party Delivery,,Completed,30.2
ORD0007271,CUST003205,R017,2026-09-16 13:47:04,Dine-in,,Completed,15.13
ORD0007272,CUST002606,R007,2026-09-17 12:34:04,Takeaway,,Completed,12.54
ORD0007273,CUST003578,R010,2026-09-12 15:22:04,Third-Party Delivery,,Completed,95.01
ORD0007274,CUST003613,R001,2026-08-18 20:12:04,Dine-in,,Completed,51.96
ORD0007275,CUST003890,R012,2026-07-28 20:25:04,Dine-in,,Completed,107.07
ORD0007276,CUST003095,R004,2026-05-23 18:31:04,Website/App,PROMO005,Completed,69.4
ORD0007277,CUST000793,R010,2026-04-29 20:20:04,Third-Party Delivery,,Completed,32.57
ORD0007278,CUST002825,R010,2026-08-05 21:06:04,Dine-in,,Completed,52.65
ORD0007279,CUST000295,R008,2026-09-24 20:21:04,Dine-in,,Completed,89.06
ORD0007280,CUST001260,R006,2026-08-08 10:27:04,Dine-in,,Completed,31.46
ORD0007281,CUST000462,R010,2026-03-13 22:35:04,Website/App,,Completed,17.27
ORD0007282,CUST003799,R011,2026-04-07 10:30:04,Dine-in,,Completed,38.19
ORD0007283,CUST001340,R001,2026-04-23 13:57:04,Takeaway,,Cancelled,81.41
ORD0007284,CUST002839,R002,2026-09-22 22:42:04,Dine-in,,Completed,110.57
ORD0007285,CUST002269,R004,2026-05-10 12:59:04,Dine-in,,Completed,41.52
ORD0007286,CUST000422,R015,2026-06-04 10:46:04,Takeaway,,Completed,51.21
ORD0007287,CUST002230,R014,2026-04-10 19:52:04,Takeaway,,Completed,45.15
ORD0007288,CUST002623,R019,2026-07-13 18:34:04,Takeaway,,Completed,16.04
ORD0007289,CUST003524,R020,2026-08-07 13:16:04,Dine-in,,Completed,20.05
ORD0007290,CUST000273,R008,2026-09-17 21:02:04,Dine-in,,Completed,30.51
ORD0007291,CUST001175,R009,2026-05-27 13:15:04,Dine-in,,Completed,29.55
ORD0007292,CUST002757,R012,2026-04-17 11:16:04,Dine-in,PROMO002,Completed,62.63
ORD0007293,CUST000127,R009,2026-06-12 19:47:04,Dine-in,,Completed,116.6
ORD0007294,CUST000827,R003,2026-07-26 13:31:04,Third-Party Delivery,,Completed,14.42
ORD0007295,CUST000880,R002,2026-07-08 18:09:04,Dine-in,,Completed,61.92
ORD0007296,CUST002654,R001,2026-09-01 21:25:04,Website/App,,Completed,121.89
ORD0007297,CUST001139,R001,2026-09-07 21:50:04,Website/App,,Completed,38.59
ORD0007298,CUST002376,R009,2026-05-30 19:31:04,Website/App,,Completed,93.53
ORD0007299,CUST003860,R011,2026-09-19 19:03:04,Takeaway,,Completed,71.08
ORD0007300,CUST003167,R008,2026-07-01 12:23:04,Website/App,,Completed,113.94
ORD0007301,CUST001319,R017,2026-07-21 10:37:04,Third-Party Delivery,,Completed,34.78
ORD0007302,CUST001885,R016,2026-03-12 20:08:04,Dine-in,,Completed,102.7
ORD0007303,CUST000817,R001,2026-01-17 14:56:04,Website/App,PROMO009,Completed,99.44
ORD0007304,CUST000061,R014,2026-06-13 20:35:04,Dine-in,,Completed,52.31
ORD0007305,CUST001150,R012,2026-05-17 19:06:04,Website/App,,Completed,123.2
ORD0007306,CUST001456,R018,2026-02-05 14:24:04,Dine-in,,Completed,26.42
ORD0007307,CUST002243,R015,2026-09-07 18:19:04,Dine-in,,Completed,37.45
ORD0007308,CUST003774,R006,2026-05-20 22:43:04,Dine-in,,Completed,138.83
ORD0007309,CUST003789,R007,2026-07-24 19:41:04,Dine-in,,Completed,47.55
ORD0007310,CUST000273,R002,2026-05-20 21:13:04,Takeaway,,Completed,33.06
ORD0007311,CUST002436,R006,2026-07-26 10:09:04,Dine-in,,Completed,15.13
ORD0007312,CUST000161,R016,2026-06-01 13:08:04,Website/App,,Completed,54.47
ORD0007313,CUST002574,R009,2025-12-28 14:23:04,Dine-in,,Completed,30.43
ORD0007314,CUST000468,R014,2026-09-14 16:23:04,Website/App,,Completed,34.12
ORD0007315,CUST003783,R010,2025-11-20 10:00:04,Website/App,,Completed,153.53
ORD0007316,CUST003454,R006,2026-09-07 14:04:04,Dine-in,,Completed,78.66
ORD0007317,CUST000085,R016,2026-05-08 11:51:04,Dine-in,,Completed,30.72
ORD0007318,,R017,2026-08-10 20:09:04,Third-Party Delivery,,Completed,124.98
ORD0007319,CUST002527,R006,2026-05-09 13:43:04,Website/App,,Completed,6.86
ORD0007320,CUST001977,R020,2026-05-27 19:11:04,Dine-in,PROMO005,Completed,52.98
ORD0007321,CUST002385,R011,2026-08-04 13:55:04,Website/App,,Completed,54.57
ORD0007322,CUST002693,R005,2026-03-10 21:48:04,Takeaway,,Completed,62.21
ORD0007323,CUST003535,R013,2026-06-11 14:09:04,Website/App,,Completed,12.15
ORD0007324,CUST003056,R014,2026-02-24 18:05:04,Third-Party Delivery,,Completed,23.76
ORD0007325,CUST002287,R015,2026-08-18 18:19:04,Takeaway,,Completed,132.34
ORD0007326,CUST003284,R001,2026-09-24 21:56:04,Takeaway,,Completed,47.55
ORD0007327,CUST003948,R005,2026-06-16 20:13:04,Takeaway,,Completed,87.58
ORD0007328,CUST001195,R017,2025-12-14 18:03:04,Website/App,,Completed,65.42
ORD0007329,CUST000470,R001,2026-06-13 19:57:04,Dine-in,,Completed,81.61
ORD0007330,CUST002915,R016,2026-07-02 20:59:04,Takeaway,,Cancelled,53.21
ORD0007331,CUST003913,R017,2026-08-11 20:47:04,Takeaway,,Completed,81.46
ORD0007332,CUST000466,R003,2026-08-13 14:06:04,Website/App,,Completed,100.83
ORD0007333,CUST001715,R019,2026-08-23 14:13:04,Third-Party Delivery,,Completed,57.08
ORD0007334,CUST000241,R019,2026-02-14 19:52:04,Third-Party Delivery,,Completed,106.51
ORD0007335,CUST003096,R002,2025-09-30 21:56:04,Dine-in,,Completed,75.24
ORD0007336,CUST003792,R010,2026-03-16 20:09:04,Dine-in,,Completed,24.28
ORD0007337,CUST001987,R020,2026-09-14 21:21:04,Dine-in,,Completed,139.94
ORD0007338,CUST001620,R001,2026-09-06 12:37:04,Website/App,,Completed,73.83
ORD0007339,CUST003620,R002,2026-09-17 13:08:04,Takeaway,,Completed,33.13
ORD0007340,CUST000528,R018,2026-09-03 13:05:04,Takeaway,,Completed,6.8
ORD0007341,,R017,2026-04-22 11:17:04,Website/App,,Completed,45.72
ORD0007342,CUST001549,R019,2026-09-19 13:29:04,Takeaway,,Completed,64.68
ORD0007343,CUST002221,R019,2026-09-23 12:33:04,Third-Party Delivery,,Completed,70.71
ORD0007344,CUST002096,R006,2026-06-16 23:21:04,Takeaway,,Completed,71.9
ORD0007345,CUST002442,R004,2026-09-16 21:29:04,Dine-in,,Completed,16.58
ORD0007346,CUST003766,R009,2026-09-22 13:32:04,Dine-in,,Completed,79.78
ORD0007347,CUST003804,R001,2026-06-04 14:54:04,Website/App,,Completed,48.22
ORD0007348,CUST003315,R016,2026-09-20 22:36:04,Dine-in,,Completed,44.07
ORD0007349,CUST000779,R006,2026-09-12 20:33:04,Takeaway,,Completed,13.0
ORD0007350,CUST001321,R001,2026-07-25 19:36:04,Dine-in,,Completed,35.07
ORD0007351,CUST001947,R009,2026-09-23 22:01:04,Website/App,,Cancelled,88.9
ORD0007352,CUST003611,R009,2026-06-03 19:49:04,Takeaway,,Completed,21.63
ORD0007353,CUST002072,R009,2026-08-29 22:33:04,Dine-in,,Completed,82.14
ORD0007354,CUST003909,R001,2026-06-22 11:04:04,Website/App,,Completed,46.37
ORD0007355,CUST003938,R013,2026-07-13 18:52:04,Third-Party Delivery,,Completed,80.17
ORD0007356,CUST002374,R008,2026-08-14 21:10:04,Takeaway,,Completed,88.65
ORD0007357,CUST003509,R011,2026-09-15 18:49:04,Website/App,,Completed,43.32
ORD0007358,CUST003998,R003,2026-06-25 20:17:04,Dine-in,,Completed,96.03
ORD0007359,CUST003395,R018,2026-09-21 10:38:04,Dine-in,,Completed,151.28
ORD0007360,CUST002606,R017,2026-09-19 19:11:04,Takeaway,,Completed,43.74
ORD0007361,CUST003376,R018,2026-06-21 12:21:04,Website/App,,Completed,52.35
ORD0007362,CUST000322,R004,2026-09-04 11:51:04,Website/App,,Completed,33.2
ORD0007363,CUST002523,R020,2026-07-10 20:26:04,Third-Party Delivery,,Completed,51.39
ORD0007364,CUST000872,R004,2026-04-04 09:41:04,Dine-in,,Completed,37.17
ORD0007365,CUST000463,R007,2026-05-31 20:48:04,Website/App,,Cancelled,117.26
ORD0007366,CUST003566,R018,2026-09-17 19:22:04,Third-Party Delivery,,Completed,4.78
ORD0007367,CUST002544,R020,2026-09-05 11:14:04,Takeaway,,Completed,22.19
ORD0007368,CUST000978,R020,2026-01-01 23:12:04,Dine-in,PROMO008,Completed,46.37
ORD0007369,CUST001530,R014,2026-04-19 11:28:04,Website/App,,Completed,28.84
ORD0007370,CUST003890,R008,2026-09-10 22:17:04,Website/App,,Completed,34.7
ORD0007371,CUST003442,R006,2026-09-20 15:48:04,Takeaway,,Completed,45.91
ORD0007372,CUST000060,R004,2026-05-27 22:48:04,Website/App,,Completed,62.0
ORD0007373,CUST003921,R018,2026-07-02 13:03:04,Dine-in,,Completed,54.25
ORD0007374,CUST001452,R005,2026-04-30 19:06:04,Website/App,,Completed,5.1
ORD0007375,CUST002772,R016,2026-05-28 12:28:04,Website/App,,Completed,32.39
ORD0007376,CUST002837,R005,2026-05-18 11:45:04,Takeaway,,Completed,9.11
ORD0007377,CUST003639,R020,2026-09-23 18:46:04,Website/App,,Completed,16.76
ORD0007378,CUST003537,R003,2026-03-10 12:46:04,Website/App,,Completed,49.64
ORD0007379,CUST001121,R017,2026-03-02 13:10:04,Dine-in,,Completed,72.14
ORD0007380,CUST002556,R017,2026-07-03 12:21:04,Takeaway,,Completed,43.68
ORD0007381,CUST001556,R012,2026-03-16 21:33:04,Takeaway,,Completed,65.61
ORD0007382,CUST002088,R003,2026-09-24 19:10:04,Dine-in,,Completed,100.44
ORD0007383,CUST002205,R017,2025-12-16 12:11:04,Website/App,,Completed,169.27
ORD0007384,CUST001568,R013,2026-01-07 13:31:04,Dine-in,,Completed,18.82
ORD0007385,CUST001850,R020,2026-08-01 23:46:04,Third-Party Delivery,,Completed,116.27
ORD0007386,CUST000843,R020,2026-08-20 13:46:04,Dine-in,,Completed,12.33
ORD0007387,CUST002405,R012,2026-09-10 20:08:04,Dine-in,,Completed,52.65
ORD0007388,CUST003024,R009,2026-07-24 20:58:04,Third-Party Delivery,,Completed,37.69
ORD0007389,CUST001707,R003,2026-03-29 13:42:04,Dine-in,,Completed,205.71
ORD0007390,CUST003910,R004,2026-06-10 19:26:04,Dine-in,,Completed,62.64
ORD0007391,CUST000219,R019,2026-05-25 22:36:04,Dine-in,,Completed,46.97
ORD0007392,CUST002335,R017,2026-07-26 20:18:04,Third-Party Delivery,,Completed,11.94
ORD0007393,CUST002316,R004,2026-07-21 21:12:04,Third-Party Delivery,,Completed,16.3
ORD0007394,CUST000136,R016,2026-09-15 14:06:04,Dine-in,,Completed,47.79
ORD0007395,CUST000906,R020,2026-07-20 09:38:04,Dine-in,,Completed,27.51
ORD0007396,CUST003612,R002,2026-09-17 20:38:04,Dine-in,,Completed,28.1
ORD0007397,CUST002164,R019,2026-02-23 18:04:04,Dine-in,,Completed,35.53
ORD0007398,CUST001736,R003,2026-09-17 20:31:04,Dine-in,,Completed,31.46
ORD0007399,CUST001648,R007,2026-09-13 20:38:04,Takeaway,,Completed,37.08
ORD0007400,CUST003548,R012,2026-04-23 12:16:04,Dine-in,,Completed,49.15
ORD0007401,CUST001448,R020,2026-09-02 21:54:04,Third-Party Delivery,,Completed,25.89
ORD0007402,CUST003431,R007,2026-04-20 19:54:04,Dine-in,,Completed,51.72
ORD0007403,CUST001224,R015,2026-03-26 21:26:04,Website/App,,Completed,50.42
ORD0007404,CUST002109,R015,2026-04-02 13:36:04,Website/App,,Completed,15.13
ORD0007405,CUST000572,R012,2026-05-08 22:53:04,Website/App,,Completed,58.86
ORD0007406,CUST003287,R013,2026-06-26 11:51:04,Website/App,,Completed,45.39
ORD0007407,CUST002933,R009,2026-04-19 13:39:04,Third-Party Delivery,,Completed,19.51
ORD0007408,CUST002104,R005,2026-06-18 22:26:04,Takeaway,,Completed,130.11
ORD0007409,CUST000096,R014,2026-09-23 21:53:04,Dine-in,,Completed,22.19
ORD0007410,CUST001922,R018,2025-12-11 18:25:04,Takeaway,,Completed,29.55
ORD0007411,CUST000907,R018,2025-11-21 18:32:04,Dine-in,,Completed,60.26
ORD0007412,CUST001639,R001,2026-07-25 21:17:04,Takeaway,,Cancelled,16.69
ORD0007413,CUST003423,R014,2026-07-20 22:51:04,Third-Party Delivery,,Completed,81.64
ORD0007414,CUST003066,R008,2026-07-01 18:54:04,Dine-in,,Completed,169.85
ORD0007415,CUST000973,R017,2026-06-07 14:19:04,Third-Party Delivery,,Completed,58.51
ORD0007416,CUST003942,R009,2026-06-24 20:54:04,Website/App,,Completed,18.0
ORD0007417,CUST003603,R017,2026-09-06 22:01:04,Third-Party Delivery,,Completed,32.52
ORD0007418,CUST002098,R008,2026-06-20 11:02:04,Dine-in,,Completed,25.56
ORD0007419,CUST002105,R001,2026-02-16 11:53:04,Takeaway,,Completed,50.95
ORD0007420,CUST003599,R016,2026-09-04 22:46:04,Third-Party Delivery,,Completed,61.75
ORD0007421,CUST002529,R005,2026-03-02 15:06:04,Third-Party Delivery,,Completed,87.43
ORD0007422,CUST002130,R007,2026-09-01 18:17:04,Third-Party Delivery,,Completed,137.16
ORD0007423,CUST002987,R013,2026-05-18 22:38:04,Dine-in,,Completed,62.03
ORD0007424,CUST000945,R014,2026-09-01 12:14:04,Third-Party Delivery,,Completed,31.68
ORD0007425,CUST003514,R002,2026-07-15 21:25:04,Takeaway,,Completed,75.96
ORD0007426,CUST002109,R002,2026-03-26 13:04:04,Dine-in,,Completed,56.44
ORD0007427,CUST002391,R011,2026-08-24 12:48:04,Website/App,,Completed,60.07
ORD0007428,CUST000356,R007,2026-05-31 14:17:04,Takeaway,,Completed,29.55
ORD0007429,CUST001226,R001,2026-09-23 23:03:04,Website/App,,Completed,15.24
ORD0007430,CUST001696,R011,2026-05-07 13:31:04,Dine-in,,Completed,14.0
ORD0007431,CUST001640,R004,2025-12-21 18:36:04,Dine-in,,Completed,56.44
ORD0007432,CUST003102,R018,2026-06-18 12:51:04,Dine-in,,Completed,71.38
ORD0007433,CUST001124,R019,2026-06-25 18:27:04,Third-Party Delivery,,Completed,93.78
ORD0007434,CUST000741,R020,2026-06-23 21:33:04,Third-Party Delivery,,Completed,62.81
ORD0007435,CUST002313,R010,2026-05-10 14:39:04,Dine-in,,Completed,24.34
ORD0007436,CUST002438,R018,2026-07-28 14:08:04,Website/App,,Cancelled,45.72
ORD0007437,CUST000482,R013,2026-08-29 21:56:04,Dine-in,,Completed,15.93
ORD0007438,CUST000012,R017,2026-09-10 14:28:04,Takeaway,,Cancelled,34.7
ORD0007439,CUST003663,R011,2026-07-23 14:20:04,Website/App,,Completed,55.34
ORD0007440,CUST000311,R016,2026-09-10 12:02:04,Dine-in,,Completed,74.63
ORD0007441,CUST003587,R017,2026-07-01 19:44:04,Dine-in,,Completed,62.76
ORD0007442,CUST001580,R016,2026-09-11 19:56:04,Dine-in,,Completed,16.69
ORD0007443,CUST002592,R004,2026-09-20 11:14:04,Dine-in,,Completed,26.68
ORD0007444,CUST000756,R011,2026-03-24 17:41:04,Website/App,,Completed,140.46
ORD0007445,CUST003281,R012,2026-03-21 11:11:04,Website/App,,Completed,123.9
ORD0007446,CUST000732,R008,2026-09-03 19:47:04,Dine-in,,Completed,73.21
ORD0007447,,R009,2026-09-09 12:38:04,Dine-in,,Completed,44.53
ORD0007448,CUST000958,R008,2026-09-12 12:28:04,Dine-in,,Completed,97.22
ORD0007449,CUST003346,R008,2026-02-17 22:56:04,Takeaway,PROMO012,Completed,33.4
ORD0007450,CUST003428,R012,2025-09-12 12:38:04,Third-Party Delivery,,Completed,109.77
ORD0007451,CUST001467,R016,2026-04-04 22:15:04,Dine-in,,Completed,9.21
ORD0007452,CUST001220,R020,2026-05-04 11:44:04,Dine-in,,Completed,178.13
ORD0007453,CUST003083,R009,2026-06-16 12:58:04,Third-Party Delivery,,Completed,18.0
ORD0007454,CUST003514,R001,2026-01-25 20:04:04,Takeaway,PROMO011,Completed,7.77
ORD0007455,CUST002478,R017,2026-05-07 20:56:04,Third-Party Delivery,,Completed,8.99
ORD0007456,CUST003702,R005,2026-08-13 22:07:04,Third-Party Delivery,,Cancelled,9.21
ORD0007457,CUST001516,R002,2026-07-30 19:51:04,Dine-in,,Completed,105.87
ORD0007458,CUST000604,R015,2026-01-19 21:47:04,Dine-in,,Completed,139.89
ORD0007459,CUST000730,R003,2026-08-19 14:41:04,Website/App,,Completed,7.1
ORD0007460,CUST002656,R016,2026-01-20 10:58:04,Dine-in,PROMO009,Completed,69.81
ORD0007461,CUST001611,R012,2025-10-29 21:19:04,Takeaway,,Completed,155.35
ORD0007462,CUST000628,R019,2026-08-29 12:19:04,Website/App,,Completed,67.62
ORD0007463,CUST001160,R003,2026-05-18 13:38:04,Dine-in,,Completed,-23.32
ORD0007464,CUST002106,R020,2026-07-05 21:47:04,Website/App,,Completed,65.53
ORD0007465,CUST000482,R013,2026-07-07 11:23:04,Website/App,,Completed,15.07
ORD0007466,CUST000015,R013,2025-12-28 12:47:04,Dine-in,,Completed,30.24
ORD0007467,CUST003661,R013,2026-05-14 08:42:04,Website/App,,Completed,21.04
ORD0007468,CUST001210,R015,2026-05-07 13:38:04,Takeaway,,Completed,82.8
ORD0007469,CUST000891,R003,2025-12-08 22:18:04,Dine-in,,Completed,128.01
ORD0007470,CUST002785,R016,2026-09-13 21:53:04,Website/App,,Completed,6.49
ORD0007471,CUST003408,R003,2026-09-01 21:40:04,Dine-in,,Completed,108.44
ORD0007472,CUST002515,R005,2026-09-05 17:10:04,Dine-in,,Completed,88.06
ORD0007473,CUST001020,R019,2026-09-02 18:05:04,Dine-in,,Completed,35.53
ORD0007474,CUST003440,R001,2026-08-14 12:13:04,Website/App,,Completed,31.46
ORD0007475,CUST002034,R019,2026-07-31 11:20:04,Dine-in,,Completed,14.31
ORD0007476,CUST001509,R013,2026-07-27 11:19:04,Third-Party Delivery,,Completed,84.17
ORD0007477,CUST002395,R004,2026-05-31 18:23:04,Takeaway,,Completed,63.72
ORD0007478,CUST002794,R018,2026-08-08 11:58:04,Third-Party Delivery,,Completed,109.61
ORD0007479,CUST002354,R015,2026-09-15 11:56:04,Takeaway,,Completed,49.26
ORD0007480,CUST003673,R007,2026-05-30 12:10:04,Dine-in,,Completed,30.24
ORD0007481,CUST002498,R019,2026-09-07 20:35:04,Third-Party Delivery,,Completed,87.47
ORD0007482,CUST003514,R001,2025-11-22 21:00:04,Dine-in,,Completed,62.53
ORD0007483,CUST002327,R012,2026-07-15 11:27:04,Third-Party Delivery,,Completed,57.1
ORD0007484,CUST001307,R016,2026-07-22 14:10:04,Takeaway,,Completed,55.79
ORD0007485,CUST002112,R003,2026-07-18 13:14:04,Takeaway,,Completed,45.81
ORD0007486,CUST000339,R014,2026-09-22 20:52:04,Third-Party Delivery,,Completed,58.47
ORD0007487,CUST000923,R012,2026-07-27 19:12:04,Website/App,,Completed,51.03
ORD0007488,CUST003051,R006,2026-09-13 09:42:04,Dine-in,,Completed,34.7
ORD0007489,CUST002624,R004,2026-09-18 20:15:04,Takeaway,,Completed,83.53
ORD0007490,CUST000672,R005,2026-08-23 11:46:04,Website/App,,Completed,34.7
ORD0007491,CUST001744,R012,2026-06-20 15:28:04,Website/App,,Completed,85.87
ORD0007492,CUST000565,R018,2026-08-13 21:47:04,Takeaway,,Completed,74.2
ORD0007493,CUST003419,R020,2026-09-23 11:54:04,Dine-in,,Completed,8.72
ORD0007494,CUST000431,R007,2026-02-13 20:48:04,Website/App,,Completed,37.84
ORD0007495,CUST002596,R019,2026-01-13 20:04:04,Dine-in,PROMO009,Completed,85.84
ORD0007496,CUST002402,R017,2026-09-11 20:27:04,Dine-in,,Completed,23.76
ORD0007497,CUST001886,R015,2026-05-26 22:57:04,Website/App,PROMO005,Cancelled,6.03
ORD0007498,CUST001107,R006,2026-05-21 21:40:04,Website/App,,Completed,57.16
ORD0007499,CUST001598,R010,2026-05-30 22:51:04,Dine-in,,Completed,52.84
ORD0007500,CUST003219,R001,2026-03-25 13:14:04,Dine-in,,Completed,103.05
ORD0007501,CUST003034,R008,2026-08-19 18:12:04,Third-Party Delivery,,Completed,47.55
ORD0007502,CUST002944,R008,2026-05-06 12:59:04,Third-Party Delivery,,Completed,80.43
ORD0007503,CUST002988,R004,2026-02-09 12:31:04,Website/App,,Completed,115.59
ORD0007504,CUST000572,R012,2026-06-20 12:35:04,Third-Party Delivery,,Completed,47.55
ORD0007505,CUST000389,R018,2026-09-22 21:45:04,Takeaway,,Completed,154.42
ORD0007506,CUST003440,R001,2026-05-14 11:45:04,Website/App,,Completed,60.26
ORD0007507,CUST003344,R011,2026-07-22 22:45:04,Third-Party Delivery,,Completed,45.36
ORD0007508,CUST002709,R001,2026-07-17 22:59:04,Takeaway,,Completed,6.5
ORD0007509,CUST002398,R005,2026-03-21 12:00:04,Dine-in,,Completed,31.13
ORD0007510,CUST001447,R003,2026-09-13 21:00:04,Dine-in,,Completed,48.62
ORD0007511,CUST000905,R006,2026-04-07 19:00:04,Takeaway,,Completed,34.7
ORD0007512,CUST002647,R015,2026-05-07 12:44:04,Website/App,,Completed,30.24
ORD0007513,CUST003644,R005,2026-09-19 13:40:04,Dine-in,,Completed,44.67
ORD0007514,CUST001740,R011,2026-01-20 18:14:04,Dine-in,PROMO009,Cancelled,106.84
ORD0007515,CUST001204,R002,2026-08-19 21:10:04,Dine-in,,Completed,29.55
ORD0007516,,R016,2026-04-01 20:14:04,Dine-in,,Completed,15.13
ORD0007517,CUST000091,R008,2026-09-07 18:57:04,Dine-in,,Completed,79.73
ORD0007518,CUST002070,R003,2026-07-14 11:59:04,Third-Party Delivery,,Completed,22.51
ORD0007519,CUST003952,R007,2026-02-15 20:43:04,Dine-in,,Cancelled,8.15
ORD0007520,CUST003252,R019,2026-09-03 14:14:04,Takeaway,,Completed,25.17
ORD0007521,CUST003586,R013,2026-04-06 21:13:04,Website/App,,Completed,53.64
ORD0007522,CUST002469,R012,2026-09-06 19:03:04,Third-Party Delivery,,Completed,30.24
ORD0007523,CUST001923,R009,2025-12-18 23:03:04,Dine-in,,Completed,66.75
ORD0007524,CUST003963,R010,2026-01-10 18:10:04,Website/App,,Completed,74.93
ORD0007525,CUST001781,R003,2026-06-18 13:15:04,Dine-in,,Completed,133.83
ORD0007526,CUST003660,R009,2026-04-17 11:52:04,Dine-in,,Completed,108.39
ORD0007527,CUST003036,R008,2026-06-17 21:14:04,Dine-in,,Completed,96.19
ORD0007528,CUST001311,R014,2026-08-28 13:31:04,Third-Party Delivery,,Completed,99.59
ORD0007529,CUST001999,R016,2026-02-03 19:18:04,Third-Party Delivery,,Completed,65.24
ORD0007530,CUST001521,R006,2026-05-12 12:22:04,Dine-in,,Completed,19.76
ORD0007531,CUST000539,R020,2026-07-30 13:20:04,Dine-in,,Completed,47.62
ORD0007532,CUST001407,R016,2025-12-10 11:57:04,Dine-in,,Completed,28.1
ORD0007533,CUST003551,R014,2026-08-25 11:35:04,Takeaway,,Completed,33.63
ORD0007534,CUST002998,R007,2026-09-03 14:39:04,Dine-in,,Completed,50.05
ORD0007535,CUST001104,R016,2026-07-21 18:37:04,Dine-in,,Completed,44.28
ORD0007536,CUST001451,R016,2026-09-24 16:20:04,Dine-in,,Completed,142.22
ORD0007537,CUST002444,R020,2026-09-11 20:01:04,Dine-in,,Completed,271.85
ORD0007538,CUST001652,R016,2026-08-25 15:26:04,Dine-in,,Completed,-4.36
ORD0007539,CUST001999,R016,2026-04-29 19:06:04,Dine-in,,Completed,87.12
ORD0007540,CUST002784,R004,2026-07-22 18:33:04,Third-Party Delivery,,Cancelled,47.55
ORD0007541,CUST001863,R020,2026-09-20 12:04:04,Third-Party Delivery,,Completed,4.78
ORD0007542,CUST000776,R001,2026-09-23 13:43:04,Dine-in,,Completed,119.55
ORD0007543,CUST002071,R020,2026-09-06 12:06:04,Dine-in,,Completed,8.15
ORD0007544,CUST001405,R018,2026-09-23 20:49:04,Dine-in,,Completed,36.57
ORD0007545,CUST001155,R004,2026-09-08 14:17:04,Dine-in,,Completed,14.42
ORD0007546,CUST001299,R009,2026-05-26 13:55:04,Website/App,,Completed,165.33
ORD0007547,CUST001747,R017,2026-04-03 18:33:04,Third-Party Delivery,,Completed,18.0
ORD0007548,CUST003542,R009,2026-07-28 18:05:04,Dine-in,,Completed,31.46
ORD0007549,CUST002926,R004,2026-07-13 12:07:04,Third-Party Delivery,,Completed,21.31
ORD0007550,CUST002648,R016,2026-09-21 16:51:04,Website/App,,Completed,98.92
ORD0007551,CUST001879,R013,2026-01-01 13:21:04,Takeaway,PROMO008,Completed,22.6
ORD0007552,CUST000009,R015,2026-06-12 19:29:04,Takeaway,,Completed,93.07
ORD0007553,CUST001345,R018,2026-05-19 18:48:04,Takeaway,,Completed,51.39
ORD0007554,CUST003243,R003,2026-09-03 12:40:04,Dine-in,,Completed,48.03
ORD0007555,CUST001534,R015,2026-03-30 21:48:04,Dine-in,,Completed,60.56
ORD0007556,CUST002241,R019,2026-04-29 18:06:04,Third-Party Delivery,,Completed,16.25
ORD0007557,CUST000831,R014,2026-01-22 19:24:04,Third-Party Delivery,,Completed,40.2
ORD0007558,CUST003655,R018,2026-08-30 18:59:04,Takeaway,,Completed,77.51
ORD0007559,CUST003686,R016,2026-07-19 13:49:04,Dine-in,,Completed,20.64
ORD0007560,CUST000582,R016,2026-04-27 13:28:04,Dine-in,,Completed,86.58
ORD0007561,CUST002884,R003,2026-07-05 12:54:04,Third-Party Delivery,,Completed,114.81
ORD0007562,CUST000295,R008,2026-07-21 21:55:04,Dine-in,,Completed,75.93
ORD0007563,CUST002374,R018,2026-08-03 22:56:04,Third-Party Delivery,,Completed,60.38
ORD0007564,CUST000727,R009,2026-05-30 21:46:04,Dine-in,,Completed,13.0
ORD0007565,CUST000580,R006,2026-07-05 13:08:04,Takeaway,,Completed,51.24
ORD0007566,CUST000020,R001,2026-09-18 13:07:04,Dine-in,,Completed,29.55
ORD0007567,CUST003760,R007,2026-08-11 11:29:04,Dine-in,,Completed,89.88
ORD0007568,CUST003303,R012,2026-08-06 14:38:04,Takeaway,,Completed,92.65
ORD0007569,CUST000304,R010,2026-09-14 22:43:04,Dine-in,,Completed,66.64
ORD0007570,CUST002376,R009,2026-08-02 14:16:04,Website/App,,Completed,33.71
ORD0007571,CUST000936,R008,2026-03-20 19:10:04,Third-Party Delivery,,Completed,37.25
ORD0007572,CUST001057,R006,2026-09-03 14:20:04,Dine-in,,Completed,14.39
ORD0007573,CUST003497,R017,2026-03-28 20:22:04,Takeaway,,Completed,30.24
ORD0007574,CUST000457,R014,2026-07-21 14:12:04,Takeaway,,Completed,49.07
ORD0007575,CUST002381,R011,2026-07-22 11:11:04,Third-Party Delivery,,Completed,31.46
ORD0007576,CUST001587,R014,2026-01-23 21:56:04,Website/App,,Completed,91.47
ORD0007577,CUST000776,R011,2026-09-08 22:01:04,Third-Party Delivery,,Completed,37.6
ORD0007578,CUST001803,R016,2026-09-07 12:27:04,Takeaway,,Completed,61.82
ORD0007579,CUST003759,R013,2026-09-16 14:29:04,Third-Party Delivery,,Completed,61.75
ORD0007580,CUST003120,R019,2026-09-12 10:44:04,Takeaway,,Completed,18.69
ORD0007581,CUST000523,R020,2026-05-22 11:58:04,Takeaway,,Completed,9.21
ORD0007582,CUST003394,R008,2026-05-02 11:41:04,Dine-in,,Completed,109.41
ORD0007583,CUST003746,R013,2026-01-22 12:08:04,Dine-in,,Completed,88.72
ORD0007584,CUST001103,R013,2026-03-01 13:21:04,Dine-in,,Completed,35.1
ORD0007585,CUST001321,R001,2025-10-07 11:10:04,Dine-in,,Completed,15.13
ORD0007586,CUST000498,R006,2026-09-16 12:36:04,Third-Party Delivery,,Completed,50.05
ORD0007587,CUST001359,R012,2026-08-19 14:20:04,Third-Party Delivery,,Completed,28.13
ORD0007588,CUST002671,R003,2026-06-24 12:26:04,Takeaway,,Completed,86.29
ORD0007589,CUST001086,R020,2026-08-06 21:09:04,Dine-in,,Completed,19.43
ORD0007590,CUST000029,R003,2026-08-22 11:25:04,Third-Party Delivery,,Completed,52.65
ORD0007591,CUST001340,R011,2026-05-11 17:28:04,Dine-in,,Completed,54.29
ORD0007592,CUST001807,R018,2026-04-03 22:07:04,Dine-in,,Completed,53.65
ORD0007593,CUST002252,R014,2026-08-10 13:19:04,Third-Party Delivery,,Completed,143.66
ORD0007594,CUST002721,R003,2026-09-13 20:27:04,Dine-in,,Completed,47.24
ORD0007595,CUST000239,R014,2026-08-26 22:29:04,Dine-in,,Completed,73.13
ORD0007596,CUST001874,R013,2026-06-18 14:50:04,Third-Party Delivery,,Completed,30.24
ORD0007597,CUST001067,R011,2026-09-16 20:04:04,Takeaway,,Completed,44.61
ORD0007598,CUST003790,R014,2026-09-22 13:11:04,Takeaway,,Completed,23.72
ORD0007599,CUST001419,R007,2026-03-07 21:46:04,Takeaway,,Completed,41.1
ORD0007600,CUST000392,R007,2025-08-03 16:57:04,Takeaway,,Completed,39.09
ORD0007601,CUST000156,R010,2026-08-04 21:46:04,Dine-in,,Completed,189.42
ORD0007602,CUST001062,R003,2026-07-29 11:52:04,Dine-in,,Completed,88.01
ORD0007603,CUST000728,R005,2025-12-23 14:23:04,Takeaway,,Completed,58.12
ORD0007604,CUST002582,R009,2026-09-22 16:35:04,Website/App,,Completed,75.68
ORD0007605,CUST003384,R010,2026-03-29 13:28:04,Takeaway,,Completed,52.28
ORD0007606,CUST001239,R003,2026-08-07 13:06:04,Dine-in,,Completed,71.87
ORD0007607,CUST002295,R014,2026-02-15 13:17:04,Takeaway,PROMO012,Completed,50.0
ORD0007608,CUST002909,R002,2026-07-29 22:17:04,Dine-in,,Completed,63.61
ORD0007609,CUST001578,R014,2026-08-07 20:33:04,Takeaway,,Completed,204.22
ORD0007610,CUST000258,R001,2026-09-11 14:51:04,Dine-in,,Completed,20.65
ORD0007611,CUST000920,R019,2025-12-05 18:58:04,Dine-in,,Completed,104.27
ORD0007612,CUST003528,R001,2026-07-04 22:08:04,Takeaway,,Completed,8.15
ORD0007613,CUST003283,R017,2026-09-07 12:13:04,Dine-in,,Completed,17.02
ORD0007614,CUST000339,R014,2026-01-29 14:01:04,Takeaway,,Completed,-48.72
ORD0007615,CUST000904,R002,2026-09-21 20:21:04,Takeaway,,Completed,96.95
ORD0007616,CUST003063,R016,2026-07-04 18:21:04,Third-Party Delivery,,Completed,119.73
ORD0007617,CUST001940,R018,2026-03-01 18:41:04,Takeaway,,Completed,13.99
ORD0007618,CUST003027,R015,2026-08-25 21:52:04,Takeaway,,Completed,79.16
ORD0007619,CUST000853,R017,2026-09-10 11:59:04,Dine-in,,Completed,52.31
ORD0007620,CUST003810,R013,2026-01-02 13:13:04,Dine-in,,Completed,40.27
ORD0007621,CUST003129,R006,2026-08-24 20:39:04,Website/App,,Completed,34.7
ORD0007622,CUST000804,R005,2026-08-07 22:04:04,Dine-in,,Completed,34.12
ORD0007623,CUST002216,R020,2026-08-05 14:20:04,Dine-in,,Completed,83.51
ORD0007624,CUST000450,R003,2026-07-03 13:34:04,Third-Party Delivery,,Completed,115.55
ORD0007625,CUST001423,R006,2026-01-16 12:37:04,Dine-in,,Completed,34.56
ORD0007626,CUST002618,R012,2026-09-13 22:40:04,Takeaway,,Completed,29.23
ORD0007627,CUST001309,R014,2026-03-06 14:37:04,Dine-in,,Completed,97.04
ORD0007628,CUST002606,R017,2026-09-23 13:43:04,Website/App,,Completed,66.03
ORD0007629,CUST000983,R014,2026-09-17 19:58:04,Takeaway,,Completed,33.16
ORD0007630,CUST002873,R020,2026-04-26 11:21:04,Third-Party Delivery,,Completed,9.21
ORD0007631,CUST001417,R018,2026-04-27 14:51:04,Website/App,,Completed,79.5
ORD0007632,CUST003157,R003,2026-06-01 20:14:04,Takeaway,PROMO005,Completed,59.84
ORD0007633,CUST000542,R001,2026-06-12 12:58:04,Website/App,,Completed,74.67
ORD0007634,CUST001427,R002,2026-09-21 20:49:04,Takeaway,,Completed,60.26
ORD0007635,CUST001850,R010,2026-08-28 12:06:04,Takeaway,,Completed,99.17
ORD0007636,CUST001681,R015,2026-01-13 20:41:04,Takeaway,,Cancelled,116.48
ORD0007637,CUST001720,R016,2026-09-24 18:01:04,Dine-in,,Completed,23.19
ORD0007638,,R004,2025-11-07 19:56:04,Takeaway,,Completed,112.13
ORD0007639,CUST003956,R013,2025-11-04 18:06:04,Website/App,PROMO006,Cancelled,65.75
ORD0007640,CUST000784,R008,2026-09-03 11:15:04,Dine-in,,Completed,87.06
ORD0007641,CUST003061,R007,2026-05-24 11:06:04,Third-Party Delivery,,Completed,26.26
ORD0007642,CUST002193,R005,2026-09-15 14:57:04,Dine-in,,Completed,92.21
ORD0007643,CUST001639,R006,2026-07-08 11:05:04,Takeaway,,Cancelled,8.15
ORD0007644,CUST002519,R013,2026-09-04 21:27:04,Website/App,,Completed,46.38
ORD0007645,CUST003408,R013,2026-05-27 14:24:04,Dine-in,,Completed,70.71
ORD0007646,CUST001861,R008,2026-09-10 21:32:04,Dine-in,,Completed,66.92
ORD0007647,CUST003456,R001,2026-09-09 18:44:04,Takeaway,,Completed,31.88
ORD0007648,CUST000368,R001,2025-10-13 20:07:04,Dine-in,,Completed,34.52
ORD0007649,CUST002592,R004,2026-07-17 19:56:04,Website/App,,Completed,132.67
ORD0007650,CUST001320,R013,2026-09-22 10:19:04,Dine-in,,Completed,34.12
ORD0007651,CUST001530,R004,2025-11-09 22:46:04,Takeaway,PROMO006,Completed,5.98
ORD0007652,CUST002269,R014,2026-08-25 20:45:04,Dine-in,,Completed,41.87
ORD0007653,CUST001915,R012,2026-09-23 14:10:04,Dine-in,,Completed,32.09
ORD0007654,CUST001513,R001,2025-11-12 18:15:04,Third-Party Delivery,,Completed,62.92
ORD0007655,CUST001223,R017,2025-10-07 22:41:04,Third-Party Delivery,PROMO004,Completed,104.15
ORD0007656,CUST002454,R011,2026-09-21 20:01:04,Third-Party Delivery,,Completed,38.23
ORD0007657,CUST002012,R015,2026-04-03 11:58:04,Dine-in,,Completed,70.76
ORD0007658,CUST001281,R012,2026-08-02 12:40:04,Takeaway,,Completed,68.24
ORD0007659,CUST000832,R009,2026-09-22 13:20:04,Website/App,,Completed,47.71
ORD0007660,CUST003088,R014,2026-09-14 18:19:04,Third-Party Delivery,,Completed,43.84
ORD0007661,CUST003193,R018,2026-09-20 14:20:04,Website/App,,Completed,36.89
ORD0007662,CUST000864,R016,2025-12-01 13:15:04,Website/App,,Completed,30.95
ORD0007663,CUST001048,R009,2026-04-07 21:57:04,Third-Party Delivery,,Completed,42.93
ORD0007664,CUST000963,R014,2026-02-01 14:04:04,Dine-in,,Completed,4.78
ORD0007665,CUST003535,R013,2026-07-23 14:24:04,Website/App,,Completed,86.68
ORD0007666,CUST003085,R010,2026-07-26 19:19:04,Dine-in,,Completed,36.7
ORD0007667,CUST000292,R012,2026-09-24 11:11:04,Takeaway,,Completed,114.2
ORD0007668,CUST003323,R012,2026-05-02 19:27:04,Takeaway,,Completed,53.3
ORD0007669,CUST000137,R016,2026-09-08 22:38:04,Website/App,,Completed,38.31
ORD0007670,CUST001018,R005,2026-06-02 13:44:04,Website/App,,Completed,22.19
ORD0007671,CUST003668,R004,2026-01-27 18:46:04,Website/App,,Completed,4.36
ORD0007672,CUST003454,R016,2026-06-26 20:32:04,Dine-in,,Completed,8.15
ORD0007673,CUST003119,R001,2026-07-27 21:22:04,Takeaway,,Completed,35.65
ORD0007674,CUST001827,R006,2026-08-25 20:04:04,Dine-in,,Cancelled,65.98
ORD0007675,CUST001273,R006,2026-09-24 11:46:04,Dine-in,,Completed,100.6
ORD0007676,CUST003524,R010,2026-05-11 08:07:04,Takeaway,,Completed,34.38
ORD0007677,CUST002607,R015,2026-01-17 12:12:04,Dine-in,,Completed,43.3
ORD0007678,CUST001174,R001,2026-08-03 18:13:04,Takeaway,,Completed,82.8
ORD0007679,CUST001846,R019,2026-03-08 18:18:04,Dine-in,,Completed,53.08
ORD0007680,CUST003524,R020,2026-02-23 18:19:04,Third-Party Delivery,,Completed,95.9
ORD0007681,CUST003605,R018,2025-12-12 22:59:04,Website/App,,Completed,11.02
ORD0007682,CUST002615,R020,2026-07-26 09:17:04,Dine-in,,Completed,29.95
ORD0007683,CUST002918,R014,2026-01-23 21:00:04,Third-Party Delivery,,Completed,35.1
ORD0007684,CUST000146,R007,2026-08-14 22:05:04,Dine-in,,Completed,62.09
ORD0007685,CUST002394,R005,2026-05-11 13:52:04,Takeaway,,Completed,36.18
ORD0007686,CUST002746,R008,2026-09-24 18:10:04,Dine-in,,Completed,111.14
ORD0007687,CUST000079,R014,2026-06-29 18:16:04,Takeaway,,Completed,59.31
ORD0007688,CUST003370,R013,2026-04-25 18:52:04,Dine-in,PROMO002,Completed,25.84
ORD0007689,CUST003705,R002,2026-07-01 14:24:04,Dine-in,,Completed,45.9
ORD0007690,CUST000957,R008,2026-07-23 14:24:04,Third-Party Delivery,,Completed,56.44
ORD0007691,CUST003380,R016,2026-08-17 13:14:04,Takeaway,,Completed,22.19
ORD0007692,CUST002638,R014,2026-09-17 20:51:04,Third-Party Delivery,,Completed,150.74
ORD0007693,CUST002305,R006,2026-01-03 13:25:04,Dine-in,,Completed,36.48
ORD0007694,CUST003367,R014,2026-01-01 21:19:04,Website/App,,Completed,63.2
ORD0007695,CUST001137,R005,2026-07-03 10:30:04,Website/App,,Completed,15.1
ORD0007696,,R020,2026-06-26 17:47:04,Website/App,,Completed,28.56
ORD0007697,CUST001246,R020,2026-07-23 19:29:04,Takeaway,,Completed,68.12
ORD0007698,CUST003144,R017,2026-06-07 11:52:04,Takeaway,,Completed,111.81
ORD0007699,CUST001797,R011,2026-06-01 20:50:04,Website/App,PROMO005,Completed,35.06
ORD0007700,CUST000466,R003,2026-09-11 22:34:04,Third-Party Delivery,,Completed,15.54
ORD0007701,CUST001511,R017,2026-09-17 15:44:04,Takeaway,,Completed,39.52
ORD0007702,CUST000938,R017,2026-05-16 14:57:04,Dine-in,,Completed,42.52
ORD0007703,CUST000393,R005,2026-08-21 22:12:04,Dine-in,,Completed,43.7
ORD0007704,CUST000438,R008,2026-09-18 23:41:04,Dine-in,,Completed,60.41
ORD0007705,CUST003114,R014,2026-04-13 11:08:04,Third-Party Delivery,,Completed,35.84
ORD0007706,CUST003523,R019,2026-08-11 11:25:04,Website/App,,Completed,98.36
ORD0007707,CUST003701,R014,2026-07-14 14:25:04,Dine-in,,Completed,51.45
ORD0007708,CUST003409,R009,2026-09-14 17:54:04,Dine-in,,Completed,42.24
ORD0007709,CUST003309,R007,2026-09-12 19:17:04,Takeaway,,Completed,113.47
ORD0007710,CUST000268,R006,2026-08-26 19:07:04,Takeaway,,Completed,16.69
ORD0007711,CUST003155,R015,2026-01-15 17:52:04,Third-Party Delivery,PROMO009,Completed,56.44
ORD0007712,CUST003127,R006,2026-03-11 13:27:04,Dine-in,,Completed,149.45
ORD0007713,CUST000520,R018,2026-07-09 14:50:04,Takeaway,,Completed,180.14
ORD0007714,CUST002625,R004,2026-04-28 12:24:04,Dine-in,,Completed,208.89
ORD0007715,CUST001806,R008,2026-08-17 13:19:04,Website/App,,Completed,50.41
ORD0007716,CUST003595,R004,2026-07-26 09:27:04,Dine-in,,Completed,63.2
ORD0007717,CUST002772,R016,2026-04-26 20:27:04,Takeaway,,Completed,55.38
ORD0007718,CUST003803,R017,2026-09-11 12:39:04,Website/App,,Completed,87.71
ORD0007719,CUST000412,R012,2026-08-13 20:05:04,Dine-in,,Completed,22.51
ORD0007720,CUST000153,R013,2026-04-25 18:27:04,Third-Party Delivery,,Completed,68.24
ORD0007721,CUST003893,R008,2026-09-10 13:20:04,Website/App,,Completed,80.55
ORD0007722,CUST000313,R003,2026-06-01 20:39:04,Takeaway,PROMO005,Completed,53.64
ORD0007723,CUST001528,R013,2026-04-18 19:46:04,Takeaway,,Completed,75.57
ORD0007724,CUST002582,R019,2026-09-23 11:05:04,Third-Party Delivery,,Completed,15.13
ORD0007725,CUST003519,R010,2026-05-23 22:29:04,Dine-in,PROMO005,Cancelled,8.99
ORD0007726,CUST001021,R016,2026-03-26 21:41:04,Third-Party Delivery,,Completed,81.26
ORD0007727,CUST000109,R019,2026-06-08 20:09:04,Takeaway,,Completed,35.78
ORD0007728,CUST002073,R015,2026-05-26 13:24:04,Dine-in,,Completed,92.46
ORD0007729,CUST001879,R013,2026-04-06 22:00:04,Website/App,,Completed,8.4
ORD0007730,CUST001219,R001,2026-04-05 20:34:04,Dine-in,,Completed,50.33
ORD0007731,CUST003497,R014,2026-08-13 12:55:04,Takeaway,,Completed,34.18
ORD0007732,CUST002988,R019,2026-07-26 11:15:04,Dine-in,,Completed,77.84
ORD0007733,CUST003428,R012,2026-05-22 16:31:04,Dine-in,,Completed,93.62
ORD0007734,CUST000652,R003,2026-04-02 12:16:04,Dine-in,,Completed,38.2
ORD0007735,CUST002758,R007,2026-04-01 20:59:04,Website/App,,Completed,54.79
ORD0007736,CUST003899,R005,2026-07-27 19:24:04,Website/App,,Completed,66.31
ORD0007737,CUST002424,R004,2026-08-01 12:15:04,Takeaway,,Completed,51.12
ORD0007738,CUST000695,R014,2026-04-17 23:51:04,Third-Party Delivery,PROMO002,Completed,21.5
ORD0007739,CUST003986,R003,2026-09-20 18:35:04,Takeaway,,Completed,5.1
ORD0007740,CUST002096,R016,2026-04-27 18:42:04,Website/App,,Completed,74.7
ORD0007741,CUST003356,R014,2026-08-06 11:38:04,Website/App,,Completed,70.88
ORD0007742,CUST000594,R005,2026-05-26 21:53:04,Third-Party Delivery,,Completed,61.74
ORD0007743,CUST002640,R004,2026-09-22 09:05:04,Takeaway,,Completed,88.49
ORD0007744,CUST003643,R003,2026-06-23 18:05:04,Dine-in,,Completed,32.5
ORD0007745,CUST002110,R010,2026-07-19 19:11:04,Dine-in,,Completed,6.63
ORD0007746,CUST001147,R017,2026-05-21 19:54:04,Takeaway,,Completed,77.37
ORD0007747,CUST000504,R015,2026-08-17 13:10:04,Dine-in,,Completed,88.6
ORD0007748,CUST001176,R015,2026-02-20 08:45:04,Dine-in,,Completed,75.44
ORD0007749,CUST001399,R014,2026-03-02 13:44:04,Takeaway,,Completed,22.97
ORD0007750,CUST002825,R010,2026-07-05 20:52:04,Dine-in,,Completed,41.1
ORD0007751,CUST000726,R017,2026-08-13 13:44:04,Website/App,,Completed,101.73
ORD0007752,CUST000415,R019,2026-09-18 13:24:04,Takeaway,,Completed,20.75
ORD0007753,CUST001531,R013,2025-09-16 18:35:04,Website/App,,Completed,26.56
ORD0007754,CUST001832,R019,2026-09-21 14:58:04,Dine-in,,Completed,79.97
ORD0007755,CUST002499,R002,2026-06-14 19:09:04,Dine-in,,Completed,100.74
ORD0007756,CUST002818,R002,2026-07-10 13:36:04,Website/App,,Completed,115.41
ORD0007757,CUST003553,R017,2026-08-24 21:53:04,Dine-in,,Completed,227.8
ORD0007758,CUST001149,R020,2026-09-13 22:47:04,Dine-in,,Completed,98.11
ORD0007759,CUST002097,R004,2026-04-13 10:46:04,Website/App,PROMO002,Completed,22.39
ORD0007760,CUST001442,R011,2026-02-20 21:31:04,Website/App,,Completed,39.15
ORD0007761,CUST000006,R019,2026-07-28 12:46:04,Website/App,,Completed,38.22
ORD0007762,CUST002302,R013,2026-08-19 12:00:04,Third-Party Delivery,,Completed,56.44
ORD0007763,CUST003254,R020,2026-04-08 12:40:04,Dine-in,,Completed,36.51
ORD0007764,CUST000137,R016,2026-07-17 15:05:04,Dine-in,,Completed,10.19
ORD0007765,CUST000015,R003,2026-03-18 14:52:04,Takeaway,,Completed,6.5
ORD0007766,CUST002899,R008,2026-08-06 21:52:04,Dine-in,,Completed,71.66
ORD0007767,CUST002721,R003,2026-09-13 09:19:04,Dine-in,,Completed,28.51
ORD0007768,CUST001607,R010,2026-09-09 18:47:04,Takeaway,,Cancelled,12.17
ORD0007769,CUST002624,R004,2026-09-07 20:10:04,Dine-in,,Completed,100.66
ORD0007770,CUST003813,R010,2026-08-26 19:09:04,Third-Party Delivery,,Completed,26.42
ORD0007771,CUST000997,R017,2026-07-06 14:58:04,Takeaway,,Completed,43.22
ORD0007772,CUST000988,R020,2026-08-20 14:40:04,Dine-in,,Completed,38.2
ORD0007773,CUST000758,R015,2026-06-03 11:50:04,Website/App,,Completed,65.79
ORD0007774,CUST002884,R003,2026-08-14 11:11:04,Third-Party Delivery,,Completed,51.11
ORD0007775,CUST001393,R012,2026-04-02 10:00:04,Third-Party Delivery,,Completed,58.24
ORD0007776,CUST003955,R014,2025-11-24 18:57:04,Takeaway,,Completed,73.32
ORD0007777,CUST002846,R017,2026-04-14 14:18:04,Third-Party Delivery,,Cancelled,61.82
ORD0007778,CUST001448,R020,2026-09-09 13:16:04,Website/App,,Completed,84.3
ORD0007779,CUST000592,R010,2026-01-27 11:47:04,Dine-in,,Completed,72.92
ORD0007780,CUST002347,R009,2026-08-07 11:00:04,Takeaway,,Completed,89.56
ORD0007781,,R004,2026-01-12 14:16:04,Dine-in,PROMO009,Completed,50.23
ORD0007782,CUST003611,R010,2026-06-29 11:51:04,Takeaway,,Completed,20.87
ORD0007783,CUST001758,R004,2026-05-03 22:07:04,Takeaway,,Cancelled,15.13
ORD0007784,CUST001161,R002,2026-09-07 14:18:04,Third-Party Delivery,,Completed,58.82
ORD0007785,CUST002332,R008,2026-03-11 21:04:04,Website/App,,Completed,45.91
ORD0007786,CUST000543,R017,2026-08-29 20:10:04,Takeaway,,Completed,89.11
ORD0007787,CUST002231,R011,2026-09-13 12:03:04,Third-Party Delivery,,Completed,73.41
ORD0007788,CUST000213,R007,2026-02-25 23:58:04,Website/App,,Completed,123.22
ORD0007789,CUST002402,R017,2026-09-18 12:10:04,Dine-in,,Completed,78.78
ORD0007790,CUST002105,R001,2026-05-20 11:15:04,Website/App,,Completed,34.72
ORD0007791,CUST002072,R009,2026-05-19 20:58:04,Dine-in,,Completed,90.42
ORD0007792,CUST002723,R017,2026-08-10 13:07:04,Third-Party Delivery,,Completed,15.13
ORD0007793,CUST000169,R014,2026-02-04 21:51:04,Website/App,,Completed,30.24
ORD0007794,CUST001834,R012,2026-09-11 16:09:04,Third-Party Delivery,,Completed,18.87
ORD0007795,CUST001771,R005,2026-07-05 13:59:04,Third-Party Delivery,,Completed,11.69
ORD0007796,CUST001834,R012,2026-08-16 18:55:04,Third-Party Delivery,,Completed,22.62
ORD0007797,CUST003921,R008,2026-08-12 20:44:04,Dine-in,,Completed,57.13
ORD0007798,CUST000554,R016,2026-09-16 17:09:04,Takeaway,,Completed,85.87
ORD0007799,CUST002751,R008,2026-06-01 11:04:04,Website/App,PROMO005,Completed,90.3
ORD0007800,CUST001591,R001,2026-09-08 19:46:04,Dine-in,,Completed,108.14
ORD0007801,CUST002040,R020,2026-09-23 21:40:04,Dine-in,,Completed,81.5
ORD0007802,CUST003039,R015,2026-07-30 18:26:04,Dine-in,,Completed,134.6
ORD0007803,CUST000632,R002,2026-04-18 15:52:04,Website/App,,Completed,39.75
ORD0007804,CUST003044,R016,2026-03-29 18:44:04,Dine-in,,Completed,16.58
ORD0007805,CUST000273,R008,2026-09-23 10:32:04,Takeaway,,Completed,99.67
ORD0007806,CUST001930,R016,2026-05-19 11:15:04,Dine-in,,Completed,72.26
ORD0007807,CUST002958,R010,2026-07-09 20:04:04,Dine-in,,Completed,70.24
ORD0007808,CUST000783,R005,2026-03-06 15:52:04,Dine-in,,Completed,29.58
ORD0007809,CUST003072,R018,2026-09-19 13:14:04,Takeaway,,Completed,45.34
ORD0007810,CUST000673,R018,2026-08-17 22:42:04,Third-Party Delivery,,Completed,50.42
ORD0007811,CUST003190,R016,2026-06-23 10:15:04,Website/App,,Completed,8.15
ORD0007812,CUST001870,R020,2026-09-15 11:22:04,Takeaway,,Completed,103.57
ORD0007813,CUST002724,R011,2026-05-11 20:24:04,Third-Party Delivery,,Completed,66.67
ORD0007814,CUST003662,R003,2025-12-19 21:25:04,Dine-in,,Completed,19.62
ORD0007815,CUST001614,R011,2026-07-06 14:51:04,Website/App,,Completed,165.59
ORD0007816,CUST000936,R009,2026-06-26 23:13:04,Third-Party Delivery,,Completed,35.53
ORD0007817,CUST003466,R006,2026-09-02 21:42:04,Dine-in,,Completed,8.15
ORD0007818,CUST000651,R009,2026-07-07 11:07:04,Dine-in,,Completed,6.03
ORD0007819,CUST002512,R019,2026-09-01 13:00:04,Website/App,,Completed,54.76
ORD0007820,CUST003686,R014,2026-02-01 11:34:04,Dine-in,,Completed,82.41
ORD0007821,CUST002675,R010,2026-08-13 15:28:04,Takeaway,,Completed,38.64
ORD0007822,CUST000798,R005,2026-07-18 14:45:04,Third-Party Delivery,,Completed,9.21
ORD0007823,CUST000606,R020,2026-06-26 20:27:04,Dine-in,,Completed,117.51
ORD0007824,CUST001015,R015,2026-08-20 21:24:04,Third-Party Delivery,,Completed,39.75
ORD0007825,CUST001547,R003,2025-08-25 18:41:04,Takeaway,,Completed,57.92
ORD0007826,CUST000640,R020,2026-09-23 20:06:04,Takeaway,,Completed,4.18
ORD0007827,CUST003185,R010,2026-07-28 13:32:04,Website/App,,Completed,71.06
ORD0007828,CUST001407,R016,2026-06-13 20:42:04,Dine-in,,Completed,32.6
ORD0007829,CUST003739,R009,2026-08-03 22:23:04,Third-Party Delivery,,Completed,103.29
ORD0007830,CUST003364,R018,2026-08-06 11:02:04,Website/App,,Completed,8.15
ORD0007831,CUST003626,R020,2026-07-04 11:22:04,Takeaway,,Completed,42.34
ORD0007832,CUST001170,R011,2026-04-22 11:09:04,Takeaway,,Completed,15.13
ORD0007833,CUST002280,R009,2026-04-14 12:01:04,Dine-in,PROMO002,Completed,54.96
ORD0007834,CUST001273,R006,2026-09-20 22:30:04,Dine-in,,Completed,52.9
ORD0007835,CUST001027,R003,2026-05-26 11:45:04,Takeaway,PROMO005,Completed,195.27
ORD0007836,CUST002402,R007,2026-09-20 20:36:04,Takeaway,,Completed,53.09
ORD0007837,CUST003263,R006,2026-09-19 19:58:04,Takeaway,,Completed,89.12
ORD0007838,CUST000368,R007,2026-02-19 13:07:04,Dine-in,,Completed,57.13
ORD0007839,CUST001100,R008,2025-11-03 14:08:04,Dine-in,PROMO006,Completed,45.08
ORD0007840,CUST000833,R004,2025-10-28 20:41:04,Dine-in,PROMO006,Completed,73.26
ORD0007841,CUST003187,R006,2026-09-06 19:49:04,Third-Party Delivery,,Completed,68.31
ORD0007842,CUST003726,R018,2025-11-15 08:33:04,Website/App,,Completed,50.05
ORD0007843,CUST000312,R012,2026-09-23 13:22:04,Takeaway,,Completed,29.49
ORD0007844,CUST001502,R012,2026-03-25 20:22:04,Dine-in,,Completed,32.33
ORD0007845,CUST003650,R017,2026-06-29 22:56:04,Dine-in,,Completed,56.26
ORD0007846,CUST001359,R002,2026-08-29 09:22:04,Takeaway,,Completed,35.53
ORD0007847,CUST002837,R005,2026-04-05 20:16:04,Dine-in,,Completed,21.63
ORD0007848,CUST000394,R001,2026-03-29 18:01:04,Website/App,,Completed,111.51
ORD0007849,CUST001773,R016,2026-08-03 20:02:04,Dine-in,,Completed,50.05
ORD0007850,CUST002000,R001,2026-03-23 09:40:04,Dine-in,,Completed,26.91
ORD0007851,CUST003020,R005,2026-03-23 13:12:04,Third-Party Delivery,,Completed,85.87
ORD0007852,CUST001148,R006,2026-05-06 21:58:04,Dine-in,,Completed,43.04
ORD0007853,CUST001057,R016,2026-07-16 20:31:04,Takeaway,,Completed,26.26
ORD0007854,CUST001204,R002,2026-05-02 13:12:04,Dine-in,,Completed,34.7
ORD0007855,CUST002207,R003,2026-09-01 14:04:04,Takeaway,,Completed,254.58
ORD0007856,CUST003503,R001,2026-08-26 11:13:04,Third-Party Delivery,,Completed,9.46
ORD0007857,CUST003314,R009,2026-08-28 14:47:04,Takeaway,,Completed,14.42
ORD0007858,CUST000222,R011,2026-09-21 14:35:04,Dine-in,,Completed,133.71
ORD0007859,CUST003515,R015,2026-07-04 22:19:04,Third-Party Delivery,,Completed,74.42
ORD0007860,CUST000372,R018,2026-06-01 12:14:04,Dine-in,PROMO005,Completed,43.35
ORD0007861,CUST001647,R020,2026-08-14 13:03:04,Dine-in,,Completed,18.87
ORD0007862,CUST003050,R018,2026-03-27 22:33:04,Third-Party Delivery,,Completed,33.52
ORD0007863,CUST000318,R017,2025-12-23 13:52:04,Website/App,,Completed,189.87
ORD0007864,CUST000152,R019,2026-09-18 13:49:04,Website/App,,Completed,7.62
ORD0007865,CUST001308,R004,2026-09-22 11:02:04,Website/App,,Completed,53.81
ORD0007866,CUST002908,R003,2026-06-07 12:24:04,Takeaway,,Completed,80.17
ORD0007867,CUST002073,R015,2026-05-04 23:14:04,Third-Party Delivery,,Completed,18.69
ORD0007868,CUST001654,R007,2026-04-19 11:40:04,Dine-in,,Completed,125.29
ORD0007869,CUST003242,R006,2026-08-01 10:19:04,Website/App,,Completed,21.63
ORD0007870,CUST003053,R007,2026-09-22 21:48:04,Dine-in,,Completed,78.38
ORD0007871,CUST003136,R008,2026-08-23 11:32:04,Third-Party Delivery,,Completed,31.46
ORD0007872,CUST001834,R012,2026-08-23 19:59:04,Dine-in,,Completed,47.55
ORD0007873,CUST000074,R007,2026-07-09 16:08:04,Third-Party Delivery,,Completed,22.34
ORD0007874,CUST000700,R008,2026-09-10 22:59:04,Third-Party Delivery,,Completed,16.87
ORD0007875,CUST002954,R005,2026-07-03 19:31:04,Third-Party Delivery,,Completed,28.99
ORD0007876,CUST003000,R014,2026-08-20 18:39:04,Third-Party Delivery,,Completed,43.39
ORD0007877,CUST003887,R001,2026-05-31 13:16:04,Takeaway,PROMO005,Completed,4.25
ORD0007878,CUST000775,R006,2026-09-22 20:25:04,Website/App,,Completed,41.44
ORD0007879,CUST000487,R007,2026-05-16 21:18:04,Dine-in,,Completed,55.76
ORD0007880,CUST000552,R002,2026-04-09 19:05:04,Third-Party Delivery,,Completed,22.7
ORD0007881,CUST000752,R007,2026-09-04 16:03:04,Dine-in,,Completed,83.95
ORD0007882,CUST002097,R014,2026-07-25 18:12:04,Website/App,,Completed,31.46
ORD0007883,CUST003899,R005,2026-05-13 10:40:04,Third-Party Delivery,,Completed,46.13
ORD0007884,CUST002335,R007,2026-09-24 22:56:04,Website/App,,Completed,44.67
ORD0007885,CUST002077,R001,2026-06-21 14:15:04,Dine-in,,Completed,14.0
ORD0007886,CUST002672,R008,2026-09-19 19:54:04,Takeaway,,Completed,41.67
ORD0007887,CUST000289,R020,2026-06-24 21:03:04,Dine-in,,Completed,16.58
ORD0007888,CUST003252,R009,2026-05-20 13:52:04,Third-Party Delivery,,Completed,22.56
ORD0007889,CUST002572,R005,2026-04-23 13:36:04,Dine-in,,Completed,82.13
ORD0007890,CUST000695,R014,2026-04-06 19:08:04,Dine-in,,Completed,173.43
ORD0007891,CUST002508,R019,2026-08-09 20:56:04,Takeaway,,Completed,50.05
ORD0007892,CUST002362,R012,2026-04-26 14:51:04,Takeaway,,Completed,48.36
ORD0007893,CUST000252,R017,2026-07-10 19:14:04,Dine-in,,Completed,43.79
ORD0007894,CUST001069,R016,2026-09-21 12:11:04,Dine-in,,Completed,17.3
ORD0007895,CUST001547,R013,2026-01-18 18:13:04,Third-Party Delivery,,Completed,68.08
ORD0007896,CUST000984,R020,2026-08-22 16:30:04,Third-Party Delivery,,Completed,91.26
ORD0007897,CUST000977,R014,2026-09-17 12:14:04,Third-Party Delivery,,Completed,99.44
ORD0007898,CUST002277,R005,2026-08-15 11:28:04,Takeaway,,Completed,106.52
ORD0007899,,R018,2025-08-18 13:44:04,Takeaway,,Completed,36.14
ORD0007900,CUST002646,R007,2026-03-12 18:53:04,Takeaway,,Completed,13.55
ORD0007901,CUST003825,R011,2026-04-06 11:50:04,Third-Party Delivery,,Completed,-41.5
ORD0007902,CUST002623,R009,2025-11-14 11:57:04,Third-Party Delivery,,Completed,22.19
ORD0007903,CUST002311,R014,2025-11-14 12:38:04,Takeaway,,Completed,29.12
ORD0007904,CUST003387,R007,2026-08-15 14:45:04,Dine-in,,Completed,15.13
ORD0007905,CUST002514,R016,2025-10-29 18:50:04,Takeaway,,Cancelled,121.77
ORD0007906,CUST000667,R018,2026-07-16 18:42:04,Third-Party Delivery,,Completed,275.9
ORD0007907,CUST001247,R003,2026-08-22 11:55:04,Dine-in,,Completed,122.42
ORD0007908,CUST002922,R014,2026-07-14 22:44:04,Dine-in,,Completed,37.54
ORD0007909,CUST002943,R012,2026-05-20 14:33:04,Takeaway,,Completed,40.65
ORD0007910,CUST003948,R015,2026-08-23 18:27:04,Dine-in,,Completed,70.99
ORD0007911,CUST002493,R004,2026-06-21 22:33:04,Dine-in,,Completed,39.13
ORD0007912,CUST003595,R004,2026-09-17 18:46:04,Website/App,,Completed,42.81
ORD0007913,CUST000205,R013,2026-03-10 13:29:04,Third-Party Delivery,,Completed,68.24
ORD0007914,CUST002252,R004,2026-05-08 13:01:04,Third-Party Delivery,,Completed,6.63
ORD0007915,CUST003672,R005,2026-07-12 11:05:04,Takeaway,,Completed,69.44
ORD0007916,CUST001143,R014,2026-05-09 11:35:04,Dine-in,,Completed,39.45
ORD0007917,CUST000621,R015,2026-03-24 21:42:04,Website/App,,Completed,32.39
ORD0007918,CUST001383,R012,2026-07-08 12:06:04,Website/App,,Completed,15.13
ORD0007919,CUST003161,R005,2026-09-21 20:35:04,Dine-in,,Completed,173.67
ORD0007920,CUST000334,R006,2026-08-21 19:52:04,Third-Party Delivery,,Completed,20.5
ORD0007921,CUST002378,R017,2026-05-16 13:22:04,Dine-in,,Completed,20.67
ORD0007922,CUST000538,R010,2026-08-25 13:14:04,Dine-in,,Completed,26.16
ORD0007923,CUST001731,R008,2026-08-04 19:02:04,Website/App,,Completed,22.19
ORD0007924,CUST003861,R001,2026-07-14 09:17:04,Dine-in,,Completed,84.18
ORD0007925,CUST000793,R009,2026-06-07 21:09:04,Dine-in,,Completed,79.5
ORD0007926,CUST000126,R003,2026-06-18 14:10:04,Takeaway,,Cancelled,37.98
ORD0007927,CUST001697,R018,2026-09-19 19:28:04,Takeaway,,Completed,31.46
ORD0007928,CUST002295,R014,2026-07-05 20:56:04,Takeaway,,Cancelled,79.4
ORD0007929,CUST001182,R017,2026-09-22 11:15:04,Takeaway,,Completed,38.92
ORD0007930,CUST002151,R003,2026-02-18 18:32:04,Dine-in,,Completed,95.11
ORD0007931,CUST003813,R010,2026-08-20 16:33:04,Dine-in,,Completed,112.26
ORD0007932,CUST001235,R002,2026-07-09 21:31:04,Website/App,,Completed,78.08
ORD0007933,CUST001226,R014,2026-09-01 10:27:04,Website/App,,Completed,39.75
ORD0007934,CUST001928,R005,2026-09-01 08:02:04,Dine-in,,Completed,48.85
ORD0007935,CUST002053,R010,2026-09-20 13:13:04,Takeaway,,Completed,108.43
ORD0007936,CUST000005,R007,2026-08-04 14:30:04,Third-Party Delivery,,Completed,39.77
ORD0007937,CUST002442,R014,2026-09-24 12:17:04,Takeaway,,Completed,23.59
ORD0007938,CUST003991,R013,2025-11-05 19:51:04,Dine-in,PROMO001,Completed,26.45
ORD0007939,CUST001159,R016,2026-04-10 12:46:04,Dine-in,PROMO002,Completed,39.57
ORD0007940,CUST002508,R009,2026-07-11 22:54:04,Website/App,,Completed,23.76
ORD0007941,,R017,2026-02-08 14:06:04,Website/App,PROMO003,Completed,38.76
ORD0007942,CUST002393,R008,2026-03-15 12:59:04,Website/App,,Completed,165.29
ORD0007943,CUST001781,R003,2026-06-14 20:33:04,Third-Party Delivery,,Completed,42.19
ORD0007944,CUST002106,R010,2026-07-26 13:26:04,Website/App,,Completed,-22.44
ORD0007945,CUST002162,R006,2026-06-03 14:16:04,Website/App,,Completed,104.19
ORD0007946,CUST000721,R017,2026-08-17 14:18:04,Dine-in,,Completed,84.68
ORD0007947,CUST003067,R019,2026-08-10 17:58:04,Takeaway,,Completed,114.21
ORD0007948,CUST002206,R004,2026-06-03 16:22:04,Takeaway,,Completed,8.5
ORD0007949,CUST001080,R009,2026-06-07 13:45:04,Third-Party Delivery,,Completed,83.68
ORD0007950,CUST003746,R013,2026-01-07 18:29:04,Takeaway,,Completed,57.13
ORD0007951,CUST000051,R009,2026-08-08 21:46:04,Takeaway,,Completed,54.69
ORD0007952,CUST002890,R008,2026-09-20 11:24:04,Website/App,,Completed,44.67
ORD0007953,CUST001510,R004,2026-06-11 12:11:04,Dine-in,,Completed,66.8
ORD0007954,CUST002076,R011,2026-09-15 21:54:04,Takeaway,,Completed,56.44
ORD0007955,CUST001157,R017,2026-06-06 21:11:04,Dine-in,,Completed,33.71
ORD0007956,CUST001272,R014,2026-08-24 14:43:04,Dine-in,,Completed,23.8
ORD0007957,CUST000059,R014,2026-09-17 11:19:04,Website/App,,Completed,15.13
ORD0007958,CUST002908,R003,2026-07-22 21:04:04,Takeaway,,Completed,79.77
ORD0007959,CUST002828,R007,2026-04-16 12:54:04,Dine-in,PROMO002,Completed,17.72
ORD0007960,CUST002596,R019,2025-11-08 18:55:04,Takeaway,,Completed,20.09
ORD0007961,CUST003511,R006,2026-09-05 12:54:04,Dine-in,,Completed,65.15
ORD0007962,CUST003599,R004,2026-08-29 21:42:04,Takeaway,,Completed,45.82
ORD0007963,CUST002208,R017,2025-12-29 18:44:04,Dine-in,,Completed,39.14
ORD0007964,CUST002724,R001,2026-03-06 13:52:04,Third-Party Delivery,,Completed,15.13
ORD0007965,CUST000042,R001,2026-08-29 20:26:04,Takeaway,,Completed,52.29
ORD0007966,CUST003382,R010,2026-09-21 11:08:04,Takeaway,,Completed,70.5
ORD0007967,CUST003255,R009,2026-08-20 22:39:04,Website/App,,Completed,63.29
ORD0007968,CUST000079,R004,2026-08-02 22:22:04,Takeaway,,Completed,87.3
ORD0007969,CUST002157,R008,2026-03-03 21:51:04,Takeaway,,Completed,-15.13
ORD0007970,CUST003617,R012,2026-03-03 22:48:04,Takeaway,,Completed,123.17
ORD0007971,CUST000738,R016,2026-03-23 12:10:04,Dine-in,,Completed,78.65
ORD0007972,CUST001390,R001,2026-08-31 20:46:04,Dine-in,,Completed,15.13
ORD0007973,CUST001312,R019,2026-08-03 11:18:04,Takeaway,,Completed,106.19
ORD0007974,CUST001404,R008,2026-07-12 18:53:04,Takeaway,,Completed,119.19
ORD0007975,,R015,2026-07-30 18:48:04,Third-Party Delivery,,Completed,55.57
ORD0007976,CUST001109,R006,2026-08-02 23:26:04,Website/App,,Completed,18.45
ORD0007977,CUST001172,R004,2025-11-12 14:34:04,Dine-in,,Completed,35.53
ORD0007978,CUST003461,R020,2026-09-03 22:21:04,Takeaway,,Completed,84.17
ORD0007979,CUST001388,R006,2026-09-03 19:07:04,Dine-in,,Completed,8.15
ORD0007980,CUST001781,R016,2026-07-30 20:11:04,Dine-in,,Completed,16.69
ORD0007981,CUST001507,R001,2026-09-05 12:50:04,Third-Party Delivery,,Completed,61.78
ORD0007982,CUST000480,R003,2025-09-30 22:22:04,Dine-in,,Completed,24.22
ORD0007983,CUST003963,R020,2026-01-27 10:38:04,Dine-in,PROMO011,Completed,3.41
ORD0007984,CUST003290,R018,2026-08-08 11:06:04,Takeaway,,Completed,44.89
ORD0007985,CUST002149,R009,2026-02-13 13:12:04,Third-Party Delivery,PROMO012,Completed,183.93
ORD0007986,CUST001899,R011,2026-05-28 19:52:04,Website/App,,Completed,4.36
ORD0007987,CUST002579,R013,2026-03-11 11:55:04,Dine-in,,Completed,20.03
ORD0007988,CUST001293,R020,2026-07-30 19:24:04,Takeaway,,Completed,31.9
ORD0007989,CUST000191,R004,2026-02-05 12:34:04,Website/App,,Completed,108.89
ORD0007990,CUST001599,R011,2026-05-09 21:59:04,Dine-in,,Completed,19.03
ORD0007991,CUST003938,R019,2026-07-16 11:46:04,Third-Party Delivery,,Completed,37.25
ORD0007992,CUST000742,R011,2026-08-27 19:53:04,Dine-in,,Completed,52.78
ORD0007993,CUST002095,R012,2026-07-16 10:21:04,Dine-in,,Completed,20.77
ORD0007994,CUST000033,R019,2026-05-26 08:04:04,Dine-in,,Completed,44.53
ORD0007995,CUST000484,R014,2026-02-09 13:38:04,Dine-in,,Completed,84.36
ORD0007996,CUST002327,R012,2026-08-21 13:33:04,Dine-in,,Completed,21.28
ORD0007997,CUST001181,R002,2026-07-13 12:27:04,Website/App,,Completed,37.35
ORD0007998,CUST003613,R011,2026-08-21 11:28:04,Dine-in,,Completed,97.14
ORD0007999,,R018,2026-07-27 16:32:04,Third-Party Delivery,,Completed,60.65
ORD0008000,CUST000841,R005,2026-09-23 19:12:04,Website/App,,Completed,115.33
ORD0008001,CUST002168,R019,2026-05-17 20:00:04,Website/App,,Completed,31.6
ORD0008002,CUST003174,R016,2026-07-08 12:36:04,Dine-in,,Completed,80.47
ORD0008003,CUST000074,R007,2026-07-23 15:24:04,Third-Party Delivery,,Completed,60.48
ORD0008004,CUST002011,R012,2026-07-12 22:25:04,Website/App,,Completed,33.8
ORD0008005,CUST003083,R009,2026-04-12 18:42:04,Dine-in,PROMO002,Completed,57.64
ORD0008006,CUST000407,R005,2026-05-22 13:10:04,Third-Party Delivery,,Completed,8.39
ORD0008007,CUST003603,R007,2025-10-20 11:49:04,Dine-in,,Completed,49.56
ORD0008008,CUST001058,R006,2026-08-31 08:18:04,Website/App,,Completed,37.51
ORD0008009,CUST000691,R017,2026-05-29 20:17:04,Website/App,PROMO005,Completed,68.96
ORD0008010,CUST002335,R009,2026-07-18 19:17:04,Dine-in,,Completed,164.56
ORD0008011,CUST000713,R008,2025-09-26 19:48:04,Takeaway,,Completed,58.5
ORD0008012,CUST002700,R002,2026-09-22 18:25:04,Dine-in,,Completed,8.15
ORD0008013,CUST001957,R007,2025-12-07 22:08:04,Dine-in,,Completed,64.34
ORD0008014,CUST000435,R008,2026-05-26 21:17:04,Dine-in,,Completed,32.33
ORD0008015,CUST003642,R002,2026-01-02 22:26:04,Website/App,,Completed,13.03
ORD0008016,CUST002672,R014,2026-09-05 17:59:04,Takeaway,,Completed,128.16
ORD0008017,CUST002168,R019,2026-03-29 13:33:04,Website/App,,Completed,37.6
ORD0008018,CUST001480,R011,2026-07-05 20:38:04,Dine-in,,Completed,123.62
ORD0008019,CUST000535,R016,2026-09-14 12:25:04,Website/App,,Completed,110.09
ORD0008020,CUST002818,R012,2026-09-07 13:55:04,Third-Party Delivery,,Completed,104.18
ORD0008021,CUST003245,R004,2026-07-04 12:12:04,Dine-in,,Completed,30.72
ORD0008022,CUST000497,R016,2026-08-01 22:08:04,Dine-in,,Completed,70.75
ORD0008023,CUST001972,R001,2026-06-07 11:40:04,Third-Party Delivery,,Completed,67.62
ORD0008024,CUST001936,R006,2026-09-05 19:07:04,Dine-in,,Completed,39.22
ORD0008025,CUST001379,R016,2026-09-05 17:51:04,Dine-in,,Completed,116.85
ORD0008026,CUST003152,R018,2026-09-10 18:54:04,Takeaway,,Completed,90.25
ORD0008027,CUST000390,R006,2026-04-27 19:12:04,Website/App,,Completed,25.56
ORD0008028,CUST000833,R004,2026-01-03 22:11:04,Dine-in,,Completed,40.3
ORD0008029,CUST000007,R008,2026-09-21 11:49:04,Takeaway,,Completed,51.11
ORD0008030,CUST001472,R020,2026-09-17 18:05:04,Third-Party Delivery,,Completed,70.2
ORD0008031,CUST001156,R011,2026-07-20 20:23:04,Takeaway,,Completed,-74.09
ORD0008032,CUST003466,R016,2026-09-21 19:52:04,Website/App,,Completed,39.44
ORD0008033,CUST002973,R015,2026-06-15 19:10:04,Third-Party Delivery,,Completed,58.66
ORD0008034,CUST000332,R008,2026-09-21 13:23:04,Third-Party Delivery,,Completed,54.69
ORD0008035,CUST002953,R008,2026-03-19 17:08:04,Takeaway,,Completed,41.1
ORD0008036,CUST002679,R009,2026-08-03 13:53:04,Dine-in,,Completed,92.08
ORD0008037,CUST001121,R007,2026-06-13 20:28:04,Third-Party Delivery,,Completed,81.74
ORD0008038,CUST000059,R004,2026-07-14 21:47:04,Takeaway,,Completed,63.69
ORD0008039,CUST000460,R019,2026-07-19 13:22:04,Dine-in,,Completed,97.54
ORD0008040,CUST001006,R015,2026-02-28 18:25:04,Dine-in,,Completed,142.4
ORD0008041,CUST003257,R020,2026-09-24 21:17:04,Dine-in,,Completed,15.13
ORD0008042,CUST001856,R020,2026-09-24 11:13:04,Dine-in,,Completed,4.36
ORD0008043,CUST003667,R007,2026-09-12 14:40:04,Dine-in,,Completed,216.46
ORD0008044,CUST003151,R003,2026-07-12 16:58:04,Dine-in,,Completed,38.19
ORD0008045,CUST001143,R004,2025-09-12 20:34:04,Dine-in,,Completed,8.39
ORD0008046,CUST003378,R019,2026-08-14 12:29:04,Takeaway,,Completed,111.81
ORD0008047,CUST000466,R013,2026-08-03 13:55:04,Dine-in,,Completed,29.55
ORD0008048,CUST000134,R014,2026-07-06 12:23:04,Third-Party Delivery,,Completed,7.1
ORD0008049,CUST002410,R018,2026-09-22 22:28:04,Website/App,,Cancelled,4.05
ORD0008050,CUST001349,R007,2026-08-31 18:27:04,Website/App,,Completed,54.3
ORD0008051,CUST001306,R006,2026-06-06 19:51:04,Website/App,,Completed,45.14
ORD0008052,CUST002735,R005,2026-08-18 13:40:04,Website/App,,Completed,70.72
ORD0008053,CUST003397,R018,2026-09-20 19:03:04,Dine-in,,Completed,51.78
ORD0008054,CUST001276,R002,2026-05-19 15:38:04,Takeaway,,Completed,16.58
ORD0008055,CUST001287,R007,2026-09-12 18:22:04,Dine-in,,Completed,32.78
ORD0008056,CUST002118,R001,2025-11-16 11:53:04,Dine-in,,Completed,30.59
ORD0008057,CUST002592,R010,2025-10-07 14:31:04,Dine-in,,Completed,126.35
ORD0008058,CUST000825,R007,2026-09-06 20:48:04,Website/App,,Completed,292.22
ORD0008059,CUST003643,R013,2026-08-29 18:34:04,Dine-in,,Completed,138.0
ORD0008060,CUST002596,R009,2026-03-26 18:29:04,Dine-in,,Completed,4.3
ORD0008061,CUST002485,R011,2026-09-09 14:20:04,Website/App,,Completed,150.61
ORD0008062,CUST003606,R009,2026-06-10 20:57:04,Dine-in,,Completed,121.07
ORD0008063,CUST003619,R006,2026-08-06 13:05:04,Website/App,,Completed,140.43
ORD0008064,CUST000538,R020,2026-04-21 22:36:04,Dine-in,PROMO002,Completed,26.04
ORD0008065,CUST000578,R016,2026-07-03 12:34:04,Website/App,,Completed,69.93
ORD0008066,CUST003037,R003,2026-09-15 22:34:04,Dine-in,,Cancelled,53.54
ORD0008067,CUST003826,R013,2026-08-04 14:32:04,Website/App,,Completed,39.75
ORD0008068,CUST002644,R015,2026-09-20 11:39:04,Website/App,,Completed,31.84
ORD0008069,CUST001628,R013,2026-04-26 19:40:04,Takeaway,,Completed,31.16
ORD0008070,CUST002720,R013,2026-09-19 22:13:04,Website/App,,Completed,79.87
ORD0008071,CUST000918,R018,2026-02-01 22:16:04,Dine-in,,Completed,59.78
ORD0008072,CUST003994,R010,2026-09-24 09:30:04,Dine-in,,Completed,84.3
ORD0008073,CUST001712,R011,2026-05-15 09:41:04,Takeaway,,Completed,97.48
ORD0008074,CUST003718,R012,2025-11-16 10:32:04,Takeaway,,Completed,242.96
ORD0008075,CUST001711,R014,2025-09-11 11:50:04,Dine-in,,Completed,85.88
ORD0008076,CUST003705,R012,2026-08-25 18:07:04,Dine-in,,Completed,52.58
ORD0008077,CUST001331,R017,2026-08-03 13:16:04,Dine-in,,Completed,26.7
ORD0008078,CUST003030,R019,2026-09-02 20:25:04,Dine-in,,Completed,58.07
ORD0008079,CUST003803,R008,2026-07-22 20:04:04,Dine-in,,Completed,174.86
ORD0008080,CUST002568,R018,2026-05-22 19:25:04,Dine-in,,Completed,37.25
ORD0008081,CUST002688,R005,2026-05-04 20:51:04,Dine-in,,Completed,147.21
ORD0008082,CUST000404,R008,2026-04-05 14:41:04,Website/App,,Completed,46.93
ORD0008083,CUST001891,R005,2026-07-12 13:10:04,Third-Party Delivery,,Completed,128.99
ORD0008084,CUST003543,R001,2026-04-03 14:05:04,Third-Party Delivery,,Completed,15.13
ORD0008085,CUST000970,R008,2026-06-06 21:12:04,Dine-in,,Completed,45.92
ORD0008086,CUST003148,R004,2026-05-14 22:46:04,Website/App,,Completed,50.22
ORD0008087,CUST002680,R014,2026-06-20 12:52:04,Dine-in,,Completed,22.19
ORD0008088,CUST000897,R007,2026-09-22 12:13:04,Dine-in,,Completed,50.05
ORD0008089,CUST001125,R007,2025-12-31 22:17:04,Takeaway,PROMO008,Completed,43.45
ORD0008090,CUST001698,R016,2026-06-11 14:49:04,Dine-in,,Completed,59.46
ORD0008091,CUST000493,R011,2026-06-21 11:33:04,Takeaway,,Completed,38.95
ORD0008092,CUST003645,R016,2026-01-25 18:20:04,Website/App,,Completed,34.56
ORD0008093,CUST002945,R009,2026-09-05 21:49:04,Takeaway,,Completed,51.39
ORD0008094,CUST001438,R013,2026-09-23 21:30:04,Takeaway,,Completed,15.78
ORD0008095,CUST001194,R020,2026-07-02 21:01:04,Takeaway,,Completed,72.76
ORD0008096,CUST002748,R012,2026-07-13 21:13:04,Website/App,,Completed,13.03
ORD0008097,CUST001683,R018,2025-12-11 20:29:04,Takeaway,,Completed,33.8
ORD0008098,CUST000920,R010,2026-09-16 21:11:04,Takeaway,,Completed,39.15
ORD0008099,CUST001709,R002,2026-06-19 12:16:04,Takeaway,,Completed,50.62
ORD0008100,CUST003485,R019,2026-06-29 20:47:04,Third-Party Delivery,,Completed,64.66
ORD0008101,CUST000268,R006,2026-08-17 18:59:04,Website/App,,Completed,198.26
ORD0008102,CUST001451,R006,2026-09-07 10:39:04,Dine-in,,Completed,69.45
ORD0008103,CUST003850,R007,2026-06-24 20:19:04,Dine-in,,Completed,30.24
ORD0008104,CUST000058,R015,2026-07-01 19:26:04,Dine-in,,Completed,15.13
ORD0008105,CUST003559,R019,2026-08-04 11:54:04,Website/App,,Completed,36.42
ORD0008106,CUST001482,R017,2026-09-15 11:25:04,Takeaway,,Completed,33.71
ORD0008107,CUST000770,R005,2026-05-05 17:53:04,Dine-in,,Completed,63.32
ORD0008108,CUST000058,R002,2026-07-19 20:53:04,Website/App,,Completed,-16.96
ORD0008109,CUST000274,R010,2026-09-06 21:01:04,Third-Party Delivery,,Completed,109.42
ORD0008110,CUST000698,R004,2026-09-12 18:48:04,Third-Party Delivery,,Completed,14.42
ORD0008111,CUST000095,R015,2026-08-27 22:56:04,Takeaway,,Cancelled,16.69
ORD0008112,CUST001331,R017,2026-05-01 13:15:04,Website/App,,Completed,36.09
ORD0008113,CUST000170,R015,2026-06-19 14:53:04,Website/App,,Completed,38.16
ORD0008114,CUST002757,R007,2026-06-18 13:56:04,Dine-in,,Completed,23.71
ORD0008115,CUST003266,R013,2026-09-11 11:02:04,Website/App,,Completed,38.08
ORD0008116,CUST003545,R010,2026-09-17 13:44:04,Website/App,,Completed,76.14
ORD0008117,CUST002182,R017,2026-08-26 11:09:04,Dine-in,,Completed,8.21
ORD0008118,CUST003783,R010,2026-02-16 11:30:04,Dine-in,,Completed,63.76
ORD0008119,CUST000025,R007,2026-05-13 14:08:04,Website/App,,Completed,6.63
ORD0008120,CUST000530,R001,2026-05-29 16:29:04,Dine-in,PROMO005,Completed,60.26
ORD0008121,CUST001164,R007,2026-08-28 20:35:04,Dine-in,,Completed,52.22
ORD0008122,CUST003151,R006,2026-07-08 19:56:04,Dine-in,,Completed,26.76
ORD0008123,CUST003539,R006,2026-06-17 20:15:04,Third-Party Delivery,,Completed,26.16
ORD0008124,CUST002453,R010,2026-09-06 13:35:04,Third-Party Delivery,,Completed,64.66
ORD0008125,CUST001516,R012,2026-08-23 13:00:04,Takeaway,,Completed,118.03
ORD0008126,CUST002639,R016,2026-08-06 18:36:04,Website/App,,Completed,31.46
ORD0008127,CUST000736,R016,2026-09-13 19:45:04,Takeaway,,Completed,82.08
ORD0008128,CUST001827,R009,2026-05-29 11:19:04,Website/App,,Completed,82.93
ORD0008129,CUST002023,R020,2026-08-24 18:14:04,Takeaway,,Completed,116.93
ORD0008130,CUST000412,R014,2026-08-30 19:21:04,Website/App,,Completed,155.62
ORD0008131,CUST000125,R015,2026-09-02 18:58:04,Takeaway,,Completed,15.13
ORD0008132,CUST002989,R016,2025-10-28 12:04:04,Dine-in,,Completed,47.07
ORD0008133,CUST002122,R009,2026-03-30 19:01:04,Third-Party Delivery,,Completed,53.84
ORD0008134,CUST001316,R017,2026-06-20 22:38:04,Website/App,,Completed,183.29
ORD0008135,CUST001741,R008,2026-05-03 21:23:04,Website/App,,Completed,15.24
ORD0008136,CUST003830,R017,2026-07-09 18:35:04,Takeaway,,Completed,90.89
ORD0008137,CUST001523,R016,2026-04-18 13:47:04,Dine-in,,Completed,34.7
ORD0008138,CUST000407,R011,2026-05-23 16:46:04,Third-Party Delivery,PROMO005,Completed,153.76
ORD0008139,CUST001849,R020,2026-09-01 12:10:04,Website/App,,Completed,43.74
ORD0008140,CUST002574,R019,2026-05-06 12:48:04,Dine-in,,Completed,27.1
ORD0008141,CUST000048,R011,2026-03-09 21:54:04,Takeaway,,Completed,46.93
ORD0008142,CUST001317,R011,2025-08-17 11:51:04,Dine-in,,Completed,69.24
ORD0008143,CUST001556,R012,2026-08-02 19:31:04,Dine-in,,Completed,30.86
ORD0008144,CUST001849,R010,2026-09-17 22:03:04,Dine-in,,Completed,222.97
ORD0008145,CUST001200,R007,2026-09-04 19:47:04,Website/App,,Completed,34.7
ORD0008146,CUST002645,R014,2026-05-10 22:35:04,Dine-in,,Completed,10.2
ORD0008147,CUST003776,R020,2026-08-30 19:13:04,Takeaway,,Completed,82.2
ORD0008148,CUST003647,R004,2026-09-24 18:40:04,Third-Party Delivery,,Completed,83.62
ORD0008149,CUST002633,R011,2026-05-03 08:10:04,Takeaway,,Completed,46.94
ORD0008150,CUST002020,R011,2026-01-02 22:40:04,Website/App,,Completed,34.12
ORD0008151,CUST003290,R005,2026-09-16 22:15:04,Dine-in,,Completed,44.04
ORD0008152,CUST003340,R002,2025-12-18 22:33:04,Dine-in,,Completed,31.86
ORD0008153,CUST003305,R019,2026-09-24 22:02:04,Website/App,,Completed,11.02
ORD0008154,CUST000635,R001,2026-01-31 20:10:04,Dine-in,PROMO011,Completed,102.51
ORD0008155,CUST000095,R015,2026-08-28 13:01:04,Takeaway,,Completed,10.64
ORD0008156,CUST003934,R004,2026-09-24 12:36:04,Dine-in,,Completed,22.28
ORD0008157,,R006,2026-09-11 16:35:04,Website/App,,Completed,-37.25
ORD0008158,CUST002243,R005,2026-09-06 14:41:04,Dine-in,,Completed,110.27
ORD0008159,CUST003974,R002,2026-06-16 22:24:04,Website/App,,Completed,20.05
ORD0008160,CUST003069,R011,2026-08-15 13:34:04,Takeaway,,Completed,15.13
ORD0008161,CUST002061,R002,2026-06-25 14:36:04,Dine-in,,Completed,54.24
ORD0008162,CUST001539,R006,2026-03-17 14:13:04,Takeaway,,Completed,34.7
ORD0008163,CUST002352,R013,2025-09-08 19:53:04,Third-Party Delivery,PROMO007,Completed,49.78
ORD0008164,CUST002053,R010,2026-08-23 21:23:04,Dine-in,,Completed,51.2
ORD0008165,CUST003979,R015,2026-09-24 18:30:04,Dine-in,,Completed,35.53
ORD0008166,CUST001958,R003,2026-03-16 12:52:04,Website/App,,Completed,16.49
ORD0008167,CUST003340,R016,2026-07-15 13:33:04,Third-Party Delivery,,Completed,73.13
ORD0008168,CUST003245,R004,2026-06-12 20:13:04,Third-Party Delivery,,Completed,29.55
ORD0008169,CUST000277,R001,2026-08-05 21:46:04,Takeaway,,Completed,232.71
ORD0008170,CUST000341,R008,2026-06-03 20:28:04,Takeaway,,Completed,28.94
ORD0008171,CUST002619,R020,2026-08-09 08:40:04,Third-Party Delivery,,Completed,20.67
ORD0008172,CUST001037,R015,2026-09-12 14:22:04,Third-Party Delivery,,Completed,25.48
ORD0008173,CUST002609,R002,2026-06-27 20:13:04,Takeaway,,Completed,41.34
ORD0008174,CUST000576,R009,2026-08-23 13:21:04,Website/App,,Completed,79.32
ORD0008175,CUST001571,R015,2026-09-13 12:52:04,Website/App,,Completed,45.59
ORD0008176,CUST000403,R017,2026-03-15 21:46:04,Dine-in,,Completed,21.14
ORD0008177,CUST001122,R010,2026-06-22 18:32:04,Takeaway,,Completed,88.97
ORD0008178,CUST000347,R001,2026-03-20 18:52:04,Dine-in,,Completed,46.97
ORD0008179,CUST003879,R007,2026-04-07 12:24:04,Takeaway,,Completed,87.87
ORD0008180,CUST001562,R006,2026-01-27 22:54:04,Dine-in,,Completed,85.88
ORD0008181,CUST003598,R005,2026-08-30 12:02:04,Website/App,,Completed,149.25
ORD0008182,CUST003883,R004,2026-09-16 21:55:04,Website/App,,Completed,15.93
ORD0008183,CUST003628,R005,2026-04-25 10:18:04,Dine-in,,Completed,108.52
ORD0008184,CUST001813,R001,2026-09-24 12:29:04,Website/App,,Completed,38.6
ORD0008185,CUST003107,R003,2026-09-16 11:37:04,Takeaway,,Completed,89.85
ORD0008186,CUST000612,R020,2026-03-09 19:17:04,Takeaway,,Completed,57.88
ORD0008187,CUST000372,R013,2026-05-17 18:34:04,Third-Party Delivery,,Completed,15.13
ORD0008188,CUST003506,R004,2026-09-12 13:30:04,Website/App,,Completed,32.83
ORD0008189,CUST000115,R017,2026-08-08 21:11:04,Third-Party Delivery,,Completed,150.18
ORD0008190,CUST003887,R011,2026-08-12 11:56:04,Website/App,,Completed,79.17
ORD0008191,CUST002668,R006,2026-06-11 12:12:04,Takeaway,,Completed,146.54
ORD0008192,CUST001663,R009,2026-08-09 13:17:04,Website/App,,Completed,61.88
ORD0008193,CUST000561,R006,2026-06-15 14:28:04,Takeaway,,Completed,80.96
ORD0008194,CUST002881,R013,2026-09-15 18:58:04,Third-Party Delivery,,Completed,77.46
ORD0008195,CUST002237,R016,2026-07-07 19:09:04,Website/App,,Completed,60.72
ORD0008196,CUST002831,R009,2025-08-23 14:28:04,Takeaway,,Completed,29.55
ORD0008197,CUST001658,R009,2026-03-03 11:18:04,Dine-in,,Completed,45.15
ORD0008198,CUST000258,R001,2026-09-10 22:33:04,Takeaway,,Completed,112.98
ORD0008199,CUST001248,R020,2026-06-18 21:43:04,Dine-in,,Completed,15.13
ORD0008200,CUST001248,R003,2026-02-26 22:43:04,Third-Party Delivery,,Completed,13.55
ORD0008201,CUST000034,R019,2026-08-04 22:02:04,Dine-in,,Completed,74.45
ORD0008202,CUST000036,R007,2026-09-10 13:52:04,Third-Party Delivery,,Completed,22.51
ORD0008203,CUST001310,R004,2026-09-20 15:33:04,Takeaway,,Cancelled,22.56
ORD0008204,CUST002899,R018,2026-05-01 11:32:04,Website/App,,Completed,50.98
ORD0008205,CUST002478,R018,2026-07-23 14:30:04,Dine-in,,Completed,30.24
ORD0008206,CUST000962,R006,2026-07-28 13:01:04,Dine-in,,Completed,46.04
ORD0008207,CUST002386,R005,2026-08-27 17:32:04,Dine-in,,Completed,35.84
ORD0008208,CUST002573,R012,2026-07-17 13:11:04,Dine-in,,Completed,71.77
ORD0008209,CUST002076,R011,2026-09-17 12:42:04,Dine-in,,Completed,32.5
ORD0008210,CUST002073,R005,2026-06-02 17:12:04,Dine-in,,Completed,22.19
ORD0008211,CUST001458,R005,2025-12-20 22:35:04,Dine-in,,Completed,60.47
ORD0008212,CUST000489,R009,2026-09-07 22:49:04,Dine-in,,Completed,63.29
ORD0008213,CUST001526,R019,2026-09-05 20:53:04,Dine-in,,Completed,122.86
ORD0008214,CUST001362,R012,2026-07-20 13:50:04,Dine-in,,Completed,109.13
ORD0008215,CUST002347,R019,2026-07-02 19:58:04,Website/App,,Completed,12.17
ORD0008216,CUST003421,R009,2026-02-01 11:15:04,Takeaway,,Completed,60.66
ORD0008217,CUST001484,R010,2026-01-15 13:00:04,Dine-in,,Completed,59.26
ORD0008218,CUST002825,R010,2026-06-23 11:28:04,Dine-in,,Completed,48.6
ORD0008219,CUST003239,R008,2026-09-11 12:42:04,Website/App,,Completed,62.63
ORD0008220,CUST000855,R015,2026-04-15 14:53:04,Website/App,,Completed,22.04
ORD0008221,CUST003600,R012,2026-04-30 12:26:04,Third-Party Delivery,,Completed,18.0
ORD0008222,CUST000273,R008,2026-05-16 18:56:04,Takeaway,,Completed,80.29
ORD0008223,CUST003600,R012,2026-06-12 19:03:04,Dine-in,,Completed,11.94
ORD0008224,CUST000660,R010,2026-09-23 11:13:04,Takeaway,,Completed,41.1
ORD0008225,CUST001336,R005,2026-01-22 11:18:04,Dine-in,,Completed,60.26
ORD0008226,CUST002396,R012,2026-04-20 10:25:04,Dine-in,PROMO002,Completed,42.28
ORD0008227,CUST003613,R011,2026-08-20 12:05:04,Third-Party Delivery,,Completed,81.82
ORD0008228,CUST001023,R010,2026-09-15 13:52:04,Dine-in,,Completed,146.33
ORD0008229,CUST003044,R006,2026-01-18 15:40:04,Third-Party Delivery,PROMO009,Completed,62.81
ORD0008230,CUST002827,R003,2026-08-29 10:31:04,Dine-in,,Cancelled,55.29
ORD0008231,CUST000644,R016,2026-06-03 12:46:04,Takeaway,,Completed,218.17
ORD0008232,CUST001913,R001,2026-01-06 13:07:04,Dine-in,,Cancelled,34.44
ORD0008233,CUST001923,R019,2026-03-03 22:33:04,Takeaway,,Cancelled,86.99
ORD0008234,CUST001208,R014,2026-02-24 08:40:04,Dine-in,,Completed,7.54
ORD0008235,CUST003113,R012,2026-09-01 21:49:04,Third-Party Delivery,,Completed,53.49
ORD0008236,CUST003698,R002,2026-06-24 19:23:04,Website/App,,Completed,262.11
ORD0008237,CUST002853,R017,2026-07-17 21:39:04,Dine-in,,Completed,31.56
ORD0008238,CUST003889,R009,2026-09-23 12:29:04,Third-Party Delivery,,Completed,28.67
ORD0008239,CUST000191,R004,2026-03-27 11:22:04,Dine-in,,Completed,58.58
ORD0008240,CUST000138,R004,2025-12-08 19:19:04,Third-Party Delivery,,Completed,54.62
ORD0008241,CUST003569,R003,2026-09-07 18:25:04,Dine-in,,Completed,15.26
ORD0008242,CUST003587,R017,2026-08-30 11:36:04,Website/App,,Completed,8.15
ORD0008243,CUST000420,R015,2026-08-02 13:18:04,Dine-in,,Cancelled,289.73
ORD0008244,CUST001409,R009,2026-08-18 21:50:04,Third-Party Delivery,,Completed,35.53
ORD0008245,CUST003336,R001,2026-03-15 14:47:04,Third-Party Delivery,,Completed,56.72
ORD0008246,CUST000508,R007,2026-07-29 22:48:04,Takeaway,,Cancelled,79.3
ORD0008247,CUST001070,R009,2026-09-15 14:35:04,Dine-in,,Completed,25.56
ORD0008248,CUST002708,R020,2026-07-07 21:19:04,Dine-in,,Completed,45.91
ORD0008249,CUST003929,R014,2026-07-22 19:25:04,Website/App,,Completed,48.5
ORD0008250,CUST003182,R002,2026-04-09 13:14:04,Website/App,,Completed,16.49
ORD0008251,CUST003100,R004,2026-08-05 21:32:04,Dine-in,,Completed,8.15
ORD0008252,CUST001352,R003,2025-10-06 19:02:04,Dine-in,,Completed,64.22
ORD0008253,CUST002624,R014,2026-06-30 11:21:04,Takeaway,,Completed,6.63
ORD0008254,CUST000450,R003,2026-09-14 10:37:04,Website/App,,Completed,164.98
ORD0008255,CUST003971,R012,2026-09-24 20:02:04,Dine-in,,Completed,75.11
ORD0008256,CUST001920,R009,2026-08-27 12:48:04,Dine-in,,Completed,199.49
ORD0008257,CUST002541,R012,2026-05-05 10:11:04,Website/App,,Completed,42.19
ORD0008258,CUST003504,R020,2026-09-18 20:59:04,Dine-in,,Completed,62.56
ORD0008259,CUST000004,R018,2026-05-21 15:09:04,Dine-in,,Completed,78.68
ORD0008260,CUST003902,R011,2026-07-19 17:09:04,Third-Party Delivery,,Completed,55.08
ORD0008261,CUST001416,R003,2026-09-02 18:54:04,Takeaway,,Completed,177.02
ORD0008262,CUST001342,R010,2026-06-14 13:28:04,Dine-in,,Completed,40.24
ORD0008263,CUST000578,R006,2026-05-31 14:34:04,Takeaway,PROMO005,Completed,86.36
ORD0008264,CUST003428,R012,2025-08-09 13:22:04,Dine-in,,Completed,24.34
ORD0008265,CUST003481,R014,2026-04-20 20:24:04,Takeaway,,Completed,62.29
ORD0008266,CUST000078,R015,2026-07-31 19:24:04,Third-Party Delivery,,Completed,18.87
ORD0008267,CUST000211,R007,2026-04-30 13:52:04,Dine-in,,Completed,183.06
ORD0008268,CUST003667,R017,2026-07-30 13:00:04,Takeaway,,Completed,41.38
ORD0008269,CUST000487,R013,2026-04-25 18:16:04,Takeaway,PROMO002,Completed,16.58
ORD0008270,CUST002467,R010,2026-09-15 14:51:04,Dine-in,,Completed,39.48
ORD0008271,CUST002461,R004,2026-03-24 21:07:04,Dine-in,,Completed,91.32
ORD0008272,CUST003478,R017,2026-07-15 21:48:04,Website/App,,Completed,46.53
ORD0008273,CUST002275,R004,2026-01-16 22:25:04,Website/App,PROMO009,Completed,11.55
ORD0008274,CUST001723,R009,2026-05-23 22:56:04,Website/App,PROMO005,Completed,39.78
ORD0008275,CUST003895,R003,2026-09-19 14:38:04,Third-Party Delivery,,Completed,72.29
ORD0008276,CUST000918,R008,2026-03-17 12:31:04,Dine-in,,Completed,167.87
ORD0008277,CUST001052,R015,2026-02-01 12:14:04,Website/App,PROMO003,Completed,44.67
ORD0008278,CUST000334,R015,2026-07-22 21:30:04,Takeaway,,Completed,80.33
ORD0008279,CUST003900,R012,2026-02-05 20:02:04,Dine-in,PROMO003,Completed,21.94
ORD0008280,CUST002814,R017,2026-08-21 09:40:04,Dine-in,,Completed,124.68
ORD0008281,CUST000047,R006,2026-05-29 23:24:04,Dine-in,,Completed,127.19
ORD0008282,CUST002807,R010,2026-03-29 11:13:04,Dine-in,,Completed,8.15
ORD0008283,CUST001599,R011,2026-03-29 14:25:04,Website/App,,Completed,79.16
ORD0008284,,R008,2026-02-23 12:26:04,Website/App,,Completed,153.55
ORD0008285,CUST001104,R016,2026-08-30 22:03:04,Dine-in,,Completed,122.39
ORD0008286,CUST002827,R003,2026-09-01 23:43:04,Third-Party Delivery,,Completed,37.98
ORD0008287,CUST002494,R015,2026-03-12 21:26:04,Takeaway,,Completed,32.98
ORD0008288,CUST000047,R016,2026-06-06 23:40:04,Dine-in,,Completed,14.34
ORD0008289,CUST003538,R010,2025-12-01 19:52:04,Dine-in,,Completed,60.19
ORD0008290,CUST000555,R008,2026-04-27 18:46:04,Takeaway,,Completed,34.7
ORD0008291,CUST002630,R017,2026-09-22 22:45:04,Website/App,,Completed,72.7
ORD0008292,CUST003093,R002,2026-07-30 13:58:04,Third-Party Delivery,,Completed,47.55
ORD0008293,CUST002509,R003,2026-04-09 11:31:04,Takeaway,PROMO002,Completed,65.29
ORD0008294,CUST000383,R006,2026-08-28 20:12:04,Dine-in,,Completed,17.27
ORD0008295,CUST003899,R005,2025-09-07 20:05:04,Dine-in,PROMO007,Completed,141.23
ORD0008296,CUST000952,R017,2026-08-05 13:26:04,Website/App,,Completed,30.24
ORD0008297,CUST002496,R010,2025-09-06 22:55:04,Website/App,PROMO007,Completed,11.86
ORD0008298,CUST003183,R007,2026-09-14 13:03:04,Website/App,,Completed,88.59
ORD0008299,CUST003754,R016,2026-07-20 18:12:04,Dine-in,,Completed,93.63
ORD0008300,CUST002393,R008,2026-04-05 14:05:04,Dine-in,,Completed,39.98
ORD0008301,CUST001037,R007,2026-09-05 18:32:04,Takeaway,,Cancelled,18.42
ORD0008302,CUST003343,R012,2026-05-20 23:23:04,Takeaway,,Completed,15.1
ORD0008303,CUST000658,R015,2026-06-17 12:32:04,Takeaway,,Completed,24.4
ORD0008304,CUST000085,R011,2026-02-22 19:21:04,Dine-in,,Completed,64.78
ORD0008305,,R005,2026-08-24 11:21:04,Dine-in,,Completed,187.9
ORD0008306,CUST002287,R005,2026-01-24 22:20:04,Takeaway,PROMO011,Completed,46.07
ORD0008307,CUST000271,R014,2026-08-07 13:23:04,Dine-in,,Completed,30.24
ORD0008308,CUST002303,R016,2026-06-01 19:33:04,Dine-in,,Completed,137.36
ORD0008309,CUST000578,R006,2026-07-17 14:15:04,Third-Party Delivery,,Completed,58.06
ORD0008310,CUST000116,R006,2026-06-13 19:25:04,Takeaway,,Completed,34.43
ORD0008311,CUST000465,R014,2026-09-02 11:21:04,Dine-in,,Completed,43.79
ORD0008312,CUST003090,R011,2026-09-10 21:09:04,Dine-in,,Completed,8.15
ORD0008313,CUST003010,R012,2026-05-12 16:52:04,Website/App,,Completed,51.49
ORD0008314,CUST002393,R018,2026-01-05 13:31:04,Dine-in,,Completed,52.65
ORD0008315,CUST000846,R020,2026-08-01 22:39:04,Dine-in,,Completed,53.2
ORD0008316,CUST002944,R018,2026-06-09 19:16:04,Dine-in,,Completed,31.37
ORD0008317,CUST001613,R004,2026-09-23 11:43:04,Dine-in,,Completed,11.02
ORD0008318,CUST002036,R014,2026-07-05 18:49:04,Website/App,,Completed,39.75
ORD0008319,CUST003586,R003,2026-04-07 20:14:04,Website/App,,Completed,80.94
ORD0008320,CUST001827,R019,2026-06-06 23:58:04,Dine-in,,Completed,70.5
ORD0008321,CUST002490,R016,2026-09-22 14:01:04,Third-Party Delivery,,Completed,52.98
ORD0008322,CUST003847,R015,2026-04-18 12:12:04,Dine-in,PROMO002,Completed,11.38
ORD0008323,CUST001799,R011,2026-01-12 18:34:04,Third-Party Delivery,,Completed,83.56
ORD0008324,CUST002226,R002,2026-09-20 09:25:04,Takeaway,,Completed,66.15
ORD0008325,CUST002318,R010,2026-09-20 12:18:04,Dine-in,,Completed,17.62
ORD0008326,CUST000968,R013,2026-05-30 22:46:04,Dine-in,PROMO005,Completed,28.21
ORD0008327,CUST002938,R019,2026-05-11 21:35:04,Takeaway,,Completed,21.63
ORD0008328,CUST002894,R002,2026-05-08 23:27:04,Dine-in,,Completed,45.89
ORD0008329,CUST000863,R002,2026-02-06 19:30:04,Takeaway,,Completed,148.77
ORD0008330,CUST000052,R012,2026-07-06 16:14:04,Dine-in,,Completed,76.03
ORD0008331,CUST003997,R009,2026-09-18 18:18:04,Website/App,,Completed,34.12
ORD0008332,CUST002307,R013,2026-08-08 14:40:04,Dine-in,,Completed,80.65
ORD0008333,CUST000737,R015,2026-07-03 13:43:04,Website/App,,Completed,80.01
ORD0008334,CUST001129,R005,2026-08-08 22:14:04,Dine-in,,Completed,124.32
ORD0008335,CUST002452,R015,2026-08-12 08:49:04,Website/App,,Completed,24.17
ORD0008336,CUST000546,R016,2026-09-02 15:42:04,Website/App,,Completed,65.56
ORD0008337,CUST000138,R004,2026-08-30 21:50:04,Website/App,,Cancelled,7.82
ORD0008338,CUST003188,R009,2026-07-27 11:37:04,Dine-in,,Completed,121.1
ORD0008339,CUST002850,R003,2026-09-17 13:40:04,Dine-in,,Completed,-21.6
ORD0008340,CUST001226,R011,2026-08-18 18:58:04,Website/App,,Completed,88.6
ORD0008341,CUST000223,R018,2026-05-04 11:59:04,Third-Party Delivery,,Completed,48.22
ORD0008342,CUST001942,R011,2026-08-14 22:41:04,Dine-in,,Completed,15.13
ORD0008343,CUST001101,R016,2026-04-18 12:23:04,Dine-in,,Completed,230.41
ORD0008344,CUST001575,R013,2026-06-23 20:36:04,Takeaway,,Completed,99.03
ORD0008345,CUST001093,R018,2025-10-07 09:22:04,Dine-in,,Completed,7.14
ORD0008346,CUST000714,R010,2026-07-02 21:04:04,Dine-in,,Completed,144.44
ORD0008347,CUST001531,R003,2026-08-29 14:57:04,Third-Party Delivery,,Completed,34.7
ORD0008348,CUST003858,R011,2026-05-04 14:12:04,Third-Party Delivery,,Completed,15.13
ORD0008349,CUST001067,R011,2026-09-01 11:11:04,Website/App,,Completed,71.95
ORD0008350,CUST001331,R017,2026-08-13 21:34:04,Dine-in,,Completed,42.85
ORD0008351,CUST001305,R003,2026-07-03 19:27:04,Dine-in,,Cancelled,100.38
ORD0008352,CUST001918,R010,2026-06-20 19:17:04,Website/App,,Completed,74.56
ORD0008353,CUST003369,R017,2026-05-06 22:32:04,Third-Party Delivery,,Completed,68.22
ORD0008354,CUST001592,R013,2026-06-19 14:32:04,Takeaway,,Completed,25.49
ORD0008355,CUST003218,R006,2026-09-17 09:32:04,Third-Party Delivery,,Completed,34.12
ORD0008356,CUST000459,R020,2026-08-01 14:14:04,Third-Party Delivery,,Completed,77.65
ORD0008357,CUST003574,R003,2026-09-18 13:08:04,Dine-in,,Completed,7.1
ORD0008358,CUST000754,R002,2026-08-07 18:06:04,Third-Party Delivery,,Completed,56.36
ORD0008359,CUST000146,R017,2026-08-27 21:04:04,Takeaway,,Completed,90.12
ORD0008360,CUST000636,R014,2026-04-08 18:24:04,Takeaway,,Completed,70.27
ORD0008361,CUST000776,R001,2026-09-04 21:09:04,Takeaway,,Completed,39.82
ORD0008362,CUST002026,R005,2026-04-28 11:05:04,Website/App,,Completed,57.31
ORD0008363,CUST001791,R008,2026-08-28 20:02:04,Dine-in,,Completed,47.35
ORD0008364,CUST002851,R019,2026-07-22 19:21:04,Dine-in,,Completed,53.09
ORD0008365,CUST000193,R015,2026-08-14 19:23:04,Third-Party Delivery,,Completed,177.77
ORD0008366,CUST001983,R001,2026-08-02 17:10:04,Takeaway,,Completed,86.45
ORD0008367,CUST001317,R018,2026-06-29 12:32:04,Website/App,,Completed,56.67
ORD0008368,CUST002508,R009,2026-06-20 14:26:04,Dine-in,,Completed,31.68
ORD0008369,CUST000166,R020,2026-09-16 12:43:04,Takeaway,,Completed,80.35
ORD0008370,CUST000130,R010,2026-07-16 19:31:04,Dine-in,,Completed,35.82
ORD0008371,CUST001697,R008,2026-09-17 11:38:04,Dine-in,,Completed,23.04
ORD0008372,CUST003237,R016,2026-08-31 12:01:04,Dine-in,,Completed,54.6
ORD0008373,CUST002662,R014,2026-09-11 12:05:04,Dine-in,,Completed,20.91
ORD0008374,CUST000063,R013,2026-03-22 22:52:04,Takeaway,,Completed,27.55
ORD0008375,CUST000726,R017,2026-08-13 13:09:04,Dine-in,,Completed,63.38
ORD0008376,CUST000911,R019,2026-07-06 12:18:04,Third-Party Delivery,,Completed,43.84
ORD0008377,CUST001678,R008,2026-09-22 19:25:04,Takeaway,,Completed,116.52
ORD0008378,CUST002325,R002,2026-05-08 09:27:04,Third-Party Delivery,,Completed,25.89
ORD0008379,CUST000872,R004,2026-03-21 21:50:04,Dine-in,,Completed,36.81
ORD0008380,CUST001515,R019,2026-09-17 18:52:04,Dine-in,,Completed,15.78
ORD0008381,CUST002316,R014,2026-03-29 19:30:04,Dine-in,,Completed,38.55
ORD0008382,CUST001517,R008,2026-09-03 12:21:04,Third-Party Delivery,,Completed,57.34
ORD0008383,CUST000569,R012,2026-07-11 11:53:04,Takeaway,,Completed,134.85
ORD0008384,CUST001961,R017,2026-09-09 20:39:04,Dine-in,,Completed,59.58
ORD0008385,CUST001284,R002,2026-09-12 20:58:04,Third-Party Delivery,,Completed,60.15
ORD0008386,CUST003453,R006,2026-02-03 21:08:04,Dine-in,PROMO003,Completed,11.27
ORD0008387,CUST003093,R012,2026-07-29 21:05:04,Website/App,,Completed,15.65
ORD0008388,CUST000775,R004,2026-09-20 08:03:04,Website/App,,Completed,19.76
ORD0008389,CUST000607,R013,2026-08-27 17:02:04,Dine-in,,Completed,25.52
ORD0008390,CUST001370,R018,2026-07-13 09:51:04,Website/App,,Completed,62.47
ORD0008391,CUST001632,R015,2026-09-20 10:59:04,Third-Party Delivery,,Completed,43.33
ORD0008392,CUST003719,R017,2025-11-03 14:40:04,Dine-in,PROMO001,Completed,88.21
ORD0008393,CUST001200,R001,2025-10-30 11:46:04,Dine-in,,Cancelled,8.15
ORD0008394,CUST003467,R006,2026-05-26 20:56:04,Website/App,PROMO005,Completed,85.7
ORD0008395,CUST002011,R012,2026-03-10 20:08:04,Dine-in,,Completed,58.52
ORD0008396,CUST003539,R005,2026-05-22 14:27:04,Third-Party Delivery,PROMO005,Completed,52.77
ORD0008397,CUST002798,R020,2026-03-22 11:12:04,Third-Party Delivery,,Completed,117.96
ORD0008398,CUST002819,R004,2026-08-30 11:12:04,Third-Party Delivery,,Completed,43.32
ORD0008399,CUST002065,R020,2026-05-13 20:28:04,Dine-in,,Completed,21.3
ORD0008400,CUST003357,R008,2025-10-18 18:38:04,Third-Party Delivery,,Completed,64.52
ORD0008401,CUST001020,R019,2026-07-22 21:09:04,Dine-in,,Completed,54.1
ORD0008402,CUST003619,R016,2026-09-12 21:20:04,Takeaway,,Completed,90.53
ORD0008403,CUST002532,R010,2026-09-01 13:18:04,Website/App,,Cancelled,59.59
ORD0008404,CUST001745,R007,2026-05-01 19:18:04,Dine-in,,Completed,29.95
ORD0008405,CUST003931,R005,2026-08-02 14:02:04,Takeaway,,Completed,8.63
ORD0008406,CUST003441,R010,2026-07-07 18:17:04,Dine-in,,Cancelled,20.94
ORD0008407,CUST003076,R014,2025-11-10 22:29:04,Third-Party Delivery,,Completed,51.8
ORD0008408,,R018,2026-08-05 18:00:04,Website/App,,Completed,60.56
ORD0008409,CUST003894,R015,2026-04-27 20:08:04,Third-Party Delivery,,Completed,44.51
ORD0008410,CUST002963,R004,2026-07-01 14:54:04,Dine-in,,Completed,32.52
ORD0008411,CUST002396,R015,2026-02-17 13:36:04,Dine-in,,Completed,88.78
ORD0008412,CUST003680,R006,2026-07-12 18:59:04,Dine-in,,Completed,84.81
ORD0008413,,R013,2026-09-05 11:03:04,Dine-in,,Completed,34.62
ORD0008414,CUST000552,R014,2026-07-22 19:15:04,Dine-in,,Completed,79.06
ORD0008415,CUST002240,R013,2026-09-17 19:15:04,Takeaway,,Completed,49.99
ORD0008416,CUST000217,R004,2025-10-04 18:04:04,Dine-in,,Completed,22.73
ORD0008417,CUST002631,R002,2026-08-19 19:27:04,Website/App,,Completed,19.51
ORD0008418,CUST000969,R014,2025-12-21 11:00:04,Dine-in,,Completed,30.03
ORD0008419,CUST000472,R001,2026-08-26 11:18:04,Takeaway,,Completed,73.58
ORD0008420,CUST001620,R011,2026-08-28 18:50:04,Website/App,,Completed,51.74
ORD0008421,CUST001858,R005,2026-05-10 15:59:04,Dine-in,,Completed,191.56
ORD0008422,CUST000690,R002,2026-07-19 20:04:04,Dine-in,,Completed,39.75
ORD0008423,CUST000156,R010,2026-07-26 18:59:04,Takeaway,,Completed,7.05
ORD0008424,CUST001641,R020,2026-02-22 20:00:04,Takeaway,,Completed,62.81
ORD0008425,CUST003026,R018,2026-08-06 19:04:04,Dine-in,,Completed,65.99
ORD0008426,CUST003497,R004,2026-01-14 11:26:04,Dine-in,,Completed,8.39
ORD0008427,CUST000384,R012,2026-09-01 19:24:04,Takeaway,,Completed,138.37
ORD0008428,CUST002085,R002,2026-03-11 20:54:04,Third-Party Delivery,,Completed,161.63
ORD0008429,CUST001055,R005,2026-08-31 23:46:04,Takeaway,,Completed,47.26
ORD0008430,CUST001481,R009,2026-08-22 14:03:04,Third-Party Delivery,,Completed,33.02
ORD0008431,CUST003726,R008,2026-06-21 21:52:04,Dine-in,,Completed,83.94
ORD0008432,CUST001388,R016,2026-09-03 12:53:04,Takeaway,,Completed,172.53
ORD0008433,CUST001439,R010,2026-03-30 14:18:04,Dine-in,,Cancelled,136.09
ORD0008434,CUST000847,R013,2026-08-19 12:26:04,Third-Party Delivery,,Completed,136.21
ORD0008435,CUST003840,R013,2026-05-11 12:38:04,Third-Party Delivery,,Completed,60.95
ORD0008436,CUST001820,R011,2026-09-11 12:53:04,Third-Party Delivery,,Completed,45.98
ORD0008437,CUST002266,R009,2026-05-03 19:10:04,Dine-in,,Completed,53.03
ORD0008438,CUST001807,R018,2026-04-19 21:29:04,Website/App,PROMO002,Completed,-5.66
ORD0008439,CUST001017,R001,2026-08-09 14:33:04,Takeaway,,Completed,30.24
ORD0008440,CUST003234,R011,2026-06-26 11:02:04,Website/App,,Completed,53.92
ORD0008441,CUST000107,R008,2025-12-25 15:58:04,Dine-in,,Completed,19.73
ORD0008442,CUST002750,R005,2026-09-23 09:59:04,Website/App,,Completed,12.51
ORD0008443,CUST002356,R012,2026-02-04 21:22:04,Takeaway,,Completed,168.37
ORD0008444,CUST000575,R018,2026-04-19 11:46:04,Third-Party Delivery,PROMO002,Completed,22.96
ORD0008445,CUST000668,R006,2026-08-26 11:32:04,Dine-in,,Completed,102.51
ORD0008446,CUST002615,R010,2026-07-22 13:06:04,Takeaway,,Completed,34.68
ORD0008447,CUST001236,R004,2026-03-22 11:10:04,Third-Party Delivery,,Completed,102.87
ORD0008448,CUST001063,R001,2026-01-22 12:25:04,Website/App,PROMO009,Completed,69.2
ORD0008449,CUST000226,R002,2026-08-07 12:31:04,Dine-in,,Completed,108.08
ORD0008450,CUST003052,R003,2026-03-15 11:19:04,Website/App,,Completed,192.23
ORD0008451,CUST003526,R007,2026-09-04 18:48:04,Website/App,,Completed,48.57
ORD0008452,CUST003271,R007,2026-03-22 19:21:04,Takeaway,,Completed,34.12
ORD0008453,CUST001858,R015,2026-09-07 14:47:04,Dine-in,,Completed,37.98
ORD0008454,CUST002119,R011,2026-08-05 20:11:04,Dine-in,,Completed,-56.09
ORD0008455,,R009,2026-09-14 21:21:04,Dine-in,,Completed,143.87
ORD0008456,CUST000704,R005,2025-12-13 20:46:04,Takeaway,,Completed,60.43
ORD0008457,CUST003279,R013,2026-01-14 19:33:04,Takeaway,,Completed,75.22
ORD0008458,CUST003187,R005,2026-09-02 18:30:04,Dine-in,,Completed,20.67
ORD0008459,CUST003100,R014,2026-08-27 21:58:04,Website/App,,Completed,97.69
ORD0008460,CUST001847,R004,2026-02-23 17:11:04,Takeaway,,Completed,57.95
ORD0008461,CUST003454,R006,2026-08-06 14:33:04,Takeaway,,Completed,45.91
ORD0008462,CUST003699,R020,2026-05-21 14:59:04,Dine-in,,Completed,45.33
ORD0008463,CUST001300,R016,2025-11-21 18:03:04,Dine-in,,Completed,32.52
ORD0008464,CUST000906,R010,2026-08-07 20:33:04,Dine-in,,Completed,197.95
ORD0008465,CUST001851,R018,2026-05-11 12:25:04,Dine-in,,Completed,34.12
ORD0008466,CUST000728,R015,2026-02-03 22:06:04,Website/App,PROMO003,Completed,58.23
ORD0008467,CUST003532,R011,2026-08-29 13:57:04,Website/App,,Completed,78.04
ORD0008468,CUST001338,R020,2026-08-26 21:43:04,Dine-in,,Completed,41.07
ORD0008469,CUST002290,R003,2026-08-14 18:58:04,Dine-in,,Cancelled,34.7
ORD0008470,CUST002357,R012,2026-02-15 14:32:04,Dine-in,,Completed,73.36
ORD0008471,CUST002050,R002,2026-07-26 22:41:04,Third-Party Delivery,,Completed,96.99
ORD0008472,CUST000629,R012,2026-06-02 21:30:04,Takeaway,,Completed,151.68
ORD0008473,CUST003964,R016,2026-06-09 18:54:04,Third-Party Delivery,,Completed,63.54
ORD0008474,CUST000702,R013,2026-08-06 21:42:04,Takeaway,,Completed,45.46
ORD0008475,CUST002994,R019,2025-10-30 22:01:04,Dine-in,,Completed,90.65
ORD0008476,CUST003159,R013,2026-09-12 22:29:04,Takeaway,,Completed,57.77
ORD0008477,CUST000579,R015,2026-07-21 11:37:04,Website/App,,Completed,55.09
ORD0008478,CUST003724,R002,2026-05-15 11:31:04,Third-Party Delivery,,Completed,7.62
ORD0008479,CUST001947,R019,2026-09-23 09:36:04,Third-Party Delivery,,Completed,100.42
ORD0008480,CUST002501,R014,2026-01-20 12:21:04,Dine-in,,Completed,35.53
ORD0008481,CUST002553,R007,2026-03-24 20:02:04,Website/App,,Completed,55.54
ORD0008482,CUST002009,R015,2026-09-24 17:45:04,Dine-in,,Completed,73.93
ORD0008483,CUST000565,R019,2026-09-04 14:06:04,Website/App,,Completed,44.63
ORD0008484,CUST002994,R002,2025-11-04 22:32:04,Dine-in,,Completed,88.31
ORD0008485,CUST002309,R008,2026-07-01 12:45:04,Dine-in,,Completed,7.82
ORD0008486,CUST000472,R011,2026-09-16 12:03:04,Dine-in,,Completed,43.42
ORD0008487,CUST002792,R020,2026-08-25 20:45:04,Dine-in,,Completed,55.42
ORD0008488,CUST002803,R011,2026-09-22 21:56:04,Dine-in,,Completed,79.26
ORD0008489,CUST002179,R012,2026-09-16 14:15:04,Dine-in,,Completed,58.34
ORD0008490,CUST000358,R005,2026-09-24 20:37:04,Third-Party Delivery,,Completed,78.16
ORD0008491,CUST001390,R010,2026-08-28 11:56:04,Website/App,,Completed,57.95
ORD0008492,CUST000193,R015,2026-07-31 18:54:04,Takeaway,,Completed,70.13
ORD0008493,CUST001905,R020,2026-09-15 21:46:04,Takeaway,,Completed,14.62
ORD0008494,CUST003616,R011,2026-09-23 12:51:04,Takeaway,,Completed,120.74
ORD0008495,CUST000012,R008,2026-09-24 18:08:04,Website/App,,Completed,93.24
ORD0008496,CUST001068,R007,2026-09-08 22:12:04,Website/App,,Completed,109.04
ORD0008497,CUST003194,R003,2026-08-03 14:17:04,Website/App,,Completed,78.87
ORD0008498,CUST000037,R015,2026-03-05 16:19:04,Takeaway,,Completed,138.47
ORD0008499,CUST000039,R016,2026-08-27 13:37:04,Takeaway,,Completed,128.24
ORD0008500,CUST002419,R016,2026-08-06 13:53:04,Website/App,,Completed,88.56
ORD0008501,CUST003151,R016,2026-08-13 12:53:04,Dine-in,,Completed,50.72
ORD0008502,CUST003095,R003,2026-04-22 11:29:04,Third-Party Delivery,PROMO002,Completed,30.15
ORD0008503,CUST003111,R019,2026-04-05 15:28:04,Dine-in,,Completed,64.87
ORD0008504,CUST001422,R006,2026-09-23 19:33:04,Dine-in,,Completed,102.56
ORD0008505,CUST003526,R007,2026-09-20 18:39:04,Third-Party Delivery,,Completed,131.26
ORD0008506,CUST000051,R019,2026-07-24 18:06:04,Takeaway,,Cancelled,101.13
ORD0008507,CUST001236,R015,2026-06-24 13:12:04,Dine-in,,Completed,22.19
ORD0008508,CUST001336,R002,2025-10-07 19:49:04,Third-Party Delivery,PROMO004,Completed,41.1
ORD0008509,CUST000667,R001,2026-05-11 21:22:04,Website/App,,Completed,72.45
ORD0008510,CUST001332,R011,2025-12-06 10:41:04,Takeaway,,Completed,32.52
ORD0008511,CUST002323,R002,2026-04-13 20:26:04,Takeaway,PROMO002,Completed,24.35
ORD0008512,CUST002070,R003,2026-05-20 20:04:04,Third-Party Delivery,,Completed,15.07
ORD0008513,CUST001266,R003,2026-08-19 12:59:04,Third-Party Delivery,,Completed,110.65
ORD0008514,CUST002988,R019,2026-04-05 21:33:04,Website/App,,Completed,39.52
ORD0008515,CUST002846,R017,2026-02-23 12:36:04,Dine-in,,Completed,35.53
ORD0008516,CUST001117,R016,2026-08-12 10:49:04,Dine-in,,Completed,37.41
ORD0008517,CUST001281,R002,2026-07-11 19:26:04,Dine-in,,Completed,15.2
ORD0008518,CUST001144,R002,2026-07-01 12:31:04,Third-Party Delivery,,Completed,102.47
ORD0008519,CUST000510,R009,2026-01-03 13:21:04,Dine-in,,Completed,39.43
ORD0008520,CUST002999,R018,2026-09-10 19:17:04,Dine-in,,Completed,19.13
ORD0008521,CUST000175,R020,2026-09-23 14:43:04,Third-Party Delivery,,Completed,11.55
ORD0008522,CUST000598,R009,2026-06-13 14:07:04,Dine-in,,Completed,68.76
ORD0008523,CUST000412,R004,2026-08-17 12:41:04,Takeaway,,Completed,43.65
ORD0008524,CUST003289,R004,2026-06-02 11:57:04,Website/App,PROMO005,Completed,18.6
ORD0008525,CUST000168,R009,2026-09-23 21:07:04,Dine-in,,Completed,34.7
ORD0008526,CUST002633,R011,2026-04-23 22:02:04,Dine-in,,Completed,39.75
ORD0008527,CUST000169,R004,2026-06-27 21:20:04,Takeaway,,Completed,62.46
ORD0008528,CUST003139,R010,2026-09-14 11:35:04,Dine-in,,Completed,144.88
ORD0008529,CUST003643,R016,2026-05-27 22:19:04,Dine-in,,Completed,14.79
ORD0008530,CUST001944,R019,2026-08-15 11:04:04,Dine-in,,Completed,4.61
ORD0008531,CUST003213,R002,2026-03-10 18:44:04,Website/App,,Completed,52.76
ORD0008532,CUST002814,R007,2026-01-03 12:32:04,Dine-in,,Completed,8.63
ORD0008533,CUST003177,R014,2026-06-20 22:10:04,Dine-in,,Completed,97.26
ORD0008534,CUST003054,R009,2025-11-27 21:15:04,Dine-in,,Completed,77.91
ORD0008535,CUST000834,R004,2026-07-17 11:48:04,Dine-in,,Completed,26.41
ORD0008536,CUST001988,R004,2026-05-23 14:23:04,Dine-in,,Completed,41.1
ORD0008537,CUST003841,R011,2026-09-06 12:30:04,Dine-in,,Cancelled,142.75
ORD0008538,CUST001356,R006,2026-09-12 23:38:04,Website/App,,Completed,91.63
ORD0008539,CUST003878,R011,2026-03-11 19:52:04,Takeaway,,Completed,50.92
ORD0008540,CUST002315,R018,2026-04-17 16:57:04,Dine-in,PROMO002,Completed,77.43
ORD0008541,CUST001839,R006,2026-05-15 16:13:04,Takeaway,,Completed,31.11
ORD0008542,CUST002609,R012,2026-03-10 14:20:04,Dine-in,,Completed,38.2
ORD0008543,CUST003254,R020,2026-05-26 17:52:04,Dine-in,,Completed,35.84
ORD0008544,CUST001559,R012,2026-08-31 12:41:04,Dine-in,,Completed,31.46
ORD0008545,CUST000122,R017,2025-09-16 14:11:04,Dine-in,,Completed,69.4
ORD0008546,CUST002821,R019,2026-08-27 20:33:04,Dine-in,,Completed,16.69
ORD0008547,CUST003823,R009,2026-01-25 15:01:04,Takeaway,,Completed,56.21
ORD0008548,CUST002484,R008,2026-09-23 12:18:04,Website/App,,Completed,43.84
ORD0008549,CUST000765,R001,2026-09-19 19:22:04,Website/App,,Completed,36.65
ORD0008550,CUST000998,R015,2026-09-02 19:01:04,Dine-in,,Completed,10.32
ORD0008551,CUST003629,R006,2026-09-18 11:52:04,Dine-in,,Completed,22.19
ORD0008552,CUST000052,R012,2026-07-25 16:22:04,Third-Party Delivery,,Completed,13.55
ORD0008553,CUST002180,R004,2026-07-25 14:58:04,Takeaway,,Completed,79.78
ORD0008554,CUST000638,R012,2026-05-11 14:51:04,Dine-in,,Completed,14.64
ORD0008555,CUST001125,R007,2026-05-26 21:40:04,Dine-in,,Completed,110.25
ORD0008556,CUST001219,R011,2025-10-26 12:57:04,Dine-in,PROMO006,Completed,32.78
ORD0008557,CUST000883,R006,2026-06-12 22:24:04,Takeaway,,Completed,68.6
ORD0008558,CUST003161,R015,2026-09-21 21:05:04,Dine-in,,Completed,39.55
ORD0008559,CUST001316,R007,2026-07-07 15:14:04,Dine-in,,Completed,8.47
ORD0008560,CUST001362,R002,2026-08-19 11:13:04,Dine-in,,Completed,46.55
ORD0008561,CUST001807,R008,2026-05-30 12:28:04,Takeaway,PROMO005,Cancelled,142.07
ORD0008562,CUST003602,R002,2026-07-22 11:05:04,Takeaway,,Completed,152.34
ORD0008563,CUST002743,R001,2026-08-21 21:49:04,Website/App,,Completed,57.97
ORD0008564,CUST000239,R004,2026-08-27 22:44:04,Third-Party Delivery,,Completed,32.52
ORD0008565,,R007,2026-05-26 21:51:04,Dine-in,,Completed,62.81
ORD0008566,CUST002253,R008,2026-09-10 21:20:04,Dine-in,,Completed,27.07
ORD0008567,CUST003544,R019,2026-06-22 18:05:04,Takeaway,,Completed,100.7
ORD0008568,CUST001281,R011,2026-08-16 19:33:04,Dine-in,,Completed,6.5
ORD0008569,CUST000997,R017,2025-12-27 19:08:04,Dine-in,,Completed,29.55
ORD0008570,CUST002982,R008,2026-09-15 12:03:04,Dine-in,,Completed,39.89
ORD0008571,CUST002384,R010,2026-05-17 14:12:04,Takeaway,,Completed,106.62
ORD0008572,CUST002246,R002,2026-09-20 11:42:04,Website/App,,Completed,99.32
ORD0008573,CUST000593,R007,2026-09-20 11:21:04,Website/App,,Completed,77.94
ORD0008574,CUST000715,R014,2026-05-21 12:12:04,Dine-in,,Completed,99.07
ORD0008575,CUST001122,R019,2026-09-18 11:03:04,Third-Party Delivery,,Cancelled,14.79
ORD0008576,CUST000837,R017,2026-06-05 18:52:04,Dine-in,,Completed,49.26
ORD0008577,CUST003883,R004,2026-09-18 13:39:04,Dine-in,,Completed,100.53
ORD0008578,CUST000070,R014,2026-07-10 12:06:04,Third-Party Delivery,,Completed,53.96
ORD0008579,CUST002488,R016,2026-02-27 12:15:04,Takeaway,,Completed,43.38
ORD0008580,CUST002061,R012,2026-04-08 22:58:04,Third-Party Delivery,,Completed,17.67
ORD0008581,CUST001281,R012,2026-08-03 19:04:04,Takeaway,,Completed,126.78
ORD0008582,CUST003545,R005,2026-07-11 18:00:04,Website/App,,Completed,81.06
ORD0008583,CUST002657,R009,2026-06-08 22:19:04,Third-Party Delivery,,Completed,8.15
ORD0008584,CUST003996,R011,2026-08-16 14:43:04,Dine-in,,Completed,89.72
ORD0008585,CUST000680,R008,2026-07-05 19:06:04,Dine-in,,Completed,183.26
ORD0008586,CUST000346,R019,2026-07-30 13:08:04,Third-Party Delivery,,Completed,30.24
ORD0008587,CUST000555,R016,2026-03-12 20:56:04,Dine-in,,Completed,167.77
ORD0008588,CUST001077,R014,2025-12-02 21:51:04,Dine-in,,Completed,65.05
ORD0008589,CUST001654,R017,2026-04-28 13:58:04,Dine-in,,Completed,30.24
ORD0008590,CUST003444,R017,2026-09-06 20:47:04,Dine-in,,Completed,32.33
ORD0008591,CUST001129,R005,2026-02-05 10:25:04,Dine-in,PROMO003,Completed,51.12
ORD0008592,CUST003653,R011,2026-09-22 18:59:04,Third-Party Delivery,,Completed,34.12
ORD0008593,CUST001845,R005,2026-09-02 20:33:04,Third-Party Delivery,,Completed,165.2
ORD0008594,CUST002572,R015,2025-11-30 11:00:04,Takeaway,,Completed,-39.77
ORD0008595,CUST001058,R003,2026-07-01 12:59:04,Third-Party Delivery,,Completed,118.6
ORD0008596,CUST000627,R013,2026-03-11 19:13:04,Third-Party Delivery,,Completed,19.51
ORD0008597,CUST003478,R017,2026-06-28 12:09:04,Dine-in,,Completed,15.13
ORD0008598,CUST000433,R015,2026-04-24 14:52:04,Takeaway,,Completed,62.42
ORD0008599,CUST003085,R010,2026-07-26 11:40:04,Third-Party Delivery,,Completed,23.76
ORD0008600,CUST002305,R006,2026-04-01 11:01:04,Website/App,,Completed,28.14
ORD0008601,CUST003439,R004,2026-07-22 14:44:04,Dine-in,,Cancelled,72.74
ORD0008602,CUST002859,R020,2026-04-16 20:24:04,Dine-in,,Completed,81.53
ORD0008603,CUST001121,R017,2026-07-24 20:47:04,Takeaway,,Completed,75.89
ORD0008604,CUST002282,R011,2026-05-16 21:07:04,Takeaway,,Completed,88.51
ORD0008605,CUST000051,R019,2026-08-17 22:20:04,Dine-in,,Completed,25.87
ORD0008606,CUST001893,R004,2026-04-23 13:58:04,Third-Party Delivery,,Completed,17.67
ORD0008607,CUST000338,R003,2026-06-22 19:30:04,Dine-in,,Completed,89.89
ORD0008608,CUST001703,R013,2026-08-25 13:21:04,Website/App,,Completed,86.85
ORD0008609,CUST000433,R005,2026-05-20 14:42:04,Takeaway,,Completed,30.24
ORD0008610,CUST003821,R008,2026-05-08 20:59:04,Third-Party Delivery,,Completed,18.77
ORD0008611,CUST002078,R013,2026-09-24 19:31:04,Dine-in,,Completed,15.78
ORD0008612,CUST003645,R004,2026-01-24 20:14:04,Dine-in,,Completed,77.27
ORD0008613,CUST000085,R001,2026-01-12 23:08:04,Website/App,,Completed,53.81
ORD0008614,CUST002536,R010,2025-12-18 11:12:04,Dine-in,,Completed,54.71
ORD0008615,CUST001219,R011,2026-05-04 18:46:04,Dine-in,,Completed,47.53
ORD0008616,CUST001716,R009,2026-09-21 19:11:04,Third-Party Delivery,,Completed,39.75
ORD0008617,CUST003493,R017,2026-08-12 13:00:04,Website/App,,Completed,43.84
ORD0008618,CUST003922,R015,2026-09-16 14:12:04,Dine-in,,Completed,29.55
ORD0008619,CUST000990,R013,2025-09-06 21:17:04,Dine-in,,Completed,15.65
ORD0008620,CUST003791,R017,2026-09-18 21:20:04,Dine-in,,Completed,31.46
ORD0008621,CUST002745,R007,2026-06-09 16:58:04,Website/App,,Completed,26.05
ORD0008622,CUST003805,R004,2026-09-23 20:07:04,Takeaway,,Completed,114.44
ORD0008623,CUST002235,R009,2026-09-03 18:49:04,Third-Party Delivery,,Completed,130.18
ORD0008624,CUST003842,R008,2026-04-18 20:40:04,Third-Party Delivery,PROMO002,Completed,17.22
ORD0008625,CUST003565,R002,2026-01-05 13:53:04,Dine-in,,Completed,58.34
ORD0008626,CUST000508,R017,2026-08-20 14:09:04,Third-Party Delivery,,Completed,44.38
ORD0008627,CUST001231,R002,2026-03-15 18:40:04,Website/App,,Completed,134.96
ORD0008628,CUST000976,R001,2026-09-06 22:02:04,Dine-in,,Completed,128.93
ORD0008629,CUST002273,R002,2026-07-31 22:00:04,Website/App,,Completed,166.4
ORD0008630,CUST003202,R020,2025-10-29 12:47:04,Takeaway,PROMO006,Completed,17.52
ORD0008631,CUST003026,R018,2026-06-22 22:04:04,Third-Party Delivery,,Completed,42.52
ORD0008632,CUST002895,R020,2025-10-14 14:39:04,Third-Party Delivery,,Completed,85.74
ORD0008633,CUST001484,R011,2026-04-05 13:21:04,Dine-in,,Completed,60.26
ORD0008634,CUST000555,R018,2026-04-30 18:33:04,Dine-in,,Completed,48.75
ORD0008635,CUST000851,R016,2026-05-29 11:37:04,Website/App,,Completed,5.1
ORD0008636,CUST002956,R020,2026-09-06 19:07:04,Dine-in,,Completed,31.46
ORD0008637,CUST000588,R020,2026-08-05 12:34:04,Dine-in,,Completed,31.46
ORD0008638,CUST000897,R017,2026-08-01 11:25:04,Dine-in,,Completed,109.01
ORD0008639,CUST001685,R010,2026-05-07 13:40:04,Third-Party Delivery,,Completed,39.75
ORD0008640,CUST000279,R013,2026-04-21 21:19:04,Website/App,PROMO002,Completed,51.64
ORD0008641,CUST000861,R005,2026-07-04 22:44:04,Dine-in,,Cancelled,8.63
ORD0008642,CUST000595,R020,2026-02-26 14:54:04,Website/App,,Completed,49.14
ORD0008643,CUST003804,R016,2026-07-18 16:58:04,Website/App,,Completed,63.72
ORD0008644,CUST000779,R020,2026-02-19 21:31:04,Takeaway,,Completed,75.62
ORD0008645,CUST003440,R001,2025-11-27 11:43:04,Website/App,,Completed,78.3
ORD0008646,CUST000459,R010,2026-09-22 21:00:04,Dine-in,,Completed,31.05
ORD0008647,CUST003478,R017,2026-06-02 13:25:04,Third-Party Delivery,,Completed,59.93
ORD0008648,CUST002376,R019,2026-01-30 10:27:04,Dine-in,,Completed,34.25
ORD0008649,CUST003395,R008,2026-08-04 18:50:04,Third-Party Delivery,,Completed,25.74
ORD0008650,CUST003467,R006,2026-09-11 17:31:04,Website/App,,Completed,24.51
ORD0008651,CUST002363,R020,2025-12-07 11:38:04,Dine-in,,Completed,25.99
ORD0008652,CUST003663,R001,2026-04-11 13:43:04,Third-Party Delivery,PROMO002,Completed,65.72
ORD0008653,CUST002322,R008,2026-06-05 11:28:04,Dine-in,,Completed,16.55
ORD0008654,CUST002836,R015,2026-09-23 19:33:04,Website/App,,Completed,196.08
ORD0008655,CUST001652,R006,2026-06-15 13:24:04,Website/App,,Completed,73.72
ORD0008656,CUST003647,R014,2026-09-09 13:27:04,Dine-in,,Completed,77.06
ORD0008657,CUST003282,R014,2026-06-07 19:06:04,Dine-in,,Completed,172.94
ORD0008658,CUST000673,R008,2026-09-02 12:59:04,Dine-in,,Completed,15.73
ORD0008659,CUST002292,R003,2026-08-30 13:55:04,Website/App,,Completed,26.88
ORD0008660,CUST003584,R005,2026-08-10 18:16:04,Takeaway,,Completed,165.89
ORD0008661,CUST003166,R018,2026-09-21 19:05:04,Third-Party Delivery,,Completed,94.28
ORD0008662,CUST003850,R017,2026-08-23 12:37:04,Website/App,,Completed,8.15
ORD0008663,CUST000930,R012,2026-07-23 11:59:04,Third-Party Delivery,,Completed,21.28
ORD0008664,CUST001449,R006,2026-06-19 22:17:04,Takeaway,,Cancelled,34.7
ORD0008665,CUST002021,R014,2026-03-08 22:26:04,Dine-in,,Completed,35.53
ORD0008666,CUST000936,R009,2026-04-07 11:34:04,Dine-in,,Completed,96.41
ORD0008667,CUST001558,R011,2026-08-30 22:47:04,Third-Party Delivery,,Completed,46.64
ORD0008668,CUST002135,R010,2026-03-21 11:24:04,Website/App,,Completed,48.22
ORD0008669,CUST000778,R009,2026-08-04 22:15:04,Dine-in,,Completed,62.81
ORD0008670,CUST001026,R001,2026-07-20 09:29:04,Takeaway,,Completed,62.13
ORD0008671,CUST000493,R016,2026-07-01 18:27:04,Dine-in,,Completed,7.5
ORD0008672,CUST002840,R009,2026-08-07 15:17:04,Takeaway,,Completed,58.01
ORD0008673,CUST001423,R006,2026-08-04 21:05:04,Dine-in,,Completed,183.98
ORD0008674,CUST000887,R006,2026-07-23 13:16:04,Third-Party Delivery,,Completed,79.66
ORD0008675,CUST002022,R012,2026-09-20 18:53:04,Takeaway,,Completed,39.89
ORD0008676,CUST000266,R006,2026-07-27 13:41:04,Takeaway,,Completed,90.13
ORD0008677,CUST003687,R005,2026-09-16 11:56:04,Dine-in,,Completed,63.24
ORD0008678,CUST001170,R001,2026-02-23 16:26:04,Dine-in,,Completed,97.99
ORD0008679,CUST003542,R009,2026-08-25 14:49:04,Website/App,,Completed,76.52
ORD0008680,CUST001983,R001,2026-04-06 11:54:04,Dine-in,,Completed,60.97
ORD0008681,CUST003397,R008,2026-04-03 21:25:04,Dine-in,,Completed,97.42
ORD0008682,CUST000994,R017,2026-06-13 18:30:04,Dine-in,,Completed,84.41
ORD0008683,CUST000714,R010,2026-06-04 20:04:04,Dine-in,,Completed,28.14
ORD0008684,CUST003393,R004,2026-03-19 19:51:04,Website/App,,Completed,61.05
ORD0008685,CUST000861,R015,2026-08-09 12:22:04,Takeaway,,Completed,78.24
ORD0008686,CUST002975,R009,2026-08-15 18:01:04,Takeaway,,Completed,56.44
ORD0008687,CUST001359,R007,2026-09-23 20:33:04,Dine-in,,Completed,52.98
ORD0008688,CUST002982,R008,2026-09-06 13:58:04,Dine-in,,Completed,7.82
ORD0008689,CUST003619,R020,2026-08-07 19:03:04,Website/App,,Completed,83.52
ORD0008690,CUST003928,R005,2026-08-08 22:58:04,Dine-in,,Completed,42.48
ORD0008691,CUST001418,R014,2026-08-09 13:55:04,Takeaway,,Completed,33.57
ORD0008692,CUST001449,R016,2026-08-03 12:57:04,Website/App,,Completed,32.52
ORD0008693,CUST003928,R009,2026-08-08 20:30:04,Website/App,,Completed,17.26
ORD0008694,CUST003440,R011,2026-05-06 11:46:04,Dine-in,,Completed,27.19
ORD0008695,CUST000171,R007,2025-12-04 14:33:04,Dine-in,,Completed,23.03
ORD0008696,CUST002280,R019,2026-08-18 13:57:04,Website/App,,Completed,148.81
ORD0008697,CUST000738,R017,2026-06-02 10:03:04,Dine-in,,Completed,20.67
ORD0008698,CUST003980,R019,2026-08-31 21:19:04,Website/App,,Completed,43.84
ORD0008699,CUST000552,R017,2026-03-30 18:11:04,Dine-in,,Completed,142.82
ORD0008700,CUST002220,R013,2026-09-06 19:50:04,Takeaway,,Completed,22.19
ORD0008701,CUST002635,R019,2026-01-14 13:35:04,Third-Party Delivery,,Completed,62.95
ORD0008702,CUST003745,R006,2026-01-10 22:51:04,Dine-in,,Completed,41.1
ORD0008703,CUST003385,R017,2026-07-24 19:17:04,Takeaway,,Completed,34.33
ORD0008704,CUST000988,R010,2026-08-01 17:12:04,Dine-in,,Completed,45.72
ORD0008705,CUST002275,R004,2026-03-09 11:03:04,Third-Party Delivery,,Completed,15.13
ORD0008706,CUST003814,R019,2026-01-30 11:03:04,Website/App,,Completed,38.94
ORD0008707,CUST002933,R009,2026-05-13 18:36:04,Website/App,,Completed,96.98
ORD0008708,CUST002744,R009,2026-07-17 14:56:04,Takeaway,,Completed,8.15
ORD0008709,CUST003007,R002,2026-09-24 11:04:04,Takeaway,,Completed,25.3
ORD0008710,CUST001278,R002,2026-07-28 22:49:04,Dine-in,,Completed,13.03
ORD0008711,CUST002905,R001,2026-07-05 14:28:04,Takeaway,,Completed,135.08
ORD0008712,CUST000936,R019,2026-09-05 23:53:04,Dine-in,,Completed,43.02
ORD0008713,CUST001700,R004,2026-07-31 18:45:04,Dine-in,,Completed,142.71
ORD0008714,CUST003556,R015,2026-06-13 19:34:04,Takeaway,,Completed,76.2
ORD0008715,CUST000072,R013,2026-08-13 14:43:04,Website/App,,Completed,136.88
ORD0008716,CUST001641,R010,2026-04-12 11:55:04,Website/App,,Completed,31.46
ORD0008717,CUST001068,R004,2026-09-16 14:50:04,Dine-in,,Completed,15.78
ORD0008718,CUST000811,R001,2025-12-19 11:55:04,Dine-in,,Completed,37.25
ORD0008719,CUST003351,R013,2026-09-04 12:39:04,Dine-in,,Completed,104.29
ORD0008720,CUST002775,R014,2025-10-15 17:24:04,Third-Party Delivery,,Completed,28.14
ORD0008721,CUST000450,R003,2026-07-02 20:52:04,Takeaway,,Completed,93.36
ORD0008722,CUST001971,R019,2026-04-28 22:39:04,Website/App,,Completed,131.2
ORD0008723,CUST001863,R010,2026-09-08 20:35:04,Third-Party Delivery,,Completed,17.36
ORD0008724,CUST000568,R009,2026-08-10 18:04:04,Third-Party Delivery,,Completed,65.08
ORD0008725,CUST003194,R006,2025-11-09 19:48:04,Third-Party Delivery,,Completed,23.76
ORD0008726,CUST001446,R019,2025-10-06 20:53:04,Takeaway,PROMO004,Completed,29.55
ORD0008727,CUST003037,R003,2026-08-30 22:51:04,Dine-in,,Completed,30.99
ORD0008728,CUST000782,R008,2026-02-20 14:01:04,Third-Party Delivery,,Completed,29.39
ORD0008729,CUST001248,R010,2026-06-18 18:37:04,Third-Party Delivery,,Completed,125.83
ORD0008730,CUST000372,R013,2026-07-13 18:24:04,Takeaway,,Completed,67.02
ORD0008731,,R013,2026-09-10 22:11:04,Dine-in,,Completed,89.68
ORD0008732,CUST003529,R012,2026-07-18 12:58:04,Third-Party Delivery,,Completed,-88.39
ORD0008733,CUST000431,R017,2026-07-29 19:05:04,Website/App,,Completed,72.99
ORD0008734,,R012,2026-06-16 08:38:04,Third-Party Delivery,,Completed,50.2
ORD0008735,CUST003757,R012,2026-09-22 23:13:04,Dine-in,,Completed,179.55
ORD0008736,CUST002568,R008,2026-08-28 14:33:04,Website/App,,Completed,17.93
ORD0008737,CUST000395,R020,2026-09-05 13:59:04,Dine-in,,Completed,85.82
ORD0008738,CUST003884,R020,2026-08-19 22:52:04,Dine-in,,Completed,65.81
ORD0008739,CUST000586,R012,2026-03-24 22:29:04,Takeaway,,Completed,137.54
ORD0008740,CUST003051,R005,2026-09-18 12:48:04,Dine-in,,Completed,7.62
ORD0008741,CUST000130,R020,2026-07-03 13:38:04,Website/App,,Completed,3.79
ORD0008742,CUST002481,R008,2026-05-31 22:13:04,Third-Party Delivery,,Completed,34.12
ORD0008743,CUST002173,R005,2026-09-06 12:45:04,Dine-in,,Completed,85.82
ORD0008744,CUST000840,R006,2026-09-08 12:30:04,Dine-in,,Completed,73.68
ORD0008745,CUST002555,R020,2025-12-25 22:44:04,Website/App,,Completed,22.09
ORD0008746,CUST002448,R009,2026-09-18 21:48:04,Dine-in,,Completed,27.13
ORD0008747,CUST003187,R006,2026-09-13 21:28:04,Takeaway,,Completed,18.42
ORD0008748,CUST003502,R019,2026-04-05 12:31:04,Third-Party Delivery,,Completed,50.12
ORD0008749,CUST002032,R018,2026-08-20 14:09:04,Dine-in,,Completed,132.12
ORD0008750,CUST001958,R003,2026-06-02 20:33:04,Dine-in,PROMO005,Completed,19.89
ORD0008751,CUST002470,R003,2026-05-06 11:25:04,Dine-in,,Completed,15.73
ORD0008752,CUST002905,R001,2026-08-10 21:09:04,Dine-in,,Completed,70.5
ORD0008753,CUST001405,R018,2026-09-21 11:04:04,Website/App,,Completed,29.55
ORD0008754,CUST002006,R011,2026-01-27 14:40:04,Website/App,,Completed,14.39
ORD0008755,CUST002320,R004,2025-11-13 19:43:04,Dine-in,,Completed,55.76
ORD0008756,CUST003953,R017,2026-09-08 13:47:04,Takeaway,,Completed,12.51
ORD0008757,CUST002328,R001,2026-06-11 12:30:04,Dine-in,,Completed,32.5
ORD0008758,CUST000905,R009,2026-04-05 11:24:04,Dine-in,,Completed,163.29
ORD0008759,CUST002331,R001,2026-08-06 20:45:04,Dine-in,,Completed,37.63
ORD0008760,CUST003270,R012,2026-04-11 11:02:04,Takeaway,,Completed,-22.19
ORD0008761,CUST003425,R020,2026-02-06 21:39:04,Dine-in,PROMO003,Completed,81.48
ORD0008762,CUST003195,R003,2026-09-17 18:20:04,Dine-in,,Completed,84.25
ORD0008763,CUST003548,R006,2026-05-04 08:29:04,Dine-in,,Completed,161.24
ORD0008764,CUST001329,R004,2026-08-19 22:11:04,Website/App,,Completed,37.25
ORD0008765,CUST002023,R012,2026-07-23 13:45:04,Website/App,,Completed,55.44
ORD0008766,CUST003111,R009,2026-05-12 20:05:04,Dine-in,,Completed,122.45
ORD0008767,CUST001058,R016,2026-06-07 12:45:04,Dine-in,,Completed,65.01
ORD0008768,,R015,2026-08-11 21:31:04,Dine-in,,Completed,77.5
ORD0008769,CUST003315,R016,2026-09-13 13:57:04,Website/App,,Completed,97.47
ORD0008770,CUST003067,R009,2026-08-10 10:54:04,Dine-in,,Completed,39.75
ORD0008771,CUST003883,R004,2026-09-21 22:24:04,Website/App,,Completed,34.7
ORD0008772,CUST003988,R014,2025-12-23 15:52:04,Dine-in,,Completed,77.37
ORD0008773,CUST000969,R014,2026-06-20 12:45:04,Website/App,,Completed,21.62
ORD0008774,CUST003597,R013,2026-02-10 14:51:04,Third-Party Delivery,,Completed,47.57
ORD0008775,CUST000371,R001,2025-12-21 11:32:04,Takeaway,,Completed,22.18
ORD0008776,CUST002825,R010,2026-04-17 21:06:04,Dine-in,,Completed,37.7
ORD0008777,CUST000886,R019,2026-09-12 11:09:04,Dine-in,,Completed,134.41
ORD0008778,CUST001196,R015,2026-05-15 12:46:04,Dine-in,,Completed,99.45
ORD0008779,CUST003783,R010,2026-04-06 19:42:04,Takeaway,,Completed,31.46
ORD0008780,CUST001054,R001,2026-08-22 08:45:04,Website/App,,Completed,56.58
ORD0008781,CUST002671,R003,2026-02-14 11:40:04,Takeaway,PROMO012,Completed,32.4
ORD0008782,CUST000724,R009,2026-04-18 13:46:04,Takeaway,,Completed,137.6
ORD0008783,CUST000367,R018,2026-05-25 18:57:04,Dine-in,,Completed,59.98
ORD0008784,CUST001342,R020,2026-07-17 22:32:04,Dine-in,,Completed,112.3
ORD0008785,CUST002479,R006,2026-09-16 18:09:04,Takeaway,,Completed,64.14
ORD0008786,CUST000997,R007,2026-09-06 20:53:04,Website/App,,Completed,34.7
ORD0008787,CUST001195,R007,2026-01-04 22:06:04,Website/App,,Completed,36.76
ORD0008788,CUST002821,R009,2026-09-14 19:26:04,Website/App,,Completed,74.99
ORD0008789,CUST000404,R008,2026-07-08 13:48:04,Dine-in,,Completed,15.1
ORD0008790,CUST001779,R011,2026-07-31 20:52:04,Dine-in,,Completed,99.03
ORD0008791,CUST003764,R013,2026-07-26 11:22:04,Website/App,,Completed,150.64
ORD0008792,CUST001570,R003,2026-09-05 11:45:04,Dine-in,,Completed,59.04
ORD0008793,CUST001724,R011,2026-03-21 22:46:04,Takeaway,,Completed,11.35
ORD0008794,CUST002943,R012,2026-04-17 20:50:04,Website/App,,Cancelled,19.04
ORD0008795,CUST003108,R009,2026-09-13 18:51:04,Takeaway,,Cancelled,57.87
ORD0008796,CUST003066,R008,2026-07-22 20:02:04,Website/App,,Completed,78.43
ORD0008797,CUST003993,R016,2026-09-18 19:23:04,Third-Party Delivery,,Completed,101.64
ORD0008798,CUST000277,R011,2026-09-11 20:57:04,Website/App,,Completed,62.29
ORD0008799,CUST003931,R005,2026-02-10 22:32:04,Takeaway,,Completed,26.16
ORD0008800,CUST003800,R006,2026-04-11 11:37:04,Third-Party Delivery,,Completed,123.97
ORD0008801,CUST003403,R012,2025-10-14 12:24:04,Website/App,,Completed,7.82
ORD0008802,CUST001810,R011,2026-07-13 20:46:04,Dine-in,,Completed,59.86
ORD0008803,CUST003482,R016,2026-04-03 18:15:04,Website/App,,Completed,57.13
ORD0008804,CUST000889,R002,2026-05-24 21:42:04,Website/App,,Completed,103.25
ORD0008805,CUST003160,R009,2026-06-11 21:18:04,Dine-in,,Completed,113.94
ORD0008806,CUST000753,R001,2026-05-07 12:57:04,Website/App,,Completed,42.81
ORD0008807,CUST003253,R012,2025-11-13 13:22:04,Takeaway,,Completed,221.22
ORD0008808,CUST002435,R009,2026-06-30 13:50:04,Dine-in,,Completed,46.1
ORD0008809,CUST000384,R002,2026-09-18 13:52:04,Dine-in,,Completed,77.1
ORD0008810,CUST003577,R005,2026-09-17 20:53:04,Dine-in,,Completed,24.33
ORD0008811,CUST002295,R005,2026-04-04 12:25:04,Website/App,,Completed,85.87
ORD0008812,CUST002603,R006,2026-08-30 13:32:04,Dine-in,,Completed,32.39
ORD0008813,CUST001129,R007,2026-07-19 19:16:04,Dine-in,,Completed,34.12
ORD0008814,CUST003486,R011,2026-09-13 20:50:04,Dine-in,,Completed,39.0
ORD0008815,CUST002166,R018,2026-08-07 12:53:04,Takeaway,,Completed,82.8
ORD0008816,CUST001668,R016,2026-09-22 18:17:04,Dine-in,,Completed,25.89
ORD0008817,CUST002120,R017,2026-04-21 20:26:04,Website/App,,Completed,14.39
ORD0008818,CUST002804,R013,2025-08-21 12:57:04,Website/App,,Completed,42.52
ORD0008819,CUST002770,R020,2026-09-16 18:23:04,Dine-in,,Completed,63.45
ORD0008820,CUST001409,R004,2026-08-28 20:10:04,Website/App,,Completed,56.44
ORD0008821,CUST001524,R011,2026-08-06 14:47:04,Website/App,,Completed,147.65
ORD0008822,CUST002234,R010,2026-06-18 12:55:04,Dine-in,,Completed,230.36
ORD0008823,CUST003693,R009,2026-04-20 21:49:04,Dine-in,,Completed,15.13
ORD0008824,CUST002973,R015,2026-02-26 11:42:04,Website/App,,Completed,46.12
ORD0008825,CUST001543,R011,2026-09-13 12:29:04,Dine-in,,Completed,63.46
ORD0008826,CUST001336,R012,2025-12-21 12:23:04,Dine-in,,Completed,101.51
ORD0008827,CUST002082,R020,2026-08-04 12:07:04,Takeaway,,Completed,96.06
ORD0008828,CUST003479,R013,2026-02-04 12:34:04,Website/App,,Completed,8.15
ORD0008829,CUST000034,R009,2026-07-31 13:27:04,Dine-in,,Completed,167.68
ORD0008830,CUST002827,R004,2026-07-18 22:11:04,Dine-in,,Cancelled,60.26
ORD0008831,CUST001170,R001,2026-01-28 14:10:04,Takeaway,,Completed,89.26
ORD0008832,CUST000843,R020,2026-04-01 20:20:04,Dine-in,,Completed,94.06
ORD0008833,CUST000048,R001,2025-12-01 21:27:04,Dine-in,,Completed,37.98
ORD0008834,CUST003583,R011,2026-09-12 08:47:04,Website/App,,Completed,57.13
ORD0008835,CUST003641,R015,2026-08-13 18:04:04,Third-Party Delivery,,Completed,25.19
ORD0008836,CUST000237,R016,2026-08-18 20:41:04,Website/App,,Completed,67.09
ORD0008837,CUST002074,R004,2026-07-24 11:20:04,Dine-in,,Completed,19.04
ORD0008838,CUST000607,R003,2026-09-02 14:19:04,Dine-in,,Completed,25.41
ORD0008839,CUST003023,R001,2026-06-16 20:55:04,Third-Party Delivery,,Completed,85.32
ORD0008840,CUST002637,R017,2026-09-21 14:41:04,Dine-in,,Completed,30.24
ORD0008841,CUST001179,R020,2026-09-11 14:30:04,Takeaway,,Completed,128.0
ORD0008842,CUST000466,R003,2026-09-17 13:35:04,Takeaway,,Completed,90.61
ORD0008843,CUST003316,R015,2026-09-22 21:08:04,Takeaway,,Completed,52.31
ORD0008844,CUST002675,R020,2026-07-28 13:36:04,Dine-in,,Completed,31.6
ORD0008845,CUST000029,R003,2026-09-18 15:59:04,Takeaway,,Completed,14.66
ORD0008846,CUST002496,R020,2026-01-18 22:22:04,Third-Party Delivery,PROMO009,Completed,16.14
ORD0008847,CUST003234,R014,2026-06-14 11:14:04,Takeaway,,Completed,16.8
ORD0008848,CUST002343,R010,2026-09-02 18:57:04,Dine-in,,Completed,14.87
ORD0008849,CUST001686,R019,2026-03-03 22:26:04,Third-Party Delivery,,Completed,121.97
ORD0008850,CUST002316,R004,2026-07-10 11:40:04,Dine-in,,Completed,69.93
ORD0008851,CUST002461,R014,2026-08-01 11:09:04,Dine-in,,Completed,29.55
ORD0008852,,R017,2025-10-02 11:57:04,Dine-in,,Completed,10.33
ORD0008853,CUST003867,R004,2026-09-06 22:30:04,Website/App,,Cancelled,23.76
ORD0008854,CUST000726,R020,2026-07-27 12:55:04,Dine-in,,Completed,77.73
ORD0008855,CUST002476,R011,2026-06-24 20:33:04,Dine-in,,Completed,28.2
ORD0008856,CUST000764,R013,2026-07-02 14:09:04,Website/App,,Completed,64.99
ORD0008857,CUST000849,R013,2026-04-07 21:36:04,Website/App,,Completed,34.12
ORD0008858,CUST002653,R007,2026-08-23 12:00:04,Website/App,,Completed,4.36
ORD0008859,CUST003656,R014,2026-05-18 19:09:04,Takeaway,,Completed,44.59
ORD0008860,CUST000640,R010,2026-09-23 23:10:04,Website/App,,Completed,37.78
ORD0008861,CUST003850,R007,2026-06-05 21:09:04,Dine-in,,Completed,110.34
ORD0008862,CUST001266,R010,2026-05-18 12:49:04,Takeaway,,Completed,42.85
ORD0008863,CUST001547,R013,2026-02-28 19:08:04,Takeaway,,Completed,65.98
ORD0008864,CUST000612,R013,2026-04-21 23:32:04,Dine-in,,Completed,25.99
ORD0008865,CUST002442,R014,2026-09-20 11:22:04,Dine-in,,Completed,7.54
ORD0008866,CUST002364,R019,2026-07-26 18:43:04,Dine-in,,Completed,64.8
ORD0008867,CUST001762,R016,2025-11-26 21:59:04,Website/App,,Completed,26.63
ORD0008868,CUST001898,R014,2026-01-19 18:45:04,Takeaway,,Completed,78.3
ORD0008869,CUST002475,R005,2026-09-10 18:05:04,Website/App,,Completed,31.65
ORD0008870,CUST002315,R018,2026-05-04 14:40:04,Website/App,,Completed,183.0
ORD0008871,CUST001479,R014,2026-08-22 15:19:04,Dine-in,,Completed,67.75
ORD0008872,CUST003533,R012,2026-08-30 13:19:04,Dine-in,,Completed,147.62
ORD0008873,CUST002647,R015,2026-07-11 20:36:04,Takeaway,,Completed,15.1
ORD0008874,CUST000834,R014,2026-04-10 08:34:04,Dine-in,,Completed,43.26
ORD0008875,CUST001268,R009,2026-09-15 12:10:04,Takeaway,,Completed,41.45
ORD0008876,CUST003145,R009,2026-01-13 20:52:04,Website/App,PROMO009,Completed,40.77
ORD0008877,CUST000411,R006,2026-07-30 19:20:04,Third-Party Delivery,,Completed,89.52
ORD0008878,CUST002989,R016,2026-01-02 21:59:04,Takeaway,,Completed,17.62
ORD0008879,CUST001415,R016,2026-01-31 22:30:04,Takeaway,PROMO003,Completed,52.98
ORD0008880,CUST002193,R015,2026-09-07 12:40:04,Takeaway,,Completed,121.12
ORD0008881,CUST001116,R002,2026-09-12 21:29:04,Dine-in,,Completed,103.04
ORD0008882,CUST003947,R014,2026-07-07 12:15:04,Dine-in,,Completed,8.39
ORD0008883,CUST003613,R016,2026-08-06 22:46:04,Third-Party Delivery,,Cancelled,63.68
ORD0008884,CUST003706,R010,2026-08-27 20:45:04,Dine-in,,Completed,47.55
ORD0008885,CUST000751,R005,2026-09-17 21:43:04,Website/App,,Completed,30.24
ORD0008886,CUST003362,R002,2026-03-27 16:10:04,Takeaway,,Completed,83.2
ORD0008887,CUST002124,R003,2026-09-08 14:47:04,Dine-in,,Completed,34.7
ORD0008888,CUST002818,R012,2025-12-16 22:35:04,Dine-in,,Completed,148.94
ORD0008889,CUST000875,R020,2026-08-29 14:20:04,Dine-in,,Completed,34.75
ORD0008890,CUST002835,R006,2026-09-06 19:14:04,Takeaway,,Completed,84.26
ORD0008891,CUST003649,R016,2026-06-06 20:41:04,Takeaway,,Completed,197.86
ORD0008892,CUST001070,R001,2026-07-12 15:15:04,Dine-in,,Completed,9.1
ORD0008893,CUST000938,R017,2026-04-27 14:11:04,Third-Party Delivery,,Completed,29.12
ORD0008894,CUST000410,R015,2026-09-10 17:41:04,Takeaway,,Completed,64.77
ORD0008895,CUST001068,R007,2026-09-02 13:05:04,Takeaway,,Completed,12.51
ORD0008896,CUST002125,R003,2026-07-24 13:39:04,Takeaway,,Completed,29.0
ORD0008897,CUST003323,R017,2026-08-05 18:54:04,Dine-in,,Completed,11.94
ORD0008898,CUST001108,R001,2026-06-15 11:13:04,Takeaway,,Completed,33.79
ORD0008899,CUST002469,R002,2026-08-12 21:50:04,Website/App,,Completed,43.04
ORD0008900,CUST001914,R006,2026-09-15 13:41:04,Takeaway,,Completed,42.97
ORD0008901,CUST001147,R007,2026-02-01 13:12:04,Dine-in,,Completed,128.63
ORD0008902,CUST002033,R005,2026-09-23 12:43:04,Third-Party Delivery,,Completed,43.84
ORD0008903,CUST000677,R013,2025-12-29 11:54:04,Dine-in,PROMO008,Completed,44.03
ORD0008904,CUST002544,R005,2026-09-19 12:29:04,Dine-in,,Completed,244.15
ORD0008905,CUST000461,R009,2026-09-14 13:52:04,Takeaway,,Completed,8.15
ORD0008906,CUST002911,R011,2026-09-22 13:16:04,Third-Party Delivery,,Completed,52.4
ORD0008907,CUST000723,R008,2026-09-08 21:43:04,Takeaway,,Completed,11.02
ORD0008908,CUST003996,R009,2025-10-19 19:30:04,Third-Party Delivery,,Completed,35.53
ORD0008909,CUST003281,R002,2026-05-27 18:44:04,Website/App,PROMO005,Completed,8.15
ORD0008910,CUST001356,R002,2026-08-24 11:58:04,Website/App,,Completed,30.07
ORD0008911,CUST001693,R002,2025-10-23 20:18:04,Dine-in,,Completed,69.49
ORD0008912,CUST001037,R007,2026-09-13 12:50:04,Dine-in,,Completed,19.31
ORD0008913,CUST003055,R020,2026-05-15 14:00:04,Dine-in,,Completed,31.86
ORD0008914,CUST001507,R011,2026-08-13 22:52:04,Takeaway,,Completed,38.95
ORD0008915,CUST003008,R005,2026-04-08 15:45:04,Takeaway,,Completed,5.1
ORD0008916,CUST000070,R005,2026-09-22 20:13:04,Takeaway,,Completed,29.5
ORD0008917,CUST000538,R020,2026-04-02 18:12:04,Third-Party Delivery,,Completed,31.89
ORD0008918,CUST001438,R013,2026-09-20 18:23:04,Dine-in,,Completed,109.46
ORD0008919,CUST000431,R007,2026-03-15 12:55:04,Dine-in,,Completed,23.94
ORD0008920,CUST002380,R002,2026-04-11 11:55:04,Dine-in,,Completed,11.17
ORD0008921,CUST000193,R009,2026-04-08 12:56:04,Dine-in,,Completed,50.58
ORD0008922,CUST003434,R002,2026-09-03 18:27:04,Takeaway,,Completed,156.56
ORD0008923,CUST003034,R018,2026-09-21 21:30:04,Website/App,,Completed,99.86
ORD0008924,CUST000871,R001,2026-06-25 18:12:04,Dine-in,,Completed,146.7
ORD0008925,CUST001933,R010,2026-04-29 20:34:04,Website/App,,Completed,118.98
ORD0008926,CUST001802,R004,2026-09-20 13:56:04,Dine-in,,Completed,50.05
ORD0008927,CUST002886,R003,2026-07-11 21:16:04,Dine-in,,Completed,31.46
ORD0008928,CUST001589,R005,2026-09-21 18:51:04,Third-Party Delivery,,Completed,52.65
ORD0008929,CUST000122,R007,2026-06-25 18:37:04,Dine-in,,Completed,39.58
ORD0008930,CUST001093,R008,2025-11-07 11:38:04,Dine-in,PROMO006,Completed,51.54
ORD0008931,CUST001859,R007,2026-09-20 12:04:04,Dine-in,,Completed,191.52
ORD0008932,CUST003895,R008,2026-09-24 12:44:04,Takeaway,,Completed,75.81
ORD0008933,CUST003522,R015,2026-04-10 14:49:04,Third-Party Delivery,,Completed,74.91
ORD0008934,CUST000738,R006,2026-09-22 19:53:04,Takeaway,,Completed,61.45
ORD0008935,CUST002881,R010,2026-09-19 16:02:04,Dine-in,,Completed,146.82
ORD0008936,CUST003744,R018,2026-08-15 19:40:04,Third-Party Delivery,,Completed,114.75
ORD0008937,CUST000034,R019,2026-08-10 21:45:04,Dine-in,,Completed,162.0
ORD0008938,CUST002873,R010,2026-07-07 13:45:04,Dine-in,,Completed,8.15
ORD0008939,CUST001833,R002,2026-08-14 13:23:04,Takeaway,,Completed,59.25
ORD0008940,CUST002704,R008,2026-09-17 11:46:04,Third-Party Delivery,,Completed,36.0
ORD0008941,CUST002397,R016,2026-09-20 22:03:04,Dine-in,,Completed,63.62
ORD0008942,CUST003941,R011,2026-09-18 14:31:04,Website/App,,Completed,39.75
ORD0008943,CUST001148,R002,2026-02-16 16:46:04,Website/App,PROMO012,Completed,136.47
ORD0008944,CUST003137,R007,2026-09-19 18:51:04,Website/App,,Completed,146.69
ORD0008945,CUST000942,R001,2025-11-07 19:31:04,Dine-in,PROMO006,Completed,145.78
ORD0008946,CUST001731,R018,2026-07-18 23:16:04,Website/App,,Completed,30.72
ORD0008947,CUST003900,R012,2026-01-11 20:08:04,Takeaway,PROMO009,Completed,42.49
ORD0008948,CUST003051,R016,2026-09-21 20:59:04,Dine-in,,Completed,107.96
ORD0008949,CUST001251,R001,2026-04-16 11:02:04,Website/App,,Completed,30.24
ORD0008950,CUST002459,R013,2026-05-18 20:01:04,Website/App,,Completed,64.32
ORD0008951,CUST000188,R018,2025-11-30 19:56:04,Takeaway,,Completed,82.02
ORD0008952,CUST001067,R001,2026-08-24 19:14:04,Website/App,,Completed,12.51
ORD0008953,CUST002862,R016,2026-09-13 20:35:04,Dine-in,,Completed,64.07
ORD0008954,CUST002265,R010,2026-08-28 14:04:04,Dine-in,,Completed,10.06
ORD0008955,CUST001874,R013,2026-06-15 18:34:04,Third-Party Delivery,,Completed,108.26
ORD0008956,CUST002753,R009,2026-05-12 13:49:04,Takeaway,,Completed,22.19
ORD0008957,CUST001578,R009,2026-08-03 19:53:04,Website/App,,Completed,29.55
ORD0008958,CUST000097,R017,2026-08-01 22:50:04,Takeaway,,Completed,28.78
ORD0008959,CUST001756,R009,2026-05-08 22:14:04,Takeaway,,Completed,56.44
ORD0008960,CUST003601,R011,2026-01-15 14:08:04,Takeaway,PROMO009,Completed,86.05
ORD0008961,CUST003424,R015,2026-07-28 15:55:04,Takeaway,,Completed,46.93
ORD0008962,CUST001618,R014,2026-02-14 19:42:04,Dine-in,PROMO012,Completed,72.07
ORD0008963,CUST000084,R020,2026-05-26 22:59:04,Takeaway,PROMO005,Completed,68.18
ORD0008964,CUST002530,R009,2026-05-22 20:39:04,Website/App,,Completed,21.63
ORD0008965,CUST002954,R005,2026-03-10 13:29:04,Third-Party Delivery,,Completed,15.13
ORD0008966,CUST001168,R016,2026-05-29 23:03:04,Dine-in,PROMO005,Completed,36.94
ORD0008967,,R005,2026-07-06 11:38:04,Dine-in,,Completed,71.38
ORD0008968,CUST003968,R007,2026-08-17 19:40:04,Third-Party Delivery,,Completed,38.86
ORD0008969,CUST002291,R016,2026-09-17 20:49:04,Takeaway,,Completed,139.03
ORD0008970,CUST001385,R007,2026-02-20 18:58:04,Dine-in,,Completed,44.61
ORD0008971,CUST002495,R007,2026-09-24 21:01:04,Dine-in,,Completed,111.29
ORD0008972,CUST000731,R007,2026-08-30 18:01:04,Dine-in,,Completed,62.61
ORD0008973,CUST000812,R011,2026-02-09 21:10:04,Dine-in,PROMO012,Completed,117.71
ORD0008974,CUST003694,R004,2025-11-11 08:15:04,Website/App,,Completed,29.55
ORD0008975,CUST000964,R020,2026-09-22 18:35:04,Third-Party Delivery,,Completed,30.72
ORD0008976,CUST001231,R002,2026-02-13 13:31:04,Dine-in,,Completed,97.23
ORD0008977,CUST002162,R016,2026-08-28 20:44:04,Dine-in,,Completed,125.69
ORD0008978,CUST003595,R004,2026-09-13 10:40:04,Takeaway,,Completed,23.76
ORD0008979,CUST003119,R010,2026-06-23 20:31:04,Website/App,,Completed,94.38
ORD0008980,CUST000167,R020,2026-09-22 14:02:04,Dine-in,,Completed,39.75
ORD0008981,CUST002761,R016,2026-09-09 15:17:04,Dine-in,,Completed,23.72
ORD0008982,CUST002002,R010,2026-01-24 13:24:04,Website/App,PROMO011,Completed,99.98
ORD0008983,CUST001895,R019,2026-09-08 22:24:04,Dine-in,,Completed,28.69
ORD0008984,CUST002755,R011,2026-05-18 22:53:04,Dine-in,,Completed,124.92
ORD0008985,CUST000799,R017,2026-04-22 12:28:04,Dine-in,,Completed,107.66
ORD0008986,CUST003928,R004,2026-09-21 22:27:04,Third-Party Delivery,,Completed,29.55
ORD0008987,CUST002566,R011,2025-12-28 12:21:04,Dine-in,,Completed,34.12
ORD0008988,CUST001442,R001,2026-02-06 08:12:04,Website/App,,Completed,9.99
ORD0008989,CUST002378,R007,2026-03-04 11:59:04,Dine-in,,Completed,81.54
ORD0008990,CUST000872,R014,2026-09-24 21:39:04,Website/App,,Completed,83.22
ORD0008991,CUST002520,R004,2026-04-09 13:29:04,Takeaway,,Completed,156.26
ORD0008992,CUST000107,R008,2025-12-18 11:07:04,Dine-in,,Completed,66.7
ORD0008993,CUST001347,R016,2026-08-24 20:23:04,Dine-in,,Completed,35.53
ORD0008994,CUST002980,R010,2026-04-13 21:50:04,Dine-in,PROMO002,Completed,28.15
ORD0008995,CUST003224,R012,2026-09-17 12:56:04,Takeaway,,Completed,43.74
ORD0008996,CUST001017,R019,2026-08-21 18:03:04,Website/App,,Completed,240.59
ORD0008997,CUST002144,R013,2026-02-15 12:09:04,Website/App,,Completed,57.52
ORD0008998,CUST002097,R014,2026-09-18 22:20:04,Dine-in,,Completed,127.37
ORD0008999,CUST001671,R006,2026-05-17 14:19:04,Third-Party Delivery,,Cancelled,57.58
ORD0009000,CUST000917,R015,2026-06-06 20:58:04,Dine-in,,Completed,38.95
ORD0002240,CUST003693,R009,2026-06-01 08:20:04,Dine-in,,Completed,29.55
ORD0004396,CUST001472,R010,2026-08-30 12:07:04,Dine-in,,Completed,100.79
ORD0000300,CUST003526,R002,2026-07-10 11:21:04,Third-Party Delivery,,Completed,144.82
ORD0000916,CUST001538,R010,2026-01-08 14:05:04,Dine-in,,Completed,78.55
ORD0004608,CUST002314,R004,2026-09-05 10:45:04,Dine-in,,Completed,60.26
ORD0005936,CUST001336,R002,2025-09-26 10:53:04,Third-Party Delivery,PROMO010,Completed,31.28
ORD0003417,CUST002316,R014,2025-10-22 20:30:04,Third-Party Delivery,,Completed,47.11
ORD0003921,CUST000843,R005,2026-07-26 12:50:04,Website/App,,Completed,19.51
ORD0001713,CUST002687,R009,2026-03-03 13:05:04,Website/App,,Completed,67.36
ORD0006573,CUST001155,R004,2026-08-22 16:00:04,Dine-in,,Completed,98.73
ORD0000015,CUST001513,R011,2026-03-11 20:33:04,Dine-in,,Completed,185.08
ORD0000022,CUST000637,R012,2026-02-12 14:49:04,Third-Party Delivery,PROMO012,Completed,148.0
ORD0008273,CUST002275,R004,2026-01-16 22:25:04,Website/App,PROMO009,Completed,11.55
ORD0000927,CUST003744,R008,2026-06-30 12:14:04,Dine-in,,Completed,-23.76
ORD0007715,CUST001806,R008,2026-08-17 13:19:04,Website/App,,Completed,50.41
ORD0003235,CUST002472,R008,2026-05-13 20:41:04,Website/App,,Completed,65.55
ORD0006360,CUST001319,R007,2026-08-07 21:03:04,Third-Party Delivery,,Completed,43.73
ORD0006712,CUST000844,R007,2026-06-15 11:55:04,Dine-in,,Completed,17.26
ORD0000097,CUST001176,R015,2026-04-11 22:12:04,Website/App,,Completed,54.21
ORD0008322,CUST003847,R015,2026-04-18 12:12:04,Dine-in,PROMO002,Completed,11.38
ORD0002121,CUST002588,R018,2026-05-24 12:20:04,Takeaway,,Completed,115.95
ORD0004748,CUST002836,R015,2026-09-23 22:29:04,Dine-in,,Completed,43.84
ORD0001268,CUST001062,R013,2026-04-16 19:19:04,Third-Party Delivery,,Completed,103.31
ORD0003922,CUST002410,R008,2026-08-25 10:07:04,Dine-in,,Completed,14.39
ORD0008440,CUST003234,R011,2026-06-26 11:02:04,Website/App,,Completed,53.92
ORD0005752,CUST000793,R020,2026-05-11 20:56:04,Website/App,,Completed,87.16
ORD0002139,CUST002291,R016,2026-09-24 23:55:04,Dine-in,,Completed,23.1
ORD0000666,CUST003194,R016,2026-08-25 08:30:04,Takeaway,,Completed,140.42
ORD0007163,CUST001498,R003,2026-04-03 20:29:04,Third-Party Delivery,,Completed,17.27
ORD0003152,CUST001026,R001,2026-06-15 22:45:04,Third-Party Delivery,,Completed,34.89
ORD0002380,CUST001309,R005,2026-07-13 12:36:04,Website/App,,Completed,52.68
ORD0001243,CUST002047,R007,2026-07-14 13:20:04,Third-Party Delivery,,Completed,15.13
ORD0008904,CUST002544,R005,2026-09-19 12:29:04,Dine-in,,Completed,244.15
ORD0004736,CUST000552,R012,2026-03-01 22:14:04,Website/App,,Completed,60.84
ORD0003252,CUST003065,R018,2026-09-20 08:56:04,Dine-in,,Completed,108.9
ORD0008177,CUST001122,R010,2026-06-22 18:32:04,Takeaway,,Completed,88.97
ORD0002015,CUST001543,R006,2026-09-04 14:15:04,Dine-in,,Completed,88.65
ORD0002977,CUST002768,R011,2026-07-28 14:21:04,Dine-in,,Completed,134.95
ORD0000531,CUST000913,R012,2026-09-06 13:31:04,Dine-in,,Completed,53.11
ORD0000945,CUST002871,R018,2026-09-05 19:05:04,Dine-in,,Completed,119.01
ORD0007078,CUST002378,R017,2026-03-19 13:36:04,Takeaway,,Completed,161.77
ORD0008241,CUST003569,R003,2026-09-07 18:25:04,Dine-in,,Completed,15.26
ORD0004822,CUST000985,R006,2026-09-15 13:07:04,Takeaway,,Completed,83.01
ORD0007060,CUST003135,R018,2026-09-11 08:54:04,Third-Party Delivery,,Completed,3.79
ORD0002845,CUST002483,R020,2026-09-20 19:37:04,Dine-in,,Completed,34.57
ORD0008038,CUST000059,R004,2026-07-14 21:47:04,Takeaway,,Completed,63.69
ORD0004247,CUST002170,R001,2026-09-18 23:45:04,Takeaway,,Completed,34.77
ORD0005721,CUST003433,R009,2026-09-07 11:42:04,Takeaway,,Completed,30.75
ORD0004586,CUST002918,R014,2026-04-25 20:31:04,Website/App,,Completed,270.56
ORD0002460,CUST003640,R007,2026-02-07 21:48:04,Website/App,,Completed,4.36
ORD0004519,CUST001718,R006,2026-05-18 15:47:04,Dine-in,,Completed,4.25
ORD0001000,CUST001179,R010,2026-09-22 20:25:04,Dine-in,,Completed,14.35
ORD0001678,CUST001434,R020,2026-09-22 19:01:04,Dine-in,,Completed,55.79
ORD0005893,CUST000480,R019,2025-10-07 20:39:04,Dine-in,PROMO004,Completed,38.39
ORD0003058,CUST000874,R005,2026-09-05 11:07:04,Dine-in,,Completed,54.08
ORD0000537,CUST002720,R013,2026-09-21 15:33:04,Third-Party Delivery,,Completed,60.84
ORD0001281,CUST002186,R014,2026-08-11 18:50:04,Dine-in,,Cancelled,23.06
ORD0000263,CUST000713,R016,2026-09-07 13:53:04,Dine-in,,Completed,45.85
ORD0005424,CUST001430,R017,2026-08-07 12:10:04,Takeaway,,Completed,35.11
ORD0008807,CUST003253,R012,2025-11-13 13:22:04,Takeaway,,Completed,221.22
ORD0004107,CUST001347,R016,2026-09-02 12:22:04,Dine-in,,Completed,78.4
ORD0005582,CUST000147,R014,2026-06-18 22:56:04,Dine-in,,Completed,41.1
ORD0001407,CUST000069,R001,2025-10-15 19:56:04,Third-Party Delivery,,Completed,76.84
ORD0000268,,R004,2026-07-25 11:26:04,Dine-in,,Cancelled,146.27
ORD0008207,CUST002386,R005,2026-08-27 17:32:04,Dine-in,,Completed,35.84
ORD0007072,CUST000569,R012,2026-04-19 08:05:04,Dine-in,,Completed,65.1
ORD0000585,CUST000013,R013,2026-09-19 19:09:04,Third-Party Delivery,,Completed,64.65
ORD0007834,CUST001273,R006,2026-09-20 22:30:04,Dine-in,,Completed,52.9
ORD0004308,CUST003823,R009,2026-03-18 19:46:04,Dine-in,,Completed,48.52
ORD0004218,CUST002136,R008,2026-04-28 14:54:04,Website/App,,Cancelled,42.18
ORD0003146,CUST003957,R016,2026-09-09 15:51:04,Dine-in,,Completed,52.83
ORD0007316,CUST003454,R006,2026-09-07 14:04:04,Dine-in,,Completed,78.66
ORD0003214,CUST002259,R006,2025-12-08 13:28:04,Dine-in,,Completed,31.86
ORD0006405,CUST002738,R003,2026-05-23 11:05:04,Dine-in,PROMO005,Completed,39.75
ORD0002157,CUST000970,R018,2025-09-17 23:51:04,Takeaway,,Completed,28.92
ORD0007958,CUST002908,R003,2026-07-22 21:04:04,Takeaway,,Completed,79.77
ORD0003078,CUST001550,R017,2026-09-21 19:42:04,Dine-in,,Completed,103.92
ORD0006070,CUST000976,R011,2026-07-25 18:53:04,Dine-in,,Completed,46.93
ORD0000871,CUST002346,R020,2026-09-08 09:36:04,Third-Party Delivery,,Completed,43.84
ORD0008204,CUST002899,R018,2026-05-01 11:32:04,Website/App,,Completed,50.98
ORD0000244,CUST001023,R002,2026-09-10 23:35:04,Dine-in,,Completed,81.78
ORD0006999,CUST002273,R012,2026-02-01 20:13:04,Dine-in,PROMO003,Cancelled,176.56
ORD0004264,CUST000361,R002,2026-08-30 10:07:04,Website/App,,Completed,32.52
ORD0008191,CUST002668,R006,2026-06-11 12:12:04,Takeaway,,Completed,146.54
ORD0006893,CUST000015,R003,2026-08-19 20:26:04,Website/App,,Completed,91.0
ORD0007044,CUST003742,R006,2026-07-19 17:01:04,Website/App,,Completed,35.53
ORD0006502,CUST001356,R002,2026-09-19 17:46:04,Dine-in,,Completed,20.17
ORD0008446,CUST002615,R010,2026-07-22 13:06:04,Takeaway,,Completed,34.68
ORD0002446,CUST002166,R012,2026-05-05 18:15:04,Third-Party Delivery,,Completed,31.35
ORD0004454,CUST000470,R014,2026-07-26 12:55:04,Takeaway,,Completed,31.46
