wastage_id,restaurant_id,item_id,date,wasted_qty,wastage_cost,reason
WST0000001,R004,M0019,2026-07-03,1.9,11.76,Overproduction
WST0000002,R020,M0082,2026-01-04,3.9,26.09,Quality Rejection
WST0000003,R010,M0022,2025-12-25,5.4,47.95,Expired Ingredients
WST0000004,R008,M0052,2026-06-28,9.1,67.61,Overproduction
WST0000005,R001,M0066,2026-01-23,2.6,17.06,Quality Rejection
WST0000006,R007,M0043,2026-07-07,3.0,9.09,Customer Return
WST0000007,R014,M0095,2025-08-25,13.7,58.64,Preparation Waste
WST0000008,R012,M0137,2026-06-20,5.4,30.4,Customer Return
WST0000009,R007,M0089,2026-09-18,1.4,8.06,Quality Rejection
WST0000010,R009,M0151,2026-01-03,1.1,14.67,Spoilage
WST0000011,R018,M0146,2026-05-17,3.5,22.86,Quality Rejection
WST0000012,R010,M0104,2025-09-12,13.4,81.47,Quality Rejection
WST0000013,R007,M0094,2026-08-12,14.1,104.2,Spoilage
WST0000014,R004,M0102,2025-08-27,11.9,104.12,Customer Return
WST0000015,R007,M0094,2026-07-29,3.1,22.91,Overproduction
WST0000016,R011,M0138,2026-06-02,2.8,21.36,Overproduction
WST0000017,R014,M0127,2026-08-10,7.0,89.53,Spoilage
WST0000018,R016,M0151,2026-04-16,4.2,56.03,Expired Ingredients
WST0000019,R004,M0086,2025-09-20,4.0,30.6,Expired Ingredients
WST0000020,R011,M0098,2026-03-29,7.9,86.11,Quality Rejection
WST0000021,R005,M0067,2026-06-11,4.4,26.66,Customer Return
WST0000022,R017,M0065,2026-03-10,2.1,28.2,Quality Rejection
WST0000023,R016,M0130,2026-01-01,9.4,113.18,Expired Ingredients
WST0000024,R020,M0099,2026-09-18,1.7,6.99,Preparation Waste
WST0000025,R007,M0009,2025-10-06,13.4,114.03,Quality Rejection
WST0000026,R014,M0082,2025-10-22,13.9,92.99,Spoilage
WST0000027,R019,M0081,2026-05-03,8.6,38.18,Quality Rejection
WST0000028,R002,M0028,2025-09-29,2.0,19.52,Expired Ingredients
WST0000029,R015,M0076,2026-03-01,3.4,31.55,Overproduction
WST0000030,R011,M0022,2025-12-02,5.0,44.4,Preparation Waste
WST0000031,R002,M0068,2025-12-02,1.5,16.27,Customer Return
WST0000032,R003,M0121,2026-03-08,3.3,17.03,Expired Ingredients
WST0000033,R002,M0137,2025-12-25,12.0,67.56,Quality Rejection
WST0000034,R019,M0059,2026-09-09,11.1,153.62,Expired Ingredients
WST0000035,R004,M0137,2026-07-20,5.5,30.96,Quality Rejection
WST0000036,R014,M0083,2026-06-06,2.1,26.36,Spoilage
WST0000037,R006,M0148,2026-09-15,5.6,32.48,Quality Rejection
WST0000038,R019,M0062,2025-09-19,8.4,104.92,Expired Ingredients
WST0000039,R020,M0053,2026-09-16,13.9,85.9,Preparation Waste
WST0000040,R003,M0100,2026-07-25,4.5,38.34,Spoilage
WST0000041,R011,M0030,2025-08-03,1.3,8.79,Spoilage
WST0000042,R013,M0009,2026-09-06,13.0,110.63,Customer Return
WST0000043,R020,M0021,2026-02-26,2.2,14.12,Spoilage
WST0000044,R005,M0016,2026-08-13,12.7,37.08,Quality Rejection
WST0000045,R015,M0060,2026-06-10,4.1,52.97,Preparation Waste
WST0000046,R015,M0119,2025-10-05,1.8,7.72,Expired Ingredients
WST0000047,R020,M0121,2026-05-11,4.3,22.19,Overproduction
WST0000048,R006,M0132,2025-08-18,10.4,31.62,Customer Return
WST0000049,R015,M0121,2026-05-28,10.7,55.21,Customer Return
WST0000050,R001,M0081,2026-06-27,7.3,32.41,Spoilage
WST0000051,R001,M0022,2026-06-07,12.7,112.78,Customer Return
WST0000052,R020,M0032,2025-10-25,4.7,49.35,Customer Return
WST0000053,R017,M0052,2026-09-20,13.1,97.33,Spoilage
WST0000054,R014,M0085,2025-09-01,1.7,4.96,Customer Return
WST0000055,R005,M0152,2025-08-10,11.7,54.29,Overproduction
WST0000056,R013,M0098,2026-09-03,4.1,44.69,Customer Return
WST0000057,R020,M0081,2026-07-08,13.7,60.83,Quality Rejection
WST0000058,R019,M0009,2026-06-05,13.4,114.03,Spoilage
WST0000059,R003,M0151,2026-08-14,25.0,6.67,Quality Rejection
WST0000060,R012,M0099,2026-02-13,2.0,8.22,Expired Ingredients
WST0000061,R001,M0022,2025-09-06,9.7,86.14,Expired Ingredients
WST0000062,R011,M0074,2025-11-21,3.5,43.05,Expired Ingredients
WST0000063,R018,M0060,2025-11-02,7.4,95.61,Overproduction
WST0000064,R016,M0028,2025-12-10,0.8,7.81,Expired Ingredients
WST0000065,R013,M0132,2025-10-07,8.4,25.54,Preparation Waste
WST0000066,R003,M0159,2026-06-26,0.8,5.45,Overproduction
WST0000067,R001,M0053,2025-11-14,7.4,45.73,Preparation Waste
WST0000068,R018,M0132,2026-02-21,4.2,12.77,Customer Return
WST0000069,R018,M0142,2026-04-01,11.8,144.08,Preparation Waste
WST0000070,R018,M0046,2026-08-30,3.5,34.62,Quality Rejection
WST0000071,R014,M0046,2026-08-08,4.1,40.55,Preparation Waste
WST0000072,R007,M0102,2025-09-22,13.6,119.0,Expired Ingredients
WST0000073,R011,M0069,2026-05-19,1.4,9.56,Customer Return
WST0000074,R002,M0082,2025-10-24,14.6,97.67,Preparation Waste
WST0000075,R005,M0102,2026-08-17,4.5,39.38,Spoilage
WST0000076,R011,M0002,2026-05-05,3.7,31.38,Customer Return
WST0000077,R008,M0052,2026-07-11,12.2,90.65,Spoilage
WST0000078,R018,M0009,2025-11-27,6.5,55.32,Customer Return
WST0000079,R018,M0121,2026-08-19,13.6,70.18,Customer Return
WST0000080,R020,M0004,2026-07-18,4.7,26.41,Customer Return
WST0000081,R019,M0094,2026-07-04,3.6,26.6,Customer Return
WST0000082,R009,M0098,2026-07-29,7.3,79.57,Spoilage
WST0000083,R010,M0148,2026-06-17,3.6,20.88,Preparation Waste
WST0000084,R007,M0114,2026-07-08,1.0,7.7,Expired Ingredients
WST0000085,R015,M0126,2026-02-03,3.9,29.33,Quality Rejection
WST0000086,R014,M0150,2025-10-13,1.7,21.44,Preparation Waste
WST0000087,R013,M0104,2026-07-28,6.2,37.7,Overproduction
WST0000088,R003,M0060,2025-10-19,3.9,50.39,Expired Ingredients
WST0000089,R008,M0052,2025-11-12,6.1,45.32,Quality Rejection
WST0000090,R002,M0097,2026-08-11,0.6,4.75,Preparation Waste
WST0000091,R019,M0081,2025-12-10,14.6,64.82,Spoilage
WST0000092,R006,M0130,2025-11-08,13.2,158.93,Expired Ingredients
WST0000093,R010,M0022,2026-08-12,11.3,100.34,Preparation Waste
WST0000094,R019,M0001,2025-11-19,2.9,11.31,Spoilage
WST0000095,R014,M0051,2025-12-08,4.5,62.5,Expired Ingredients
WST0000096,R017,M0070,2025-08-24,1.5,18.27,Overproduction
WST0000097,R014,M0052,2026-07-10,7.3,54.24,Spoilage
WST0000098,R016,M0157,2026-01-05,4.3,14.75,Spoilage
WST0000099,R002,M0062,2025-12-31,14.6,182.35,Overproduction
WST0000100,R010,M0098,2025-11-10,9.6,104.64,Spoilage
WST0000101,R008,M0157,2026-06-28,11.0,37.73,Overproduction
WST0000102,R016,M0098,2026-05-19,6.4,69.76,Quality Rejection
WST0000103,R006,M0016,2026-08-18,10.1,29.49,Customer Return
WST0000104,R013,M0132,2025-12-16,5.2,15.81,Spoilage
WST0000105,R012,M0095,2026-02-24,9.5,40.66,Quality Rejection
WST0000106,R011,M0089,2026-01-06,3.0,17.28,Spoilage
WST0000107,R019,M0094,2025-09-03,7.1,52.47,Spoilage
WST0000108,R017,M0048,2026-04-05,5.5,18.15,Customer Return
WST0000109,R011,M0042,2026-07-21,3.9,37.17,Preparation Waste
WST0000110,R014,M0016,2025-08-06,6.2,18.1,Spoilage
WST0000111,R015,M0154,2025-11-11,3.2,16.26,Overproduction
WST0000112,R016,M0083,2026-05-22,4.9,61.5,Expired Ingredients
WST0000113,R016,M0036,2026-05-01,4.7,13.68,Quality Rejection
WST0000114,R010,M0081,2026-01-16,10.8,47.95,Customer Return
WST0000115,R001,M0016,2026-03-31,14.3,41.76,Quality Rejection
WST0000116,R009,M0134,2026-09-21,5.1,67.68,Expired Ingredients
WST0000117,R019,M0132,2026-07-13,10.4,31.62,Customer Return
WST0000118,R016,M0127,2025-08-10,9.8,125.34,Customer Return
WST0000119,R016,M0104,2026-05-24,6.8,41.34,Preparation Waste
WST0000120,R010,M0078,2025-08-15,4.4,24.07,Customer Return
WST0000121,R013,M0003,2025-09-02,3.5,32.83,Preparation Waste
WST0000122,R012,M0082,2026-03-09,11.5,76.94,Spoilage
WST0000123,R002,M0130,2026-04-04,12.1,145.68,Quality Rejection
WST0000124,R010,M0016,2025-11-22,4.2,12.26,Quality Rejection
WST0000125,R019,M0129,2025-12-09,2.9,7.86,Expired Ingredients
WST0000126,R014,M0113,2026-01-02,3.8,32.98,Preparation Waste
WST0000127,R002,M0137,2025-10-17,6.8,38.28,Customer Return
WST0000128,R010,M0033,2026-02-22,2.5,31.48,Expired Ingredients
WST0000129,R004,M0137,2026-04-24,7.3,41.1,Quality Rejection
WST0000130,R006,M0047,2026-07-21,4.6,35.74,Spoilage
WST0000131,R013,M0130,2026-04-06,12.1,145.68,Expired Ingredients
WST0000132,R009,M0102,2026-09-20,11.9,104.12,Expired Ingredients
WST0000133,R009,M0081,2026-04-13,8.6,38.18,Quality Rejection
WST0000134,R016,M0093,2026-06-13,2.5,32.98,Spoilage
WST0000135,R009,M0059,2026-01-31,5.1,70.58,Spoilage
WST0000136,R012,M0052,2026-09-16,5.1,37.89,Overproduction
WST0000137,R009,M0058,2026-08-06,0.6,2.06,Preparation Waste
WST0000138,R002,M0052,2026-08-31,11.4,84.7,Spoilage
WST0000139,R007,M0120,2025-08-17,3.8,27.36,Overproduction
WST0000140,R017,M0102,2026-05-30,12.2,106.75,Customer Return
WST0000141,R020,M0022,2026-01-07,13.7,121.66,Overproduction
WST0000142,R016,M0121,2025-09-30,9.0,46.44,Quality Rejection
WST0000143,R011,M0011,2025-09-08,3.9,22.74,Customer Return
WST0000144,R008,M0090,2026-01-04,3.6,18.83,Preparation Waste
WST0000145,R016,M0022,2025-10-30,6.8,60.38,Spoilage
WST0000146,R012,M0094,2026-04-08,6.8,50.25,Overproduction
WST0000147,R016,M0137,2026-05-18,5.9,33.22,Quality Rejection
WST0000148,R004,M0078,2026-04-18,4.4,24.07,Overproduction
WST0000149,R018,M0017,2025-10-14,0.7,2.92,Spoilage
WST0000150,R019,M0067,2025-10-25,0.8,4.85,Overproduction
WST0000151,R018,M0159,2026-04-10,0.8,5.45,Preparation Waste
WST0000152,R009,M0015,2026-03-14,2.8,18.7,Customer Return
WST0000153,R011,M0115,2026-07-31,3.9,35.8,Customer Return
WST0000154,R018,M0121,2026-08-05,12.3,63.47,Preparation Waste
WST0000155,R009,M0070,2026-09-12,4.5,54.81,Preparation Waste
WST0000156,R008,M0052,2026-02-07,6.3,46.81,Overproduction
WST0000157,R010,M0030,2026-09-06,3.4,22.98,Overproduction
WST0000158,R009,M0094,2026-03-19,11.3,83.51,Overproduction
WST0000159,R002,M0053,2025-10-13,6.4,39.55,Quality Rejection
WST0000160,R016,M0142,2025-10-08,5.6,68.38,Expired Ingredients
WST0000161,R010,M0016,2025-09-15,12.5,36.5,Preparation Waste
WST0000162,R004,M0094,2025-12-24,12.3,90.9,Spoilage
WST0000163,R008,M0132,2026-08-07,7.1,21.58,Preparation Waste
WST0000164,R020,M0160,2026-09-03,2.3,21.04,Spoilage
WST0000165,R001,M0046,2025-08-30,4.9,48.46,Preparation Waste
WST0000166,R005,M0024,2025-10-08,2.3,7.98,Overproduction
WST0000167,R009,M0059,2026-01-06,5.6,77.5,Preparation Waste
WST0000168,R002,M0134,2026-06-13,11.3,149.95,Spoilage
WST0000169,R004,M0011,2026-08-03,1.2,7.0,Overproduction
WST0000170,R007,M0142,2026-04-21,12.7,155.07,Overproduction
WST0000171,R017,M0082,2026-02-23,8.7,58.2,Overproduction
WST0000172,R007,M0147,2025-10-12,2.6,29.48,Customer Return
WST0000173,R011,M0094,2026-04-02,13.0,96.07,Spoilage
WST0000174,R009,M0052,2026-07-28,12.4,92.13,Overproduction
WST0000175,R013,M0063,2026-07-04,3.2,27.42,Spoilage
WST0000176,R011,M0086,2026-05-12,3.0,22.95,Overproduction
WST0000177,R005,M0142,2026-03-14,8.5,103.79,Customer Return
WST0000178,R002,M0095,2026-03-29,6.1,26.11,Preparation Waste
WST0000179,R003,M0134,2026-05-28,6.7,88.91,Overproduction
WST0000180,R014,M0014,2026-06-14,4.8,24.24,Quality Rejection
WST0000181,R016,M0060,2026-08-17,12.8,165.38,Preparation Waste
WST0000182,R006,M0048,2026-04-24,3.6,11.88,Overproduction
WST0000183,R002,M0053,2026-04-05,10.9,67.36,Overproduction
WST0000184,R003,M0157,2025-11-07,9.4,32.24,Quality Rejection
WST0000185,R017,M0131,2026-05-29,4.1,38.58,Quality Rejection
WST0000186,R008,M0148,2026-04-01,7.9,45.82,Preparation Waste
WST0000187,R005,M0071,2025-12-11,0.9,10.66,Spoilage
WST0000188,R005,M0121,2025-09-25,5.9,30.44,Quality Rejection
WST0000189,R006,M0109,2026-06-19,0.9,11.9,Customer Return
WST0000190,R013,M0098,2026-07-11,6.5,70.85,Overproduction
WST0000191,R018,M0112,2025-09-11,4.6,32.61,Overproduction
WST0000192,R015,M0016,2025-10-11,13.0,37.96,Spoilage
WST0000193,R006,M0095,2025-12-11,8.8,37.66,Expired Ingredients
WST0000194,R012,M0039,2025-09-13,2.8,23.63,Overproduction
WST0000195,R011,M0048,2026-02-02,4.1,13.53,Preparation Waste
WST0000196,R006,M0098,2026-08-23,6.2,67.58,Customer Return
WST0000197,R013,M0156,2026-02-25,0.8,7.06,Overproduction
WST0000198,R010,M0134,2026-06-08,7.1,94.22,Customer Return
WST0000199,R015,M0094,2026-01-01,9.8,72.42,Preparation Waste
WST0000200,R001,M0067,2025-08-31,1.1,6.67,Preparation Waste
WST0000201,R015,M0094,2025-11-21,8.0,59.12,Quality Rejection
WST0000202,R020,M0082,2026-05-29,11.6,77.6,Overproduction
WST0000203,R004,M0109,2025-11-08,2.6,34.37,Expired Ingredients
WST0000204,R010,M0053,2025-08-05,8.4,51.91,Expired Ingredients
WST0000205,R016,M0097,2026-09-21,3.3,26.14,Quality Rejection
WST0000206,R018,M0009,2026-06-21,4.6,39.15,Expired Ingredients
WST0000207,R019,M0152,2025-12-28,8.7,40.37,Preparation Waste
WST0000208,R002,M0001,2026-06-06,1.9,7.41,Quality Rejection
WST0000209,R008,M0052,2026-02-01,10.6,78.76,Preparation Waste
WST0000210,R014,M0157,2025-12-04,7.2,24.7,Preparation Waste
WST0000211,R002,M0124,2026-03-25,250.0,14.05,Overproduction
WST0000212,R010,M0136,2026-09-15,3.6,29.52,Customer Return
WST0000213,R011,M0026,2025-08-21,3.2,16.74,Expired Ingredients
WST0000214,R010,M0157,2025-08-11,14.0,48.02,Overproduction
WST0000215,R014,M0025,2026-07-26,4.0,10.24,Quality Rejection
WST0000216,R004,M0157,2025-08-02,10.9,37.39,Customer Return
WST0000217,R015,M0053,2025-11-16,12.7,78.49,Quality Rejection
WST0000218,R014,M0044,2025-12-05,2.2,17.47,Customer Return
WST0000219,R018,M0081,2025-11-22,8.2,36.41,Overproduction
WST0000220,R014,M0104,2026-08-04,4.2,25.54,Spoilage
WST0000221,R020,M0093,2025-11-14,0.6,7.91,Spoilage
WST0000222,R008,M0100,2026-02-20,3.4,28.97,Overproduction
WST0000223,R005,M0052,2026-02-15,11.0,81.73,Quality Rejection
WST0000224,R003,M0081,2025-09-20,14.2,63.05,Spoilage
WST0000225,R009,M0024,2026-02-18,4.0,13.88,Overproduction
WST0000226,R016,M0121,2025-10-23,6.9,35.6,Expired Ingredients
WST0000227,R005,M0130,2026-02-11,5.0,60.2,Preparation Waste
WST0000228,R009,M0046,2025-11-24,3.4,33.63,Quality Rejection
WST0000229,R007,M0149,2025-10-12,0.8,5.54,Customer Return
WST0000230,R020,M0127,2026-09-22,11.5,147.08,Overproduction
WST0000231,R014,M0130,2026-03-06,9.6,115.58,Overproduction
WST0000232,R015,M0014,2026-06-01,1.4,7.07,Preparation Waste
WST0000233,R003,M0114,2026-07-23,3.6,27.72,Preparation Waste
WST0000234,R006,M0102,2026-05-25,9.1,79.62,Expired Ingredients
WST0000235,R006,M0022,2025-08-02,4.5,39.96,Preparation Waste
WST0000236,R007,M0048,2026-01-27,9.1,30.03,Customer Return
WST0000237,R004,M0140,2025-09-04,0.6,1.77,Quality Rejection
WST0000238,R019,M0018,2026-04-28,4.3,46.74,Spoilage
WST0000239,R017,M0123,2026-08-22,4.9,49.88,Quality Rejection
WST0000240,R017,M0111,2025-11-10,4.0,55.32,Customer Return
WST0000241,R010,M0103,2026-05-21,2.0,8.2,Preparation Waste
WST0000242,R007,M0109,2026-08-09,2.6,34.37,Spoilage
WST0000243,R005,M0110,2026-06-25,1.8,17.06,Overproduction
WST0000244,R017,M0043,2025-08-31,2.6,7.88,Customer Return
WST0000245,R009,M0047,2026-05-12,1.9,14.76,Customer Return
WST0000246,R002,M0094,2025-11-29,13.3,98.29,Expired Ingredients
WST0000247,R010,M0134,2025-12-18,12.7,168.53,Overproduction
WST0000248,R005,M0099,2025-08-04,4.6,18.91,Expired Ingredients
WST0000249,R005,M0093,2025-10-26,3.6,47.48,Expired Ingredients
WST0000250,R011,M0004,2025-08-27,3.8,21.36,Preparation Waste
WST0000251,R011,M0124,2025-12-12,3.8,10.68,Preparation Waste
WST0000252,R010,M0122,2025-10-01,4.3,22.53,Preparation Waste
WST0000253,R005,M0092,2026-03-16,1.6,11.33,Spoilage
WST0000254,R001,M0064,2026-07-12,0.8,8.4,Overproduction
WST0000255,R002,M0095,2026-07-28,7.8,33.38,Overproduction
WST0000256,R014,M0119,2026-07-18,1.4,6.01,Spoilage
WST0000257,R011,M0053,2026-04-24,14.6,90.23,Customer Return
WST0000258,R014,M0129,2025-11-10,1.3,3.52,Spoilage
WST0000259,R012,M0123,2026-04-17,4.9,49.88,Customer Return
WST0000260,R020,M0053,2026-07-29,9.4,58.09,Preparation Waste
WST0000261,R013,M0130,2026-08-04,8.5,102.34,Overproduction
WST0000262,R002,M0015,2025-08-17,0.8,5.34,Preparation Waste
WST0000263,R004,M0102,2026-02-22,3.8,33.25,Preparation Waste
WST0000264,R017,M0157,2025-10-25,13.3,45.62,Expired Ingredients
WST0000265,R009,M0079,2026-01-04,4.7,15.84,Quality Rejection
WST0000266,R001,M0127,2025-10-30,10.9,139.41,Overproduction
WST0000267,R003,M0027,2026-04-20,2.0,7.16,Spoilage
WST0000268,R011,M0043,2026-01-19,0.7,2.12,Expired Ingredients
WST0000269,R017,M0053,2026-02-08,4.2,25.96,Expired Ingredients
WST0000270,R003,M0148,2026-05-31,7.8,45.24,Customer Return
WST0000271,R008,M0134,2026-05-01,6.2,82.27,Customer Return
WST0000272,R020,M0102,2025-10-19,4.3,37.62,Customer Return
WST0000273,R007,M0054,2025-09-26,3.2,42.98,Preparation Waste
WST0000274,R015,M0132,2026-07-19,9.3,28.27,Customer Return
WST0000275,R008,M0095,2026-03-07,11.4,48.79,Quality Rejection
WST0000276,R016,M0052,2026-05-27,4.3,31.95,Customer Return
WST0000277,R006,M0022,2026-02-26,5.1,45.29,Customer Return
WST0000278,R009,M0016,2025-09-28,11.6,33.87,Customer Return
WST0000279,R015,M0080,2025-08-30,2.7,17.5,Quality Rejection
WST0000280,R008,M0137,2025-08-05,10.7,60.24,Spoilage
WST0000281,R013,M0063,2026-01-06,0.5,4.28,Spoilage
WST0000282,R017,M0028,2026-04-02,1.0,9.76,Customer Return
WST0000283,R018,M0137,2026-07-10,11.4,64.18,Preparation Waste
WST0000284,R014,M0033,2025-11-10,0.7,8.81,Quality Rejection
WST0000285,R004,M0146,2026-04-02,4.4,28.73,Overproduction
WST0000286,R003,M0065,2026-04-23,2.4,32.23,Overproduction
WST0000287,R007,M0009,2025-12-12,11.4,97.01,Quality Rejection
WST0000288,R006,M0009,2025-12-17,14.1,119.99,Expired Ingredients
WST0000289,R017,M0042,2025-08-22,2.6,24.78,Preparation Waste
WST0000290,R002,M0126,2026-09-14,2.6,19.55,Spoilage
WST0000291,R007,M0081,2026-04-09,14.5,64.38,Overproduction
WST0000292,R009,M0125,2025-11-04,3.0,16.44,Spoilage
WST0000293,R003,M0130,2026-07-17,9.9,119.2,Customer Return
WST0000294,R007,M0009,2026-07-25,6.2,52.76,Spoilage
WST0000295,R010,M0042,2025-10-05,3.9,37.17,Preparation Waste
WST0000296,R017,M0081,2025-09-29,7.5,33.3,Expired Ingredients
WST0000297,R015,M0137,2026-01-12,5.3,29.84,Overproduction
WST0000298,R017,M0059,2025-10-01,6.3,87.19,Quality Rejection
WST0000299,R013,M0157,2025-08-06,8.0,27.44,Expired Ingredients
WST0000300,R016,M0105,2026-08-20,4.8,30.86,Preparation Waste
WST0000301,R006,M0127,2026-09-23,5.3,67.79,Customer Return
WST0000302,R016,M0052,2025-09-02,9.7,72.07,Overproduction
WST0000303,R017,M0039,2026-08-05,4.1,34.6,Customer Return
WST0000304,R002,M0132,2025-11-21,11.0,33.44,Quality Rejection
WST0000305,R012,M0053,2025-12-18,11.3,69.83,Preparation Waste
WST0000306,R012,M0152,2026-09-22,4.9,22.74,Preparation Waste
WST0000307,R003,M0087,2026-06-20,2.2,10.85,Expired Ingredients
WST0000308,R013,M0134,2026-04-11,10.8,143.32,Overproduction
WST0000309,R012,M0059,2026-04-28,3.9,53.98,Quality Rejection
WST0000310,R020,M0022,2026-02-24,8.3,73.7,Spoilage
WST0000311,R009,M0060,2026-08-22,7.0,90.44,Expired Ingredients
WST0000312,R009,M0134,2026-08-21,6.0,79.62,Spoilage
WST0000313,R016,M0104,2025-12-19,4.8,29.18,Preparation Waste
WST0000314,R001,M0009,2025-10-10,7.8,66.38,Quality Rejection
WST0000315,R011,M0059,2025-11-15,3.7,51.21,Customer Return
WST0000316,R004,M0104,2026-03-04,6.4,38.91,Preparation Waste
WST0000317,R016,M0061,2026-05-27,1.8,6.93,Preparation Waste
WST0000318,R018,M0035,2026-05-15,3.9,41.22,Spoilage
WST0000319,R018,M0098,2026-09-13,9.1,99.19,Preparation Waste
WST0000320,R008,M0152,2025-08-19,11.6,53.82,Overproduction
WST0000321,R019,M0059,2026-06-16,14.8,204.83,Quality Rejection
WST0000322,R002,M0157,2026-01-16,12.6,43.22,Preparation Waste
WST0000323,R006,M0039,2026-06-10,1.7,14.35,Spoilage
WST0000324,R016,M0098,2026-02-22,14.7,160.23,Spoilage
WST0000325,R009,M0032,2026-04-21,4.0,42.0,Quality Rejection
WST0000326,R020,M0096,2026-04-17,1.2,16.66,Expired Ingredients
WST0000327,R013,M0003,2026-06-10,2.7,25.33,Overproduction
WST0000328,R020,M0130,2025-08-14,10.6,127.62,Customer Return
WST0000329,R008,M0087,2026-02-08,1.9,9.37,Customer Return
WST0000330,R007,M0082,2025-08-11,11.1,74.26,Overproduction
WST0000331,R016,M0060,2026-08-18,3.2,41.34,Spoilage
WST0000332,R007,M0127,2026-01-19,10.6,135.57,Customer Return
WST0000333,R006,M0070,2026-03-27,1.6,19.49,Spoilage
WST0000334,R019,M0060,2025-11-19,10.1,130.49,Expired Ingredients
WST0000335,R010,M0137,2026-07-21,6.4,36.03,Preparation Waste
WST0000336,R002,M0016,2026-05-18,13.3,38.84,Overproduction
WST0000337,R019,M0092,2026-07-01,3.3,23.36,Quality Rejection
WST0000338,R013,M0072,2026-09-22,4.4,23.5,Spoilage
WST0000339,R012,M0053,2026-06-26,7.5,46.35,Overproduction
WST0000340,R020,M0134,2026-08-13,10.6,140.66,Expired Ingredients
WST0000341,R013,M0059,2026-08-03,13.2,182.69,Spoilage
WST0000342,R004,M0009,2026-02-17,3.4,28.93,Quality Rejection
WST0000343,R005,M0121,2026-08-30,13.0,67.08,Quality Rejection
WST0000344,R013,M0081,2025-12-02,12.8,56.83,Quality Rejection
WST0000345,R006,M0121,2026-06-13,12.1,62.44,Expired Ingredients
WST0000346,R020,M0082,2025-12-14,8.0,53.52,Preparation Waste
WST0000347,R014,M0022,2026-07-05,3.2,28.42,Overproduction
WST0000348,R009,M0145,2026-05-05,1.4,17.51,Overproduction
WST0000349,R001,M0157,2026-02-17,10.8,37.04,Customer Return
WST0000350,R015,M0152,2026-01-05,8.1,37.58,Preparation Waste
WST0000351,R014,M0134,2026-02-24,3.4,45.12,Spoilage
WST0000352,R005,M0113,2026-04-20,1.4,12.15,Quality Rejection
WST0000353,R019,M0095,2026-08-18,12.9,55.21,Spoilage
WST0000354,R010,M0108,2026-08-01,4.0,53.56,Preparation Waste
WST0000355,R008,M0052,2026-04-02,3.7,27.49,Customer Return
WST0000356,R003,M0015,2026-08-13,1.4,9.35,Preparation Waste
WST0000357,R006,M0121,2026-08-01,12.8,66.05,Preparation Waste
WST0000358,R010,M0016,2026-02-18,11.2,32.7,Customer Return
WST0000359,R008,M0067,2026-09-13,3.6,21.82,Expired Ingredients
WST0000360,R012,M0153,2025-08-06,2.3,32.06,Spoilage
WST0000361,R008,M0096,2026-01-19,1.8,24.98,Expired Ingredients
WST0000362,R009,M0098,2026-07-29,10.9,118.81,Expired Ingredients
WST0000363,R009,M0082,2025-12-17,3.7,24.75,Overproduction
WST0000364,R004,M0083,2025-10-29,4.6,57.73,Preparation Waste
WST0000365,R018,M0125,2025-09-07,2.8,15.34,Expired Ingredients
WST0000366,R014,M0092,2025-08-10,3.0,21.24,Spoilage
WST0000367,R010,M0035,2025-11-23,1.9,20.08,Expired Ingredients
WST0000368,R014,M0047,2025-10-18,3.7,28.75,Spoilage
WST0000369,R018,M0158,2025-09-01,4.1,35.96,Customer Return
WST0000370,R012,M0016,2025-09-12,12.6,36.79,Customer Return
WST0000371,R017,M0031,2026-07-09,3.8,22.38,Overproduction
WST0000372,R013,M0009,2026-01-23,7.5,63.82,Quality Rejection
WST0000373,R016,M0081,2026-08-07,6.1,27.08,Preparation Waste
WST0000374,R006,M0053,2026-07-08,4.7,29.05,Overproduction
WST0000375,R005,M0098,2026-01-03,10.4,113.36,Overproduction
WST0000376,R017,M0155,2026-07-18,4.9,27.2,Customer Return
WST0000377,R015,M0010,2026-06-28,2.2,18.37,Preparation Waste
WST0000378,R003,M0031,2025-08-17,1.9,11.19,Customer Return
WST0000379,R018,M0118,2026-07-24,4.0,13.04,Preparation Waste
WST0000380,R013,M0082,2026-01-29,4.8,32.11,Spoilage
WST0000381,R009,M0104,2026-09-04,5.5,33.44,Quality Rejection
WST0000382,R014,M0059,2025-12-27,14.5,200.68,Overproduction
WST0000383,R003,M0108,2026-01-10,2.5,33.48,Preparation Waste
WST0000384,R014,M0127,2025-10-20,9.6,122.78,Spoilage
WST0000385,R014,M0098,2026-05-12,13.5,147.15,Preparation Waste
WST0000386,R005,M0148,2026-01-08,11.7,67.86,Spoilage
WST0000387,R011,M0074,2026-01-29,3.5,43.05,Expired Ingredients
WST0000388,R002,M0052,2025-10-15,11.7,86.93,Expired Ingredients
WST0000389,R010,M0016,2025-09-30,5.5,16.06,Spoilage
WST0000390,R001,M0115,2025-08-11,1.5,13.77,Customer Return
WST0000391,R019,M0052,2026-03-07,13.4,99.56,Quality Rejection
WST0000392,R012,M0137,2026-05-26,10.2,57.43,Overproduction
WST0000393,R001,M0102,2026-04-10,12.5,109.38,Overproduction
WST0000394,R002,M0048,2026-05-26,7.1,23.43,Overproduction
WST0000395,R007,M0052,2026-05-23,13.8,102.53,Quality Rejection
WST0000396,R019,M0119,2025-12-04,2.3,9.87,Quality Rejection
WST0000397,R015,M0082,2026-01-24,5.8,38.8,Overproduction
WST0000398,R011,M0135,2026-06-14,4.6,37.77,Customer Return
WST0000399,R011,M0069,2025-09-22,3.7,25.27,Preparation Waste
WST0000400,R014,M0055,2026-02-12,3.3,33.76,Preparation Waste
WST0000401,R010,M0135,2025-09-16,4.5,36.95,Expired Ingredients
WST0000402,R006,M0053,2026-09-18,6.5,40.17,Quality Rejection
WST0000403,R001,M0082,2025-10-30,3.8,25.42,Spoilage
WST0000404,R012,M0132,2026-09-24,8.3,25.23,Overproduction
WST0000405,R019,M0152,2026-05-13,15.0,69.6,Preparation Waste
WST0000406,R020,M0130,2026-06-28,4.7,56.59,Customer Return
WST0000407,R013,M0104,2026-06-22,4.5,27.36,Customer Return
WST0000408,R007,M0137,2026-08-14,4.1,23.08,Spoilage
WST0000409,R008,M0143,2026-01-21,1.3,4.39,Preparation Waste
WST0000410,R004,M0073,2026-06-16,3.6,34.6,Spoilage
WST0000411,R017,M0052,2026-04-01,11.6,86.19,Overproduction
WST0000412,R018,M0048,2025-11-18,13.2,43.56,Quality Rejection
WST0000413,R016,M0152,2026-01-14,13.2,61.25,Spoilage
WST0000414,R014,M0095,2025-10-12,10.9,46.65,Expired Ingredients
WST0000415,R001,M0144,2025-09-06,2.2,25.5,Preparation Waste
WST0000416,R020,M0074,2026-03-31,2.3,28.29,Expired Ingredients
WST0000417,R019,M0101,2025-12-31,0.5,3.91,Spoilage
WST0000418,R003,M0015,2026-03-15,3.4,22.71,Expired Ingredients
WST0000419,R003,M0094,2025-12-04,9.4,69.47,Overproduction
WST0000420,R008,M0080,2025-09-12,1.5,9.72,Overproduction
WST0000421,R015,M0059,2026-02-24,3.9,53.98,Preparation Waste
WST0000422,R012,M0098,2026-07-20,14.9,162.41,Expired Ingredients
WST0000423,R003,M0127,2026-01-12,13.3,170.11,Preparation Waste
WST0000424,R010,M0130,2026-02-20,10.6,127.62,Quality Rejection
WST0000425,R017,M0052,2026-08-03,4.6,34.18,Spoilage
WST0000426,R004,M0118,2026-08-23,2.1,6.85,Customer Return
WST0000427,R014,M0140,2026-01-04,4.8,14.16,Preparation Waste
WST0000428,R007,M0082,2026-02-05,5.9,39.47,Quality Rejection
WST0000429,R002,M0067,2026-03-31,1.0,6.06,Expired Ingredients
WST0000430,R003,M0048,2026-08-11,4.4,14.52,Customer Return
WST0000431,R004,M0082,2026-02-02,6.1,40.81,Spoilage
WST0000432,R017,M0016,2025-12-20,3.8,11.1,Preparation Waste
WST0000433,R008,M0156,2026-03-16,2.2,19.43,Customer Return
WST0000434,R014,M0037,2025-11-26,3.6,43.06,Preparation Waste
WST0000435,R017,M0148,2025-10-29,14.0,81.2,Customer Return
WST0000436,R016,M0142,2025-11-29,10.0,122.1,Expired Ingredients
WST0000437,R012,M0095,2026-04-22,8.9,38.09,Preparation Waste
WST0000438,R017,M0062,2025-10-16,9.8,122.4,Preparation Waste
WST0000439,R020,M0105,2025-11-16,3.9,25.08,Preparation Waste
WST0000440,R013,M0018,2026-06-13,3.8,41.31,Quality Rejection
WST0000441,R002,M0104,2025-09-10,3.2,19.46,Customer Return
WST0000442,R017,M0102,2026-09-14,9.3,81.38,Overproduction
WST0000443,R018,M0148,2025-09-18,5.8,33.64,Quality Rejection
WST0000444,R017,M0098,2026-04-06,7.5,81.75,Spoilage
WST0000445,R014,M0062,2026-04-26,14.4,179.86,Quality Rejection
WST0000446,R003,M0095,2025-09-29,15.0,64.2,Spoilage
WST0000447,R008,M0101,2025-09-21,4.1,32.06,Preparation Waste
WST0000448,R016,M0129,2025-08-07,1.3,3.52,Spoilage
WST0000449,R016,M0009,2025-12-08,3.9,33.19,Preparation Waste
WST0000450,R012,M0059,2026-02-02,13.8,190.99,Expired Ingredients
WST0000451,R015,M0068,2026-01-22,4.1,44.48,Spoilage
WST0000452,R010,M0031,2025-07-31,2.1,12.37,Expired Ingredients
WST0000453,R018,M0137,2026-03-29,6.2,34.91,Quality Rejection
WST0000454,R014,M0148,2026-03-16,13.8,80.04,Spoilage
WST0000455,R020,M0007,2025-12-04,4.8,30.29,Overproduction
WST0000456,R004,M0077,2026-08-23,1.8,12.71,Preparation Waste
WST0000457,R001,M0066,2025-08-09,3.8,24.93,Spoilage
WST0000458,R011,M0157,2026-07-23,13.9,47.68,Expired Ingredients
WST0000459,R007,M0059,2025-12-21,6.8,94.11,Overproduction
WST0000460,R011,M0052,2026-04-02,8.8,65.38,Preparation Waste
WST0000461,R008,M0137,2025-10-17,8.6,48.42,Quality Rejection
WST0000462,R014,M0040,2026-05-02,3.5,47.5,Expired Ingredients
WST0000463,R011,M0059,2025-08-30,4.3,59.51,Customer Return
WST0000464,R015,M0087,2025-12-01,0.6,2.96,Overproduction
WST0000465,R004,M0017,2025-09-30,0.5,2.08,Expired Ingredients
WST0000466,R013,M0017,2026-05-03,2.1,8.76,Expired Ingredients
WST0000467,R020,M0107,2026-08-29,1.7,9.18,Overproduction
WST0000468,R018,M0081,2025-09-23,13.1,58.16,Overproduction
WST0000469,R007,M0049,2026-08-06,0.9,11.0,Customer Return
WST0000470,R019,M0009,2025-10-21,12.0,102.12,Preparation Waste
WST0000471,R004,M0126,2026-06-19,1.4,10.53,Expired Ingredients
WST0000472,R009,M0133,2025-12-14,1.3,7.57,Spoilage
WST0000473,R003,M0152,2026-04-19,14.4,66.82,Expired Ingredients
WST0000474,R011,M0121,2026-05-18,8.4,43.34,Quality Rejection
WST0000475,R010,M0075,2025-10-05,2.8,31.3,Quality Rejection
WST0000476,R019,M0115,2025-10-16,0.8,7.34,Customer Return
WST0000477,R020,M0087,2026-05-01,3.8,18.73,Quality Rejection
WST0000478,R015,M0121,2025-10-05,9.9,51.08,Expired Ingredients
WST0000479,R013,M0008,2025-10-21,3.5,27.76,Quality Rejection
WST0000480,R016,M0040,2026-01-25,4.6,62.42,Overproduction
WST0000481,R014,M0128,2026-01-25,0.8,4.38,Expired Ingredients
WST0000482,R013,M0042,2025-10-18,2.4,22.87,Quality Rejection
WST0000483,R016,M0059,2026-09-18,5.9,81.66,Customer Return
WST0000484,R005,M0121,2025-08-31,11.1,57.28,Customer Return
WST0000485,R020,M0053,2026-01-27,8.4,51.91,Customer Return
WST0000486,R013,M0102,2026-09-01,9.7,84.88,Customer Return
WST0000487,R004,M0157,2025-09-01,7.3,25.04,Quality Rejection
WST0000488,R009,M0088,2026-02-25,4.5,37.04,Preparation Waste
WST0000489,R006,M0059,2026-06-01,13.9,192.38,Spoilage
WST0000490,R018,M0137,2025-12-25,9.2,51.8,Quality Rejection
WST0000491,R010,M0031,2026-05-06,4.2,24.74,Spoilage
WST0000492,R016,M0016,2026-03-15,13.6,39.71,Expired Ingredients
WST0000493,R004,M0152,2025-09-08,11.2,51.97,Expired Ingredients
WST0000494,R016,M0059,2026-06-30,11.9,164.7,Quality Rejection
WST0000495,R007,M0020,2025-12-11,1.1,5.61,Overproduction
WST0000496,R019,M0094,2025-12-26,8.8,65.03,Spoilage
WST0000497,R017,M0119,2026-02-04,1.3,5.58,Overproduction
WST0000498,R018,M0127,2026-07-21,13.2,168.83,Overproduction
WST0000499,R009,M0096,2025-12-31,2.2,30.54,Customer Return
WST0000500,R006,M0140,2026-02-25,0.7,2.06,Preparation Waste
WST0000501,R001,M0098,2026-05-17,6.1,66.49,Spoilage
WST0000502,R015,M0084,2026-09-03,3.4,16.69,Expired Ingredients
WST0000503,R018,M0095,2026-04-05,10.5,44.94,Expired Ingredients
WST0000504,R019,M0009,2026-07-13,14.3,121.69,Quality Rejection
WST0000505,R011,M0142,2026-06-01,240.0,58.61,Quality Rejection
WST0000506,R005,M0157,2025-09-30,6.0,20.58,Expired Ingredients
WST0000507,R005,M0062,2025-11-10,12.0,149.88,Quality Rejection
WST0000508,R003,M0098,2026-01-02,6.9,75.21,Customer Return
WST0000509,R017,M0025,2026-04-03,3.7,9.47,Quality Rejection
WST0000510,R019,M0137,2025-11-02,14.1,79.38,Preparation Waste
WST0000511,R004,M0048,2025-12-27,7.2,23.76,Preparation Waste
WST0000512,R008,M0157,2026-04-17,3.9,13.38,Overproduction
WST0000513,R005,M0048,2026-05-04,7.1,23.43,Preparation Waste
WST0000514,R008,M0130,2026-05-18,9.3,111.97,Expired Ingredients
WST0000515,R007,M0027,2025-08-05,3.1,11.1,Customer Return
WST0000516,R001,M0017,2025-10-26,1.9,7.92,Customer Return
WST0000517,R006,M0130,2026-07-14,9.7,116.79,Quality Rejection
WST0000518,R008,M0137,2025-09-21,14.8,83.32,Spoilage
WST0000519,R009,M0008,2026-03-17,3.9,30.93,Spoilage
WST0000520,R014,M0079,2026-05-14,2.3,7.75,Spoilage
WST0000521,R007,M0073,2026-01-03,1.6,15.38,Preparation Waste
WST0000522,R009,M0059,2026-06-03,6.3,87.19,Expired Ingredients
WST0000523,R007,M0137,2025-07-31,13.7,77.13,Expired Ingredients
WST0000524,R020,M0104,2025-09-02,7.0,42.56,Spoilage
WST0000525,R010,M0141,2025-10-29,1.5,15.78,Expired Ingredients
WST0000526,R013,M0149,2025-08-24,0.9,6.23,Customer Return
WST0000527,R020,M0082,2025-08-28,7.0,46.83,Preparation Waste
WST0000528,R008,M0154,2026-08-12,4.6,23.37,Overproduction
WST0000529,R019,M0016,2025-10-26,11.7,34.16,Preparation Waste
WST0000530,R009,M0095,2026-07-09,8.5,36.38,Quality Rejection
WST0000531,R002,M0084,2026-06-17,4.9,24.06,Expired Ingredients
WST0000532,R007,M0063,2026-06-10,3.6,30.85,Expired Ingredients
WST0000533,R003,M0144,2025-12-26,0.9,10.43,Expired Ingredients
WST0000534,R019,M0082,2026-04-08,7.5,50.18,Quality Rejection
WST0000535,R005,M0148,2026-04-18,5.5,31.9,Expired Ingredients
WST0000536,R013,M0081,2026-06-25,5.3,23.53,Overproduction
WST0000537,R006,M0062,2026-01-11,4.8,59.95,Customer Return
WST0000538,R005,M0053,2026-09-15,13.5,83.43,Preparation Waste
WST0000539,R017,M0053,2025-09-15,6.0,37.08,Quality Rejection
WST0000540,R005,M0016,2025-09-04,9.5,27.74,Quality Rejection
WST0000541,R018,M0065,2026-05-08,2.8,37.6,Expired Ingredients
WST0000542,R011,M0158,2026-08-31,2.1,18.42,Customer Return
WST0000543,R002,M0095,2026-03-26,425.0,36.38,Quality Rejection
WST0000544,R008,M0073,2026-01-22,1.1,10.57,Expired Ingredients
WST0000545,R011,M0022,2026-06-01,9.0,79.92,Quality Rejection
WST0000546,R009,M0056,2026-02-26,1.5,13.23,Spoilage
WST0000547,R019,M0104,2026-09-20,7.4,44.99,Preparation Waste
WST0000548,R010,M0052,2026-05-27,5.3,39.38,Preparation Waste
WST0000549,R011,M0127,2025-10-15,12.2,156.04,Quality Rejection
WST0000550,R009,M0082,2025-11-15,13.0,86.97,Overproduction
WST0000551,R012,M0075,2025-12-27,3.6,40.25,Preparation Waste
WST0000552,R001,M0116,2026-06-03,1.7,12.36,Customer Return
WST0000553,R003,M0121,2026-04-26,10.9,56.24,Overproduction
WST0000554,R011,M0095,2025-11-10,13.2,56.5,Customer Return
WST0000555,R007,M0150,2025-09-19,0.8,10.09,Customer Return
WST0000556,R011,M0129,2026-05-10,3.5,9.48,Spoilage
WST0000557,R005,M0017,2025-09-23,2.6,10.84,Expired Ingredients
WST0000558,R017,M0144,2026-03-22,4.5,52.16,Preparation Waste
WST0000559,R004,M0127,2026-08-12,5.7,72.9,Quality Rejection
WST0000560,R010,M0132,2026-02-16,14.1,42.86,Spoilage
WST0000561,R010,M0016,2026-02-18,9.2,26.86,Quality Rejection
WST0000562,R001,M0009,2025-08-26,9.4,79.99,Quality Rejection
WST0000563,R006,M0094,2026-02-22,4.6,33.99,Expired Ingredients
WST0000564,R008,M0025,2025-12-30,4.6,11.78,Quality Rejection
WST0000565,R001,M0144,2026-03-20,4.7,54.47,Spoilage
WST0000566,R015,M0062,2025-10-12,13.5,168.62,Expired Ingredients
WST0000567,R007,M0009,2026-01-09,5.4,45.95,Quality Rejection
WST0000568,R016,M0082,2026-08-15,5.8,38.8,Customer Return
WST0000569,R015,M0025,2025-11-05,1.9,4.86,Expired Ingredients
WST0000570,R015,M0121,2025-11-27,3.7,19.09,Spoilage
WST0000571,R018,M0150,2026-07-24,3.2,40.35,Customer Return
WST0000572,R018,M0052,2026-09-07,3.8,28.23,Preparation Waste
WST0000573,R013,M0048,2025-08-30,12.8,42.24,Overproduction
WST0000574,R012,M0012,2026-03-13,3.3,15.34,Quality Rejection
WST0000575,R004,M0094,2026-07-09,11.6,85.72,Spoilage
WST0000576,R001,M0152,2026-01-12,5.4,25.06,Preparation Waste
WST0000577,R007,M0025,2026-07-13,2.0,5.12,Preparation Waste
WST0000578,R016,M0158,2026-05-28,2.2,19.29,Overproduction
WST0000579,R003,M0042,2025-09-29,4.5,42.88,Spoilage
WST0000580,R016,M0141,2026-03-10,1.0,10.52,Quality Rejection
WST0000581,R002,M0128,2026-09-12,1.3,7.11,Customer Return
WST0000582,R019,M0060,2026-04-29,12.7,164.08,Customer Return
WST0000583,R007,M0076,2026-04-08,1.2,11.14,Customer Return
WST0000584,R001,M0129,2025-10-15,0.6,1.63,Customer Return
WST0000585,R011,M0098,2026-09-06,5.3,57.77,Preparation Waste
WST0000586,R012,M0095,2025-09-29,8.9,38.09,Expired Ingredients
WST0000587,R004,M0134,2025-08-26,6.0,79.62,Quality Rejection
WST0000588,R013,M0098,2025-08-11,8.7,94.83,Overproduction
WST0000589,R020,M0060,2026-01-14,3.0,38.76,Quality Rejection
WST0000590,R003,M0004,2026-07-01,3.8,21.36,Customer Return
WST0000591,R012,M0152,2026-02-23,14.4,66.82,Preparation Waste
WST0000592,R017,M0048,2026-07-23,8.4,27.72,Quality Rejection
WST0000593,R019,M0075,2025-08-11,4.2,46.96,Overproduction
WST0000594,R012,M0129,2026-03-19,3.5,9.48,Customer Return
WST0000595,R020,M0081,2026-07-02,14.1,62.6,Spoilage
WST0000596,R015,M0016,2026-04-16,5.0,14.6,Spoilage
WST0000597,R013,M0059,2026-04-04,11.0,152.24,Overproduction
WST0000598,R018,M0122,2026-09-08,0.6,3.14,Expired Ingredients
WST0000599,R019,M0052,2025-10-08,4.4,32.69,Quality Rejection
WST0000600,R010,M0105,2025-08-22,4.4,28.29,Overproduction
WST0000601,R011,M0076,2026-03-22,2.4,22.27,Preparation Waste
WST0000602,R002,M0022,2026-05-15,9.9,87.91,Overproduction
WST0000603,R001,M0130,2026-08-12,9.2,110.77,Spoilage
WST0000604,R009,M0148,2026-05-05,10.4,60.32,Spoilage
WST0000605,R015,M0093,2026-05-19,3.7,48.8,Expired Ingredients
WST0000606,R019,M0022,2026-02-17,8.3,73.7,Preparation Waste
WST0000607,R006,M0062,2026-05-16,12.8,159.87,Overproduction
WST0000608,R011,M0102,2025-09-02,12.8,112.0,Overproduction
WST0000609,R004,M0052,2026-02-01,7.6,56.47,Customer Return
WST0000610,R006,M0048,2025-09-21,13.6,44.88,Overproduction
WST0000611,R018,M0062,2025-12-29,9.2,114.91,Quality Rejection
WST0000612,R011,M0007,2025-11-06,0.5,3.16,Spoilage
WST0000613,R018,M0127,2026-09-20,10.3,131.74,Preparation Waste
WST0000614,R001,M0134,2026-02-23,11.6,153.93,Expired Ingredients
WST0000615,R012,M0142,2025-09-26,10.8,131.87,Expired Ingredients
WST0000616,R018,M0014,2025-10-02,0.9,4.54,Expired Ingredients
WST0000617,R018,M0095,2025-08-01,6.6,28.25,Customer Return
WST0000618,R019,M0051,2026-03-13,4.1,56.95,Expired Ingredients
WST0000619,R008,M0037,2026-02-28,1.3,15.55,Expired Ingredients
WST0000620,R015,M0062,2025-08-18,6.0,74.94,Spoilage
WST0000621,R002,M0158,2026-07-02,4.9,42.97,Expired Ingredients
WST0000622,R009,M0132,2025-09-11,6.1,18.54,Customer Return
WST0000623,R018,M0130,2025-11-11,14.3,172.17,Spoilage
WST0000624,R008,M0048,2025-08-29,12.8,42.24,Expired Ingredients
WST0000625,R020,M0059,2026-01-06,14.4,199.3,Expired Ingredients
WST0000626,R005,M0063,2026-08-28,1.3,11.14,Preparation Waste
WST0000627,R003,M0048,2026-06-21,8.9,29.37,Spoilage
WST0000628,R009,M0148,2025-10-05,11.4,66.12,Customer Return
WST0000629,R019,M0098,2026-02-01,12.7,138.43,Expired Ingredients
WST0000630,R010,M0154,2025-09-18,5.0,25.4,Preparation Waste
WST0000631,R013,M0148,2026-08-13,5.7,33.06,Expired Ingredients
WST0000632,R003,M0027,2025-11-09,0.7,2.51,Preparation Waste
WST0000633,R011,M0137,2026-03-15,4.6,25.9,Expired Ingredients
WST0000634,R003,M0160,2026-06-30,1.1,10.07,Expired Ingredients
WST0000635,R020,M0060,2026-03-14,13.1,169.25,Customer Return
WST0000636,R012,M0018,2026-02-15,2.8,30.44,Overproduction
WST0000637,R020,M0114,2026-07-08,3.7,28.49,Quality Rejection
WST0000638,R013,M0062,2026-04-24,12.7,158.62,Customer Return
WST0000639,R003,M0157,2026-08-21,8.3,28.47,Spoilage
WST0000640,R017,M0054,2026-06-09,4.1,55.06,Spoilage
WST0000641,R014,M0059,2025-09-03,9.0,124.56,Customer Return
WST0000642,R015,M0082,2026-08-15,9.1,60.88,Customer Return
WST0000643,R013,M0053,2026-01-14,10.1,62.42,Customer Return
WST0000644,R014,M0081,2026-09-13,3.1,13.76,Preparation Waste
WST0000645,R013,M0137,2025-11-02,3.4,19.14,Customer Return
WST0000646,R003,M0148,2025-09-29,12.5,72.5,Preparation Waste
WST0000647,R014,M0028,2026-07-20,3.7,36.11,Quality Rejection
WST0000648,R010,M0148,2025-11-01,8.3,48.14,Preparation Waste
WST0000649,R005,M0148,2026-09-05,4.7,27.26,Customer Return
WST0000650,R019,M0048,2025-12-10,14.3,47.19,Expired Ingredients
WST0000651,R017,M0102,2025-08-22,12.1,105.88,Preparation Waste
WST0000652,R008,M0093,2025-12-22,4.7,61.99,Customer Return
WST0000653,R011,M0063,2025-10-29,0.9,7.71,Customer Return
WST0000654,R001,M0082,2026-05-28,4.1,27.43,Quality Rejection
WST0000655,R018,M0087,2025-11-06,1.7,8.38,Customer Return
WST0000656,R006,M0142,2025-12-19,3.5,42.74,Quality Rejection
WST0000657,R001,M0059,2026-08-13,8.3,114.87,Quality Rejection
WST0000658,R016,M0049,2025-08-30,3.5,42.77,Overproduction
WST0000659,R016,M0158,2026-06-29,3.0,26.31,Customer Return
WST0000660,R006,M0007,2026-01-16,3.2,20.19,Spoilage
WST0000661,R013,M0008,2026-05-07,2.8,22.2,Customer Return
WST0000662,R020,M0142,2026-07-05,13.4,163.61,Expired Ingredients
WST0000663,R008,M0062,2026-08-09,6.4,79.94,Overproduction
WST0000664,R017,M0025,2026-02-23,3.7,9.47,Customer Return
WST0000665,R003,M0141,2025-10-21,3.8,39.98,Spoilage
WST0000666,R014,M0152,2025-11-17,12.7,58.93,Customer Return
WST0000667,R005,M0060,2026-02-06,6.9,89.15,Spoilage
WST0000668,R020,M0016,2026-03-25,7.8,22.78,Customer Return
WST0000669,R016,M0094,2025-09-01,10.3,76.12,Customer Return
WST0000670,R009,M0059,2025-12-25,6.4,88.58,Spoilage
WST0000671,R015,M0109,2026-03-05,2.4,31.73,Preparation Waste
WST0000672,R002,M0157,2026-05-30,12.6,43.22,Overproduction
WST0000673,R004,M0094,2025-12-25,9.7,71.68,Preparation Waste
WST0000674,R002,M0002,2026-06-11,3.4,28.83,Customer Return
WST0000675,R017,M0048,2026-03-15,3.3,10.89,Preparation Waste
WST0000676,R014,M0082,2026-02-25,10.7,71.58,Spoilage
WST0000677,R004,M0104,2026-05-11,5.2,31.62,Preparation Waste
WST0000678,R009,M0034,2026-04-23,4.7,55.55,Spoilage
WST0000679,R008,M0048,2026-08-02,11.4,37.62,Customer Return
WST0000680,R007,M0060,2026-09-19,10.2,131.78,Spoilage
WST0000681,R019,M0002,2026-02-18,5.0,42.4,Spoilage
WST0000682,R011,M0016,2026-05-30,9.1,26.57,Preparation Waste
WST0000683,R016,M0048,2025-10-28,3.6,11.88,Preparation Waste
WST0000684,R017,M0046,2026-02-09,3.4,33.63,Customer Return
WST0000685,R012,M0068,2026-08-26,3.4,36.89,Overproduction
WST0000686,R014,M0032,2026-05-05,4.1,43.05,Customer Return
WST0000687,R003,M0110,2026-03-12,2.1,19.91,Quality Rejection
WST0000688,R006,M0102,2026-02-24,8.8,77.0,Spoilage
WST0000689,R011,M0037,2025-11-11,1.3,15.55,Spoilage
WST0000690,R004,M0142,2026-04-13,5.5,67.16,Quality Rejection
WST0000691,R006,M0102,2026-05-15,7.1,62.12,Overproduction
WST0000692,R010,M0090,2026-03-23,1.0,5.23,Spoilage
WST0000693,R017,M0053,2025-11-08,3.8,23.48,Overproduction
WST0000694,R010,M0003,2026-09-03,0.6,5.63,Expired Ingredients
WST0000695,R004,M0059,2026-07-20,6.1,84.42,Preparation Waste
WST0000696,R001,M0006,2025-09-22,3.3,35.9,Overproduction
WST0000697,R016,M0053,2026-05-18,4.7,29.05,Overproduction
WST0000698,R007,M0016,2026-09-07,5.9,17.23,Customer Return
WST0000699,R020,M0048,2026-07-27,10.0,33.0,Preparation Waste
WST0000700,R008,M0062,2026-06-10,12.8,159.87,Overproduction
WST0000701,R018,M0048,2026-06-18,12.1,39.93,Quality Rejection
WST0000702,R009,M0155,2025-10-16,2.2,12.21,Overproduction
WST0000703,R001,M0053,2025-09-11,9.8,60.56,Overproduction
WST0000704,R006,M0111,2025-09-07,4.9,67.77,Quality Rejection
WST0000705,R003,M0127,2026-05-03,11.9,152.2,Preparation Waste
WST0000706,R008,M0001,2026-07-24,0.5,1.95,Preparation Waste
WST0000707,R003,M0103,2025-08-25,1.2,4.92,Preparation Waste
WST0000708,R018,M0157,2026-02-06,9.5,32.58,Spoilage
WST0000709,R008,M0067,2026-01-22,4.3,26.06,Spoilage
WST0000710,R015,M0048,2026-07-29,13.7,45.21,Quality Rejection
WST0000711,R004,M0016,2025-08-12,9.2,26.86,Customer Return
WST0000712,R012,M0048,2026-01-01,11.7,38.61,Quality Rejection
WST0000713,R009,M0037,2026-06-24,2.8,33.49,Customer Return
WST0000714,R020,M0117,2025-08-05,2.9,14.24,Expired Ingredients
WST0000715,R018,M0130,2025-10-18,5.2,62.61,Expired Ingredients
WST0000716,R003,M0147,2026-08-13,1.0,11.34,Overproduction
WST0000717,R009,M0104,2026-08-05,3.2,19.46,Spoilage
WST0000718,R016,M0104,2025-12-06,9.6,58.37,Customer Return
WST0000719,R012,M0100,2025-10-27,3.5,29.82,Spoilage
WST0000720,R006,M0132,2026-06-12,7.2,21.89,Overproduction
WST0000721,R003,M0132,2026-06-27,3.8,11.55,Expired Ingredients
WST0000722,R014,M0102,2026-02-20,6.8,59.5,Expired Ingredients
WST0000723,R009,M0034,2026-02-09,2.9,34.28,Preparation Waste
WST0000724,R020,M0102,2026-02-18,4.4,38.5,Preparation Waste
WST0000725,R004,M0022,2026-07-20,11.3,100.34,Customer Return
WST0000726,R005,M0137,2026-05-12,13.4,75.44,Expired Ingredients
WST0000727,R013,M0148,2025-09-06,12.4,71.92,Preparation Waste
WST0000728,R015,M0132,2026-01-25,7.9,24.02,Customer Return
WST0000729,R016,M0157,2026-03-01,10.2,34.99,Overproduction
WST0000730,R002,M0082,2025-12-30,8.2,54.86,Expired Ingredients
WST0000731,R002,M0142,2026-03-09,3.9,47.62,Preparation Waste
WST0000732,R007,M0134,2026-01-17,4.8,63.7,Spoilage
WST0000733,R012,M0062,2026-01-02,12.9,161.12,Spoilage
WST0000734,R007,M0102,2026-09-02,14.6,127.75,Expired Ingredients
WST0000735,R002,M0105,2026-06-26,3.0,19.29,Overproduction
WST0000736,R004,M0137,2025-09-01,8.2,46.17,Customer Return
WST0000737,R009,M0134,2026-02-22,13.3,176.49,Overproduction
WST0000738,R017,M0052,2026-06-23,8.9,66.13,Overproduction
WST0000739,R007,M0148,2025-11-15,10.4,60.32,Spoilage
WST0000740,R019,M0093,2025-08-04,3.4,44.85,Customer Return
WST0000741,R005,M0107,2025-09-14,3.2,17.28,Expired Ingredients
WST0000742,R010,M0036,2026-03-25,1.5,4.36,Expired Ingredients
WST0000743,R006,M0121,2026-06-29,9.7,50.05,Quality Rejection
WST0000744,R007,M0115,2025-10-12,1.8,16.52,Overproduction
WST0000745,R005,M0157,2026-06-15,12.7,43.56,Spoilage
WST0000746,R016,M0053,2025-08-12,6.4,39.55,Spoilage
WST0000747,R017,M0137,2026-02-27,10.3,57.99,Customer Return
WST0000748,R016,M0142,2026-05-21,11.7,142.86,Quality Rejection
WST0000749,R003,M0148,2026-08-12,5.7,33.06,Customer Return
WST0000750,R005,M0134,2025-09-01,8.2,108.81,Preparation Waste
WST0000751,R020,M0152,2025-12-17,13.2,61.25,Overproduction
WST0000752,R019,M0095,2025-11-13,4.2,17.98,Spoilage
WST0000753,R014,M0041,2026-02-06,3.3,29.11,Quality Rejection
WST0000754,R007,M0016,2025-10-19,12.5,36.5,Expired Ingredients
WST0000755,R018,M0135,2026-06-22,4.1,33.66,Preparation Waste
WST0000756,R019,M0157,2026-07-23,8.5,29.16,Preparation Waste
WST0000757,R001,M0123,2026-09-09,0.5,5.09,Customer Return
WST0000758,R020,M0060,2026-04-16,4.2,54.26,Spoilage
WST0000759,R020,M0157,2025-09-28,11.6,39.79,Overproduction
WST0000760,R018,M0134,2025-08-20,14.7,195.07,Preparation Waste
WST0000761,R007,M0142,2026-01-06,12.9,157.51,Spoilage
WST0000762,R005,M0127,2026-05-28,12.5,159.88,Expired Ingredients
WST0000763,R004,M0098,2026-01-17,14.0,152.6,Preparation Waste
WST0000764,R009,M0005,2025-08-21,0.6,2.02,Expired Ingredients
WST0000765,R008,M0073,2025-09-01,3.8,36.52,Spoilage
WST0000766,R010,M0092,2026-03-21,3.2,22.66,Quality Rejection
WST0000767,R019,M0127,2025-10-20,4.0,51.16,Quality Rejection
WST0000768,R017,M0062,2025-10-11,7.3,91.18,Overproduction
WST0000769,R001,M0121,2026-06-23,7.8,40.25,Customer Return
WST0000770,R009,M0052,2026-09-16,14.4,106.99,Preparation Waste
WST0000771,R007,M0104,2025-12-27,3.4,20.67,Customer Return
WST0000772,R014,M0116,2025-08-24,1.1,8.0,Overproduction
WST0000773,R018,M0152,2026-02-24,11.4,52.9,Spoilage
WST0000774,R005,M0145,2026-04-17,3.6,45.04,Overproduction
WST0000775,R007,M0026,2026-07-19,2.6,13.6,Customer Return
WST0000776,R012,M0116,2026-05-28,1.2,8.72,Customer Return
WST0000777,R015,M0132,2026-03-12,10.3,31.31,Quality Rejection
WST0000778,R006,M0102,2025-12-02,13.8,120.75,Expired Ingredients
WST0000779,R020,M0121,2026-02-05,14.3,73.79,Preparation Waste
WST0000780,R005,M0152,2026-04-09,14.4,66.82,Spoilage
WST0000781,R003,M0145,2025-12-14,1.4,17.51,Preparation Waste
WST0000782,R011,M0062,2026-08-17,6.8,84.93,Overproduction
WST0000783,R003,M0160,2026-01-31,2.6,23.79,Spoilage
WST0000784,R001,M0053,2026-04-25,6.3,38.93,Preparation Waste
WST0000785,R001,M0132,2026-04-27,12.1,36.78,Expired Ingredients
WST0000786,R016,M0052,2026-02-25,9.3,69.1,Preparation Waste
WST0000787,R018,M0002,2026-02-09,0.9,7.63,Preparation Waste
WST0000788,R018,M0098,2026-04-17,4.0,43.6,Quality Rejection
WST0000789,R017,M0142,2026-06-12,13.5,164.84,Customer Return
WST0000790,R017,M0131,2026-03-28,2.5,23.52,Customer Return
WST0000791,R012,M0053,2026-09-23,11.7,72.31,Customer Return
WST0000792,R010,M0030,2026-09-22,4.0,27.04,Preparation Waste
WST0000793,R003,M0141,2026-04-13,3.5,36.82,Customer Return
WST0000794,R010,M0120,2026-04-16,3.9,28.08,Overproduction
WST0000795,R008,M0077,2025-10-25,4.2,29.65,Preparation Waste
WST0000796,R003,M0104,2026-04-18,8.1,49.25,Overproduction
WST0000797,R014,M0045,2026-01-14,4.7,32.01,Quality Rejection
WST0000798,R008,M0118,2026-03-13,1.6,5.22,Spoilage
WST0000799,R009,M0087,2025-10-01,1.6,7.89,Spoilage
WST0000800,R015,M0108,2025-12-25,4.7,62.93,Overproduction
WST0000801,R003,M0110,2026-03-30,3.0,28.44,Quality Rejection
WST0000802,R015,M0098,2025-10-26,5.6,61.04,Quality Rejection
WST0000803,R005,M0095,2026-03-24,705.0,60.35,Expired Ingredients
WST0000804,R020,M0039,2026-01-31,2.2,18.57,Customer Return
WST0000805,R017,M0157,2026-08-26,3.3,11.32,Expired Ingredients
WST0000806,R003,M0082,2025-09-02,14.8,99.01,Expired Ingredients
WST0000807,R010,M0094,2026-06-06,11.0,81.29,Overproduction
WST0000808,R019,M0060,2025-09-02,9.1,117.57,Quality Rejection
WST0000809,R019,M0016,2026-05-31,4.2,12.26,Spoilage
WST0000810,R013,M0105,2025-11-25,3.0,19.29,Expired Ingredients
WST0000811,R008,M0127,2026-05-22,10.2,130.46,Customer Return
WST0000812,R011,M0070,2025-09-23,3.5,42.63,Overproduction
WST0000813,R013,M0109,2026-07-17,0.5,6.61,Quality Rejection
WST0000814,R010,M0082,2026-07-06,10.7,71.58,Quality Rejection
WST0000815,R018,M0095,2026-08-27,12.0,51.36,Preparation Waste
WST0000816,R002,M0077,2026-05-05,3.6,25.42,Quality Rejection
WST0000817,R003,M0060,2026-07-08,13.6,175.71,Spoilage
WST0000818,R006,M0016,2026-03-05,12.4,36.21,Customer Return
WST0000819,R008,M0132,2025-09-22,3.7,11.25,Spoilage
WST0000820,R018,M0053,2026-02-02,8.5,52.53,Spoilage
WST0000821,R009,M0158,2026-07-03,4.8,42.1,Expired Ingredients
WST0000822,R009,M0102,2026-08-16,10.9,95.38,Customer Return
WST0000823,R020,M0098,2026-02-09,6.2,67.58,Spoilage
WST0000824,R012,M0145,2025-09-20,3.5,43.78,Spoilage
WST0000825,R006,M0138,2026-07-01,3.6,27.47,Expired Ingredients
WST0000826,R006,M0148,2025-10-03,14.6,84.68,Preparation Waste
WST0000827,R019,M0137,2025-08-23,9.1,51.23,Expired Ingredients
WST0000828,R017,M0106,2026-04-21,3.2,13.5,Spoilage
WST0000829,R010,M0157,2025-12-04,10.2,34.99,Expired Ingredients
WST0000830,R016,M0068,2025-12-18,1.5,16.27,Overproduction
WST0000831,R013,M0076,2026-07-06,3.8,35.26,Quality Rejection
WST0000832,R010,M0110,2026-09-23,3.2,30.34,Quality Rejection
WST0000833,R019,M0014,2025-12-30,1.8,9.09,Quality Rejection
WST0000834,R002,M0022,2026-05-03,4.2,37.3,Overproduction
WST0000835,R015,M0017,2025-08-04,3.5,14.6,Overproduction
WST0000836,R008,M0128,2025-08-18,2.2,12.03,Preparation Waste
WST0000837,R018,M0104,2026-09-02,8.2,49.86,Preparation Waste
WST0000838,R015,M0159,2026-01-04,2.2,14.98,Quality Rejection
WST0000839,R015,M0095,2025-11-27,9.2,39.38,Preparation Waste
WST0000840,R019,M0119,2025-09-11,2.7,11.58,Overproduction
WST0000841,R008,M0098,2026-01-10,3.2,34.88,Customer Return
WST0000842,R003,M0104,2026-06-04,7.8,47.42,Spoilage
WST0000843,R020,M0056,2025-12-27,4.9,43.22,Overproduction
WST0000844,R015,M0075,2026-05-10,2.7,30.19,Preparation Waste
WST0000845,R007,M0148,2025-12-05,9.4,54.52,Preparation Waste
WST0000846,R008,M0062,2025-09-05,9.1,113.66,Expired Ingredients
WST0000847,R006,M0104,2025-08-08,3.8,23.1,Spoilage
WST0000848,R010,M0104,2025-08-14,7.7,46.82,Customer Return
WST0000849,R007,M0137,2025-11-05,10.7,60.24,Quality Rejection
WST0000850,R018,M0026,2025-12-21,4.3,22.49,Overproduction
WST0000851,R018,M0121,2025-10-15,13.2,68.11,Quality Rejection
WST0000852,R009,M0017,2026-03-08,3.4,14.18,Overproduction
WST0000853,R005,M0116,2026-04-27,4.3,31.26,Expired Ingredients
WST0000854,R003,M0142,2026-08-07,13.0,158.73,Quality Rejection
WST0000855,R013,M0132,2026-03-13,6.6,20.06,Preparation Waste
WST0000856,R018,M0079,2026-06-25,4.4,14.83,Preparation Waste
WST0000857,R006,M0009,2026-08-31,11.7,99.57,Spoilage
WST0000858,R019,M0153,2026-09-12,2.2,30.67,Quality Rejection
WST0000859,R011,M0053,2025-07-31,14.4,88.99,Expired Ingredients
WST0000860,R001,M0134,2025-08-31,6.3,83.6,Customer Return
WST0000861,R009,M0009,2025-08-18,9.4,79.99,Preparation Waste
WST0000862,R009,M0134,2025-10-16,7.3,96.87,Preparation Waste
WST0000863,R002,M0009,2026-07-18,14.7,125.1,Customer Return
WST0000864,R009,M0016,2025-09-29,3.8,11.1,Customer Return
WST0000865,R011,M0132,2025-08-04,14.9,45.3,Spoilage
WST0000866,R020,M0146,2025-08-02,2.2,14.37,Preparation Waste
WST0000867,R010,M0012,2026-05-25,4.4,20.46,Preparation Waste
WST0000868,R020,M0081,2025-10-22,4.7,20.87,Spoilage
WST0000869,R015,M0098,2026-08-11,11.6,126.44,Customer Return
WST0000870,R013,M0123,2025-11-22,4.4,44.79,Overproduction
WST0000871,R020,M0106,2026-02-21,3.1,13.08,Spoilage
WST0000872,R004,M0016,2026-06-20,9.0,26.28,Customer Return
WST0000873,R008,M0010,2026-07-26,4.4,36.74,Spoilage
WST0000874,R018,M0137,2025-12-28,8.7,48.98,Overproduction
WST0000875,R002,M0106,2026-06-02,3.2,13.5,Expired Ingredients
WST0000876,R003,M0009,2025-10-24,5.4,45.95,Quality Rejection
WST0000877,R010,M0060,2026-06-15,14.6,188.63,Quality Rejection
WST0000878,R014,M0097,2026-09-05,1.6,12.67,Spoilage
WST0000879,R007,M0104,2026-09-24,5.4,32.83,Customer Return
WST0000880,R009,M0062,2026-07-14,10.7,133.64,Quality Rejection
WST0000881,R002,M0103,2026-05-17,1.7,6.97,Customer Return
WST0000882,R004,M0094,2026-03-03,14.8,109.37,Quality Rejection
WST0000883,R007,M0156,2026-09-04,3.8,33.55,Customer Return
WST0000884,R006,M0058,2026-07-18,4.2,14.45,Quality Rejection
WST0000885,R017,M0012,2025-10-02,4.6,21.39,Spoilage
WST0000886,R019,M0139,2026-09-19,1.1,11.51,Expired Ingredients
WST0000887,R012,M0081,2025-09-12,10.9,48.4,Spoilage
WST0000888,R007,M0126,2025-10-16,2.0,15.04,Spoilage
WST0000889,R012,M0142,2026-01-13,12.8,156.29,Preparation Waste
WST0000890,R019,M0158,2026-01-03,4.6,40.34,Quality Rejection
WST0000891,R012,M0159,2026-09-24,4.0,27.24,Overproduction
WST0000892,R016,M0078,2026-04-02,0.6,3.28,Customer Return
WST0000893,R018,M0128,2026-06-23,1.9,10.39,Spoilage
WST0000894,R001,M0067,2026-03-03,3.0,18.18,Spoilage
WST0000895,R010,M0029,2026-04-09,2.2,12.61,Overproduction
WST0000896,R006,M0113,2026-05-10,2.1,18.23,Overproduction
WST0000897,R012,M0119,2026-04-30,0.9,3.86,Preparation Waste
WST0000898,R016,M0019,2026-08-28,1.4,8.67,Quality Rejection
WST0000899,R005,M0048,2026-02-03,4.8,15.84,Expired Ingredients
WST0000900,R007,M0009,2025-09-13,14.8,125.95,Expired Ingredients
WST0000901,R003,M0100,2026-03-21,2.9,24.71,Overproduction
WST0000902,R001,M0081,2026-07-11,4.4,19.54,Spoilage
WST0000903,R010,M0048,2026-04-05,14.4,47.52,Spoilage
WST0000904,R005,M0068,2026-03-22,2.6,28.21,Spoilage
WST0000905,R019,M0022,2025-09-21,3.0,26.64,Expired Ingredients
WST0000906,R012,M0125,2026-07-24,3.3,18.08,Expired Ingredients
WST0000907,R020,M0048,2026-08-25,10.1,33.33,Spoilage
WST0000908,R007,M0159,2025-11-15,1.5,10.22,Quality Rejection
WST0000909,R006,M0099,2026-03-17,2.6,10.69,Quality Rejection
WST0000910,R015,M0098,2025-08-14,14.7,160.23,Spoilage
WST0000911,R020,M0022,2026-07-04,14.4,127.87,Spoilage
WST0000912,R011,M0111,2026-05-20,4.6,63.62,Preparation Waste
WST0000913,R019,M0053,2026-01-24,10.7,66.13,Overproduction
WST0000914,R004,M0097,2026-08-19,3.3,26.14,Spoilage
WST0000915,R020,M0094,2025-11-29,14.5,107.16,Expired Ingredients
WST0000916,R003,M0132,2025-12-31,11.7,35.57,Preparation Waste
WST0000917,R001,M0142,2026-02-14,14.2,173.38,Quality Rejection
WST0000918,R019,M0130,2026-05-27,10.0,120.4,Quality Rejection
WST0000919,R008,M0083,2025-12-18,1.9,23.84,Quality Rejection
WST0000920,R013,M0009,2026-08-09,7.7,65.53,Quality Rejection
WST0000921,R017,M0082,2026-05-13,6.7,44.82,Quality Rejection
WST0000922,R016,M0159,2025-10-10,4.1,27.92,Expired Ingredients
WST0000923,R019,M0100,2026-09-12,4.0,34.08,Preparation Waste
WST0000924,R004,M0157,2026-05-23,9.8,33.61,Overproduction
WST0000925,R002,M0128,2025-11-04,2.7,14.77,Quality Rejection
WST0000926,R001,M0155,2025-11-28,3.0,16.65,Spoilage
WST0000927,R019,M0146,2026-04-01,1.3,8.49,Customer Return
WST0000928,R013,M0082,2025-09-27,9.6,64.22,Overproduction
WST0000929,R014,M0154,2025-11-25,0.8,4.06,Quality Rejection
WST0000930,R019,M0134,2026-05-29,4.4,58.39,Quality Rejection
WST0000931,R009,M0081,2026-09-22,11.3,50.17,Quality Rejection
WST0000932,R004,M0022,2025-08-17,9.0,79.92,Spoilage
WST0000933,R019,M0095,2025-11-23,10.8,46.22,Customer Return
WST0000934,R020,M0148,2026-03-01,5.2,30.16,Quality Rejection
WST0000935,R006,M0060,2026-02-04,14.1,182.17,Preparation Waste
WST0000936,R010,M0130,2026-06-12,6.0,72.24,Customer Return
WST0000937,R003,M0004,2026-03-17,2.0,11.24,Expired Ingredients
WST0000938,R018,M0082,2025-12-26,14.7,98.34,Customer Return
WST0000939,R007,M0127,2026-05-06,8.0,102.32,Quality Rejection
WST0000940,R018,M0043,2025-12-01,2.1,6.36,Overproduction
WST0000941,R008,M0079,2025-08-15,0.8,2.7,Preparation Waste
WST0000942,R010,M0102,2025-08-17,9.5,83.12,Expired Ingredients
WST0000943,R008,M0096,2026-04-05,2.7,37.48,Preparation Waste
WST0000944,R013,M0090,2025-11-16,2.9,15.17,Expired Ingredients
WST0000945,R017,M0040,2026-03-07,3.3,44.78,Quality Rejection
WST0000946,R014,M0052,2026-05-13,4.9,36.41,Quality Rejection
WST0000947,R001,M0094,2026-05-24,9.4,69.47,Expired Ingredients
WST0000948,R018,M0138,2026-02-08,3.6,27.47,Expired Ingredients
WST0000949,R016,M0016,2026-03-26,7.5,21.9,Spoilage
WST0000950,R015,M0152,2025-09-04,5.6,25.98,Customer Return
WST0000951,R010,M0094,2025-10-01,11.6,85.72,Customer Return
WST0000952,R014,M0031,2026-01-04,1.6,9.42,Preparation Waste
WST0000953,R013,M0053,2026-05-24,7.6,46.97,Spoilage
WST0000954,R010,M0066,2025-11-12,1.4,9.18,Quality Rejection
WST0000955,R017,M0154,2026-02-08,2.2,11.18,Overproduction
WST0000956,R005,M0065,2025-12-13,3.7,49.69,Overproduction
WST0000957,R014,M0104,2025-10-25,9.6,58.37,Customer Return
WST0000958,R011,M0157,2025-12-05,9.9,33.96,Expired Ingredients
WST0000959,R017,M0042,2026-04-25,4.8,45.74,Overproduction
WST0000960,R004,M0142,2026-04-14,14.2,173.38,Customer Return
WST0000961,R012,M0134,2026-09-11,8.7,115.45,Expired Ingredients
WST0000962,R002,M0022,2025-09-23,14.4,127.87,Preparation Waste
WST0000963,R020,M0076,2026-02-06,4.2,38.98,Quality Rejection
WST0000964,R014,M0121,2026-08-03,12.4,63.98,Expired Ingredients
WST0000965,R005,M0127,2026-02-25,12.9,164.99,Expired Ingredients
WST0000966,R003,M0008,2026-02-03,2.1,16.65,Preparation Waste
WST0000967,R018,M0102,2026-01-01,4.4,38.5,Expired Ingredients
WST0000968,R001,M0048,2026-01-17,12.8,42.24,Expired Ingredients
WST0000969,R008,M0102,2026-09-21,3.8,33.25,Spoilage
WST0000970,R016,M0121,2026-08-14,14.1,72.76,Spoilage
WST0000971,R002,M0022,2026-09-18,3.8,33.74,Customer Return
WST0000972,R016,M0011,2025-08-12,1.8,10.49,Expired Ingredients
WST0000973,R020,M0001,2025-08-26,3.7,14.43,Expired Ingredients
WST0000974,R007,M0137,2025-10-07,10.7,60.24,Spoilage
WST0000975,R011,M0145,2026-01-13,0.7,8.76,Expired Ingredients
WST0000976,R010,M0141,2026-06-21,4.7,49.44,Customer Return
WST0000977,R006,M0095,2025-11-21,6.6,28.25,Spoilage
WST0000978,R001,M0132,2026-01-03,6.5,19.76,Overproduction
WST0000979,R014,M0151,2026-09-02,0.9,12.01,Expired Ingredients
WST0000980,R015,M0071,2026-03-05,0.9,10.66,Customer Return
WST0000981,R009,M0011,2026-08-02,3.9,22.74,Customer Return
WST0000982,R020,M0041,2026-06-07,3.0,26.46,Quality Rejection
WST0000983,R017,M0148,2026-06-25,5.0,29.0,Quality Rejection
WST0000984,R004,M0108,2026-08-10,2.8,37.49,Quality Rejection
WST0000985,R005,M0157,2026-04-15,5.4,18.52,Overproduction
WST0000986,R015,M0152,2026-02-22,3.3,15.31,Customer Return
WST0000987,R016,M0143,2026-08-11,4.3,14.53,Spoilage
WST0000988,R007,M0104,2025-08-15,11.0,66.88,Preparation Waste
WST0000989,R020,M0130,2025-09-28,12.6,151.7,Preparation Waste
WST0000990,R010,M0127,2026-04-10,9.0,115.11,Preparation Waste
WST0000991,R017,M0036,2025-09-27,1.5,4.36,Customer Return
WST0000992,R017,M0052,2026-07-16,10.8,80.24,Expired Ingredients
WST0000993,R002,M0095,2025-08-01,14.5,62.06,Preparation Waste
WST0000994,R005,M0095,2026-03-04,11.4,48.79,Spoilage
WST0000995,R001,M0155,2026-08-19,1.8,9.99,Spoilage
WST0000996,R016,M0074,2026-05-06,2.9,35.67,Quality Rejection
WST0000997,R010,M0081,2026-06-08,7.3,32.41,Preparation Waste
WST0000998,R020,M0102,2025-11-07,11.5,100.62,Expired Ingredients
WST0000999,R019,M0052,2025-10-05,9.0,66.87,Quality Rejection
WST0001000,R007,M0053,2025-12-20,6.0,37.08,Overproduction
WST0001001,R007,M0008,2026-03-25,0.7,5.55,Customer Return
WST0001002,R005,M0139,2025-12-23,3.9,40.79,Quality Rejection
WST0001003,R011,M0121,2026-07-13,9.8,50.57,Quality Rejection
WST0001004,R020,M0130,2025-11-16,13.1,157.72,Preparation Waste
WST0001005,R017,M0036,2026-04-14,2.3,6.69,Overproduction
WST0001006,R017,M0077,2026-07-25,4.5,31.77,Overproduction
WST0001007,R009,M0152,2025-12-26,12.7,58.93,Overproduction
WST0001008,R020,M0016,2026-09-19,4.6,13.43,Customer Return
WST0001009,R001,M0053,2025-12-24,5.8,35.84,Spoilage
WST0001010,R019,M0130,2025-08-02,4.3,51.77,Preparation Waste
WST0001011,R010,M0127,2026-06-18,6.0,76.74,Preparation Waste
WST0001012,R013,M0142,2025-12-23,13.2,161.17,Quality Rejection
WST0001013,R020,M0059,2026-03-19,12.3,170.23,Expired Ingredients
WST0001014,R015,M0112,2025-08-06,2.4,17.02,Overproduction
WST0001015,R002,M0115,2026-09-02,3.4,31.21,Quality Rejection
WST0001016,R005,M0082,2026-07-23,14.6,97.67,Overproduction
WST0001017,R016,M0045,2026-03-06,4.2,28.6,Quality Rejection
WST0001018,R007,M0094,2025-09-11,5.8,42.86,Overproduction
WST0001019,R006,M0062,2025-09-13,4.6,57.45,Customer Return
WST0001020,R005,M0127,2026-06-29,12.0,153.48,Overproduction
WST0001021,R013,M0142,2025-10-30,13.5,164.84,Overproduction
WST0001022,R014,M0155,2026-03-19,3.6,19.98,Preparation Waste
WST0001023,R007,M0052,2025-09-03,5.7,42.35,Spoilage
WST0001024,R004,M0128,2026-08-19,3.9,21.33,Expired Ingredients
WST0001025,R018,M0065,2026-06-04,4.4,59.09,Spoilage
WST0001026,R006,M0157,2025-10-26,11.8,40.47,Spoilage
WST0001027,R001,M0059,2026-05-27,13.2,182.69,Customer Return
WST0001028,R008,M0135,2026-08-01,0.8,6.57,Quality Rejection
WST0001029,R003,M0137,2026-06-25,8.3,46.73,Quality Rejection
WST0001030,R012,M0048,2025-10-21,9.0,29.7,Quality Rejection
WST0001031,R006,M0098,2026-06-29,8.9,97.01,Preparation Waste
WST0001032,R011,M0001,2026-03-18,3.4,13.26,Quality Rejection
WST0001033,R019,M0125,2026-03-07,3.7,20.28,Quality Rejection
WST0001034,R005,M0102,2026-07-23,10.7,93.62,Quality Rejection
WST0001035,R014,M0081,2026-06-28,10.5,46.62,Customer Return
WST0001036,R016,M0001,2026-03-20,3.3,12.87,Overproduction
WST0001037,R007,M0104,2025-09-21,14.9,90.59,Spoilage
WST0001038,R020,M0134,2026-02-05,11.6,153.93,Quality Rejection
WST0001039,R006,M0043,2026-08-03,4.5,13.64,Quality Rejection
WST0001040,R003,M0060,2025-09-14,13.0,167.96,Quality Rejection
WST0001041,R012,M0132,2026-05-25,12.0,36.48,Overproduction
WST0001042,R013,M0048,2025-09-14,5.5,18.15,Preparation Waste
WST0001043,R017,M0098,2026-08-11,4.1,44.69,Quality Rejection
WST0001044,R017,M0001,2026-01-24,2.6,10.14,Spoilage
WST0001045,R013,M0059,2025-09-07,11.7,161.93,Expired Ingredients
WST0001046,R017,M0046,2026-02-09,4.6,45.49,Spoilage
WST0001047,R004,M0107,2026-09-02,4.8,25.92,Overproduction
WST0001048,R004,M0121,2026-06-01,11.0,56.76,Preparation Waste
WST0001049,R019,M0083,2026-02-18,1.9,23.84,Overproduction
WST0001050,R002,M0104,2026-01-03,10.6,64.45,Preparation Waste
WST0001051,R005,M0082,2026-01-22,8.3,55.53,Spoilage
WST0001052,R001,M0102,2026-01-07,11.8,103.25,Preparation Waste
WST0001053,R015,M0078,2025-11-26,3.4,18.6,Preparation Waste
WST0001054,R019,M0082,2025-12-19,4.1,27.43,Customer Return
WST0001055,R008,M0134,2026-01-10,6.3,83.6,Customer Return
WST0001056,R007,M0110,2026-08-14,3.8,36.02,Quality Rejection
WST0001057,R007,M0019,2025-09-09,2.9,17.95,Overproduction
WST0001058,R002,M0157,2026-05-19,3.4,11.66,Spoilage
WST0001059,R009,M0138,2026-07-19,1.1,8.39,Preparation Waste
WST0001060,R012,M0112,2026-08-17,1.9,13.47,Preparation Waste
WST0001061,R011,M0087,2026-03-04,1.3,6.41,Expired Ingredients
WST0001062,R018,M0111,2025-11-18,4.4,60.85,Overproduction
WST0001063,R004,M0053,2026-01-21,13.7,84.67,Customer Return
WST0001064,R017,M0052,2025-10-16,9.1,67.61,Quality Rejection
WST0001065,R006,M0006,2026-06-30,1.5,16.32,Customer Return
WST0001066,R018,M0052,2026-03-03,12.7,94.36,Overproduction
WST0001067,R018,M0130,2026-04-02,9.1,109.56,Spoilage
WST0001068,R010,M0086,2026-08-31,3.7,28.31,Customer Return
WST0001069,R014,M0082,2026-03-21,4.3,28.77,Expired Ingredients
WST0001070,R010,M0142,2026-06-21,12.1,147.74,Spoilage
WST0001071,R004,M0137,2026-09-24,5.0,28.15,Spoilage
WST0001072,R006,M0059,2026-08-23,8.4,116.26,Quality Rejection
WST0001073,R018,M0016,2025-09-20,5.2,15.18,Customer Return
WST0001074,R012,M0132,2026-03-20,6.7,20.37,Expired Ingredients
WST0001075,R001,M0022,2025-09-12,12.1,107.45,Preparation Waste
WST0001076,R003,M0132,2026-03-16,14.0,42.56,Preparation Waste
WST0001077,R011,M0058,2025-08-19,1.6,5.5,Quality Rejection
WST0001078,R018,M0121,2026-03-04,3.4,17.54,Overproduction
WST0001079,R018,M0148,2026-06-25,10.6,61.48,Expired Ingredients
WST0001080,R019,M0105,2025-12-02,4.2,27.01,Preparation Waste
WST0001081,R008,M0142,2026-07-03,9.6,117.22,Customer Return
WST0001082,R008,M0127,2026-05-23,6.8,86.97,Spoilage
WST0001083,R011,M0107,2026-09-23,2.9,15.66,Expired Ingredients
WST0001084,R005,M0141,2026-06-12,3.7,38.92,Overproduction
WST0001085,R005,M0135,2025-10-20,2.3,18.88,Quality Rejection
WST0001086,R015,M0121,2026-02-20,3.1,16.0,Quality Rejection
WST0001087,R012,M0053,2026-06-21,9.5,58.71,Overproduction
WST0001088,R010,M0142,2026-09-09,3.2,39.07,Overproduction
WST0001089,R007,M0048,2026-07-08,13.3,43.89,Quality Rejection
WST0001090,R015,M0009,2026-09-01,10.9,92.76,Spoilage
WST0001091,R015,M0072,2025-12-07,3.2,17.09,Customer Return
WST0001092,R002,M0102,2025-11-28,7.8,68.25,Spoilage
WST0001093,R001,M0127,2025-08-03,12.8,163.71,Spoilage
WST0001094,R003,M0137,2025-08-02,7.5,42.22,Overproduction
WST0001095,R015,M0053,2026-08-09,11.3,69.83,Spoilage
WST0001096,R016,M0052,2026-04-09,14.3,106.25,Quality Rejection
WST0001097,R012,M0129,2025-08-07,4.6,12.47,Expired Ingredients
WST0001098,R019,M0152,2025-10-01,11.6,53.82,Expired Ingredients
WST0001099,R004,M0098,2026-02-28,14.0,152.6,Overproduction
WST0001100,R006,M0134,2025-09-30,8.2,108.81,Spoilage
WST0001101,R005,M0019,2025-08-13,2.2,13.62,Overproduction
WST0001102,R013,M0156,2025-12-14,3.3,29.14,Quality Rejection
WST0001103,R010,M0082,2026-03-21,9.3,62.22,Expired Ingredients
WST0001104,R003,M0056,2026-06-04,3.1,27.34,Preparation Waste
WST0001105,R004,M0067,2026-04-22,1.8,10.91,Overproduction
WST0001106,R009,M0052,2025-12-06,3.3,24.52,Preparation Waste
WST0001107,R007,M0157,2025-12-24,4.7,16.12,Preparation Waste
WST0001108,R011,M0095,2026-05-25,5.6,23.97,Spoilage
WST0001109,R001,M0080,2026-05-07,1.5,9.72,Customer Return
WST0001110,R002,M0022,2026-01-16,4.9,43.51,Customer Return
WST0001111,R015,M0007,2025-09-27,4.4,27.76,Customer Return
WST0001112,R009,M0053,2026-05-20,8.4,51.91,Expired Ingredients
WST0001113,R020,M0030,2026-03-21,2.1,14.2,Spoilage
WST0001114,R016,M0003,2025-12-18,2.8,26.26,Quality Rejection
WST0001115,R018,M0048,2026-08-27,14.8,48.84,Preparation Waste
WST0001116,R003,M0055,2026-04-15,3.6,36.83,Expired Ingredients
WST0001117,R017,M0096,2025-08-03,1.8,24.98,Preparation Waste
WST0001118,R018,M0055,2025-09-06,0.7,7.16,Preparation Waste
WST0001119,R007,M0123,2026-07-31,0.7,7.13,Overproduction
WST0001120,R019,M0030,2026-04-03,3.1,20.96,Expired Ingredients
WST0001121,R007,M0142,2026-01-23,9.3,113.55,Overproduction
WST0001122,R020,M0150,2025-10-01,1.6,20.18,Expired Ingredients
WST0001123,R015,M0146,2026-03-14,3.2,20.9,Preparation Waste
WST0001124,R012,M0048,2026-03-07,7.8,25.74,Spoilage
WST0001125,R015,M0081,2025-08-30,7.9,35.08,Quality Rejection
WST0001126,R004,M0024,2026-09-17,1.5,5.2,Customer Return
WST0001127,R006,M0053,2026-01-11,7.2,44.5,Expired Ingredients
WST0001128,R011,M0059,2025-12-08,6.4,88.58,Expired Ingredients
WST0001129,R001,M0102,2026-06-09,8.2,71.75,Overproduction
WST0001130,R008,M0039,2026-04-30,4.8,40.51,Spoilage
WST0001131,R001,M0008,2026-04-13,0.5,3.96,Quality Rejection
WST0001132,R005,M0056,2026-04-10,3.0,26.46,Quality Rejection
WST0001133,R016,M0130,2026-01-25,12.6,151.7,Quality Rejection
WST0001134,R011,M0128,2025-09-23,2.5,13.68,Quality Rejection
WST0001135,R012,M0127,2026-06-02,7.2,92.09,Customer Return
WST0001136,R007,M0058,2026-04-11,4.1,14.1,Preparation Waste
WST0001137,R010,M0005,2025-09-23,1.9,6.38,Spoilage
WST0001138,R015,M0048,2026-08-20,4.1,13.53,Expired Ingredients
WST0001139,R008,M0047,2026-04-11,1.7,13.21,Preparation Waste
WST0001140,R017,M0137,2025-11-30,12.4,69.81,Customer Return
WST0001141,R003,M0062,2026-08-01,3.0,37.47,Overproduction
WST0001142,R001,M0142,2026-03-31,3.8,46.4,Quality Rejection
WST0001143,R014,M0148,2026-06-18,11.0,63.8,Spoilage
WST0001144,R016,M0109,2025-10-10,1.7,22.47,Customer Return
WST0001145,R018,M0049,2025-11-05,1.5,18.33,Expired Ingredients
WST0001146,R009,M0153,2026-09-21,0.8,11.15,Expired Ingredients
WST0001147,R006,M0059,2026-01-13,9.0,124.56,Expired Ingredients
WST0001148,R015,M0104,2026-05-11,7.2,43.78,Quality Rejection
WST0001149,R020,M0017,2025-09-29,1.2,5.0,Preparation Waste
WST0001150,R008,M0098,2026-09-22,7.9,86.11,Expired Ingredients
WST0001151,R013,M0150,2025-12-29,4.4,55.48,Overproduction
WST0001152,R013,M0130,2026-07-31,11.5,138.46,Overproduction
WST0001153,R016,M0101,2026-04-20,3.9,30.5,Spoilage
WST0001154,R001,M0055,2026-05-19,4.6,47.06,Overproduction
WST0001155,R012,M0127,2026-08-21,14.5,185.46,Expired Ingredients
WST0001156,R008,M0132,2025-09-26,4.9,14.9,Quality Rejection
WST0001157,R010,M0120,2026-02-20,1.7,12.24,Expired Ingredients
WST0001158,R010,M0024,2025-12-23,3.0,10.41,Preparation Waste
WST0001159,R005,M0094,2025-08-08,8.7,64.29,Expired Ingredients
WST0001160,R014,M0067,2025-10-30,4.7,28.48,Expired Ingredients
WST0001161,R019,M0035,2025-10-15,4.0,42.28,Overproduction
WST0001162,R013,M0121,2026-06-25,15.0,77.4,Customer Return
WST0001163,R009,M0032,2026-08-25,2.3,24.15,Quality Rejection
WST0001164,R019,M0053,2026-04-07,9.5,58.71,Overproduction
WST0001165,R005,M0137,2026-01-15,4.3,24.21,Overproduction
WST0001166,R001,M0048,2026-01-31,3.8,12.54,Customer Return
WST0001167,R008,M0114,2026-01-11,0.6,4.62,Overproduction
WST0001168,R007,M0137,2026-05-04,6.3,35.47,Spoilage
WST0001169,R019,M0104,2025-11-19,5.4,32.83,Spoilage
WST0001170,R012,M0053,2025-08-11,3.8,23.48,Spoilage
WST0001171,R006,M0098,2026-04-16,6.7,73.03,Spoilage
WST0001172,R015,M0058,2026-06-07,2.4,8.26,Preparation Waste
WST0001173,R007,M0046,2025-12-14,4.5,44.5,Customer Return
WST0001174,R004,M0082,2025-08-09,11.0,73.59,Overproduction
WST0001175,R012,M0130,2025-08-30,7.0,84.28,Spoilage
WST0001176,R012,M0009,2026-02-18,10.4,88.5,Quality Rejection
WST0001177,R005,M0121,2026-07-28,11.2,57.79,Overproduction
WST0001178,R012,M0095,2025-10-03,12.3,52.64,Expired Ingredients
WST0001179,R011,M0121,2025-10-04,12.5,64.5,Spoilage
WST0001180,R019,M0059,2026-06-19,11.9,164.7,Expired Ingredients
WST0001181,R008,M0008,2026-07-10,4.1,32.51,Expired Ingredients
WST0001182,R002,M0104,2025-11-19,5.1,31.01,Preparation Waste
WST0001183,R005,M0082,2025-10-17,14.7,98.34,Overproduction
WST0001184,R001,M0132,2025-10-30,6.9,20.98,Spoilage
WST0001185,R010,M0151,2025-08-12,3.1,41.35,Overproduction
WST0001186,R008,M0119,2026-07-12,1.4,6.01,Overproduction
WST0001187,R014,M0022,2026-05-04,12.7,112.78,Expired Ingredients
WST0001188,R007,M0104,2025-09-07,6.6,40.13,Expired Ingredients
WST0001189,R009,M0138,2026-04-08,2.0,15.26,Customer Return
WST0001190,R018,M0048,2026-04-02,11.2,36.96,Customer Return
WST0001191,R003,M0157,2026-02-23,10.4,35.67,Quality Rejection
WST0001192,R020,M0102,2026-05-02,12.8,112.0,Overproduction
WST0001193,R005,M0012,2025-11-20,3.4,15.81,Overproduction
WST0001194,R011,M0121,2025-12-21,12.8,66.05,Preparation Waste
WST0001195,R019,M0148,2026-02-25,8.2,47.56,Preparation Waste
WST0001196,R005,M0053,2026-09-15,9.7,59.95,Expired Ingredients
WST0001197,R017,M0134,2025-11-04,12.2,161.89,Spoilage
WST0001198,R014,M0123,2026-05-25,0.7,7.13,Overproduction
WST0001199,R018,M0082,2026-03-13,12.2,81.62,Quality Rejection
WST0001200,R015,M0127,2025-11-14,10.1,129.18,Spoilage
WST0001201,R019,M0142,2025-11-07,9.3,113.55,Customer Return
WST0001202,R008,M0094,2026-02-10,5.7,42.12,Preparation Waste
WST0001203,R002,M0022,2026-01-11,9.0,79.92,Overproduction
WST0001204,R020,M0095,2026-05-07,6.0,25.68,Quality Rejection
WST0001205,R017,M0137,2026-04-05,5.2,29.28,Overproduction
WST0001206,R001,M0160,2025-10-15,0.9,8.24,Overproduction
WST0001207,R012,M0139,2026-01-09,4.5,47.07,Overproduction
WST0001208,R016,M0063,2026-07-16,2.6,22.28,Spoilage
WST0001209,R006,M0028,2026-05-06,3.4,33.18,Customer Return
WST0001210,R004,M0072,2026-07-09,1.1,5.87,Spoilage
WST0001211,R005,M0037,2025-09-13,4.1,49.04,Customer Return
WST0001212,R009,M0104,2025-11-30,5.6,34.05,Spoilage
WST0001213,R012,M0043,2025-08-03,4.8,14.54,Preparation Waste
WST0001214,R007,M0059,2026-07-25,4.7,65.05,Spoilage
WST0001215,R018,M0048,2026-08-03,5.3,17.49,Expired Ingredients
WST0001216,R017,M0053,2025-10-11,5.5,33.99,Quality Rejection
WST0001217,R001,M0130,2025-12-25,6.1,73.44,Customer Return
WST0001218,R001,M0022,2025-09-01,11.8,104.78,Spoilage
WST0001219,R012,M0155,2025-10-04,2.3,12.76,Quality Rejection
WST0001220,R005,M0081,2026-04-23,12.1,53.72,Preparation Waste
WST0001221,R014,M0122,2025-09-17,2.5,13.1,Quality Rejection
WST0001222,R008,M0060,2026-03-07,7.6,98.19,Spoilage
WST0001223,R008,M0111,2026-04-01,3.8,52.55,Spoilage
WST0001224,R011,M0018,2025-09-21,2.0,21.74,Quality Rejection
WST0001225,R019,M0148,2026-06-05,12.2,70.76,Spoilage
WST0001226,R006,M0122,2026-03-29,4.6,24.1,Customer Return
WST0001227,R008,M0098,2026-01-25,11.1,120.99,Preparation Waste
WST0001228,R001,M0098,2026-06-30,5.9,64.31,Quality Rejection
WST0001229,R007,M0142,2025-08-04,14.3,174.6,Preparation Waste
WST0001230,R014,M0098,2026-03-03,10.4,113.36,Spoilage
WST0001231,R011,M0013,2026-09-09,4.1,20.99,Quality Rejection
WST0001232,R009,M0134,2026-07-11,11.2,148.62,Customer Return
WST0001233,R009,M0059,2026-05-15,11.9,164.7,Overproduction
WST0001234,R017,M0122,2026-03-10,3.5,18.34,Overproduction
WST0001235,R015,M0130,2025-08-10,7.4,89.1,Overproduction
WST0001236,R009,M0059,2026-03-21,8.3,114.87,Overproduction
WST0001237,R017,M0020,2025-10-20,2.9,14.79,Customer Return
WST0001238,R004,M0059,2026-08-03,14.1,195.14,Customer Return
WST0001239,R006,M0137,2025-09-05,13.9,78.26,Overproduction
WST0001240,R003,M0105,2026-07-07,1.3,8.36,Customer Return
WST0001241,R020,M0149,2025-11-17,1.7,11.76,Expired Ingredients
WST0001242,R012,M0101,2025-08-23,2.1,16.42,Overproduction
WST0001243,R015,M0049,2025-10-05,2.7,32.99,Preparation Waste
WST0001244,R013,M0003,2026-08-01,2.3,21.57,Customer Return
WST0001245,R017,M0137,2026-07-11,3.9,21.96,Quality Rejection
WST0001246,R004,M0066,2025-08-11,3.8,24.93,Preparation Waste
WST0001247,R011,M0052,2025-12-12,14.3,106.25,Overproduction
WST0001248,R007,M0009,2026-03-16,13.8,117.44,Expired Ingredients
WST0001249,R004,M0121,2026-04-28,11.9,61.4,Expired Ingredients
WST0001250,R008,M0048,2026-05-07,10.3,33.99,Preparation Waste
WST0001251,R011,M0065,2026-01-27,3.1,41.63,Quality Rejection
WST0001252,R003,M0052,2025-08-15,4.6,34.18,Preparation Waste
WST0001253,R003,M0137,2025-09-01,8.2,46.17,Spoilage
WST0001254,R016,M0005,2025-09-24,2.7,9.07,Expired Ingredients
WST0001255,R008,M0104,2025-11-22,14.6,88.77,Quality Rejection
WST0001256,R003,M0039,2026-03-27,1.4,11.82,Preparation Waste
WST0001257,R020,M0053,2025-08-25,8.9,55.0,Overproduction
WST0001258,R004,M0157,2026-02-04,9.9,33.96,Overproduction
WST0001259,R015,M0009,2026-06-10,5.3,45.1,Customer Return
WST0001260,R006,M0048,2026-01-31,15.0,49.5,Preparation Waste
WST0001261,R014,M0023,2026-03-25,0.5,3.2,Expired Ingredients
WST0001262,R017,M0155,2026-02-25,0.9,5.0,Quality Rejection
WST0001263,R019,M0009,2026-02-24,6.5,55.32,Customer Return
WST0001264,R012,M0098,2026-04-03,6.4,69.76,Quality Rejection
WST0001265,R006,M0062,2025-11-30,5.4,67.45,Customer Return
WST0001266,R020,M0078,2025-09-01,2.3,12.58,Expired Ingredients
WST0001267,R003,M0045,2025-12-05,2.4,16.34,Preparation Waste
WST0001268,R010,M0121,2026-08-27,15.0,77.4,Quality Rejection
WST0001269,R010,M0018,2025-10-08,5.0,54.35,Quality Rejection
WST0001270,R014,M0012,2025-09-04,3.6,16.74,Customer Return
WST0001271,R006,M0119,2026-02-04,4.5,19.3,Quality Rejection
WST0001272,R003,M0109,2025-09-04,4.8,63.46,Preparation Waste
WST0001273,R013,M0104,2026-03-13,9.6,58.37,Quality Rejection
WST0001274,R006,M0044,2025-12-02,3.9,30.97,Overproduction
WST0001275,R008,M0063,2026-07-16,1.2,10.28,Overproduction
WST0001276,R020,M0134,2026-03-02,8.3,110.14,Spoilage
WST0001277,R014,M0132,2026-04-26,6.4,19.46,Preparation Waste
WST0001278,R015,M0086,2026-06-19,2.2,16.83,Expired Ingredients
WST0001279,R007,M0082,2026-09-12,6.3,42.15,Customer Return
WST0001280,R017,M0065,2025-12-01,0.7,9.4,Customer Return
WST0001281,R010,M0062,2026-02-12,4.8,59.95,Quality Rejection
WST0001282,R010,M0142,2025-08-24,5.1,62.27,Expired Ingredients
WST0001283,R005,M0030,2026-01-11,4.3,29.07,Spoilage
WST0001284,R003,M0136,2026-09-11,1.8,14.76,Quality Rejection
WST0001285,R014,M0106,2025-08-19,1.5,6.33,Preparation Waste
WST0001286,R008,M0117,2025-08-17,4.1,20.13,Quality Rejection
WST0001287,R007,M0102,2026-02-01,3.9,34.12,Overproduction
WST0001288,R011,M0154,2026-01-22,2.0,10.16,Expired Ingredients
WST0001289,R010,M0137,2026-09-04,12.4,69.81,Spoilage
WST0001290,R014,M0124,2025-11-27,3.7,10.4,Customer Return
WST0001291,R002,M0037,2026-09-22,3.8,45.45,Quality Rejection
WST0001292,R013,M0035,2026-06-07,2.0,21.14,Customer Return
WST0001293,R013,M0148,2026-06-20,6.2,35.96,Overproduction
WST0001294,R018,M0104,2026-02-08,3.8,23.1,Preparation Waste
WST0001295,R011,M0062,2025-11-19,9.8,122.4,Expired Ingredients
WST0001296,R004,M0153,2025-09-04,4.5,62.73,Quality Rejection
WST0001297,R009,M0098,2025-11-20,14.2,154.78,Overproduction
WST0001298,R019,M0131,2025-09-29,3.5,32.94,Customer Return
WST0001299,R001,M0135,2026-08-01,3.3,27.09,Customer Return
WST0001300,R012,M0143,2026-06-26,3.4,11.49,Quality Rejection
WST0001301,R003,M0118,2025-09-30,2.0,6.52,Spoilage
WST0001302,R019,M0145,2026-04-30,1.1,13.76,Quality Rejection
WST0001303,R008,M0024,2026-05-08,0.6,2.08,Expired Ingredients
WST0001304,R009,M0137,2025-09-02,11.2,63.06,Overproduction
WST0001305,R016,M0095,2026-07-01,8.2,35.1,Quality Rejection
WST0001306,R010,M0130,2025-11-10,7.7,92.71,Preparation Waste
WST0001307,R010,M0022,2025-08-28,11.0,97.68,Spoilage
WST0001308,R020,M0082,2026-02-11,12.2,81.62,Quality Rejection
WST0001309,R011,M0137,2025-10-23,3.4,19.14,Customer Return
WST0001310,R004,M0102,2026-09-19,14.3,125.12,Spoilage
WST0001311,R020,M0016,2026-06-23,9.2,26.86,Spoilage
WST0001312,R006,M0158,2025-12-29,1.1,9.65,Quality Rejection
WST0001313,R005,M0102,2025-09-29,10.8,94.5,Customer Return
WST0001314,R013,M0019,2025-11-06,4.5,27.86,Customer Return
WST0001315,R020,M0082,2026-02-20,8.6,57.53,Expired Ingredients
WST0001316,R001,M0125,2026-03-13,1.9,10.41,Quality Rejection
WST0001317,R005,M0032,2025-12-12,4.3,45.15,Spoilage
WST0001318,R019,M0123,2025-12-19,2.2,22.4,Expired Ingredients
WST0001319,R009,M0069,2026-02-08,3.3,22.54,Customer Return
WST0001320,R008,M0102,2026-01-08,3.9,34.12,Customer Return
WST0001321,R012,M0003,2026-04-13,0.6,5.63,Overproduction
WST0001322,R003,M0104,2026-07-19,3.4,20.67,Overproduction
WST0001323,R003,M0004,2025-08-30,4.9,27.54,Overproduction
WST0001324,R005,M0111,2025-09-24,1.4,19.36,Overproduction
WST0001325,R011,M0047,2026-05-12,2.9,22.53,Preparation Waste
WST0001326,R018,M0095,2025-08-23,14.0,59.92,Overproduction
WST0001327,R004,M0082,2025-12-05,10.4,69.58,Customer Return
WST0001328,R014,M0081,2025-09-04,9.5,42.18,Customer Return
WST0001329,R012,M0033,2025-07-31,0.6,7.55,Quality Rejection
WST0001330,R009,M0016,2025-09-06,12.6,36.79,Expired Ingredients
WST0001331,R006,M0052,2025-09-05,3.9,28.98,Customer Return
WST0001332,R011,M0134,2026-05-20,4.8,63.7,Quality Rejection
WST0001333,R019,M0042,2026-04-27,4.4,41.93,Customer Return
WST0001334,R006,M0055,2026-03-22,2.2,22.51,Spoilage
WST0001335,R018,M0132,2026-08-09,8.2,24.93,Preparation Waste
WST0001336,R009,M0149,2025-10-28,2.9,20.07,Spoilage
WST0001337,R002,M0072,2025-12-01,1.9,10.15,Expired Ingredients
WST0001338,R013,M0059,2025-11-21,8.4,116.26,Quality Rejection
WST0001339,R017,M0015,2025-08-06,1.6,10.69,Overproduction
WST0001340,R016,M0059,2025-10-26,11.0,152.24,Quality Rejection
WST0001341,R007,M0082,2025-10-22,13.0,86.97,Quality Rejection
WST0001342,R008,M0062,2025-08-04,7.9,98.67,Overproduction
WST0001343,R009,M0052,2025-10-05,3.6,26.75,Quality Rejection
WST0001344,R008,M0104,2026-01-02,11.3,68.7,Quality Rejection
WST0001345,R011,M0120,2025-08-22,0.5,3.6,Customer Return
WST0001346,R007,M0062,2026-09-13,9.4,117.41,Spoilage
WST0001347,R013,M0158,2026-04-14,4.6,40.34,Quality Rejection
WST0001348,R017,M0074,2026-03-20,4.8,59.04,Spoilage
WST0001349,R006,M0007,2026-06-21,0.9,5.68,Quality Rejection
WST0001350,R020,M0047,2026-05-30,4.0,31.08,Overproduction
WST0001351,R018,M0148,2025-10-28,11.0,63.8,Quality Rejection
WST0001352,R004,M0130,2026-07-28,7.4,89.1,Customer Return
WST0001353,R003,M0006,2026-09-08,2.5,27.2,Spoilage
WST0001354,R017,M0092,2025-08-23,2.9,20.53,Preparation Waste
WST0001355,R014,M0054,2025-08-08,4.8,64.46,Expired Ingredients
WST0001356,R003,M0047,2026-08-31,1.0,7.77,Preparation Waste
WST0001357,R010,M0129,2026-08-04,4.7,12.74,Preparation Waste
WST0001358,R012,M0037,2026-03-22,4.4,52.62,Customer Return
WST0001359,R020,M0137,2026-06-12,7.5,42.22,Expired Ingredients
WST0001360,R008,M0148,2026-01-16,10.9,63.22,Quality Rejection
WST0001361,R017,M0121,2025-11-04,14.8,76.37,Quality Rejection
WST0001362,R006,M0150,2025-12-26,2.4,30.26,Spoilage
WST0001363,R010,M0102,2025-12-14,13.0,113.75,Expired Ingredients
WST0001364,R003,M0148,2025-11-03,8.6,49.88,Quality Rejection
WST0001365,R008,M0062,2026-08-20,8.0,99.92,Preparation Waste
WST0001366,R015,M0105,2026-03-01,1.4,9.0,Quality Rejection
WST0001367,R016,M0052,2026-06-27,5.2,38.64,Overproduction
WST0001368,R006,M0157,2026-01-16,9.8,33.61,Quality Rejection
WST0001369,R012,M0068,2025-09-29,4.6,49.91,Preparation Waste
WST0001370,R017,M0062,2026-04-22,13.0,162.37,Overproduction
WST0001371,R002,M0152,2026-04-29,10.5,48.72,Preparation Waste
WST0001372,R002,M0050,2026-03-18,0.9,11.33,Customer Return
WST0001373,R014,M0116,2026-06-18,4.2,30.53,Customer Return
WST0001374,R004,M0089,2026-01-19,1.4,8.06,Overproduction
WST0001375,R017,M0062,2026-07-09,6.1,76.19,Overproduction
WST0001376,R017,M0082,2025-12-17,7.3,48.84,Quality Rejection
WST0001377,R016,M0052,2025-11-27,12.8,95.1,Preparation Waste
WST0001378,R008,M0022,2026-03-01,3.4,30.19,Overproduction
WST0001379,R013,M0094,2025-11-01,4.9,36.21,Quality Rejection
WST0001380,R006,M0137,2026-08-27,11.7,65.87,Customer Return
WST0001381,R017,M0020,2026-06-01,2.3,11.73,Expired Ingredients
WST0001382,R019,M0065,2026-07-16,0.6,8.06,Preparation Waste
WST0001383,R007,M0077,2026-06-10,1.3,9.18,Expired Ingredients
WST0001384,R012,M0052,2026-08-30,4.4,32.69,Quality Rejection
WST0001385,R005,M0094,2026-09-02,7.2,53.21,Expired Ingredients
WST0001386,R011,M0052,2026-07-01,9.0,66.87,Spoilage
WST0001387,R015,M0107,2025-10-24,3.8,20.52,Customer Return
WST0001388,R007,M0104,2025-11-11,10.5,63.84,Overproduction
WST0001389,R007,M0152,2026-04-18,11.4,52.9,Preparation Waste
WST0001390,R017,M0004,2026-06-26,2.5,14.05,Expired Ingredients
WST0001391,R008,M0095,2026-08-05,14.4,61.63,Expired Ingredients
WST0001392,R004,M0048,2026-06-19,13.5,44.55,Preparation Waste
WST0001393,R018,M0145,2026-07-25,1.2,15.01,Expired Ingredients
WST0001394,R008,M0137,2026-09-09,14.4,81.07,Quality Rejection
WST0001395,R010,M0101,2025-12-26,1.3,10.17,Spoilage
WST0001396,R010,M0007,2026-09-19,4.1,25.87,Expired Ingredients
WST0001397,R017,M0047,2026-09-22,1.3,10.1,Preparation Waste
WST0001398,R014,M0142,2025-10-20,8.2,100.12,Customer Return
WST0001399,R011,M0131,2026-08-29,2.2,20.7,Overproduction
WST0001400,R009,M0127,2026-09-11,4.0,51.16,Preparation Waste
WST0001401,R018,M0094,2025-09-21,10.8,79.81,Overproduction
WST0001402,R010,M0148,2025-07-31,13.7,79.46,Preparation Waste
WST0001403,R004,M0150,2025-08-14,1.6,20.18,Customer Return
WST0001404,R007,M0147,2025-11-05,0.6,6.8,Preparation Waste
WST0001405,R011,M0069,2026-04-22,3.1,21.17,Overproduction
WST0001406,R001,M0018,2025-08-27,3.3,35.87,Customer Return
WST0001407,R009,M0016,2025-11-19,9.5,27.74,Overproduction
WST0001408,R005,M0022,2025-09-25,13.6,120.77,Quality Rejection
WST0001409,R003,M0016,2025-08-25,11.7,34.16,Spoilage
WST0001410,R013,M0053,2026-09-23,6.3,38.93,Expired Ingredients
WST0001411,R016,M0053,2025-09-26,10.9,67.36,Overproduction
WST0001412,R006,M0001,2025-11-09,0.6,2.34,Overproduction
WST0001413,R010,M0147,2026-04-18,4.7,53.3,Overproduction
WST0001414,R005,M0048,2025-12-26,7.0,23.1,Spoilage
WST0001415,R017,M0121,2026-05-24,8.2,42.31,Preparation Waste
WST0001416,R013,M0126,2026-02-03,2.2,16.54,Overproduction
WST0001417,R015,M0016,2026-09-12,9.0,26.28,Spoilage
WST0001418,R009,M0157,2026-02-17,8.9,30.53,Quality Rejection
WST0001419,R018,M0081,2025-10-10,9.6,42.62,Expired Ingredients
WST0001420,R004,M0137,2026-02-03,7.1,39.97,Overproduction
WST0001421,R005,M0060,2026-04-18,11.8,152.46,Preparation Waste
WST0001422,R011,M0130,2026-04-01,13.0,156.52,Customer Return
WST0001423,R017,M0026,2026-01-09,4.2,21.97,Quality Rejection
WST0001424,R018,M0044,2025-10-28,4.7,37.32,Quality Rejection
WST0001425,R020,M0015,2026-01-31,4.5,30.06,Preparation Waste
WST0001426,R017,M0059,2025-10-09,7.2,99.65,Overproduction
WST0001427,R017,M0068,2026-03-28,0.5,5.42,Overproduction
WST0001428,R002,M0094,2026-04-28,6.3,46.56,Expired Ingredients
WST0001429,R001,M0099,2026-01-06,2.3,9.45,Spoilage
WST0001430,R014,M0132,2026-02-23,6.3,19.15,Expired Ingredients
WST0001431,R002,M0062,2025-10-16,5.1,63.7,Preparation Waste
WST0001432,R020,M0117,2026-02-23,1.5,7.36,Spoilage
WST0001433,R011,M0104,2025-10-31,10.2,62.02,Preparation Waste
WST0001434,R016,M0121,2025-12-14,4.0,20.64,Customer Return
WST0001435,R012,M0009,2026-06-10,10.4,88.5,Spoilage
WST0001436,R010,M0048,2026-08-16,10.6,34.98,Overproduction
WST0001437,R012,M0157,2025-09-19,5.9,20.24,Spoilage
WST0001438,R006,M0020,2026-03-10,4.2,21.42,Quality Rejection
WST0001439,R010,M0135,2026-08-07,4.4,36.12,Customer Return
WST0001440,R018,M0098,2026-03-23,6.7,73.03,Overproduction
WST0001441,R007,M0075,2026-08-03,1.0,11.18,Customer Return
WST0001442,R005,M0053,2025-12-17,5.9,36.46,Overproduction
WST0001443,R008,M0132,2025-11-18,10.0,30.4,Spoilage
WST0001444,R005,M0010,2026-04-14,4.6,38.41,Preparation Waste
WST0001445,R014,M0004,2026-02-05,2.8,15.74,Expired Ingredients
WST0001446,R019,M0053,2025-11-12,14.0,86.52,Quality Rejection
WST0001447,R005,M0094,2026-04-12,6.1,45.08,Preparation Waste
WST0001448,R007,M0094,2025-09-30,10.8,79.81,Quality Rejection
WST0001449,R004,M0035,2026-08-19,4.7,49.68,Spoilage
WST0001450,R007,M0062,2025-10-29,5.8,72.44,Overproduction
WST0001451,R008,M0158,2025-09-26,0.9,7.89,Quality Rejection
WST0001452,R017,M0137,2025-12-21,14.1,79.38,Spoilage
WST0001453,R017,M0060,2026-05-17,14.8,191.22,Overproduction
WST0001454,R020,M0003,2026-01-13,4.8,45.02,Spoilage
WST0001455,R006,M0130,2026-06-30,12.2,146.89,Customer Return
WST0001456,R019,M0031,2026-08-02,1.9,11.19,Expired Ingredients
WST0001457,R011,M0082,2026-04-10,4.0,26.76,Spoilage
WST0001458,R013,M0142,2026-04-04,9.2,112.33,Overproduction
WST0001459,R018,M0081,2026-06-27,12.6,55.94,Quality Rejection
WST0001460,R011,M0160,2026-08-22,1.4,12.81,Customer Return
WST0001461,R007,M0052,2026-08-05,11.9,88.42,Customer Return
WST0001462,R010,M0095,2025-09-27,5.8,24.82,Quality Rejection
WST0001463,R015,M0057,2026-02-17,2.1,20.18,Overproduction
WST0001464,R011,M0060,2026-06-20,4.8,62.02,Quality Rejection
WST0001465,R012,M0048,2026-05-21,4.2,13.86,Spoilage
WST0001466,R003,M0137,2026-06-16,4.7,26.46,Customer Return
WST0001467,R018,M0152,2026-05-20,13.2,61.25,Spoilage
WST0001468,R004,M0060,2025-10-16,13.8,178.3,Overproduction
WST0001469,R012,M0081,2025-12-14,9.9,43.96,Preparation Waste
WST0001470,R012,M0008,2026-01-18,3.8,30.13,Preparation Waste
WST0001471,R018,M0078,2026-09-02,4.3,23.52,Overproduction
WST0001472,R011,M0070,2026-07-17,3.1,37.76,Quality Rejection
WST0001473,R002,M0127,2025-11-01,6.2,79.3,Overproduction
WST0001474,R015,M0009,2026-08-25,11.2,95.31,Preparation Waste
WST0001475,R019,M0117,2026-09-01,2.5,12.28,Quality Rejection
WST0001476,R003,M0039,2026-03-07,2.4,20.26,Customer Return
WST0001477,R018,M0098,2025-09-17,11.3,123.17,Quality Rejection
WST0001478,R014,M0088,2025-12-30,3.4,27.98,Preparation Waste
WST0001479,R006,M0125,2025-08-19,4.7,25.76,Quality Rejection
WST0001480,R020,M0151,2026-06-03,2.5,33.35,Expired Ingredients
WST0001481,R017,M0130,2026-04-26,7.0,84.28,Overproduction
WST0001482,R020,M0137,2025-10-19,8.8,49.54,Quality Rejection
WST0001483,R001,M0104,2025-12-27,12.2,74.18,Preparation Waste
WST0001484,R013,M0059,2026-07-31,6.6,91.34,Overproduction
WST0001485,R017,M0160,2026-09-14,4.2,38.43,Expired Ingredients
WST0001486,R019,M0157,2026-08-31,5.7,19.55,Quality Rejection
WST0001487,R007,M0152,2026-09-11,10.0,46.4,Expired Ingredients
WST0001488,R005,M0016,2026-01-04,12.3,35.92,Customer Return
WST0001489,R008,M0095,2026-07-20,4.2,17.98,Spoilage
WST0001490,R011,M0053,2026-01-28,14.3,88.37,Quality Rejection
WST0001491,R002,M0096,2026-05-12,2.2,30.54,Spoilage
WST0001492,R004,M0060,2026-07-26,8.0,103.36,Spoilage
WST0001493,R015,M0082,2025-11-21,10.6,70.91,Expired Ingredients
WST0001494,R018,M0100,2026-09-15,1.3,11.08,Expired Ingredients
WST0001495,R016,M0148,2025-11-07,11.1,64.38,Preparation Waste
WST0001496,R015,M0094,2025-10-05,10.7,79.07,Customer Return
WST0001497,R016,M0148,2026-04-16,4.8,27.84,Expired Ingredients
WST0001498,R004,M0104,2026-01-20,8.0,48.64,Expired Ingredients
WST0001499,R008,M0062,2025-11-28,8.3,103.67,Overproduction
WST0001500,R020,M0019,2026-06-06,1.3,8.05,Customer Return
WST0001501,R016,M0123,2025-10-04,4.1,41.74,Customer Return
WST0001502,R012,M0130,2026-03-17,3.3,39.73,Customer Return
WST0001503,R008,M0073,2025-09-22,2.0,19.22,Customer Return
WST0001504,R012,M0102,2025-10-31,14.8,129.5,Expired Ingredients
WST0001505,R017,M0094,2026-01-01,11.0,81.29,Customer Return
WST0001506,R010,M0121,2026-07-02,7.7,39.73,Expired Ingredients
WST0001507,R009,M0095,2025-08-01,4.9,20.97,Spoilage
WST0001508,R020,M0077,2026-02-21,4.5,31.77,Spoilage
WST0001509,R009,M0030,2025-09-30,4.7,31.77,Expired Ingredients
WST0001510,R001,M0127,2025-09-27,9.1,116.39,Spoilage
WST0001511,R007,M0149,2025-12-30,1.5,10.38,Spoilage
WST0001512,R020,M0044,2026-01-28,4.2,33.35,Preparation Waste
WST0001513,R013,M0127,2026-02-22,11.5,147.08,Spoilage
WST0001514,R003,M0152,2026-08-12,8.9,41.3,Expired Ingredients
WST0001515,R020,M0099,2025-08-21,4.2,17.26,Customer Return
WST0001516,R001,M0109,2026-01-14,4.1,54.2,Preparation Waste
WST0001517,R010,M0016,2026-06-20,9.8,28.62,Overproduction
WST0001518,R007,M0005,2025-11-07,1.2,4.03,Preparation Waste
WST0001519,R012,M0137,2025-09-28,4.0,22.52,Expired Ingredients
WST0001520,R006,M0104,2025-09-16,12.5,76.0,Preparation Waste
WST0001521,R001,M0082,2026-03-25,14.0,93.66,Preparation Waste
WST0001522,R014,M0016,2025-12-04,9.4,27.45,Customer Return
WST0001523,R014,M0030,2025-11-13,3.6,24.34,Preparation Waste
WST0001524,R003,M0026,2026-08-25,4.1,21.44,Expired Ingredients
WST0001525,R007,M0134,2025-10-07,12.2,161.89,Expired Ingredients
WST0001526,R019,M0139,2025-09-08,3.3,34.52,Customer Return
WST0001527,R015,M0059,2026-03-02,5.1,70.58,Preparation Waste
WST0001528,R006,M0129,2025-08-04,1.7,4.61,Expired Ingredients
WST0001529,R013,M0052,2026-05-11,7.1,52.75,Quality Rejection
WST0001530,R010,M0144,2026-06-13,1.1,12.75,Expired Ingredients
WST0001531,R002,M0022,2026-08-24,11.3,100.34,Preparation Waste
WST0001532,R005,M0062,2026-07-30,4.4,54.96,Overproduction
WST0001533,R015,M0101,2026-03-07,2.7,21.11,Expired Ingredients
WST0001534,R014,M0018,2026-02-17,1.8,19.57,Customer Return
WST0001535,R007,M0082,2026-01-12,10.9,72.92,Spoilage
WST0001536,R011,M0031,2026-01-16,1.2,7.07,Expired Ingredients
WST0001537,R002,M0062,2025-10-31,4.7,58.7,Quality Rejection
WST0001538,R020,M0082,2026-07-06,9.3,62.22,Customer Return
WST0001539,R004,M0009,2025-09-21,5.9,50.21,Spoilage
WST0001540,R019,M0134,2025-09-22,5.8,76.97,Preparation Waste
WST0001541,R006,M0134,2026-07-14,14.8,196.4,Customer Return
WST0001542,R014,M0117,2025-12-09,2.0,9.82,Spoilage
WST0001543,R013,M0060,2026-08-26,13.5,174.42,Overproduction
WST0001544,R014,M0053,2025-11-21,13.2,81.58,Preparation Waste
WST0001545,R002,M0009,2025-12-05,12.5,106.38,Spoilage
WST0001546,R018,M0081,2026-07-11,7.2,31.97,Customer Return
WST0001547,R003,M0134,2025-10-26,11.0,145.97,Preparation Waste
WST0001548,R014,M0013,2026-04-26,4.0,20.48,Quality Rejection
WST0001549,R014,M0058,2026-01-07,1.3,4.47,Overproduction
WST0001550,R006,M0132,2026-02-09,4.7,14.29,Overproduction
WST0001551,R007,M0148,2026-04-19,14.5,84.1,Overproduction
WST0001552,R016,M0068,2025-09-03,1.8,19.53,Customer Return
WST0001553,R019,M0130,2026-02-23,10.5,126.42,Spoilage
WST0001554,R003,M0121,2026-02-26,14.9,76.88,Spoilage
WST0001555,R002,M0127,2025-12-08,6.7,85.69,Customer Return
WST0001556,R020,M0077,2025-12-18,1.5,10.59,Overproduction
WST0001557,R001,M0152,2025-10-15,7.2,33.41,Spoilage
WST0001558,R002,M0132,2026-09-09,5.1,15.5,Preparation Waste
WST0001559,R003,M0152,2025-08-26,11.5,53.36,Expired Ingredients
WST0001560,R009,M0052,2026-06-16,5.4,40.12,Expired Ingredients
WST0001561,R002,M0127,2026-05-26,5.7,72.9,Preparation Waste
WST0001562,R004,M0152,2026-02-27,9.8,45.47,Customer Return
WST0001563,R018,M0057,2025-10-16,1.8,17.3,Expired Ingredients
WST0001564,R015,M0152,2026-08-03,4.3,19.95,Quality Rejection
WST0001565,R006,M0006,2025-10-20,4.3,46.78,Preparation Waste
WST0001566,R015,M0033,2026-01-18,4.7,59.17,Quality Rejection
WST0001567,R008,M0094,2026-06-07,13.5,99.76,Quality Rejection
WST0001568,R015,M0052,2026-04-16,5.2,38.64,Preparation Waste
WST0001569,R015,M0130,2026-07-23,8.1,97.52,Preparation Waste
WST0001570,R010,M0048,2025-10-11,7.5,24.75,Quality Rejection
WST0001571,R019,M0082,2026-05-29,6.6,44.15,Overproduction
WST0001572,R011,M0009,2025-09-12,9.4,79.99,Expired Ingredients
WST0001573,R012,M0062,2026-07-11,6.1,76.19,Preparation Waste
WST0001574,R012,M0052,2026-07-25,13.7,101.79,Customer Return
WST0001575,R020,M0118,2025-08-03,2.3,7.5,Spoilage
WST0001576,R017,M0093,2026-02-28,4.5,59.36,Customer Return
WST0001577,R003,M0053,2026-07-23,5.4,33.37,Expired Ingredients
WST0001578,R018,M0048,2026-03-19,4.6,15.18,Preparation Waste
WST0001579,R011,M0060,2026-08-08,8.4,108.53,Customer Return
WST0001580,R018,M0132,2026-08-03,6.5,19.76,Customer Return
WST0001581,R011,M0099,2026-01-03,2.2,9.04,Customer Return
WST0001582,R002,M0059,2025-12-21,4.4,60.9,Overproduction
WST0001583,R004,M0095,2026-08-01,10.4,44.51,Preparation Waste
WST0001584,R016,M0152,2026-05-03,12.9,59.86,Expired Ingredients
WST0001585,R020,M0031,2025-12-21,4.9,28.86,Expired Ingredients
WST0001586,R013,M0059,2025-08-14,4.2,58.13,Overproduction
WST0001587,R009,M0098,2026-02-06,10.9,118.81,Spoilage
WST0001588,R012,M0118,2026-07-17,3.3,10.76,Overproduction
WST0001589,R016,M0009,2026-08-07,12.0,102.12,Spoilage
WST0001590,R005,M0134,2026-06-07,12.8,169.86,Spoilage
WST0001591,R015,M0121,2026-07-11,13.4,69.14,Spoilage
WST0001592,R009,M0134,2026-01-16,4.9,65.02,Customer Return
WST0001593,R005,M0102,2026-02-12,6.7,58.62,Overproduction
WST0001594,R013,M0069,2025-12-14,1.0,6.83,Spoilage
WST0001595,R006,M0052,2025-11-26,4.2,31.21,Quality Rejection
WST0001596,R012,M0062,2025-12-16,11.4,142.39,Quality Rejection
WST0001597,R015,M0009,2026-07-21,3.7,31.49,Spoilage
WST0001598,R001,M0022,2026-01-04,6.7,59.5,Expired Ingredients
WST0001599,R010,M0052,2026-08-07,7.4,54.98,Expired Ingredients
WST0001600,R018,M0105,2025-09-10,2.1,13.5,Overproduction
WST0001601,R013,M0056,2026-06-04,1.1,9.7,Quality Rejection
WST0001602,R002,M0084,2026-09-11,0.6,2.95,Expired Ingredients
WST0001603,R009,M0130,2025-09-25,10.1,121.6,Customer Return
WST0001604,R012,M0034,2026-06-25,0.6,7.09,Quality Rejection
WST0001605,R010,M0024,2025-10-15,3.4,11.8,Preparation Waste
WST0001606,R001,M0052,2026-01-10,6.9,51.27,Customer Return
WST0001607,R014,M0123,2026-06-24,2.9,29.52,Spoilage
WST0001608,R002,M0132,2026-02-18,7.6,23.1,Expired Ingredients
WST0001609,R004,M0071,2026-08-27,3.4,40.29,Expired Ingredients
WST0001610,R011,M0095,2026-08-16,11.8,50.5,Spoilage
WST0001611,R005,M0052,2026-02-04,9.5,70.58,Spoilage
WST0001612,R005,M0059,2026-03-27,14.5,200.68,Spoilage
WST0001613,R011,M0104,2026-02-18,13.2,80.26,Preparation Waste
WST0001614,R005,M0002,2026-01-28,3.7,31.38,Expired Ingredients
WST0001615,R014,M0132,2025-08-05,10.2,31.01,Customer Return
WST0001616,R012,M0084,2026-07-03,1.8,8.84,Quality Rejection
WST0001617,R003,M0048,2025-08-07,10.3,33.99,Customer Return
WST0001618,R008,M0062,2026-01-05,5.0,62.45,Customer Return
WST0001619,R015,M0062,2025-11-18,14.9,186.1,Preparation Waste
WST0001620,R019,M0102,2025-12-22,11.1,97.12,Quality Rejection
WST0001621,R013,M0154,2026-06-30,4.0,20.32,Overproduction
WST0001622,R017,M0014,2026-06-06,3.0,15.15,Expired Ingredients
WST0001623,R013,M0145,2026-08-31,4.3,53.79,Customer Return
WST0001624,R012,M0120,2026-04-14,1.1,7.92,Preparation Waste
WST0001625,R016,M0052,2026-03-27,4.8,35.66,Overproduction
WST0001626,R014,M0121,2026-07-29,12.7,65.53,Preparation Waste
WST0001627,R006,M0001,2026-08-19,3.2,12.48,Expired Ingredients
WST0001628,R008,M0053,2025-10-14,9.1,56.24,Quality Rejection
WST0001629,R010,M0132,2026-05-16,8.6,26.14,Overproduction
WST0001630,R016,M0132,2025-08-26,9.7,29.49,Spoilage
WST0001631,R007,M0125,2025-10-25,0.7,3.84,Quality Rejection
WST0001632,R013,M0089,2026-01-01,2.5,14.4,Customer Return
WST0001633,R019,M0094,2025-10-27,14.0,103.46,Overproduction
WST0001634,R001,M0058,2025-08-19,3.2,11.01,Preparation Waste
WST0001635,R013,M0082,2026-04-06,4.8,32.11,Customer Return
WST0001636,R020,M0030,2026-09-09,2.5,16.9,Spoilage
WST0001637,R017,M0104,2026-01-28,13.9,84.51,Customer Return
WST0001638,R012,M0065,2026-07-06,3.5,47.0,Preparation Waste
WST0001639,R002,M0155,2025-08-10,2.9,16.1,Preparation Waste
WST0001640,R018,M0005,2025-09-06,2.2,7.39,Spoilage
WST0001641,R015,M0098,2026-09-13,5.7,62.13,Expired Ingredients
WST0001642,R004,M0081,2026-09-22,11.8,52.39,Expired Ingredients
WST0001643,R006,M0104,2025-12-10,8.5,51.68,Customer Return
WST0001644,R005,M0037,2025-09-30,4.0,47.84,Expired Ingredients
WST0001645,R012,M0082,2025-12-12,13.4,89.65,Spoilage
WST0001646,R020,M0051,2026-03-20,3.4,47.23,Preparation Waste
WST0001647,R015,M0157,2026-05-27,13.9,47.68,Expired Ingredients
WST0001648,R001,M0081,2026-01-10,6.2,27.53,Quality Rejection
WST0001649,R011,M0095,2026-05-25,3.9,16.69,Customer Return
WST0001650,R011,M0130,2026-03-06,11.9,143.28,Quality Rejection
WST0001651,R002,M0127,2026-07-24,10.4,133.02,Customer Return
WST0001652,R018,M0145,2026-06-22,3.7,46.29,Preparation Waste
WST0001653,R011,M0147,2026-07-16,4.5,51.03,Preparation Waste
WST0001654,R011,M0104,2026-03-06,14.4,87.55,Quality Rejection
WST0001655,R017,M0110,2026-06-15,2.7,25.6,Quality Rejection
WST0001656,R016,M0060,2025-08-23,6.4,82.69,Quality Rejection
WST0001657,R001,M0157,2025-11-21,11.2,38.42,Preparation Waste
WST0001658,R015,M0026,2026-06-25,0.7,3.66,Overproduction
WST0001659,R019,M0143,2025-12-31,3.1,10.48,Customer Return
WST0001660,R011,M0117,2025-12-04,3.2,15.71,Customer Return
WST0001661,R014,M0109,2026-06-13,3.2,42.3,Overproduction
WST0001662,R006,M0146,2025-07-31,2.2,14.37,Customer Return
WST0001663,R016,M0135,2025-12-24,1.7,13.96,Customer Return
WST0001664,R003,M0060,2025-11-30,7.3,94.32,Expired Ingredients
WST0001665,R002,M0104,2025-11-19,8.6,52.29,Overproduction
WST0001666,R018,M0048,2026-09-01,4.4,14.52,Expired Ingredients
WST0001667,R016,M0130,2025-08-03,8.7,104.75,Customer Return
WST0001668,R018,M0058,2026-07-06,2.4,8.26,Quality Rejection
WST0001669,R003,M0022,2026-04-23,14.9,132.31,Overproduction
WST0001670,R005,M0121,2025-12-01,14.8,76.37,Preparation Waste
WST0001671,R014,M0096,2026-05-21,2.1,29.15,Overproduction
WST0001672,R004,M0062,2026-07-19,11.3,141.14,Overproduction
WST0001673,R008,M0060,2026-02-17,7.7,99.48,Spoilage
WST0001674,R016,M0148,2026-07-31,13.3,77.14,Overproduction
WST0001675,R019,M0130,2025-09-03,13.2,158.93,Spoilage
WST0001676,R013,M0014,2025-08-21,4.5,22.72,Preparation Waste
WST0001677,R014,M0121,2026-07-24,3.7,19.09,Spoilage
WST0001678,R004,M0104,2025-11-27,4.6,27.97,Spoilage
WST0001679,R018,M0028,2026-04-22,2.0,19.52,Preparation Waste
WST0001680,R015,M0152,2026-06-16,9.9,45.94,Expired Ingredients
WST0001681,R002,M0062,2026-06-25,3.2,39.97,Preparation Waste
WST0001682,R019,M0150,2026-07-20,3.1,39.09,Overproduction
WST0001683,R019,M0121,2026-02-16,13.0,67.08,Overproduction
WST0001684,R009,M0137,2025-09-14,10.8,60.8,Overproduction
WST0001685,R001,M0148,2026-04-06,6.4,37.12,Quality Rejection
WST0001686,R015,M0094,2026-08-31,11.5,84.98,Spoilage
WST0001687,R014,M0149,2026-06-22,2.0,13.84,Overproduction
WST0001688,R006,M0109,2026-07-29,0.8,10.58,Quality Rejection
WST0001689,R005,M0137,2026-03-06,4.8,27.02,Quality Rejection
WST0001690,R018,M0081,2026-09-02,10.2,45.29,Expired Ingredients
WST0001691,R006,M0142,2026-05-20,3.4,41.51,Overproduction
WST0001692,R018,M0142,2025-08-29,8.6,105.01,Preparation Waste
WST0001693,R004,M0134,2025-11-05,3.6,47.77,Expired Ingredients
WST0001694,R007,M0142,2026-04-29,10.7,130.65,Expired Ingredients
WST0001695,R018,M0102,2026-07-10,4.9,42.88,Customer Return
WST0001696,R014,M0022,2026-05-23,6.0,53.28,Quality Rejection
WST0001697,R006,M0027,2025-12-05,3.9,13.96,Quality Rejection
WST0001698,R003,M0019,2025-09-29,4.3,26.62,Preparation Waste
WST0001699,R016,M0017,2026-08-14,4.1,17.1,Expired Ingredients
WST0001700,R020,M0081,2026-02-15,6.3,27.97,Spoilage
WST0001701,R005,M0095,2025-09-23,10.7,45.8,Expired Ingredients
WST0001702,R015,M0076,2026-07-09,1.7,15.78,Spoilage
WST0001703,R004,M0102,2026-07-08,8.9,77.88,Expired Ingredients
WST0001704,R001,M0121,2026-05-24,6.1,31.48,Overproduction
WST0001705,R011,M0132,2025-12-14,9.9,30.1,Preparation Waste
WST0001706,R012,M0060,2026-07-07,8.3,107.24,Customer Return
WST0001707,R015,M0094,2025-10-04,14.4,106.42,Spoilage
WST0001708,R018,M0094,2026-08-12,7.1,52.47,Preparation Waste
WST0001709,R004,M0083,2026-06-19,2.4,30.12,Preparation Waste
WST0001710,R013,M0137,2025-08-15,13.3,74.88,Quality Rejection
WST0001711,R006,M0081,2026-01-16,4.7,20.87,Overproduction
WST0001712,R015,M0081,2025-10-07,10.0,44.4,Quality Rejection
WST0001713,R018,M0085,2026-08-03,0.8,2.34,Quality Rejection
WST0001714,R006,M0071,2026-09-23,1.3,15.4,Customer Return
WST0001715,R004,M0098,2026-08-17,14.8,161.32,Expired Ingredients
WST0001716,R007,M0048,2026-05-12,15.0,49.5,Customer Return
WST0001717,R005,M0075,2025-08-12,1.3,14.53,Spoilage
WST0001718,R013,M0137,2026-08-08,484.99999999999994,54.61,Customer Return
WST0001719,R014,M0052,2026-05-23,10.3,76.53,Spoilage
WST0001720,R001,M0022,2026-03-09,13.3,118.1,Customer Return
WST0001721,R009,M0127,2026-06-22,12.9,164.99,Spoilage
WST0001722,R014,M0053,2026-02-10,8.1,50.06,Quality Rejection
WST0001723,R018,M0009,2025-08-11,4.6,39.15,Customer Return
WST0001724,R002,M0127,2026-01-19,8.1,103.6,Preparation Waste
WST0001725,R003,M0062,2026-03-31,9.5,118.66,Expired Ingredients
WST0001726,R014,M0048,2026-01-16,8.1,26.73,Quality Rejection
WST0001727,R009,M0082,2026-07-06,3.7,24.75,Spoilage
WST0001728,R006,M0130,2026-04-27,14.3,172.17,Overproduction
WST0001729,R013,M0122,2026-07-23,3.3,17.29,Preparation Waste
WST0001730,R003,M0142,2025-08-14,4.2,51.28,Overproduction
WST0001731,R011,M0152,2026-06-20,11.8,54.75,Quality Rejection
WST0001732,R012,M0142,2026-02-19,8.4,102.56,Quality Rejection
WST0001733,R011,M0104,2026-03-08,13.0,79.04,Quality Rejection
WST0001734,R020,M0062,2025-10-04,5.1,63.7,Quality Rejection
WST0001735,R019,M0091,2025-12-10,1.9,8.53,Customer Return
WST0001736,R011,M0095,2026-05-04,7.3,31.24,Expired Ingredients
WST0001737,R012,M0018,2026-09-12,4.0,43.48,Spoilage
WST0001738,R015,M0104,2026-07-13,4.4,26.75,Expired Ingredients
WST0001739,R001,M0087,2026-05-19,2.4,11.83,Overproduction
WST0001740,R008,M0083,2026-09-10,3.0,37.65,Expired Ingredients
WST0001741,R014,M0034,2026-07-31,4.5,53.19,Quality Rejection
WST0001742,R006,M0121,2026-05-22,6.4,33.02,Spoilage
WST0001743,R010,M0115,2026-03-05,3.1,28.46,Customer Return
WST0001744,R013,M0152,2026-09-12,13.1,60.78,Overproduction
WST0001745,R012,M0068,2026-08-21,4.3,46.65,Customer Return
WST0001746,R013,M0114,2026-03-18,3.7,28.49,Spoilage
WST0001747,R012,M0121,2026-07-01,8.2,42.31,Spoilage
WST0001748,R003,M0098,2026-08-10,4.2,45.78,Expired Ingredients
WST0001749,R020,M0157,2025-10-23,11.4,39.1,Spoilage
WST0001750,R005,M0050,2026-05-25,4.7,59.17,Expired Ingredients
WST0001751,R010,M0142,2026-04-08,10.1,123.32,Quality Rejection
WST0001752,R007,M0081,2026-05-29,14.6,64.82,Preparation Waste
WST0001753,R003,M0056,2026-01-24,3.3,29.11,Expired Ingredients
WST0001754,R002,M0064,2025-12-16,1.0,10.5,Customer Return
WST0001755,R010,M0095,2025-08-30,9.1,38.95,Spoilage
WST0001756,R007,M0142,2026-04-24,3.1,37.85,Quality Rejection
WST0001757,R008,M0104,2026-05-31,4.0,24.32,Quality Rejection
WST0001758,R010,M0125,2026-08-07,3.5,19.18,Expired Ingredients
WST0001759,R007,M0132,2025-10-02,8.6,26.14,Expired Ingredients
WST0001760,R016,M0108,2025-11-03,3.6,48.2,Quality Rejection
WST0001761,R019,M0121,2026-01-04,13.4,69.14,Quality Rejection
WST0001762,R017,M0060,2025-12-23,9.8,126.62,Preparation Waste
WST0001763,R018,M0102,2025-12-09,14.0,122.5,Preparation Waste
WST0001764,R014,M0081,2026-08-21,14.6,64.82,Preparation Waste
WST0001765,R019,M0057,2026-06-16,0.7,6.73,Quality Rejection
WST0001766,R012,M0089,2026-07-14,1.1,6.34,Expired Ingredients
WST0001767,R018,M0142,2025-10-01,10.9,133.09,Preparation Waste
WST0001768,R020,M0026,2025-10-29,5.0,26.15,Spoilage
WST0001769,R006,M0053,2026-05-23,9.9,61.18,Overproduction
WST0001770,R006,M0059,2026-05-21,10.8,149.47,Customer Return
WST0001771,R005,M0052,2026-08-27,12.1,89.9,Customer Return
WST0001772,R015,M0102,2025-12-10,7.8,68.25,Quality Rejection
WST0001773,R018,M0022,2026-01-18,7.2,63.94,Preparation Waste
WST0001774,R020,M0102,2025-10-23,13.0,113.75,Overproduction
WST0001775,R005,M0095,2026-01-07,4.0,17.12,Overproduction
WST0001776,R010,M0102,2025-09-09,5.6,49.0,Overproduction
WST0001777,R020,M0125,2026-06-18,3.4,18.63,Expired Ingredients
WST0001778,R008,M0102,2026-02-06,9.9,86.62,Customer Return
WST0001779,R017,M0015,2026-05-19,4.4,29.39,Spoilage
WST0001780,R011,M0140,2025-08-02,4.2,12.39,Overproduction
WST0001781,R003,M0059,2026-04-23,6.7,92.73,Expired Ingredients
WST0001782,R010,M0142,2026-04-26,10.3,125.76,Quality Rejection
WST0001783,R016,M0130,2026-09-12,14.8,178.19,Expired Ingredients
WST0001784,R003,M0060,2026-08-31,14.4,186.05,Quality Rejection
WST0001785,R020,M0036,2026-04-16,3.3,9.6,Overproduction
WST0001786,R018,M0137,2026-06-11,14.9,83.89,Overproduction
WST0001787,R013,M0024,2026-07-16,3.9,13.53,Customer Return
WST0001788,R012,M0135,2025-10-16,2.8,22.99,Customer Return
WST0001789,R002,M0082,2025-11-01,4.7,31.44,Expired Ingredients
WST0001790,R015,M0127,2025-09-23,13.1,167.55,Preparation Waste
WST0001791,R009,M0048,2025-11-05,12.0,39.6,Preparation Waste
WST0001792,R007,M0152,2026-06-06,3.8,17.63,Overproduction
WST0001793,R017,M0104,2025-09-19,6.3,38.3,Customer Return
WST0001794,R005,M0007,2025-08-12,1.6,10.1,Quality Rejection
WST0001795,R017,M0157,2026-05-23,8.8,30.18,Spoilage
WST0001796,R019,M0138,2025-08-08,0.6,4.58,Expired Ingredients
WST0001797,R006,M0022,2025-11-14,5.8,51.5,Expired Ingredients
WST0001798,R001,M0157,2026-08-31,10.3,35.33,Expired Ingredients
WST0001799,R019,M0019,2026-02-24,1.4,8.67,Customer Return
WST0001800,R017,M0121,2026-09-23,11.1,57.28,Preparation Waste
WST0001801,R019,M0060,2025-10-30,12.0,155.04,Customer Return
WST0001802,R009,M0132,2026-03-14,3.7,11.25,Quality Rejection
WST0001803,R015,M0033,2025-08-20,0.6,7.55,Overproduction
WST0001804,R015,M0082,2025-12-13,11.5,76.94,Expired Ingredients
WST0001805,R001,M0023,2025-09-28,4.6,29.44,Expired Ingredients
WST0001806,R016,M0127,2025-08-07,5.8,74.18,Spoilage
WST0001807,R020,M0027,2026-02-25,2.8,10.02,Spoilage
WST0001808,R004,M0137,2025-08-04,11.8,66.43,Expired Ingredients
WST0001809,R001,M0031,2026-08-01,3.4,20.03,Quality Rejection
WST0001810,R004,M0121,2025-09-26,6.8,35.09,Spoilage
WST0001811,R017,M0104,2025-09-19,9.1,55.33,Customer Return
WST0001812,R017,M0127,2026-07-12,5.8,74.18,Quality Rejection
WST0001813,R015,M0016,2025-09-23,11.1,32.41,Expired Ingredients
WST0001814,R004,M0027,2026-01-20,2.4,8.59,Spoilage
WST0001815,R017,M0084,2025-08-14,0.9,4.42,Overproduction
WST0001816,R009,M0058,2025-11-08,1.2,4.13,Quality Rejection
WST0001817,R016,M0126,2026-05-25,0.8,6.02,Customer Return
WST0001818,R016,M0102,2025-08-20,4.8,42.0,Spoilage
WST0001819,R008,M0059,2025-08-08,4.2,58.13,Spoilage
WST0001820,R009,M0038,2026-08-08,3.6,12.53,Preparation Waste
WST0001821,R009,M0022,2026-05-09,15.0,133.2,Spoilage
WST0001822,R003,M0121,2026-02-26,6.3,32.51,Expired Ingredients
WST0001823,R016,M0059,2025-08-30,7.6,105.18,Preparation Waste
WST0001824,R014,M0104,2026-03-04,12.9,78.43,Spoilage
WST0001825,R007,M0016,2026-06-09,6.4,18.69,Quality Rejection
WST0001826,R019,M0041,2026-08-01,4.0,35.28,Preparation Waste
WST0001827,R002,M0090,2026-02-05,4.4,23.01,Preparation Waste
WST0001828,R012,M0132,2026-02-06,9.1,27.66,Overproduction
WST0001829,R002,M0119,2026-06-12,0.9,3.86,Expired Ingredients
WST0001830,R010,M0046,2026-02-18,1.6,15.82,Preparation Waste
WST0001831,R011,M0017,2026-07-28,1.2,5.0,Preparation Waste
WST0001832,R012,M0052,2026-05-14,6.8,50.52,Expired Ingredients
WST0001833,R020,M0005,2026-01-04,3.5,11.76,Spoilage
WST0001834,R008,M0132,2026-06-18,3.6,10.94,Preparation Waste
WST0001835,R004,M0127,2026-07-10,10.1,129.18,Quality Rejection
WST0001836,R011,M0065,2025-08-21,2.3,30.89,Customer Return
WST0001837,R017,M0082,2025-08-26,13.5,90.32,Customer Return
WST0001838,R002,M0059,2026-03-15,13.2,182.69,Preparation Waste
WST0001839,R011,M0016,2025-08-17,8.8,25.7,Overproduction
WST0001840,R020,M0121,2026-01-07,9.7,50.05,Preparation Waste
WST0001841,R008,M0059,2026-05-11,13.4,185.46,Quality Rejection
WST0001842,R001,M0083,2026-07-13,3.6,45.18,Preparation Waste
WST0001843,R010,M0157,2025-09-10,7.9,27.1,Expired Ingredients
WST0001844,R011,M0098,2026-04-21,3.5,38.15,Quality Rejection
WST0001845,R004,M0151,2025-11-07,1.1,14.67,Quality Rejection
WST0001846,R003,M0143,2025-12-04,4.5,15.21,Overproduction
WST0001847,R005,M0052,2025-12-05,3.4,25.26,Expired Ingredients
WST0001848,R006,M0017,2026-07-10,2.1,8.76,Preparation Waste
WST0001849,R016,M0009,2026-06-15,7.5,63.82,Expired Ingredients
WST0001850,R003,M0094,2026-05-22,10.2,75.38,Preparation Waste
WST0001851,R005,M0137,2025-09-22,8.5,47.86,Spoilage
WST0001852,R009,M0048,2025-10-23,8.5,28.05,Quality Rejection
WST0001853,R005,M0104,2025-11-22,5.9,35.87,Customer Return
WST0001854,R002,M0127,2025-09-08,10.6,135.57,Spoilage
WST0001855,R001,M0081,2026-04-13,4.8,21.31,Quality Rejection
WST0001856,R015,M0009,2026-08-25,12.1,102.97,Expired Ingredients
WST0001857,R012,M0052,2026-08-30,5.8,43.09,Spoilage
WST0001858,R018,M0053,2026-09-24,7.6,46.97,Quality Rejection
WST0001859,R005,M0099,2026-06-27,2.6,10.69,Expired Ingredients
WST0001860,R006,M0102,2026-09-03,4.3,37.62,Preparation Waste
WST0001861,R004,M0022,2026-06-05,8.3,73.7,Overproduction
WST0001862,R009,M0142,2026-01-05,8.0,97.68,Spoilage
WST0001863,R016,M0116,2025-09-26,3.3,23.99,Overproduction
WST0001864,R002,M0153,2025-11-05,3.2,44.61,Customer Return
WST0001865,R008,M0108,2026-09-13,4.2,56.24,Customer Return
WST0001866,R015,M0052,2025-12-26,13.8,102.53,Quality Rejection
WST0001867,R009,M0121,2025-10-17,12.1,62.44,Customer Return
WST0001868,R018,M0009,2026-09-08,14.4,122.54,Preparation Waste
WST0001869,R001,M0102,2026-02-10,11.0,96.25,Preparation Waste
WST0001870,R012,M0047,2026-07-04,3.6,27.97,Customer Return
WST0001871,R009,M0115,2025-10-26,0.9,8.26,Quality Rejection
WST0001872,R011,M0022,2026-02-25,12.0,106.56,Preparation Waste
WST0001873,R001,M0073,2026-08-15,3.9,37.48,Customer Return
WST0001874,R003,M0009,2025-10-12,13.2,112.33,Quality Rejection
WST0001875,R009,M0137,2026-08-07,7.5,42.22,Customer Return
WST0001876,R018,M0103,2026-01-09,2.6,10.66,Expired Ingredients
WST0001877,R017,M0050,2026-01-19,4.0,50.36,Preparation Waste
WST0001878,R015,M0158,2026-03-16,4.7,41.22,Overproduction
WST0001879,R005,M0015,2026-04-25,4.2,28.06,Preparation Waste
WST0001880,R011,M0095,2026-07-22,11.5,49.22,Preparation Waste
WST0001881,R009,M0106,2026-04-02,1.9,8.02,Quality Rejection
WST0001882,R019,M0154,2026-09-24,1.5,7.62,Customer Return
WST0001883,R019,M0041,2025-08-22,1.8,15.88,Expired Ingredients
WST0001884,R016,M0090,2025-09-16,4.3,22.49,Preparation Waste
WST0001885,R011,M0148,2025-10-27,12.8,74.24,Quality Rejection
WST0001886,R019,M0050,2026-06-10,4.8,60.43,Quality Rejection
WST0001887,R001,M0102,2025-09-11,11.7,102.38,Spoilage
WST0001888,R018,M0081,2025-11-26,6.5,28.86,Customer Return
WST0001889,R018,M0095,2026-06-13,9.9,42.37,Expired Ingredients
WST0001890,R017,M0157,2026-06-25,5.4,18.52,Preparation Waste
WST0001891,R018,M0016,2025-08-30,10.6,30.95,Overproduction
WST0001892,R017,M0160,2025-12-13,4.5,41.18,Expired Ingredients
WST0001893,R008,M0137,2025-09-08,7.1,39.97,Expired Ingredients
WST0001894,R010,M0128,2025-08-17,4.0,21.88,Customer Return
WST0001895,R018,M0015,2026-08-15,4.3,28.72,Overproduction
WST0001896,R014,M0047,2025-10-13,1.5,11.66,Expired Ingredients
WST0001897,R019,M0039,2026-01-28,1.0,8.44,Quality Rejection
WST0001898,R016,M0157,2026-01-04,9.7,33.27,Overproduction
WST0001899,R014,M0150,2026-08-27,1.2,15.13,Customer Return
WST0001900,R004,M0121,2026-03-23,13.6,70.18,Customer Return
WST0001901,R008,M0158,2025-12-24,2.6,22.8,Quality Rejection
WST0001902,R009,M0142,2025-11-24,9.7,118.44,Preparation Waste
WST0001903,R010,M0122,2026-05-19,4.9,25.68,Preparation Waste
WST0001904,R016,M0004,2026-07-25,2.3,12.93,Spoilage
WST0001905,R020,M0082,2025-08-23,8.2,54.86,Preparation Waste
WST0001906,R010,M0059,2026-02-07,5.1,70.58,Customer Return
WST0001907,R019,M0143,2026-07-27,2.2,7.44,Preparation Waste
WST0001908,R013,M0027,2025-11-18,4.0,14.32,Preparation Waste
WST0001909,R004,M0062,2025-10-31,8.0,99.92,Overproduction
WST0001910,R013,M0031,2026-01-02,2.6,15.31,Expired Ingredients
WST0001911,R013,M0093,2026-08-19,4.9,64.63,Expired Ingredients
WST0001912,R017,M0130,2026-06-05,13.8,166.15,Quality Rejection
WST0001913,R014,M0048,2025-08-31,13.0,42.9,Spoilage
WST0001914,R018,M0120,2026-09-12,1.8,12.96,Spoilage
WST0001915,R019,M0132,2026-05-01,10.7,32.53,Spoilage
WST0001916,R017,M0053,2026-02-23,12.1,74.78,Quality Rejection
WST0001917,R008,M0009,2026-07-10,6.1,51.91,Overproduction
WST0001918,R003,M0081,2026-08-08,8.7,38.63,Overproduction
WST0001919,R010,M0123,2026-07-08,3.2,32.58,Spoilage
WST0001920,R004,M0031,2026-07-25,4.6,27.09,Preparation Waste
WST0001921,R007,M0078,2025-11-10,3.1,16.96,Spoilage
WST0001922,R011,M0094,2025-08-31,5.4,39.91,Customer Return
WST0001923,R020,M0152,2026-08-29,5.3,24.59,Customer Return
WST0001924,R007,M0154,2025-09-20,2.5,12.7,Overproduction
WST0001925,R008,M0090,2026-07-12,0.9,4.71,Quality Rejection
WST0001926,R018,M0111,2026-03-20,1.9,26.28,Spoilage
WST0001927,R005,M0075,2026-07-25,1.0,11.18,Quality Rejection
WST0001928,R011,M0047,2025-11-20,3.9,30.3,Preparation Waste
WST0001929,R003,M0152,2026-04-19,14.0,64.96,Quality Rejection
WST0001930,R011,M0036,2026-05-25,2.2,6.4,Quality Rejection
WST0001931,R010,M0110,2025-08-01,4.0,37.92,Preparation Waste
WST0001932,R012,M0094,2025-10-14,4.0,29.56,Expired Ingredients
WST0001933,R004,M0048,2025-08-01,4.4,14.52,Customer Return
WST0001934,R018,M0134,2025-09-13,5.0,66.35,Spoilage
WST0001935,R002,M0009,2026-09-07,9.5,80.84,Customer Return
WST0001936,R009,M0047,2025-10-27,2.8,21.76,Overproduction
WST0001937,R009,M0056,2025-12-26,2.1,18.52,Quality Rejection
WST0001938,R018,M0053,2026-06-01,8.5,52.53,Expired Ingredients
WST0001939,R014,M0094,2026-08-03,4.1,30.3,Spoilage
WST0001940,R003,M0067,2026-01-27,1.3,7.88,Customer Return
WST0001941,R003,M0094,2026-08-01,4.6,33.99,Expired Ingredients
WST0001942,R007,M0093,2026-03-20,1.5,19.78,Spoilage
WST0001943,R006,M0059,2025-12-31,13.9,192.38,Quality Rejection
WST0001944,R002,M0094,2026-09-19,6.3,46.56,Quality Rejection
WST0001945,R019,M0100,2026-07-04,3.8,32.38,Customer Return
WST0001946,R018,M0052,2025-12-05,9.7,72.07,Preparation Waste
WST0001947,R005,M0008,2026-06-07,0.7,5.55,Preparation Waste
WST0001948,R018,M0141,2025-10-20,4.7,49.44,Expired Ingredients
WST0001949,R016,M0095,2026-07-16,11.0,47.08,Preparation Waste
WST0001950,R007,M0127,2025-10-19,9.7,124.06,Spoilage
WST0001951,R003,M0095,2025-09-09,6.2,26.54,Preparation Waste
WST0001952,R020,M0052,2026-04-19,4.3,31.95,Customer Return
WST0001953,R006,M0009,2025-12-15,9.9,84.25,Preparation Waste
WST0001954,R015,M0052,2025-08-27,9.8,72.81,Quality Rejection
WST0001955,R009,M0081,2025-11-20,11.1,49.28,Customer Return
WST0001956,R018,M0033,2025-08-05,4.4,55.4,Quality Rejection
WST0001957,R011,M0069,2026-08-02,3.9,26.64,Quality Rejection
WST0001958,R004,M0005,2025-09-23,1.9,6.38,Spoilage
WST0001959,R009,M0057,2025-08-26,4.8,46.13,Spoilage
WST0001960,R012,M0020,2025-12-03,1.9,9.69,Preparation Waste
WST0001961,R013,M0060,2025-12-04,12.3,158.92,Quality Rejection
WST0001962,R005,M0127,2026-02-25,10.5,134.29,Overproduction
WST0001963,R017,M0130,2026-02-24,11.8,142.07,Quality Rejection
WST0001964,R020,M0121,2026-02-23,11.3,58.31,Expired Ingredients
WST0001965,R011,M0062,2026-08-11,9.8,122.4,Preparation Waste
WST0001966,R020,M0094,2026-07-16,15.0,110.85,Quality Rejection
WST0001967,R015,M0130,2026-09-15,4.4,52.98,Quality Rejection
WST0001968,R019,M0051,2025-10-25,1.2,16.67,Expired Ingredients
WST0001969,R018,M0024,2026-06-03,4.3,14.92,Quality Rejection
WST0001970,R017,M0059,2026-07-23,10.9,150.86,Spoilage
WST0001971,R011,M0119,2025-08-16,4.4,18.88,Overproduction
WST0001972,R003,M0125,2026-05-19,4.8,26.3,Customer Return
WST0001973,R018,M0152,2025-11-29,9.1,42.22,Expired Ingredients
WST0001974,R018,M0142,2026-01-02,9.5,116.0,Quality Rejection
WST0001975,R015,M0075,2025-12-09,1.7,19.01,Preparation Waste
WST0001976,R013,M0114,2026-08-20,4.2,32.34,Overproduction
WST0001977,R011,M0089,2025-10-09,4.1,23.62,Spoilage
WST0001978,R002,M0023,2025-08-07,3.8,24.32,Preparation Waste
WST0001979,R013,M0009,2026-06-11,4.4,37.44,Preparation Waste
WST0001980,R020,M0013,2026-01-31,2.2,11.26,Customer Return
WST0001981,R007,M0016,2025-11-25,8.8,25.7,Preparation Waste
WST0001982,R009,M0152,2026-09-08,8.6,39.9,Overproduction
WST0001983,R010,M0101,2025-09-17,2.8,21.9,Preparation Waste
WST0001984,R012,M0141,2025-09-21,1.0,10.52,Expired Ingredients
WST0001985,R011,M0009,2026-07-12,8.3,70.63,Expired Ingredients
WST0001986,R016,M0080,2026-03-07,3.3,21.38,Expired Ingredients
WST0001987,R011,M0152,2026-09-15,13.3,61.71,Overproduction
WST0001988,R011,M0127,2026-05-22,10.9,139.41,Customer Return
WST0001989,R003,M0052,2025-10-11,11.8,87.67,Expired Ingredients
WST0001990,R020,M0016,2025-09-02,8.4,24.53,Quality Rejection
WST0001991,R018,M0075,2026-08-12,2.4,26.83,Spoilage
WST0001992,R016,M0149,2026-05-19,4.3,29.76,Overproduction
WST0001993,R003,M0134,2026-07-02,8.1,107.49,Overproduction
WST0001994,R015,M0104,2026-06-24,11.9,72.35,Expired Ingredients
WST0001995,R012,M0121,2025-08-31,4.7,24.25,Preparation Waste
WST0001996,R002,M0062,2025-09-25,5.7,71.19,Preparation Waste
WST0001997,R004,M0048,2026-04-18,8.0,26.4,Expired Ingredients
WST0001998,R014,M0044,2026-03-15,1.7,13.5,Spoilage
WST0001999,R014,M0011,2026-08-26,2.3,13.41,Customer Return
WST0002000,R010,M0137,2026-07-11,10.4,58.55,Customer Return
WST0002001,R018,M0053,2025-09-21,13.5,83.43,Quality Rejection
WST0002002,R011,M0132,2026-07-01,11.4,34.66,Preparation Waste
WST0002003,R001,M0009,2026-01-13,4.1,34.89,Spoilage
WST0002004,R015,M0124,2026-07-29,4.2,11.8,Preparation Waste
WST0002005,R013,M0142,2025-12-24,4.1,50.06,Overproduction
WST0002006,R013,M0035,2026-08-31,1.0,10.57,Customer Return
WST0002007,R008,M0136,2026-06-10,4.7,38.54,Overproduction
WST0002008,R012,M0017,2025-11-11,195.0,16.26,Expired Ingredients
WST0002009,R010,M0069,2025-08-16,0.9,6.15,Expired Ingredients
WST0002010,R020,M0070,2026-04-04,3.0,36.54,Spoilage
WST0002011,R012,M0134,2026-07-06,8.2,108.81,Preparation Waste
WST0002012,R011,M0156,2025-09-22,1.5,13.24,Expired Ingredients
WST0002013,R011,M0001,2026-07-19,2.7,10.53,Preparation Waste
WST0002014,R005,M0052,2025-09-14,14.3,106.25,Customer Return
WST0002015,R003,M0132,2026-05-26,13.6,41.34,Quality Rejection
WST0002016,R014,M0084,2026-05-28,2.6,12.77,Spoilage
WST0002017,R008,M0102,2025-09-04,8.9,77.88,Quality Rejection
WST0002018,R007,M0059,2025-12-08,4.3,59.51,Expired Ingredients
WST0002019,R014,M0053,2026-06-01,9.5,58.71,Quality Rejection
WST0002020,R018,M0048,2026-02-14,5.3,17.49,Preparation Waste
WST0002021,R015,M0142,2026-05-05,13.1,159.95,Customer Return
WST0002022,R005,M0100,2025-11-16,2.4,20.45,Expired Ingredients
WST0002023,R016,M0022,2025-08-29,7.1,63.05,Quality Rejection
WST0002024,R010,M0009,2026-03-27,14.0,119.14,Quality Rejection
WST0002025,R006,M0113,2026-04-03,1.4,12.15,Preparation Waste
WST0002026,R006,M0054,2026-01-13,0.6,8.06,Expired Ingredients
WST0002027,R004,M0035,2025-10-05,2.4,25.37,Quality Rejection
WST0002028,R007,M0048,2026-03-28,3.8,12.54,Preparation Waste
WST0002029,R018,M0157,2025-10-19,3.7,12.69,Customer Return
WST0002030,R001,M0134,2026-01-14,8.0,106.16,Preparation Waste
WST0002031,R012,M0151,2026-04-30,2.2,29.35,Spoilage
WST0002032,R019,M0021,2025-08-30,0.6,3.85,Overproduction
WST0002033,R002,M0036,2026-04-14,4.3,12.51,Expired Ingredients
WST0002034,R009,M0022,2026-02-25,14.4,127.87,Preparation Waste
WST0002035,R015,M0126,2026-09-12,1.3,9.78,Preparation Waste
WST0002036,R020,M0121,2026-01-29,10.9,56.24,Customer Return
WST0002037,R007,M0137,2026-01-09,8.9,50.11,Preparation Waste
WST0002038,R012,M0095,2026-07-26,4.2,17.98,Overproduction
WST0002039,R020,M0102,2026-06-08,7.5,65.62,Expired Ingredients
WST0002040,R008,M0001,2026-01-11,2.2,8.58,Overproduction
WST0002041,R006,M0088,2025-10-01,4.3,35.39,Spoilage
WST0002042,R018,M0126,2026-07-06,3.1,23.31,Quality Rejection
WST0002043,R014,M0114,2026-06-01,1.9,14.63,Overproduction
WST0002044,R004,M0026,2026-01-30,0.8,4.18,Preparation Waste
WST0002045,R003,M0009,2026-06-22,6.2,52.76,Preparation Waste
WST0002046,R013,M0093,2025-10-13,3.8,50.12,Expired Ingredients
WST0002047,R008,M0039,2026-03-05,4.2,35.45,Spoilage
WST0002048,R013,M0123,2026-07-04,4.6,46.83,Overproduction
WST0002049,R015,M0129,2026-05-18,3.8,10.3,Spoilage
WST0002050,R019,M0136,2026-02-26,4.7,38.54,Preparation Waste
WST0002051,R010,M0132,2026-09-06,9.9,30.1,Overproduction
WST0002052,R006,M0009,2025-08-26,12.9,109.78,Preparation Waste
WST0002053,R020,M0049,2026-04-14,1.2,14.66,Customer Return
WST0002054,R001,M0034,2026-02-20,1.3,15.37,Preparation Waste
WST0002055,R013,M0004,2025-12-11,3.8,21.36,Preparation Waste
WST0002056,R008,M0060,2026-04-10,14.9,192.51,Overproduction
WST0002057,R001,M0142,2026-06-24,9.7,118.44,Customer Return
WST0002058,R008,M0137,2025-08-21,5.3,29.84,Customer Return
WST0002059,R009,M0130,2026-09-24,11.8,142.07,Preparation Waste
WST0002060,R007,M0059,2026-05-09,11.1,153.62,Customer Return
WST0002061,R008,M0048,2025-08-01,14.1,46.53,Preparation Waste
WST0002062,R014,M0048,2025-09-06,13.0,42.9,Quality Rejection
WST0002063,R015,M0104,2026-08-20,10.0,60.8,Expired Ingredients
WST0002064,R010,M0147,2025-08-27,2.5,28.35,Quality Rejection
WST0002065,R011,M0060,2025-08-06,13.6,175.71,Expired Ingredients
WST0002066,R013,M0144,2026-04-16,2.6,30.13,Preparation Waste
WST0002067,R005,M0009,2026-04-15,3.6,30.64,Customer Return
WST0002068,R006,M0062,2026-01-24,14.2,177.36,Quality Rejection
WST0002069,R001,M0137,2026-07-27,12.6,70.94,Quality Rejection
WST0002070,R008,M0069,2025-10-16,2.2,15.03,Quality Rejection
WST0002071,R010,M0059,2025-08-22,6.7,92.73,Spoilage
WST0002072,R008,M0157,2025-10-04,12.8,43.9,Spoilage
WST0002073,R009,M0152,2026-06-23,12.5,58.0,Quality Rejection
WST0002074,R004,M0094,2025-12-16,11.4,84.25,Expired Ingredients
WST0002075,R018,M0094,2026-03-18,8.0,59.12,Preparation Waste
WST0002076,R007,M0059,2026-08-26,12.6,174.38,Spoilage
WST0002077,R011,M0062,2026-04-05,10.7,133.64,Overproduction
WST0002078,R008,M0102,2026-05-09,5.3,46.38,Preparation Waste
WST0002079,R002,M0157,2025-09-25,8.1,27.78,Quality Rejection
WST0002080,R013,M0134,2026-07-30,5.6,74.31,Spoilage
WST0002081,R006,M0146,2025-11-26,0.7,4.57,Expired Ingredients
WST0002082,R001,M0025,2026-01-11,2.9,7.42,Preparation Waste
WST0002083,R005,M0085,2026-05-17,1.9,5.55,Preparation Waste
WST0002084,R002,M0137,2026-02-13,12.2,68.69,Customer Return
WST0002085,R005,M0102,2026-07-26,10.7,93.62,Preparation Waste
WST0002086,R008,M0122,2025-12-14,2.4,12.58,Customer Return
WST0002087,R012,M0052,2025-12-17,11.5,85.44,Overproduction
WST0002088,R010,M0148,2026-08-12,5.4,31.32,Overproduction
WST0002089,R015,M0127,2025-11-20,8.1,103.6,Quality Rejection
WST0002090,R005,M0082,2025-12-29,6.5,43.48,Customer Return
WST0002091,R020,M0082,2025-09-23,14.5,97.01,Spoilage
WST0002092,R006,M0150,2026-06-01,4.2,52.96,Preparation Waste
WST0002093,R008,M0016,2025-08-12,10.3,30.08,Spoilage
WST0002094,R009,M0121,2025-11-26,9.3,47.99,Expired Ingredients
WST0002095,R008,M0134,2026-05-26,14.6,193.74,Expired Ingredients
WST0002096,R010,M0060,2026-02-23,9.9,127.91,Expired Ingredients
WST0002097,R013,M0060,2026-08-14,12.0,155.04,Customer Return
WST0002098,R017,M0021,2026-03-12,3.2,20.54,Preparation Waste
WST0002099,R001,M0160,2026-06-19,2.8,25.62,Quality Rejection
WST0002100,R017,M0142,2025-09-15,6.1,74.48,Expired Ingredients
WST0002101,R002,M0101,2026-06-15,4.4,34.41,Overproduction
WST0002102,R020,M0127,2025-12-02,8.7,111.27,Expired Ingredients
WST0002103,R003,M0069,2025-10-30,2.8,19.12,Expired Ingredients
WST0002104,R019,M0132,2026-08-04,13.1,39.82,Preparation Waste
WST0002105,R012,M0068,2025-12-12,3.0,32.55,Quality Rejection
WST0002106,R017,M0022,2026-03-06,9.2,81.7,Expired Ingredients
WST0002107,R019,M0023,2026-07-22,4.8,30.72,Spoilage
WST0002108,R016,M0095,2026-01-24,9.1,38.95,Quality Rejection
WST0002109,R007,M0134,2025-09-17,11.5,152.6,Overproduction
WST0002110,R013,M0052,2026-08-26,6.6,49.04,Customer Return
WST0002111,R008,M0098,2025-10-17,13.7,149.33,Preparation Waste
WST0002112,R018,M0057,2026-02-10,2.7,25.95,Spoilage
WST0002113,R008,M0156,2026-05-07,3.3,29.14,Overproduction
WST0002114,R015,M0062,2026-08-03,9.8,122.4,Expired Ingredients
WST0002115,R001,M0115,2025-08-24,3.0,27.54,Preparation Waste
WST0002116,R020,M0016,2026-08-04,13.5,39.42,Expired Ingredients
WST0002117,R010,M0040,2026-01-09,1.7,23.07,Customer Return
WST0002118,R005,M0137,2026-03-26,7.6,42.79,Overproduction
WST0002119,R013,M0023,2026-08-12,4.1,26.24,Preparation Waste
WST0002120,R003,M0121,2026-04-13,12.0,61.92,Expired Ingredients
WST0002121,R011,M0094,2026-04-14,10.3,76.12,Customer Return
WST0002122,R020,M0081,2025-08-19,9.1,40.4,Spoilage
WST0002123,R007,M0158,2026-03-26,1.1,9.65,Quality Rejection
WST0002124,R001,M0039,2026-05-31,4.6,38.82,Customer Return
WST0002125,R020,M0143,2026-04-30,1.6,5.41,Overproduction
WST0002126,R011,M0152,2026-04-11,13.4,62.18,Spoilage
WST0002127,R002,M0125,2025-09-19,2.1,11.51,Quality Rejection
WST0002128,R016,M0075,2026-01-30,0.7,7.83,Preparation Waste
WST0002129,R019,M0003,2026-07-02,1.1,10.32,Quality Rejection
WST0002130,R018,M0128,2025-09-22,2.1,11.49,Customer Return
WST0002131,R020,M0133,2025-08-26,3.0,17.46,Quality Rejection
WST0002132,R015,M0022,2025-11-18,10.1,89.69,Preparation Waste
WST0002133,R016,M0022,2025-10-14,6.2,55.06,Customer Return
WST0002134,R020,M0022,2026-03-03,8.6,76.37,Customer Return
WST0002135,R004,M0102,2026-02-17,10.6,92.75,Customer Return
WST0002136,R001,M0071,2026-02-23,1.6,18.96,Expired Ingredients
WST0002137,R009,M0102,2025-11-01,7.6,66.5,Customer Return
WST0002138,R007,M0099,2026-05-30,0.8,3.29,Overproduction
WST0002139,R001,M0094,2026-02-11,6.6,48.77,Overproduction
WST0002140,R002,M0053,2026-09-19,4.1,25.34,Spoilage
WST0002141,R005,M0053,2025-10-05,8.0,49.44,Quality Rejection
WST0002142,R015,M0132,2026-04-28,12.4,37.7,Expired Ingredients
WST0002143,R019,M0152,2026-01-11,8.9,41.3,Spoilage
WST0002144,R002,M0030,2025-12-11,3.7,25.01,Spoilage
WST0002145,R009,M0048,2026-06-22,10.7,35.31,Overproduction
WST0002146,R002,M0074,2025-10-30,4.0,49.2,Customer Return
WST0002147,R018,M0102,2025-11-27,12.9,112.88,Spoilage
WST0002148,R003,M0052,2026-01-13,4.7,34.92,Preparation Waste
WST0002149,R004,M0031,2026-01-28,1.7,10.01,Overproduction
WST0002150,R008,M0016,2026-07-29,9.4,27.45,Preparation Waste
WST0002151,R013,M0060,2025-08-11,7.1,91.73,Quality Rejection
WST0002152,R007,M0081,2026-01-11,13.9,61.72,Overproduction
WST0002153,R019,M0016,2026-08-30,3.4,9.93,Preparation Waste
WST0002154,R020,M0082,2026-06-08,10.4,69.58,Spoilage
WST0002155,R018,M0102,2026-02-06,7.6,66.5,Spoilage
WST0002156,R018,M0157,2026-04-03,9.8,33.61,Expired Ingredients
WST0002157,R009,M0022,2026-03-26,14.6,129.65,Customer Return
WST0002158,R005,M0060,2026-01-23,3.8,49.1,Overproduction
WST0002159,R020,M0022,2026-06-24,13.7,121.66,Spoilage
WST0002160,R013,M0083,2026-02-27,3.4,42.67,Spoilage
WST0002161,R019,M0030,2026-03-30,1.8,12.17,Customer Return
WST0002162,R001,M0081,2026-03-30,7.2,31.97,Preparation Waste
WST0002163,R016,M0040,2026-03-19,2.2,29.85,Spoilage
WST0002164,R005,M0132,2025-10-16,4.0,12.16,Expired Ingredients
WST0002165,R002,M0157,2026-01-02,3.6,12.35,Quality Rejection
WST0002166,R002,M0127,2026-07-26,200.0,51.16,Spoilage
WST0002167,R006,M0059,2026-09-20,8.9,123.18,Quality Rejection
WST0002168,R014,M0059,2025-08-28,14.6,202.06,Spoilage
WST0002169,R017,M0094,2026-07-02,8.9,65.77,Customer Return
WST0002170,R009,M0138,2026-08-29,4.7,35.86,Customer Return
WST0002171,R012,M0060,2026-01-29,7.6,98.19,Customer Return
WST0002172,R009,M0142,2025-10-10,11.9,145.3,Overproduction
WST0002173,R004,M0052,2025-10-05,9.2,68.36,Overproduction
WST0002174,R005,M0135,2026-06-13,1.7,13.96,Quality Rejection
WST0002175,R020,M0137,2026-04-07,9.0,50.67,Overproduction
WST0002176,R005,M0137,2025-08-14,4.5,25.34,Customer Return
WST0002177,R020,M0053,2026-04-30,11.6,71.69,Overproduction
WST0002178,R015,M0094,2026-09-02,5.5,40.64,Overproduction
WST0002179,R008,M0103,2026-07-19,140.0,11.48,Overproduction
WST0002180,R001,M0053,2026-06-28,11.1,68.6,Quality Rejection
WST0002181,R004,M0127,2026-05-07,8.8,112.55,Quality Rejection
WST0002182,R008,M0073,2025-11-21,4.7,45.17,Spoilage
WST0002183,R004,M0033,2025-09-16,2.9,36.51,Spoilage
WST0002184,R012,M0130,2026-03-09,12.7,152.91,Spoilage
WST0002185,R015,M0094,2026-01-01,13.6,100.5,Overproduction
WST0002186,R003,M0052,2026-07-12,10.3,76.53,Expired Ingredients
WST0002187,R020,M0095,2026-09-06,6.4,27.39,Quality Rejection
WST0002188,R002,M0148,2026-02-13,8.6,49.88,Expired Ingredients
WST0002189,R016,M0082,2026-02-18,5.4,36.13,Customer Return
WST0002190,R009,M0059,2025-10-09,10.2,141.17,Quality Rejection
WST0002191,R015,M0003,2025-08-25,2.1,19.7,Overproduction
WST0002192,R009,M0132,2026-01-19,4.5,13.68,Customer Return
WST0002193,R001,M0020,2026-01-18,3.8,19.38,Overproduction
WST0002194,R020,M0053,2026-04-12,12.4,76.63,Customer Return
WST0002195,R018,M0001,2026-08-26,4.6,17.94,Expired Ingredients
WST0002196,R002,M0073,2026-07-07,2.7,25.95,Customer Return
WST0002197,R004,M0052,2026-06-04,14.5,107.74,Customer Return
WST0002198,R003,M0053,2026-08-28,14.5,89.61,Expired Ingredients
WST0002199,R008,M0009,2026-01-23,5.5,46.8,Customer Return
WST0002200,R007,M0095,2026-01-10,4.4,18.83,Spoilage
WST0002201,R010,M0027,2025-10-05,4.3,15.39,Customer Return
WST0002202,R005,M0127,2025-12-14,5.9,75.46,Quality Rejection
WST0002203,R013,M0062,2025-10-17,6.8,84.93,Overproduction
WST0002204,R002,M0077,2025-09-16,4.8,33.89,Preparation Waste
WST0002205,R001,M0081,2025-12-19,11.7,51.95,Customer Return
WST0002206,R005,M0044,2026-08-31,0.8,6.35,Expired Ingredients
WST0002207,R008,M0053,2026-01-04,12.8,79.1,Expired Ingredients
WST0002208,R004,M0148,2026-04-12,3.5,20.3,Preparation Waste
WST0002209,R011,M0143,2025-11-03,3.3,11.15,Customer Return
WST0002210,R009,M0152,2025-09-13,7.0,32.48,Expired Ingredients
WST0002211,R015,M0045,2026-07-29,3.6,24.52,Spoilage
WST0002212,R007,M0134,2026-04-17,13.8,183.13,Overproduction
WST0002213,R014,M0152,2026-08-31,11.0,51.04,Expired Ingredients
WST0002214,R003,M0044,2026-07-06,1.2,9.53,Customer Return
WST0002215,R011,M0127,2025-08-18,10.9,139.41,Overproduction
WST0002216,R020,M0059,2026-04-27,3.4,47.06,Expired Ingredients
WST0002217,R017,M0140,2025-10-27,2.6,7.67,Overproduction
WST0002218,R006,M0069,2025-10-08,2.0,13.66,Spoilage
WST0002219,R020,M0129,2026-01-18,4.1,11.11,Preparation Waste
WST0002220,R010,M0035,2026-01-09,3.8,40.17,Expired Ingredients
WST0002221,R007,M0128,2026-06-23,3.9,21.33,Overproduction
WST0002222,R004,M0139,2025-11-29,2.3,24.06,Overproduction
WST0002223,R010,M0133,2026-02-08,2.6,15.13,Overproduction
WST0002224,R012,M0102,2025-10-09,8.7,76.12,Expired Ingredients
WST0002225,R003,M0143,2026-07-03,2.3,7.77,Overproduction
WST0002226,R005,M0149,2026-08-07,1.2,8.3,Customer Return
WST0002227,R005,M0082,2026-06-24,9.9,66.23,Spoilage
WST0002228,R017,M0150,2025-11-28,1.0,12.61,Spoilage
WST0002229,R004,M0098,2025-08-13,6.3,68.67,Expired Ingredients
WST0002230,R005,M0104,2026-08-19,9.5,57.76,Quality Rejection
WST0002231,R006,M0011,2026-01-25,2.0,11.66,Quality Rejection
WST0002232,R007,M0052,2026-07-20,9.0,66.87,Quality Rejection
WST0002233,R002,M0132,2025-10-09,11.1,33.74,Overproduction
WST0002234,R010,M0148,2026-09-02,7.7,44.66,Preparation Waste
WST0002235,R004,M0137,2026-08-28,13.1,73.75,Preparation Waste
WST0002236,R007,M0142,2026-04-23,14.4,175.82,Quality Rejection
WST0002237,R015,M0099,2026-08-29,4.5,18.5,Preparation Waste
WST0002238,R012,M0152,2025-08-24,12.3,57.07,Overproduction
WST0002239,R007,M0083,2026-06-28,0.8,10.04,Expired Ingredients
WST0002240,R012,M0107,2026-07-01,2.9,15.66,Spoilage
WST0002241,R005,M0111,2026-06-28,4.6,63.62,Customer Return
WST0002242,R011,M0041,2026-02-08,2.6,22.93,Spoilage
WST0002243,R009,M0075,2026-03-10,3.6,40.25,Preparation Waste
WST0002244,R005,M0060,2025-12-24,14.8,191.22,Quality Rejection
WST0002245,R009,M0055,2025-10-30,4.4,45.01,Expired Ingredients
WST0002246,R003,M0045,2026-05-09,0.6,4.09,Quality Rejection
WST0002247,R013,M0053,2025-09-07,9.8,60.56,Quality Rejection
WST0002248,R007,M0003,2025-11-02,3.5,32.83,Spoilage
WST0002249,R013,M0063,2025-11-03,2.4,20.57,Preparation Waste
WST0002250,R013,M0009,2026-01-01,5.6,47.66,Quality Rejection
WST0002251,R020,M0081,2025-08-04,5.7,25.31,Spoilage
WST0002252,R019,M0004,2025-12-17,1.5,8.43,Overproduction
WST0002253,R007,M0081,2025-12-25,14.2,63.05,Quality Rejection
WST0002254,R013,M0053,2026-09-24,11.2,69.22,Preparation Waste
WST0002255,R017,M0148,2026-09-14,7.3,42.34,Expired Ingredients
WST0002256,R014,M0038,2026-04-13,0.8,2.78,Customer Return
WST0002257,R003,M0052,2026-04-04,14.3,106.25,Preparation Waste
WST0002258,R018,M0152,2025-12-02,11.6,53.82,Expired Ingredients
WST0002259,R001,M0102,2026-03-17,11.0,96.25,Customer Return
WST0002260,R007,M0009,2025-12-13,10.5,89.36,Expired Ingredients
WST0002261,R009,M0077,2025-12-24,2.1,14.83,Preparation Waste
WST0002262,R007,M0104,2026-02-12,3.5,21.28,Quality Rejection
WST0002263,R013,M0041,2026-06-22,4.2,37.04,Spoilage
WST0002264,R013,M0052,2026-01-19,4.2,31.21,Customer Return
WST0002265,R006,M0090,2026-09-12,2.5,13.08,Preparation Waste
WST0002266,R013,M0127,2025-10-22,4.9,62.67,Spoilage
WST0002267,R016,M0153,2026-01-25,1.6,22.3,Expired Ingredients
WST0002268,R019,M0094,2026-02-04,9.8,72.42,Overproduction
WST0002269,R012,M0104,2026-03-10,14.1,85.73,Customer Return
WST0002270,R008,M0074,2025-09-23,0.9,11.07,Overproduction
WST0002271,R007,M0007,2025-08-01,2.3,14.51,Customer Return
WST0002272,R010,M0152,2026-07-14,6.0,27.84,Overproduction
WST0002273,R007,M0133,2025-09-16,1.2,6.98,Expired Ingredients
WST0002274,R002,M0052,2025-11-20,10.5,78.02,Spoilage
WST0002275,R010,M0132,2026-06-27,8.8,26.75,Quality Rejection
WST0002276,R006,M0130,2025-11-17,3.4,40.94,Quality Rejection
WST0002277,R001,M0155,2025-11-02,3.1,17.2,Spoilage
WST0002278,R019,M0077,2026-08-16,1.7,12.0,Customer Return
WST0002279,R020,M0080,2026-08-25,3.1,20.09,Quality Rejection
WST0002280,R001,M0085,2026-05-24,3.2,9.34,Overproduction
WST0002281,R017,M0095,2026-07-24,9.3,39.8,Spoilage
WST0002282,R008,M0137,2026-01-17,9.7,54.61,Overproduction
WST0002283,R020,M0098,2025-08-05,6.7,73.03,Spoilage
WST0002284,R006,M0009,2026-04-09,15.0,127.65,Customer Return
WST0002285,R001,M0052,2025-12-21,11.9,88.42,Spoilage
WST0002286,R017,M0092,2025-09-09,2.9,20.53,Expired Ingredients
WST0002287,R003,M0070,2026-08-08,1.9,23.14,Preparation Waste
WST0002288,R017,M0098,2025-09-26,11.9,129.71,Overproduction
WST0002289,R015,M0040,2026-03-23,3.6,48.85,Preparation Waste
WST0002290,R005,M0086,2026-07-27,1.3,9.94,Customer Return
WST0002291,R020,M0082,2026-04-03,3.1,20.74,Preparation Waste
WST0002292,R012,M0091,2026-06-15,3.6,16.16,Spoilage
WST0002293,R008,M0152,2026-05-12,3.0,13.92,Spoilage
WST0002294,R006,M0081,2025-10-23,7.7,34.19,Preparation Waste
WST0002295,R009,M0137,2025-12-19,4.7,26.46,Expired Ingredients
WST0002296,R007,M0082,2025-11-22,11.9,79.61,Spoilage
WST0002297,R017,M0016,2026-02-04,11.4,33.29,Preparation Waste
WST0002298,R013,M0157,2026-01-26,14.4,49.39,Quality Rejection
WST0002299,R006,M0081,2025-09-11,13.8,61.27,Customer Return
WST0002300,R019,M0102,2026-01-04,6.4,56.0,Customer Return
WST0002301,R016,M0048,2026-01-21,395.0,26.07,Quality Rejection
WST0002302,R009,M0049,2025-10-11,1.3,15.89,Spoilage
WST0002303,R020,M0132,2026-01-15,14.1,42.86,Expired Ingredients
WST0002304,R011,M0127,2026-08-13,9.0,115.11,Quality Rejection
WST0002305,R009,M0127,2026-06-01,4.4,56.28,Overproduction
WST0002306,R011,M0095,2026-04-20,6.2,26.54,Quality Rejection
WST0002307,R019,M0095,2026-07-25,14.1,60.35,Spoilage
WST0002308,R007,M0009,2026-07-22,5.1,43.4,Preparation Waste
WST0002309,R014,M0048,2026-01-05,7.4,24.42,Overproduction
WST0002310,R004,M0121,2026-03-13,6.6,34.06,Overproduction
WST0002311,R018,M0130,2025-09-29,14.8,178.19,Customer Return
WST0002312,R013,M0143,2025-12-20,4.8,16.22,Spoilage
WST0002313,R015,M0009,2025-08-30,14.5,123.4,Spoilage
WST0002314,R019,M0121,2026-07-09,9.2,47.47,Spoilage
WST0002315,R020,M0013,2026-04-25,3.5,17.92,Preparation Waste
WST0002316,R001,M0043,2026-02-08,4.7,14.24,Preparation Waste
WST0002317,R003,M0158,2025-10-12,1.9,16.66,Quality Rejection
WST0002318,R011,M0130,2025-08-07,6.5,78.26,Customer Return
WST0002319,R003,M0070,2026-01-05,4.3,52.37,Customer Return
WST0002320,R007,M0104,2025-12-15,7.0,42.56,Quality Rejection
WST0002321,R003,M0138,2026-04-15,3.1,23.65,Spoilage
WST0002322,R013,M0082,2025-10-26,13.8,92.32,Expired Ingredients
WST0002323,R016,M0157,2025-09-01,7.6,26.07,Preparation Waste
WST0002324,R018,M0022,2026-01-08,10.5,93.24,Spoilage
WST0002325,R003,M0134,2025-12-30,4.4,58.39,Preparation Waste
WST0002326,R020,M0069,2026-08-13,3.0,20.49,Spoilage
WST0002327,R003,M0130,2026-06-03,9.9,119.2,Customer Return
WST0002328,R003,M0148,2026-07-19,12.4,71.92,Preparation Waste
WST0002329,R007,M0038,2025-08-17,4.5,15.66,Expired Ingredients
WST0002330,R018,M0016,2025-09-17,14.3,41.76,Overproduction
WST0002331,R004,M0081,2025-10-10,12.1,53.72,Customer Return
WST0002332,R003,M0068,2026-08-18,2.7,29.3,Expired Ingredients
WST0002333,R012,M0111,2026-06-15,3.5,48.4,Spoilage
WST0002334,R015,M0152,2026-08-12,11.5,53.36,Expired Ingredients
WST0002335,R007,M0148,2025-11-01,8.8,51.04,Spoilage
WST0002336,R007,M0155,2026-01-03,3.9,21.64,Expired Ingredients
WST0002337,R019,M0121,2026-02-01,7.2,37.15,Preparation Waste
WST0002338,R017,M0082,2026-03-22,7.0,46.83,Spoilage
WST0002339,R013,M0009,2026-02-05,11.8,100.42,Expired Ingredients
WST0002340,R014,M0157,2026-01-11,13.9,47.68,Preparation Waste
WST0002341,R006,M0132,2026-08-25,12.5,38.0,Preparation Waste
WST0002342,R017,M0144,2026-01-31,2.7,31.29,Expired Ingredients
WST0002343,R007,M0045,2026-09-22,4.3,29.28,Quality Rejection
WST0002344,R012,M0022,2026-04-29,14.5,128.76,Quality Rejection
WST0002345,R009,M0134,2026-06-29,14.5,192.42,Quality Rejection
WST0002346,R006,M0075,2025-08-20,4.6,51.43,Spoilage
WST0002347,R003,M0121,2025-12-06,13.2,68.11,Quality Rejection
WST0002348,R008,M0094,2025-10-27,5.4,39.91,Expired Ingredients
WST0002349,R012,M0022,2026-07-25,10.8,95.9,Quality Rejection
WST0002350,R014,M0056,2026-01-31,2.6,22.93,Overproduction
WST0002351,R004,M0094,2026-05-06,5.5,40.64,Customer Return
WST0002352,R004,M0014,2026-03-15,5.0,25.25,Overproduction
WST0002353,R004,M0127,2025-10-09,5.1,65.23,Quality Rejection
WST0002354,R015,M0001,2026-01-09,1.5,5.85,Quality Rejection
WST0002355,R007,M0052,2026-02-20,10.3,76.53,Expired Ingredients
WST0002356,R020,M0152,2025-12-20,6.3,29.23,Preparation Waste
WST0002357,R016,M0142,2025-09-30,4.9,59.83,Expired Ingredients
WST0002358,R009,M0142,2025-11-24,6.0,73.26,Expired Ingredients
WST0002359,R011,M0154,2025-12-22,0.5,2.54,Customer Return
WST0002360,R006,M0043,2026-08-10,3.4,10.3,Quality Rejection
WST0002361,R015,M0060,2026-07-31,10.2,131.78,Customer Return
WST0002362,R016,M0123,2026-05-13,0.8,8.14,Customer Return
WST0002363,R018,M0090,2026-05-04,2.5,13.08,Customer Return
WST0002364,R016,M0102,2025-08-11,11.3,98.88,Expired Ingredients
WST0002365,R005,M0142,2026-01-01,7.6,92.8,Customer Return
WST0002366,R012,M0053,2025-11-24,4.4,27.19,Expired Ingredients
WST0002367,R018,M0082,2026-08-16,9.6,64.22,Customer Return
WST0002368,R014,M0081,2026-07-22,9.8,43.51,Quality Rejection
WST0002369,R001,M0112,2026-04-12,0.8,5.67,Expired Ingredients
WST0002370,R013,M0032,2025-08-26,0.6,6.3,Spoilage
WST0002371,R015,M0129,2025-10-05,2.0,5.42,Preparation Waste
WST0002372,R015,M0134,2025-08-16,4.9,65.02,Overproduction
WST0002373,R006,M0048,2026-06-28,5.0,16.5,Quality Rejection
WST0002374,R013,M0016,2025-12-09,9.1,26.57,Spoilage
WST0002375,R017,M0094,2026-04-18,12.4,91.64,Quality Rejection
WST0002376,R010,M0155,2026-02-26,3.6,19.98,Spoilage
WST0002377,R019,M0086,2026-06-01,2.5,19.12,Overproduction
WST0002378,R002,M0001,2025-10-08,4.9,19.11,Expired Ingredients
WST0002379,R009,M0092,2025-08-22,3.0,21.24,Spoilage
WST0002380,R018,M0008,2025-10-02,2.2,17.45,Overproduction
WST0002381,R002,M0127,2026-04-14,5.9,75.46,Customer Return
WST0002382,R004,M0053,2026-02-18,14.3,88.37,Overproduction
WST0002383,R005,M0052,2026-04-21,4.1,30.46,Preparation Waste
WST0002384,R001,M0038,2026-04-07,3.4,11.83,Preparation Waste
WST0002385,R005,M0142,2026-02-08,10.7,130.65,Spoilage
WST0002386,R004,M0037,2026-02-07,3.0,35.88,Spoilage
WST0002387,R018,M0152,2026-03-13,9.6,44.54,Overproduction
WST0002388,R005,M0095,2025-08-02,11.4,48.79,Overproduction
WST0002389,R014,M0053,2026-03-18,8.1,50.06,Preparation Waste
WST0002390,R005,M0142,2025-11-16,9.1,111.11,Customer Return
WST0002391,R002,M0033,2025-08-05,1.0,12.59,Quality Rejection
WST0002392,R004,M0137,2025-12-17,10.3,57.99,Overproduction
WST0002393,R002,M0106,2025-10-14,1.3,5.49,Customer Return
WST0002394,R004,M0062,2025-08-19,3.3,41.22,Quality Rejection
WST0002395,R007,M0064,2026-02-02,1.3,13.65,Quality Rejection
WST0002396,R014,M0032,2026-08-29,3.3,34.65,Customer Return
WST0002397,R011,M0156,2026-06-25,2.5,22.08,Customer Return
WST0002398,R020,M0064,2025-12-19,2.3,24.15,Overproduction
WST0002399,R020,M0151,2026-02-12,4.4,58.7,Expired Ingredients
WST0002400,R012,M0084,2026-05-15,3.9,19.15,Preparation Waste
WST0002401,R005,M0121,2026-07-04,15.0,77.4,Overproduction
WST0002402,R011,M0102,2026-06-13,4.3,37.62,Expired Ingredients
WST0002403,R005,M0142,2026-08-19,7.7,94.02,Expired Ingredients
WST0002404,R012,M0021,2025-09-11,4.0,25.68,Spoilage
WST0002405,R005,M0152,2026-07-19,8.7,40.37,Expired Ingredients
WST0002406,R009,M0123,2026-07-21,3.9,39.7,Expired Ingredients
WST0002407,R002,M0116,2026-02-11,3.5,25.44,Expired Ingredients
WST0002408,R011,M0134,2025-11-18,6.9,91.56,Quality Rejection
WST0002409,R005,M0098,2025-11-22,8.3,90.47,Expired Ingredients
WST0002410,R019,M0024,2026-04-19,2.7,9.37,Preparation Waste
WST0002411,R019,M0132,2026-03-13,3.0,9.12,Expired Ingredients
WST0002412,R005,M0134,2026-08-31,7.0,92.89,Overproduction
WST0002413,R013,M0127,2026-07-23,13.9,177.78,Quality Rejection
WST0002414,R002,M0086,2026-02-05,2.9,22.18,Quality Rejection
WST0002415,R010,M0081,2026-04-16,13.5,59.94,Spoilage
WST0002416,R012,M0026,2026-02-17,4.6,24.06,Overproduction
WST0002417,R001,M0053,2026-03-06,11.6,71.69,Spoilage
WST0002418,R020,M0102,2026-09-05,14.0,122.5,Overproduction
WST0002419,R017,M0142,2026-04-18,11.1,135.53,Quality Rejection
WST0002420,R009,M0099,2025-10-27,3.3,13.56,Preparation Waste
WST0002421,R002,M0094,2025-12-14,7.3,53.95,Customer Return
WST0002422,R007,M0123,2026-05-01,4.0,40.72,Preparation Waste
WST0002423,R011,M0059,2025-09-30,4.5,62.28,Preparation Waste
WST0002424,R013,M0050,2025-09-27,1.1,13.85,Expired Ingredients
WST0002425,R009,M0090,2026-03-27,4.5,23.54,Customer Return
WST0002426,R013,M0060,2026-09-13,5.1,65.89,Preparation Waste
WST0002427,R001,M0059,2025-10-19,3.8,52.59,Preparation Waste
WST0002428,R005,M0082,2026-01-17,5.9,39.47,Quality Rejection
WST0002429,R015,M0009,2025-10-25,13.2,112.33,Overproduction
WST0002430,R007,M0081,2025-09-16,4.8,21.31,Customer Return
WST0002431,R020,M0049,2025-12-06,2.8,34.22,Expired Ingredients
WST0002432,R009,M0009,2026-09-22,6.6,56.17,Customer Return
WST0002433,R013,M0044,2025-08-15,3.7,29.38,Quality Rejection
WST0002434,R002,M0145,2026-06-08,0.9,11.26,Preparation Waste
WST0002435,R016,M0076,2026-06-28,1.0,9.28,Spoilage
WST0002436,R013,M0137,2026-03-11,6.0,33.78,Quality Rejection
WST0002437,R019,M0148,2025-12-03,7.7,44.66,Customer Return
WST0002438,R006,M0102,2026-02-28,3.5,30.62,Spoilage
WST0002439,R006,M0090,2026-06-16,190.0,19.87,Overproduction
WST0002440,R012,M0109,2025-10-06,5.0,66.1,Expired Ingredients
WST0002441,R001,M0097,2026-07-16,1.4,11.09,Overproduction
WST0002442,R008,M0092,2026-04-19,0.8,5.66,Spoilage
WST0002443,R008,M0142,2026-07-16,9.4,114.77,Quality Rejection
WST0002444,R004,M0052,2025-08-13,13.5,100.3,Spoilage
WST0002445,R014,M0148,2025-10-25,12.7,73.66,Quality Rejection
WST0002446,R004,M0118,2026-04-19,4.8,15.65,Expired Ingredients
WST0002447,R012,M0152,2026-05-18,7.1,32.94,Spoilage
WST0002448,R011,M0096,2026-06-19,2.7,37.48,Overproduction
WST0002449,R004,M0148,2025-09-13,7.6,44.08,Expired Ingredients
WST0002450,R006,M0104,2026-08-03,14.0,85.12,Preparation Waste
WST0002451,R020,M0009,2025-08-05,13.1,111.48,Preparation Waste
WST0002452,R013,M0048,2025-08-28,14.2,46.86,Quality Rejection
WST0002453,R010,M0130,2025-11-16,3.9,46.96,Quality Rejection
WST0002454,R015,M0072,2025-08-27,3.9,20.83,Expired Ingredients
WST0002455,R018,M0157,2026-08-01,7.5,25.72,Spoilage
WST0002456,R008,M0104,2026-07-07,9.1,55.33,Quality Rejection
WST0002457,R012,M0046,2026-08-17,2.9,28.68,Customer Return
WST0002458,R014,M0130,2025-11-03,10.7,128.83,Preparation Waste
WST0002459,R014,M0017,2026-09-11,2.8,11.68,Spoilage
WST0002460,R017,M0059,2025-12-19,6.5,89.96,Quality Rejection
WST0002461,R013,M0009,2026-03-24,13.5,114.88,Overproduction
WST0002462,R010,M0052,2026-01-26,7.8,57.95,Quality Rejection
WST0002463,R018,M0037,2025-10-01,1.4,16.74,Preparation Waste
WST0002464,R017,M0101,2026-05-25,2.4,18.77,Overproduction
WST0002465,R019,M0134,2026-03-08,11.5,152.6,Preparation Waste
WST0002466,R013,M0156,2025-12-17,4.7,41.5,Preparation Waste
WST0002467,R013,M0134,2025-10-14,6.8,90.24,Customer Return
WST0002468,R003,M0027,2025-12-02,3.1,11.1,Quality Rejection
WST0002469,R006,M0059,2026-09-05,8.2,113.49,Customer Return
WST0002470,R011,M0062,2025-09-15,14.1,176.11,Customer Return
WST0002471,R003,M0034,2026-04-19,3.5,41.37,Overproduction
WST0002472,R006,M0147,2025-10-12,1.8,20.41,Spoilage
WST0002473,R010,M0053,2026-06-06,5.9,36.46,Customer Return
WST0002474,R011,M0157,2025-09-11,7.5,25.72,Preparation Waste
WST0002475,R017,M0098,2026-09-21,7.4,80.66,Expired Ingredients
WST0002476,R001,M0098,2025-11-09,4.0,43.6,Quality Rejection
WST0002477,R019,M0033,2026-02-01,2.6,32.73,Customer Return
WST0002478,R017,M0095,2026-06-27,4.8,20.54,Preparation Waste
WST0002479,R015,M0106,2026-06-17,1.6,6.75,Spoilage
WST0002480,R009,M0081,2026-05-31,12.5,55.5,Expired Ingredients
WST0002481,R015,M0140,2026-05-08,4.5,13.28,Customer Return
WST0002482,R016,M0127,2026-05-10,5.7,72.9,Expired Ingredients
WST0002483,R004,M0082,2026-04-09,10.0,66.9,Overproduction
WST0002484,R004,M0062,2025-10-02,5.7,71.19,Customer Return
WST0002485,R008,M0129,2025-11-02,3.9,10.57,Preparation Waste
WST0002486,R020,M0048,2026-03-06,3.4,11.22,Spoilage
WST0002487,R013,M0134,2025-10-27,3.5,46.44,Customer Return
WST0002488,R008,M0138,2025-11-26,3.7,28.23,Quality Rejection
WST0002489,R015,M0016,2026-08-03,14.9,43.51,Spoilage
WST0002490,R008,M0142,2026-07-20,4.9,59.83,Overproduction
WST0002491,R020,M0062,2025-09-18,13.5,168.62,Quality Rejection
WST0002492,R017,M0128,2025-08-10,1.1,6.02,Quality Rejection
WST0002493,R004,M0073,2026-03-31,3.6,34.6,Customer Return
WST0002494,R019,M0130,2026-08-22,13.5,162.54,Overproduction
WST0002495,R020,M0082,2025-12-10,6.8,45.49,Quality Rejection
WST0002496,R009,M0157,2025-11-20,7.6,26.07,Quality Rejection
WST0002497,R018,M0145,2026-06-21,4.2,52.54,Spoilage
WST0002498,R017,M0052,2026-04-09,14.1,104.76,Quality Rejection
WST0002499,R011,M0104,2025-10-27,13.7,83.3,Expired Ingredients
WST0002500,R006,M0134,2026-08-07,13.2,175.16,Spoilage
WST0002501,R004,M0140,2026-07-07,2.3,6.78,Quality Rejection
WST0002502,R006,M0134,2026-09-23,8.2,108.81,Preparation Waste
WST0002503,R006,M0052,2026-05-03,5.7,42.35,Expired Ingredients
WST0002504,R015,M0156,2025-10-18,3.7,32.67,Spoilage
WST0002505,R004,M0103,2025-08-04,3.4,13.94,Spoilage
WST0002506,R002,M0134,2025-11-12,9.9,131.37,Expired Ingredients
WST0002507,R015,M0053,2025-11-14,14.6,90.23,Quality Rejection
WST0002508,R007,M0081,2026-04-19,4.8,21.31,Expired Ingredients
WST0002509,R013,M0069,2026-03-10,3.7,25.27,Preparation Waste
WST0002510,R008,M0082,2025-11-24,5.4,36.13,Overproduction
WST0002511,R019,M0150,2025-09-26,2.3,29.0,Spoilage
WST0002512,R013,M0059,2025-10-14,14.8,204.83,Spoilage
WST0002513,R015,M0099,2025-11-09,1.4,5.75,Quality Rejection
WST0002514,R017,M0022,2026-01-21,7.2,63.94,Customer Return
WST0002515,R011,M0094,2025-11-03,6.0,44.34,Quality Rejection
WST0002516,R012,M0157,2026-05-30,3.4,11.66,Overproduction
WST0002517,R012,M0069,2025-09-23,3.3,22.54,Expired Ingredients
WST0002518,R012,M0142,2026-07-05,3.4,41.51,Quality Rejection
WST0002519,R007,M0010,2026-01-29,2.3,19.2,Preparation Waste
WST0002520,R018,M0100,2025-08-21,1.6,13.63,Quality Rejection
WST0002521,R007,M0147,2026-09-06,1.4,15.88,Overproduction
WST0002522,R001,M0121,2025-09-20,7.9,40.76,Spoilage
WST0002523,R015,M0127,2026-05-23,6.2,79.3,Overproduction
WST0002524,R006,M0142,2026-04-15,5.8,70.82,Preparation Waste
WST0002525,R019,M0121,2026-06-03,10.9,56.24,Quality Rejection
WST0002526,R010,M0016,2025-08-21,13.2,38.54,Customer Return
WST0002527,R002,M0066,2026-04-27,3.8,24.93,Spoilage
WST0002528,R017,M0134,2026-06-09,7.1,94.22,Customer Return
WST0002529,R012,M0148,2025-11-21,11.6,67.28,Overproduction
WST0002530,R006,M0016,2025-11-26,14.4,42.05,Quality Rejection
WST0002531,R018,M0130,2026-02-18,13.7,164.95,Customer Return
WST0002532,R011,M0060,2026-04-09,7.6,98.19,Quality Rejection
WST0002533,R017,M0095,2025-09-05,10.7,45.8,Expired Ingredients
WST0002534,R013,M0119,2026-05-24,2.6,11.15,Overproduction
WST0002535,R004,M0138,2025-10-06,0.9,6.87,Quality Rejection
WST0002536,R018,M0154,2025-08-30,3.3,16.76,Expired Ingredients
WST0002537,R016,M0073,2026-07-21,1.1,10.57,Customer Return
WST0002538,R012,M0081,2026-09-09,5.7,25.31,Expired Ingredients
WST0002539,R010,M0113,2026-06-06,3.4,29.51,Quality Rejection
WST0002540,R012,M0130,2025-09-26,6.3,75.85,Quality Rejection
WST0002541,R007,M0059,2025-09-09,4.9,67.82,Customer Return
WST0002542,R005,M0060,2026-03-14,7.1,91.73,Spoilage
WST0002543,R019,M0134,2026-08-18,3.6,47.77,Customer Return
WST0002544,R018,M0155,2026-09-21,4.4,24.42,Preparation Waste
WST0002545,R012,M0062,2026-02-22,7.3,91.18,Overproduction
WST0002546,R010,M0104,2026-05-21,14.1,85.73,Overproduction
WST0002547,R020,M0074,2026-05-27,3.7,45.51,Expired Ingredients
WST0002548,R003,M0082,2026-06-13,10.8,72.25,Customer Return
WST0002549,R005,M0044,2025-08-30,4.9,38.91,Spoilage
WST0002550,R020,M0059,2026-07-07,10.2,141.17,Quality Rejection
WST0002551,R011,M0015,2026-09-08,5.0,33.4,Preparation Waste
WST0002552,R010,M0130,2026-08-20,3.8,45.75,Overproduction
WST0002553,R003,M0121,2025-08-17,6.4,33.02,Spoilage
WST0002554,R015,M0152,2025-08-23,8.0,37.12,Spoilage
WST0002555,R006,M0062,2025-11-20,5.8,72.44,Expired Ingredients
WST0002556,R018,M0048,2025-09-03,10.4,34.32,Overproduction
WST0002557,R018,M0128,2026-04-06,1.0,5.47,Overproduction
WST0002558,R003,M0094,2025-09-22,10.8,79.81,Preparation Waste
WST0002559,R018,M0022,2025-08-29,11.9,105.67,Customer Return
WST0002560,R019,M0060,2026-01-11,10.5,135.66,Quality Rejection
WST0002561,R014,M0152,2026-07-13,6.5,30.16,Expired Ingredients
WST0002562,R012,M0046,2026-08-16,1.8,17.8,Overproduction
WST0002563,R012,M0094,2026-07-08,12.2,90.16,Overproduction
WST0002564,R002,M0152,2026-04-02,8.0,37.12,Preparation Waste
WST0002565,R011,M0127,2025-12-13,7.0,89.53,Preparation Waste
WST0002566,R002,M0036,2026-06-21,4.0,11.64,Expired Ingredients
WST0002567,R017,M0095,2026-09-09,10.0,42.8,Overproduction
WST0002568,R017,M0051,2026-01-03,3.0,41.67,Expired Ingredients
WST0002569,R010,M0062,2026-09-03,6.1,76.19,Expired Ingredients
WST0002570,R009,M0132,2026-02-20,8.1,24.62,Expired Ingredients
WST0002571,R006,M0132,2025-12-28,8.2,24.93,Expired Ingredients
WST0002572,R012,M0096,2026-07-01,4.9,68.01,Expired Ingredients
WST0002573,R018,M0101,2025-12-08,2.8,21.9,Overproduction
WST0002574,R020,M0067,2026-09-24,3.3,20.0,Expired Ingredients
WST0002575,R020,M0071,2026-06-28,3.5,41.48,Customer Return
WST0002576,R014,M0098,2025-09-29,5.8,63.22,Expired Ingredients
WST0002577,R019,M0144,2026-06-06,1.8,20.86,Preparation Waste
WST0002578,R006,M0053,2026-02-09,8.9,55.0,Expired Ingredients
WST0002579,R020,M0121,2025-09-09,8.9,45.92,Spoilage
WST0002580,R012,M0082,2025-08-10,10.6,70.91,Quality Rejection
WST0002581,R014,M0098,2026-04-29,7.8,85.02,Customer Return
WST0002582,R020,M0052,2025-11-13,13.7,101.79,Quality Rejection
WST0002583,R014,M0152,2025-09-29,13.7,63.57,Expired Ingredients
WST0002584,R008,M0032,2025-09-12,0.6,6.3,Expired Ingredients
WST0002585,R006,M0102,2026-01-09,9.8,85.75,Customer Return
WST0002586,R005,M0016,2025-09-15,13.6,39.71,Expired Ingredients
WST0002587,R002,M0149,2025-08-29,3.9,26.99,Overproduction
WST0002588,R019,M0102,2026-08-12,730.0,127.75,Overproduction
WST0002589,R001,M0048,2025-12-18,4.5,14.85,Quality Rejection
WST0002590,R018,M0137,2025-08-11,7.7,43.35,Preparation Waste
WST0002591,R014,M0102,2026-07-30,8.4,73.5,Expired Ingredients
WST0002592,R019,M0134,2026-06-13,3.4,45.12,Spoilage
WST0002593,R009,M0035,2026-07-09,4.6,48.62,Customer Return
WST0002594,R011,M0062,2026-08-28,10.4,129.9,Preparation Waste
WST0002595,R012,M0003,2025-12-21,2.6,24.39,Customer Return
WST0002596,R019,M0040,2026-08-03,2.0,27.14,Expired Ingredients
WST0002597,R016,M0052,2025-12-07,5.7,42.35,Quality Rejection
WST0002598,R016,M0009,2025-08-21,8.3,70.63,Quality Rejection
WST0002599,R019,M0078,2025-09-10,0.8,4.38,Preparation Waste
WST0002600,R006,M0121,2026-09-14,4.2,21.67,Quality Rejection
WST0002601,R006,M0036,2026-09-05,1.1,3.2,Overproduction
WST0002602,R011,M0143,2026-06-06,2.8,9.46,Preparation Waste
WST0002603,R016,M0145,2026-02-16,3.4,42.53,Spoilage
WST0002604,R016,M0098,2025-12-05,14.0,152.6,Customer Return
WST0002605,R004,M0063,2025-10-01,3.6,30.85,Preparation Waste
WST0002606,R008,M0094,2026-02-28,7.7,56.9,Spoilage
WST0002607,R014,M0025,2025-10-27,3.6,9.22,Overproduction
WST0002608,R018,M0080,2025-09-11,2.5,16.2,Spoilage
WST0002609,R013,M0091,2025-08-06,4.1,18.41,Quality Rejection
WST0002610,R010,M0111,2025-09-20,4.3,59.47,Spoilage
WST0002611,R013,M0137,2026-08-30,11.1,62.49,Preparation Waste
WST0002612,R004,M0132,2026-03-27,4.1,12.46,Customer Return
WST0002613,R015,M0157,2025-10-16,8.3,28.47,Spoilage
WST0002614,R017,M0120,2025-10-02,1.1,7.92,Spoilage
WST0002615,R002,M0125,2026-05-28,2.4,13.15,Expired Ingredients
WST0002616,R015,M0062,2026-05-21,4.6,57.45,Quality Rejection
WST0002617,R011,M0026,2026-03-23,3.2,16.74,Overproduction
WST0002618,R008,M0118,2025-12-07,3.2,10.43,Preparation Waste
WST0002619,R019,M0134,2026-07-31,3.5,46.44,Spoilage
WST0002620,R007,M0054,2025-08-28,3.3,44.32,Spoilage
WST0002621,R016,M0137,2026-05-27,5.1,28.71,Quality Rejection
WST0002622,R003,M0042,2025-08-30,4.1,39.07,Spoilage
WST0002623,R010,M0104,2025-08-09,6.9,41.95,Spoilage
WST0002624,R016,M0134,2026-09-01,6.2,82.27,Spoilage
WST0002625,R020,M0080,2026-04-29,0.6,3.89,Spoilage
WST0002626,R019,M0141,2025-09-10,4.1,43.13,Customer Return
WST0002627,R015,M0063,2026-08-23,2.5,21.42,Preparation Waste
WST0002628,R019,M0104,2026-03-01,3.9,23.71,Spoilage
WST0002629,R005,M0048,2026-04-06,5.7,18.81,Expired Ingredients
WST0002630,R006,M0083,2026-09-18,1.1,13.81,Spoilage
WST0002631,R011,M0142,2026-02-25,6.3,76.92,Quality Rejection
WST0002632,R001,M0060,2025-09-21,3.2,41.34,Preparation Waste
WST0002633,R016,M0041,2025-10-01,3.2,28.22,Expired Ingredients
WST0002634,R017,M0051,2026-03-23,2.1,29.17,Expired Ingredients
WST0002635,R015,M0130,2026-03-02,12.3,148.09,Spoilage
WST0002636,R018,M0081,2026-07-06,6.0,26.64,Customer Return
WST0002637,R020,M0059,2026-06-26,4.0,55.36,Quality Rejection
WST0002638,R006,M0157,2026-05-14,6.5,22.3,Customer Return
WST0002639,R008,M0142,2025-09-10,6.5,79.37,Quality Rejection
WST0002640,R017,M0126,2026-06-30,3.3,24.82,Overproduction
WST0002641,R015,M0141,2026-08-09,4.5,47.34,Expired Ingredients
WST0002642,R009,M0095,2025-08-11,4.1,17.55,Preparation Waste
WST0002643,R003,M0031,2026-01-16,0.6,3.53,Spoilage
WST0002644,R009,M0142,2026-02-04,8.8,107.45,Overproduction
WST0002645,R014,M0048,2026-02-07,6.6,21.78,Expired Ingredients
WST0002646,R008,M0098,2025-09-30,10.6,115.54,Expired Ingredients
WST0002647,R020,M0042,2026-05-13,4.8,45.74,Customer Return
WST0002648,R015,M0069,2025-12-18,4.2,28.69,Spoilage
WST0002649,R020,M0127,2025-10-25,6.3,80.58,Quality Rejection
WST0002650,R008,M0102,2026-04-26,4.3,37.62,Quality Rejection
WST0002651,R018,M0052,2025-10-17,4.3,31.95,Quality Rejection
WST0002652,R003,M0082,2025-11-25,10.1,67.57,Overproduction
WST0002653,R005,M0050,2025-10-15,4.2,52.88,Quality Rejection
WST0002654,R003,M0134,2025-10-18,14.3,189.76,Overproduction
WST0002655,R016,M0125,2026-05-01,1.4,7.67,Preparation Waste
WST0002656,R006,M0130,2026-07-03,5.7,68.63,Preparation Waste
WST0002657,R001,M0065,2025-10-23,1.6,21.49,Spoilage
WST0002658,R018,M0127,2026-06-21,5.0,63.95,Expired Ingredients
WST0002659,R006,M0095,2025-08-26,9.5,40.66,Overproduction
WST0002660,R006,M0072,2026-09-01,1.1,5.87,Expired Ingredients
WST0002661,R003,M0104,2026-01-29,3.2,19.46,Expired Ingredients
WST0002662,R015,M0132,2026-04-16,11.6,35.26,Quality Rejection
WST0002663,R006,M0072,2026-01-01,4.7,25.1,Preparation Waste
WST0002664,R018,M0052,2026-08-12,12.7,94.36,Spoilage
WST0002665,R008,M0152,2025-09-19,14.9,69.14,Customer Return
WST0002666,R020,M0137,2025-08-07,9.8,55.17,Expired Ingredients
WST0002667,R001,M0110,2025-09-06,1.5,14.22,Customer Return
WST0002668,R011,M0130,2025-08-11,13.7,164.95,Overproduction
WST0002669,R012,M0150,2025-09-07,1.0,12.61,Preparation Waste
WST0002670,R017,M0081,2026-09-22,8.3,36.85,Preparation Waste
WST0002671,R011,M0062,2026-05-16,8.4,104.92,Overproduction
WST0002672,R020,M0093,2025-08-27,0.8,10.55,Overproduction
WST0002673,R019,M0137,2026-02-13,13.4,75.44,Spoilage
WST0002674,R013,M0060,2026-03-08,11.6,149.87,Overproduction
WST0002675,R007,M0135,2026-09-21,2.4,19.7,Quality Rejection
WST0002676,R002,M0053,2026-03-09,10.6,65.51,Spoilage
WST0002677,R008,M0081,2026-07-25,4.8,21.31,Expired Ingredients
WST0002678,R014,M0121,2026-08-02,11.3,58.31,Expired Ingredients
WST0002679,R002,M0131,2025-12-06,1.5,14.12,Overproduction
WST0002680,R007,M0157,2025-10-09,13.5,46.3,Quality Rejection
WST0002681,R003,M0020,2026-01-15,0.7,3.57,Expired Ingredients
WST0002682,R015,M0041,2025-12-25,3.1,27.34,Expired Ingredients
WST0002683,R012,M0082,2026-02-11,8.2,54.86,Overproduction
WST0002684,R019,M0097,2025-12-21,1.8,14.26,Customer Return
WST0002685,R003,M0059,2026-06-01,10.2,141.17,Preparation Waste
WST0002686,R009,M0144,2026-07-17,2.1,24.34,Overproduction
WST0002687,R018,M0009,2026-08-11,10.5,89.36,Spoilage
WST0002688,R013,M0009,2025-07-31,14.5,123.4,Expired Ingredients
WST0002689,R012,M0098,2026-03-01,5.7,62.13,Overproduction
WST0002690,R004,M0152,2026-09-21,9.6,44.54,Preparation Waste
WST0002691,R014,M0045,2025-10-07,3.8,25.88,Preparation Waste
WST0002692,R019,M0123,2026-08-11,1.6,16.29,Overproduction
WST0002693,R003,M0157,2025-10-08,6.7,22.98,Expired Ingredients
WST0002694,R003,M0149,2025-09-26,3.8,26.3,Customer Return
WST0002695,R004,M0009,2026-01-16,3.7,31.49,Quality Rejection
WST0002696,R010,M0095,2025-12-15,14.1,60.35,Preparation Waste
WST0002697,R014,M0019,2026-06-13,3.7,22.9,Overproduction
WST0002698,R001,M0138,2026-08-13,1.6,12.21,Quality Rejection
WST0002699,R012,M0004,2026-02-19,4.0,22.48,Quality Rejection
WST0002700,R008,M0060,2026-01-09,7.1,91.73,Spoilage
WST0002701,R006,M0121,2026-06-07,13.7,70.69,Quality Rejection
WST0002702,R008,M0134,2025-08-11,13.5,179.14,Customer Return
WST0002703,R017,M0026,2025-10-01,0.6,3.14,Preparation Waste
WST0002704,R006,M0009,2026-05-28,4.8,40.85,Preparation Waste
WST0002705,R002,M0082,2026-09-10,7.7,51.51,Customer Return
WST0002706,R017,M0095,2026-04-07,13.4,57.35,Overproduction
WST0002707,R001,M0160,2025-11-18,0.6,5.49,Overproduction
WST0002708,R001,M0142,2026-05-26,13.6,166.06,Customer Return
WST0002709,R019,M0001,2025-12-27,2.4,9.36,Spoilage
WST0002710,R019,M0159,2025-11-07,2.3,15.66,Overproduction
WST0002711,R011,M0060,2025-11-02,7.7,99.48,Expired Ingredients
WST0002712,R013,M0016,2025-11-17,8.4,24.53,Preparation Waste
WST0002713,R001,M0157,2026-09-17,7.3,25.04,Quality Rejection
WST0002714,R003,M0052,2026-04-15,10.1,75.04,Overproduction
WST0002715,R004,M0134,2026-08-08,5.1,67.68,Preparation Waste
WST0002716,R019,M0052,2026-01-09,5.8,43.09,Overproduction
WST0002717,R003,M0157,2026-05-05,11.8,40.47,Overproduction
WST0002718,R018,M0106,2026-07-03,3.4,14.35,Preparation Waste
WST0002719,R019,M0062,2025-12-05,4.4,54.96,Expired Ingredients
WST0002720,R011,M0132,2026-07-13,14.1,42.86,Quality Rejection
WST0002721,R004,M0142,2026-09-05,5.1,62.27,Expired Ingredients
WST0002722,R013,M0150,2026-08-10,4.6,58.01,Expired Ingredients
WST0002723,R017,M0082,2026-01-02,6.5,43.48,Preparation Waste
WST0002724,R020,M0102,2025-09-15,11.4,99.75,Quality Rejection
WST0002725,R020,M0034,2026-02-28,1.2,14.18,Spoilage
WST0002726,R012,M0142,2026-06-05,6.7,81.81,Preparation Waste
WST0002727,R004,M0100,2026-05-18,1.8,15.34,Overproduction
WST0002728,R012,M0053,2026-08-17,3.7,22.87,Overproduction
WST0002729,R013,M0152,2026-01-05,3.4,15.78,Preparation Waste
WST0002730,R012,M0087,2026-06-30,4.0,19.72,Spoilage
WST0002731,R020,M0012,2026-01-13,2.9,13.49,Customer Return
WST0002732,R003,M0141,2026-02-02,1.4,14.73,Overproduction
WST0002733,R008,M0079,2026-05-15,4.8,16.18,Spoilage
WST0002734,R015,M0080,2026-06-05,1.9,12.31,Spoilage
WST0002735,R004,M0034,2026-08-25,2.2,26.0,Spoilage
WST0002736,R002,M0062,2025-09-26,11.7,146.13,Expired Ingredients
WST0002737,R018,M0024,2025-08-03,2.7,9.37,Overproduction
WST0002738,R014,M0148,2026-04-30,11.8,68.44,Expired Ingredients
WST0002739,R007,M0046,2026-02-08,2.8,27.69,Spoilage
WST0002740,R001,M0009,2026-01-26,8.9,75.74,Spoilage
WST0002741,R014,M0090,2026-03-18,4.6,24.06,Customer Return
WST0002742,R007,M0104,2025-11-06,8.6,52.29,Expired Ingredients
WST0002743,R007,M0095,2026-07-20,8.3,35.52,Quality Rejection
WST0002744,R018,M0130,2026-02-07,5.7,68.63,Customer Return
WST0002745,R008,M0156,2025-09-05,3.2,28.26,Spoilage
WST0002746,R012,M0058,2026-08-27,0.6,2.06,Overproduction
WST0002747,R007,M0009,2025-11-05,4.9,41.7,Expired Ingredients
WST0002748,R002,M0104,2026-08-13,6.2,37.7,Spoilage
WST0002749,R008,M0048,2026-08-31,4.5,14.85,Expired Ingredients
WST0002750,R001,M0099,2025-12-21,2.3,9.45,Preparation Waste
WST0002751,R007,M0151,2025-08-23,1.0,13.34,Preparation Waste
WST0002752,R019,M0048,2025-12-28,3.4,11.22,Expired Ingredients
WST0002753,R010,M0157,2026-04-10,14.6,50.08,Preparation Waste
WST0002754,R020,M0081,2025-08-30,4.7,20.87,Customer Return
WST0002755,R018,M0052,2026-04-29,13.1,97.33,Customer Return
WST0002756,R001,M0062,2026-08-09,7.5,93.68,Preparation Waste
WST0002757,R002,M0157,2025-08-15,6.7,22.98,Preparation Waste
WST0002758,R010,M0071,2026-08-24,3.6,42.66,Spoilage
WST0002759,R001,M0121,2026-01-31,10.7,55.21,Customer Return
WST0002760,R005,M0062,2026-03-31,10.1,126.15,Spoilage
WST0002761,R018,M0052,2026-01-20,6.8,50.52,Spoilage
WST0002762,R014,M0137,2026-03-03,10.1,56.86,Expired Ingredients
WST0002763,R014,M0127,2026-06-17,11.3,144.53,Quality Rejection
WST0002764,R013,M0088,2025-08-25,1.2,9.88,Customer Return
WST0002765,R013,M0042,2026-05-11,3.1,29.54,Customer Return
WST0002766,R003,M0138,2026-08-09,1.5,11.44,Quality Rejection
WST0002767,R005,M0037,2026-03-14,2.5,29.9,Expired Ingredients
WST0002768,R018,M0086,2025-08-19,3.2,24.48,Expired Ingredients
WST0002769,R002,M0104,2026-09-18,4.4,26.75,Quality Rejection
WST0002770,R003,M0136,2025-08-17,3.0,24.6,Customer Return
WST0002771,R003,M0081,2026-05-20,7.8,34.63,Customer Return
WST0002772,R002,M0098,2026-07-06,8.0,87.2,Quality Rejection
WST0002773,R013,M0142,2025-11-05,4.9,59.83,Customer Return
WST0002774,R019,M0042,2026-04-02,3.6,34.31,Spoilage
WST0002775,R001,M0109,2026-06-24,1.9,25.12,Preparation Waste
WST0002776,R007,M0130,2025-12-09,7.5,90.3,Preparation Waste
WST0002777,R011,M0040,2026-08-14,2.3,31.21,Preparation Waste
WST0002778,R006,M0016,2025-08-15,3.6,10.51,Quality Rejection
WST0002779,R019,M0078,2026-07-09,1.5,8.2,Customer Return
WST0002780,R020,M0082,2026-06-01,4.2,28.1,Customer Return
WST0002781,R017,M0009,2026-09-20,12.1,102.97,Customer Return
WST0002782,R010,M0101,2025-12-20,0.7,5.47,Quality Rejection
WST0002783,R019,M0105,2025-12-12,0.9,5.79,Customer Return
WST0002784,R006,M0054,2025-10-27,2.4,32.23,Customer Return
WST0002785,R012,M0098,2025-08-04,13.4,146.06,Preparation Waste
WST0002786,R001,M0152,2026-07-24,6.5,30.16,Customer Return
WST0002787,R006,M0059,2026-09-01,9.9,137.02,Preparation Waste
WST0002788,R005,M0052,2026-05-26,12.8,95.1,Spoilage
WST0002789,R008,M0066,2025-10-19,4.0,26.24,Spoilage
WST0002790,R020,M0099,2025-10-05,1.9,7.81,Customer Return
WST0002791,R007,M0130,2026-01-31,6.4,77.06,Expired Ingredients
WST0002792,R015,M0095,2025-09-09,11.6,49.65,Preparation Waste
WST0002793,R012,M0138,2026-06-16,5.0,38.15,Quality Rejection
WST0002794,R018,M0121,2026-04-25,8.5,43.86,Overproduction
WST0002795,R003,M0062,2026-05-05,11.8,147.38,Preparation Waste
WST0002796,R004,M0032,2026-05-13,0.6,6.3,Preparation Waste
WST0002797,R011,M0098,2025-12-14,7.3,79.57,Customer Return
WST0002798,R013,M0004,2026-07-13,1.3,7.31,Expired Ingredients
WST0002799,R004,M0022,2026-07-25,9.5,84.36,Customer Return
WST0002800,R001,M0081,2026-04-04,13.5,59.94,Customer Return
WST0002801,R009,M0098,2025-11-12,9.5,103.55,Expired Ingredients
WST0002802,R003,M0152,2025-11-08,9.0,41.76,Preparation Waste
WST0002803,R015,M0127,2026-07-20,12.2,156.04,Quality Rejection
WST0002804,R010,M0002,2026-05-27,2.5,21.2,Quality Rejection
WST0002805,R009,M0080,2025-11-06,1.5,9.72,Quality Rejection
WST0002806,R004,M0130,2025-12-29,7.1,85.48,Expired Ingredients
WST0002807,R002,M0148,2026-03-11,13.9,80.62,Preparation Waste
WST0002808,R005,M0125,2026-07-29,3.2,17.54,Spoilage
WST0002809,R007,M0137,2025-08-19,13.7,77.13,Spoilage
WST0002810,R004,M0137,2026-03-30,8.9,50.11,Spoilage
WST0002811,R011,M0130,2026-05-19,11.8,142.07,Customer Return
WST0002812,R020,M0060,2026-08-19,6.8,87.86,Preparation Waste
WST0002813,R010,M0013,2026-03-11,2.5,12.8,Quality Rejection
WST0002814,R018,M0104,2026-07-20,4.2,25.54,Preparation Waste
WST0002815,R013,M0048,2025-11-22,14.0,46.2,Expired Ingredients
WST0002816,R006,M0121,2025-08-14,13.3,68.63,Expired Ingredients
WST0002817,R007,M0156,2026-04-02,3.8,33.55,Preparation Waste
WST0002818,R018,M0053,2026-04-09,12.2,75.4,Overproduction
WST0002819,R020,M0078,2026-01-06,1.0,5.47,Overproduction
WST0002820,R011,M0124,2026-05-15,1.1,3.09,Overproduction
WST0002821,R014,M0094,2026-07-29,5.8,42.86,Preparation Waste
WST0002822,R007,M0022,2026-03-26,13.5,119.88,Overproduction
WST0002823,R007,M0048,2026-05-10,10.9,35.97,Preparation Waste
WST0002824,R011,M0052,2025-09-08,9.5,70.58,Quality Rejection
WST0002825,R014,M0034,2026-03-15,4.0,47.28,Spoilage
WST0002826,R004,M0095,2026-08-05,5.3,22.68,Customer Return
WST0002827,R008,M0052,2026-06-27,14.0,104.02,Preparation Waste
WST0002828,R003,M0011,2025-08-10,4.0,23.32,Expired Ingredients
WST0002829,R008,M0048,2026-06-03,6.3,20.79,Quality Rejection
WST0002830,R017,M0081,2025-08-02,10.2,45.29,Spoilage
WST0002831,R002,M0142,2026-03-30,13.0,158.73,Overproduction
WST0002832,R008,M0094,2025-08-15,3.0,22.17,Expired Ingredients
WST0002833,R003,M0062,2026-02-27,4.9,61.2,Customer Return
WST0002834,R002,M0094,2026-03-22,11.9,87.94,Customer Return
WST0002835,R012,M0058,2026-02-17,4.1,14.1,Quality Rejection
WST0002836,R020,M0032,2025-12-22,1.4,14.7,Customer Return
WST0002837,R008,M0053,2025-11-01,8.6,53.15,Customer Return
WST0002838,R014,M0094,2026-03-05,14.5,107.16,Spoilage
WST0002839,R009,M0049,2026-08-16,4.3,52.55,Overproduction
WST0002840,R013,M0062,2026-04-17,14.7,183.6,Spoilage
WST0002841,R009,M0117,2025-09-09,2.2,10.8,Customer Return
WST0002842,R003,M0017,2025-10-15,2.0,8.34,Quality Rejection
WST0002843,R003,M0052,2026-09-13,4.4,32.69,Quality Rejection
WST0002844,R013,M0121,2026-05-03,4.3,22.19,Preparation Waste
WST0002845,R002,M0056,2026-03-31,2.4,21.17,Expired Ingredients
WST0002846,R017,M0052,2025-09-22,7.5,55.72,Spoilage
WST0002847,R009,M0059,2026-06-19,5.5,76.12,Customer Return
WST0002848,R017,M0020,2026-05-11,4.6,23.46,Expired Ingredients
WST0002849,R012,M0103,2025-09-12,0.7,2.87,Customer Return
WST0002850,R016,M0092,2026-06-30,3.4,24.07,Expired Ingredients
WST0002851,R002,M0132,2026-06-24,11.8,35.87,Spoilage
WST0002852,R020,M0137,2025-08-09,3.5,19.7,Preparation Waste
WST0002853,R015,M0142,2026-02-23,8.1,98.9,Customer Return
WST0002854,R013,M0029,2026-05-07,4.1,23.49,Preparation Waste
WST0002855,R007,M0152,2025-12-21,9.8,45.47,Overproduction
WST0002856,R020,M0036,2026-08-25,2.4,6.98,Preparation Waste
WST0002857,R017,M0052,2026-01-16,12.2,90.65,Customer Return
WST0002858,R007,M0098,2026-05-27,4.7,51.23,Spoilage
WST0002859,R014,M0060,2025-10-30,10.6,136.95,Customer Return
WST0002860,R005,M0157,2025-12-08,6.3,21.61,Spoilage
WST0002861,R003,M0080,2026-02-03,2.4,15.55,Preparation Waste
WST0002862,R014,M0125,2026-06-18,3.1,16.99,Preparation Waste
WST0002863,R003,M0152,2026-03-04,7.5,34.8,Overproduction
WST0002864,R016,M0025,2026-01-05,1.6,4.1,Spoilage
WST0002865,R019,M0127,2026-04-06,9.1,116.39,Expired Ingredients
WST0002866,R004,M0002,2025-12-19,4.4,37.31,Customer Return
WST0002867,R011,M0024,2026-09-17,1.1,3.82,Spoilage
WST0002868,R003,M0048,2026-03-02,6.3,20.79,Overproduction
WST0002869,R010,M0101,2026-01-07,1.2,9.38,Customer Return
WST0002870,R002,M0052,2026-08-28,10.7,79.5,Preparation Waste
WST0002871,R016,M0048,2026-07-19,5.1,16.83,Spoilage
WST0002872,R015,M0052,2025-12-25,5.0,37.15,Customer Return
WST0002873,R007,M0074,2026-07-02,2.9,35.67,Spoilage
WST0002874,R014,M0137,2026-05-11,11.6,65.31,Customer Return
WST0002875,R008,M0127,2026-05-02,9.8,125.34,Spoilage
WST0002876,R005,M0016,2026-04-12,5.5,16.06,Quality Rejection
WST0002877,R017,M0102,2026-04-09,13.8,120.75,Overproduction
WST0002878,R011,M0130,2026-05-14,8.7,104.75,Quality Rejection
WST0002879,R016,M0046,2025-10-29,2.5,24.72,Preparation Waste
WST0002880,R013,M0052,2025-09-30,13.4,99.56,Overproduction
WST0002881,R009,M0002,2025-10-09,0.7,5.94,Spoilage
WST0002882,R006,M0094,2025-10-15,14.1,104.2,Expired Ingredients
WST0002883,R018,M0137,2026-04-26,8.1,45.6,Quality Rejection
WST0002884,R020,M0048,2026-03-22,8.5,28.05,Overproduction
WST0002885,R003,M0031,2026-05-16,4.9,28.86,Spoilage
WST0002886,R001,M0053,2026-01-16,11.3,69.83,Quality Rejection
WST0002887,R016,M0022,2026-03-12,12.4,110.11,Expired Ingredients
WST0002888,R002,M0022,2026-04-20,5.7,50.62,Expired Ingredients
WST0002889,R018,M0095,2026-01-03,9.8,41.94,Quality Rejection
WST0002890,R011,M0102,2026-07-22,14.2,124.25,Expired Ingredients
WST0002891,R013,M0052,2025-08-12,5.3,39.38,Expired Ingredients
WST0002892,R012,M0009,2026-04-02,14.0,119.14,Customer Return
WST0002893,R017,M0033,2025-12-26,2.0,25.18,Expired Ingredients
WST0002894,R002,M0121,2026-03-20,14.7,75.85,Customer Return
WST0002895,R017,M0059,2026-03-19,12.2,168.85,Quality Rejection
WST0002896,R007,M0077,2026-09-01,2.6,18.36,Expired Ingredients
WST0002897,R008,M0104,2026-06-21,13.7,83.3,Preparation Waste
WST0002898,R013,M0122,2026-07-06,3.9,20.44,Preparation Waste
WST0002899,R012,M0098,2026-07-12,9.5,103.55,Overproduction
WST0002900,R019,M0148,2025-12-22,12.5,72.5,Expired Ingredients
WST0002901,R002,M0059,2026-07-11,15.0,207.6,Overproduction
WST0002902,R003,M0132,2025-10-27,8.3,25.23,Spoilage
WST0002903,R002,M0063,2025-11-03,2.7,23.14,Preparation Waste
WST0002904,R009,M0060,2026-05-26,3.5,45.22,Overproduction
WST0002905,R006,M0104,2026-09-02,5.3,32.22,Expired Ingredients
WST0002906,R020,M0011,2026-09-07,0.5,2.92,Preparation Waste
WST0002907,R006,M0094,2025-08-15,11.4,84.25,Preparation Waste
WST0002908,R018,M0128,2026-03-12,2.8,15.32,Expired Ingredients
WST0002909,R005,M0095,2026-07-03,14.4,61.63,Preparation Waste
WST0002910,R013,M0095,2026-04-29,10.8,46.22,Spoilage
WST0002911,R020,M0129,2026-04-21,1.9,5.15,Expired Ingredients
WST0002912,R017,M0016,2026-09-10,7.5,21.9,Quality Rejection
WST0002913,R007,M0130,2026-06-19,14.6,175.78,Spoilage
WST0002914,R005,M0150,2026-09-01,1.8,22.7,Customer Return
WST0002915,R001,M0127,2026-07-11,7.0,89.53,Expired Ingredients
WST0002916,R011,M0016,2025-12-19,13.7,40.0,Preparation Waste
WST0002917,R007,M0094,2026-04-09,12.4,91.64,Overproduction
WST0002918,R006,M0148,2026-02-25,14.4,83.52,Expired Ingredients
WST0002919,R001,M0057,2025-08-30,2.7,25.95,Preparation Waste
WST0002920,R004,M0052,2026-07-16,7.5,55.72,Quality Rejection
WST0002921,R015,M0130,2026-03-14,6.0,72.24,Preparation Waste
WST0002922,R006,M0059,2026-04-01,3.5,48.44,Preparation Waste
WST0002923,R005,M0152,2025-09-17,5.4,25.06,Expired Ingredients
WST0002924,R020,M0091,2025-10-20,3.0,13.47,Expired Ingredients
WST0002925,R012,M0159,2025-12-06,4.2,28.6,Quality Rejection
WST0002926,R007,M0064,2025-09-16,3.7,38.85,Expired Ingredients
WST0002927,R009,M0128,2025-08-03,3.4,18.6,Spoilage
WST0002928,R008,M0095,2026-08-24,9.4,40.23,Preparation Waste
WST0002929,R008,M0012,2026-06-15,3.6,16.74,Quality Rejection
WST0002930,R016,M0059,2025-08-04,5.7,78.89,Spoilage
WST0002931,R009,M0151,2026-03-24,3.2,42.69,Spoilage
WST0002932,R003,M0095,2026-08-11,14.5,62.06,Overproduction
WST0002933,R010,M0052,2026-04-15,7.9,58.7,Quality Rejection
WST0002934,R008,M0016,2025-12-29,7.5,21.9,Quality Rejection
WST0002935,R012,M0157,2026-08-26,8.2,28.13,Customer Return
WST0002936,R010,M0041,2026-07-21,1.3,11.47,Preparation Waste
WST0002937,R004,M0081,2026-05-04,6.8,30.19,Quality Rejection
WST0002938,R020,M0137,2026-08-01,5.2,29.28,Quality Rejection
WST0002939,R012,M0016,2025-10-10,7.6,22.19,Quality Rejection
WST0002940,R019,M0140,2026-02-23,3.7,10.92,Quality Rejection
WST0002941,R004,M0112,2026-04-19,3.0,21.27,Overproduction
WST0002942,R017,M0132,2026-04-01,7.6,23.1,Overproduction
WST0002943,R019,M0048,2026-08-23,13.9,45.87,Preparation Waste
WST0002944,R013,M0132,2026-03-03,13.4,40.74,Overproduction
WST0002945,R019,M0022,2026-03-25,11.8,104.78,Spoilage
WST0002946,R008,M0142,2026-05-07,12.3,150.18,Customer Return
WST0002947,R008,M0094,2025-09-15,5.1,37.69,Customer Return
WST0002948,R011,M0111,2026-06-30,2.7,37.34,Quality Rejection
WST0002949,R014,M0132,2025-12-21,4.0,12.16,Expired Ingredients
WST0002950,R004,M0062,2026-01-24,7.8,97.42,Spoilage
WST0002951,R012,M0121,2026-08-14,3.6,18.58,Expired Ingredients
WST0002952,R001,M0048,2025-12-28,5.8,19.14,Expired Ingredients
WST0002953,R020,M0048,2025-09-08,5.0,16.5,Quality Rejection
WST0002954,R014,M0024,2025-08-29,3.8,13.19,Overproduction
WST0002955,R012,M0111,2026-01-24,1.3,17.98,Preparation Waste
WST0002956,R011,M0102,2026-08-11,12.2,106.75,Expired Ingredients
WST0002957,R016,M0142,2025-12-21,12.7,155.07,Overproduction
WST0002958,R016,M0148,2025-12-04,10.5,60.9,Overproduction
WST0002959,R014,M0030,2025-12-03,3.7,25.01,Expired Ingredients
WST0002960,R013,M0053,2026-02-27,4.1,25.34,Expired Ingredients
WST0002961,R010,M0046,2026-04-17,2.6,25.71,Spoilage
WST0002962,R018,M0064,2026-02-08,3.1,32.55,Quality Rejection
WST0002963,R007,M0132,2026-01-25,8.2,24.93,Spoilage
WST0002964,R005,M0142,2025-12-19,4.3,52.5,Customer Return
WST0002965,R007,M0152,2026-02-24,8.5,39.44,Quality Rejection
WST0002966,R010,M0067,2026-01-25,3.5,21.21,Overproduction
WST0002967,R004,M0048,2026-06-14,7.0,23.1,Quality Rejection
WST0002968,R011,M0130,2026-08-08,14.4,173.38,Overproduction
WST0002969,R019,M0076,2025-09-01,2.8,25.98,Preparation Waste
WST0002970,R003,M0152,2026-02-18,13.1,60.78,Expired Ingredients
WST0002971,R016,M0101,2026-03-27,1.2,9.38,Spoilage
WST0002972,R004,M0147,2026-03-17,2.5,28.35,Preparation Waste
WST0002973,R012,M0077,2026-05-24,40.0,5.65,Overproduction
WST0002974,R010,M0009,2025-08-25,3.3,28.08,Quality Rejection
WST0002975,R013,M0094,2026-04-19,5.7,42.12,Quality Rejection
WST0002976,R013,M0113,2025-11-07,4.5,39.06,Customer Return
WST0002977,R002,M0053,2025-09-09,8.8,54.38,Spoilage
WST0002978,R006,M0130,2026-08-02,10.7,128.83,Quality Rejection
WST0002979,R010,M0009,2026-05-15,10.5,89.36,Customer Return
WST0002980,R018,M0052,2026-07-27,11.2,83.22,Overproduction
WST0002981,R013,M0142,2026-03-24,10.3,125.76,Preparation Waste
WST0002982,R011,M0104,2025-11-19,12.6,76.61,Preparation Waste
WST0002983,R015,M0059,2025-11-13,4.1,56.74,Customer Return
WST0002984,R017,M0104,2025-09-18,8.8,53.5,Expired Ingredients
WST0002985,R007,M0009,2026-09-04,11.0,93.61,Overproduction
WST0002986,R005,M0044,2026-06-20,2.2,17.47,Customer Return
WST0002987,R002,M0021,2026-07-06,1.1,7.06,Quality Rejection
WST0002988,R014,M0059,2025-11-19,13.0,179.92,Quality Rejection
WST0002989,R020,M0130,2025-08-20,11.8,142.07,Preparation Waste
WST0002990,R016,M0104,2026-06-17,13.4,81.47,Preparation Waste
WST0002991,R010,M0098,2025-12-03,10.0,109.0,Quality Rejection
WST0002992,R002,M0053,2026-04-03,8.7,53.77,Quality Rejection
WST0002993,R011,M0045,2025-08-24,3.2,21.79,Customer Return
WST0002994,R020,M0095,2025-08-24,13.6,58.21,Quality Rejection
WST0002995,R016,M0048,2026-06-14,12.0,39.6,Overproduction
WST0002996,R007,M0052,2026-07-15,9.3,69.1,Customer Return
WST0002997,R010,M0022,2026-02-22,6.3,55.94,Customer Return
WST0002998,R015,M0079,2026-06-26,220.00000000000003,14.83,Quality Rejection
WST0002999,R011,M0098,2026-04-23,6.4,69.76,Overproduction
WST0003000,R003,M0062,2026-05-06,8.4,104.92,Quality Rejection
WST0003001,R019,M0037,2025-11-08,3.8,45.45,Quality Rejection
WST0003002,R008,M0136,2026-06-17,1.4,11.48,Overproduction
WST0003003,R002,M0127,2026-07-27,9.6,122.78,Overproduction
WST0003004,R007,M0121,2026-03-28,13.8,71.21,Preparation Waste
WST0003005,R017,M0032,2026-02-07,4.2,44.1,Quality Rejection
WST0003006,R018,M0009,2026-09-02,8.3,70.63,Spoilage
WST0003007,R016,M0081,2026-03-25,12.1,53.72,Spoilage
WST0003008,R011,M0081,2026-07-13,5.0,22.2,Spoilage
WST0003009,R013,M0148,2026-04-24,4.2,24.36,Expired Ingredients
WST0003010,R001,M0095,2025-09-12,12.2,52.22,Overproduction
WST0003011,R011,M0144,2026-01-02,2.7,31.29,Spoilage
WST0003012,R001,M0121,2025-11-30,12.1,62.44,Overproduction
WST0003013,R004,M0126,2026-06-15,4.5,33.84,Spoilage
WST0003014,R005,M0048,2026-04-20,11.2,36.96,Preparation Waste
WST0003015,R018,M0084,2025-12-21,1.1,5.4,Customer Return
WST0003016,R008,M0107,2026-02-11,1.7,9.18,Expired Ingredients
WST0003017,R018,M0141,2025-10-18,1.0,10.52,Preparation Waste
WST0003018,R006,M0060,2026-09-22,14.2,183.46,Expired Ingredients
WST0003019,R014,M0092,2026-07-16,3.5,24.78,Overproduction
WST0003020,R009,M0111,2026-01-07,1.2,16.6,Preparation Waste
WST0003021,R020,M0082,2026-05-27,13.9,92.99,Overproduction
WST0003022,R011,M0055,2025-11-11,3.2,32.74,Expired Ingredients
WST0003023,R006,M0130,2026-08-11,5.3,63.81,Quality Rejection
WST0003024,R018,M0048,2026-03-02,4.7,15.51,Expired Ingredients
WST0003025,R004,M0035,2025-11-24,2.0,21.14,Expired Ingredients
WST0003026,R012,M0007,2026-03-01,1.2,7.57,Spoilage
WST0003027,R009,M0060,2025-09-21,5.9,76.23,Expired Ingredients
WST0003028,R017,M0051,2026-05-31,1.1,15.28,Customer Return
WST0003029,R019,M0121,2026-01-22,5.7,29.41,Expired Ingredients
WST0003030,R012,M0062,2026-09-21,3.8,47.46,Quality Rejection
WST0003031,R010,M0082,2026-06-10,9.6,64.22,Customer Return
WST0003032,R005,M0148,2025-08-23,14.4,83.52,Customer Return
WST0003033,R014,M0143,2025-09-13,4.8,16.22,Preparation Waste
WST0003034,R003,M0082,2025-10-19,13.4,89.65,Customer Return
WST0003035,R016,M0115,2025-11-01,1.1,10.1,Spoilage
WST0003036,R011,M0104,2025-08-19,13.3,80.86,Quality Rejection
WST0003037,R016,M0104,2026-08-29,4.0,24.32,Spoilage
WST0003038,R001,M0059,2026-08-12,14.4,199.3,Overproduction
WST0003039,R020,M0130,2025-09-09,13.0,156.52,Customer Return
WST0003040,R004,M0048,2025-09-26,10.1,33.33,Preparation Waste
WST0003041,R011,M0050,2026-06-24,3.0,37.77,Quality Rejection
WST0003042,R003,M0089,2025-08-31,3.3,19.01,Preparation Waste
WST0003043,R020,M0121,2025-10-10,4.1,21.16,Overproduction
WST0003044,R002,M0062,2026-08-24,14.2,177.36,Overproduction
WST0003045,R010,M0132,2026-04-24,9.1,27.66,Preparation Waste
WST0003046,R003,M0142,2026-06-14,12.5,152.62,Expired Ingredients
WST0003047,R017,M0127,2026-08-17,8.9,113.83,Preparation Waste
WST0003048,R016,M0050,2026-07-10,3.4,42.81,Customer Return
WST0003049,R012,M0094,2026-04-25,13.6,100.5,Quality Rejection
WST0003050,R002,M0078,2026-08-24,2.1,11.49,Customer Return
WST0003051,R003,M0100,2026-09-09,1.6,13.63,Customer Return
WST0003052,R004,M0059,2026-06-16,3.1,42.9,Quality Rejection
WST0003053,R016,M0157,2025-11-29,12.5,42.88,Quality Rejection
WST0003054,R010,M0147,2026-08-03,1.5,17.01,Quality Rejection
WST0003055,R017,M0063,2026-01-24,0.6,5.14,Customer Return
WST0003056,R009,M0130,2026-05-03,11.2,134.85,Overproduction
WST0003057,R002,M0134,2026-01-24,7.4,98.2,Expired Ingredients
WST0003058,R017,M0142,2026-08-11,11.4,139.19,Overproduction
WST0003059,R014,M0094,2025-11-11,6.0,44.34,Quality Rejection
WST0003060,R008,M0134,2026-05-27,11.9,157.91,Quality Rejection
WST0003061,R012,M0091,2026-04-24,3.4,15.27,Quality Rejection
WST0003062,R002,M0142,2026-05-08,10.3,125.76,Spoilage
WST0003063,R011,M0062,2025-09-15,14.9,186.1,Quality Rejection
WST0003064,R018,M0079,2025-10-06,3.0,10.11,Customer Return
WST0003065,R005,M0102,2025-09-16,12.6,110.25,Overproduction
WST0003066,R009,M0012,2025-09-13,1.1,5.12,Expired Ingredients
WST0003067,R002,M0105,2026-03-02,2.3,14.79,Expired Ingredients
WST0003068,R016,M0130,2025-09-19,12.8,154.11,Overproduction
WST0003069,R003,M0016,2026-06-19,3.9,11.39,Quality Rejection
WST0003070,R004,M0106,2026-07-24,2.8,11.82,Quality Rejection
WST0003071,R004,M0114,2026-06-25,0.9,6.93,Quality Rejection
WST0003072,R017,M0132,2025-11-12,14.0,42.56,Expired Ingredients
WST0003073,R006,M0041,2026-05-22,2.0,17.64,Overproduction
WST0003074,R002,M0055,2025-08-16,3.0,30.69,Preparation Waste
WST0003075,R012,M0153,2026-01-05,1.0,13.94,Expired Ingredients
WST0003076,R005,M0059,2025-10-15,12.3,170.23,Preparation Waste
WST0003077,R004,M0060,2025-09-14,14.1,182.17,Expired Ingredients
WST0003078,R010,M0012,2026-01-06,3.4,15.81,Expired Ingredients
WST0003079,R017,M0127,2026-05-04,14.6,186.73,Spoilage
WST0003080,R015,M0130,2025-12-30,14.9,179.4,Overproduction
WST0003081,R016,M0098,2025-11-11,12.1,131.89,Quality Rejection
WST0003082,R014,M0039,2025-09-08,2.2,18.57,Preparation Waste
WST0003083,R012,M0064,2026-03-09,2.9,30.45,Quality Rejection
WST0003084,R016,M0142,2026-08-03,14.6,178.27,Expired Ingredients
WST0003085,R010,M0112,2026-06-06,1.9,13.47,Overproduction
WST0003086,R012,M0127,2025-10-22,12.5,159.88,Expired Ingredients
WST0003087,R009,M0130,2026-03-09,14.0,168.56,Spoilage
WST0003088,R003,M0053,2026-02-03,14.2,87.76,Overproduction
WST0003089,R018,M0133,2025-09-17,4.5,26.19,Preparation Waste
WST0003090,R020,M0132,2025-09-09,11.4,34.66,Customer Return
WST0003091,R001,M0082,2026-02-04,12.7,84.96,Quality Rejection
WST0003092,R013,M0026,2025-12-02,2.3,12.03,Quality Rejection
WST0003093,R018,M0121,2025-09-24,9.8,50.57,Overproduction
WST0003094,R016,M0022,2025-09-04,13.5,119.88,Overproduction
WST0003095,R005,M0008,2025-08-19,3.9,30.93,Overproduction
WST0003096,R015,M0148,2026-01-17,7.4,42.92,Overproduction
WST0003097,R006,M0130,2026-08-08,8.7,104.75,Preparation Waste
WST0003098,R020,M0048,2025-09-24,13.0,42.9,Customer Return
WST0003099,R007,M0074,2026-09-16,2.2,27.06,Expired Ingredients
WST0003100,R007,M0060,2025-12-31,4.5,58.14,Preparation Waste
WST0003101,R006,M0039,2025-12-06,3.1,26.16,Quality Rejection
WST0003102,R005,M0062,2025-09-03,10.7,133.64,Spoilage
WST0003103,R011,M0116,2025-10-02,2.6,18.9,Expired Ingredients
WST0003104,R005,M0094,2026-01-04,3.6,26.6,Expired Ingredients
WST0003105,R005,M0113,2025-11-08,1.7,14.76,Quality Rejection
WST0003106,R011,M0102,2025-11-07,3.8,33.25,Overproduction
WST0003107,R006,M0140,2026-01-19,2.1,6.2,Overproduction
WST0003108,R016,M0137,2026-03-02,14.7,82.76,Expired Ingredients
WST0003109,R003,M0130,2025-09-06,7.7,92.71,Quality Rejection
WST0003110,R008,M0049,2026-06-06,2.4,29.33,Overproduction
WST0003111,R006,M0134,2026-07-31,10.5,139.34,Preparation Waste
WST0003112,R001,M0081,2026-08-18,8.9,39.52,Expired Ingredients
WST0003113,R014,M0052,2026-04-02,15.0,111.45,Spoilage
WST0003114,R005,M0081,2026-07-16,6.2,27.53,Quality Rejection
WST0003115,R019,M0152,2026-04-09,11.6,53.82,Overproduction
WST0003116,R016,M0052,2026-04-17,11.4,84.7,Spoilage
WST0003117,R015,M0137,2026-03-22,3.1,17.45,Overproduction
WST0003118,R012,M0127,2025-09-02,3.7,47.32,Overproduction
WST0003119,R019,M0094,2026-01-02,11.4,84.25,Overproduction
WST0003120,R002,M0107,2026-02-27,2.7,14.58,Customer Return
WST0003121,R013,M0102,2026-01-29,11.3,98.88,Customer Return
WST0003122,R007,M0102,2026-07-07,7.5,65.62,Overproduction
WST0003123,R019,M0152,2025-11-08,4.9,22.74,Quality Rejection
WST0003124,R011,M0134,2026-08-11,6.3,83.6,Overproduction
WST0003125,R010,M0115,2026-03-19,2.9,26.62,Preparation Waste
WST0003126,R013,M0061,2026-07-27,1.3,5.0,Customer Return
WST0003127,R012,M0095,2026-01-08,13.5,57.78,Expired Ingredients
WST0003128,R007,M0058,2026-03-19,0.6,2.06,Customer Return
WST0003129,R019,M0016,2025-08-31,13.3,38.84,Customer Return
WST0003130,R005,M0022,2026-09-15,13.3,118.1,Spoilage
WST0003131,R016,M0094,2026-01-29,7.9,58.38,Preparation Waste
WST0003132,R017,M0019,2026-01-14,2.5,15.48,Expired Ingredients
WST0003133,R010,M0137,2026-05-04,8.5,47.86,Preparation Waste
WST0003134,R005,M0041,2026-03-13,0.5,4.41,Expired Ingredients
WST0003135,R012,M0142,2026-09-14,8.1,98.9,Overproduction
WST0003136,R007,M0101,2025-08-27,2.3,17.99,Spoilage
WST0003137,R001,M0081,2025-10-22,7.1,31.52,Quality Rejection
WST0003138,R011,M0052,2025-09-13,8.5,63.16,Overproduction
WST0003139,R020,M0160,2026-06-02,4.6,42.09,Overproduction
WST0003140,R005,M0037,2025-11-20,2.1,25.12,Preparation Waste
WST0003141,R011,M0135,2025-10-09,1.2,9.85,Preparation Waste
WST0003142,R017,M0052,2026-04-18,3.4,25.26,Quality Rejection
WST0003143,R016,M0081,2025-12-09,3.7,16.43,Customer Return
WST0003144,R010,M0040,2026-06-14,2.3,31.21,Customer Return
WST0003145,R020,M0133,2025-09-30,1.6,9.31,Quality Rejection
WST0003146,R020,M0052,2026-08-08,7.9,58.7,Spoilage
WST0003147,R016,M0053,2026-09-03,4.2,25.96,Customer Return
WST0003148,R013,M0137,2025-08-06,11.8,66.43,Expired Ingredients
WST0003149,R003,M0144,2025-10-17,4.0,46.36,Customer Return
WST0003150,R002,M0052,2025-12-23,7.9,58.7,Quality Rejection
WST0003151,R010,M0080,2025-12-15,1.5,9.72,Spoilage
WST0003152,R018,M0083,2025-08-30,4.0,50.2,Preparation Waste
WST0003153,R001,M0029,2025-11-09,1.4,8.02,Quality Rejection
WST0003154,R001,M0136,2025-12-22,3.5,28.7,Quality Rejection
WST0003155,R016,M0136,2025-08-28,3.8,31.16,Overproduction
WST0003156,R011,M0062,2026-09-11,10.9,136.14,Spoilage
WST0003157,R014,M0004,2025-08-23,3.5,19.67,Overproduction
WST0003158,R011,M0148,2025-10-31,6.6,38.28,Overproduction
WST0003159,R010,M0043,2026-09-22,4.5,13.64,Overproduction
WST0003160,R010,M0062,2026-01-03,4.7,58.7,Spoilage
WST0003161,R004,M0015,2026-05-19,2.7,18.04,Overproduction
WST0003162,R010,M0159,2026-07-25,4.8,32.69,Expired Ingredients
WST0003163,R006,M0059,2025-11-08,7.3,101.03,Customer Return
WST0003164,R020,M0039,2025-09-13,4.8,40.51,Quality Rejection
WST0003165,R001,M0137,2025-10-24,3.0,16.89,Customer Return
WST0003166,R014,M0053,2026-09-01,13.7,84.67,Quality Rejection
WST0003167,R010,M0072,2025-10-16,4.7,25.1,Quality Rejection
WST0003168,R013,M0025,2026-04-15,2.5,6.4,Preparation Waste
WST0003169,R014,M0048,2026-08-21,10.2,33.66,Overproduction
WST0003170,R005,M0047,2026-02-18,2.4,18.65,Spoilage
WST0003171,R004,M0106,2026-02-13,2.3,9.71,Spoilage
WST0003172,R013,M0121,2025-08-21,12.5,64.5,Customer Return
WST0003173,R008,M0102,2025-10-03,13.8,120.75,Quality Rejection
WST0003174,R017,M0019,2025-11-22,3.6,22.28,Customer Return
WST0003175,R020,M0089,2026-04-05,2.4,13.82,Quality Rejection
WST0003176,R014,M0018,2026-01-04,4.5,48.92,Quality Rejection
WST0003177,R019,M0157,2025-10-24,10.5,36.02,Customer Return
WST0003178,R010,M0132,2025-11-08,8.4,25.54,Preparation Waste
WST0003179,R007,M0016,2026-08-18,7.0,20.44,Expired Ingredients
WST0003180,R020,M0158,2026-07-06,2.3,20.17,Customer Return
WST0003181,R020,M0132,2026-08-03,4.8,14.59,Preparation Waste
WST0003182,R012,M0111,2025-11-23,3.5,48.4,Quality Rejection
WST0003183,R011,M0060,2025-09-09,12.3,158.92,Preparation Waste
WST0003184,R009,M0148,2026-09-12,10.5,60.9,Quality Rejection
WST0003185,R003,M0070,2026-03-21,3.8,46.28,Overproduction
WST0003186,R020,M0066,2026-05-11,4.2,27.55,Expired Ingredients
WST0003187,R010,M0101,2026-03-18,2.4,18.77,Customer Return
WST0003188,R015,M0134,2026-03-01,11.3,149.95,Spoilage
WST0003189,R001,M0059,2025-11-17,7.8,107.95,Spoilage
WST0003190,R017,M0095,2026-09-03,7.2,30.82,Preparation Waste
WST0003191,R014,M0059,2026-01-23,9.7,134.25,Customer Return
WST0003192,R018,M0134,2026-05-30,10.8,143.32,Spoilage
WST0003193,R020,M0115,2026-03-12,0.8,7.34,Overproduction
WST0003194,R018,M0004,2025-10-08,3.6,20.23,Spoilage
WST0003195,R005,M0048,2026-03-22,4.4,14.52,Overproduction
WST0003196,R014,M0013,2026-04-26,4.9,25.09,Expired Ingredients
WST0003197,R001,M0082,2025-12-03,14.9,99.68,Overproduction
WST0003198,R003,M0048,2026-03-10,12.5,41.25,Preparation Waste
WST0003199,R002,M0050,2025-10-04,4.9,61.69,Spoilage
WST0003200,R011,M0122,2026-01-29,4.6,24.1,Expired Ingredients
WST0003201,R001,M0053,2025-09-22,13.7,84.67,Overproduction
WST0003202,R012,M0125,2026-01-06,2.5,13.7,Spoilage
WST0003203,R012,M0145,2025-09-11,4.9,61.3,Overproduction
WST0003204,R013,M0060,2025-12-20,4.4,56.85,Spoilage
WST0003205,R009,M0048,2025-10-20,6.6,21.78,Customer Return
WST0003206,R008,M0142,2026-09-06,4.1,50.06,Spoilage
WST0003207,R010,M0119,2025-08-26,1.6,6.86,Customer Return
WST0003208,R017,M0051,2026-01-13,2.5,34.72,Customer Return
WST0003209,R011,M0124,2026-09-11,2.7,7.59,Expired Ingredients
WST0003210,R008,M0061,2026-07-05,3.6,13.86,Customer Return
WST0003211,R007,M0121,2025-12-16,7.6,39.22,Overproduction
WST0003212,R017,M0121,2026-09-12,9.6,49.54,Preparation Waste
WST0003213,R002,M0153,2026-03-28,4.5,62.73,Spoilage
WST0003214,R013,M0022,2025-08-15,11.8,104.78,Spoilage
WST0003215,R013,M0013,2026-07-14,2.4,12.29,Preparation Waste
WST0003216,R019,M0059,2026-06-30,9.3,128.71,Preparation Waste
WST0003217,R003,M0045,2025-08-05,1.2,8.17,Spoilage
WST0003218,R017,M0138,2026-06-17,2.5,19.08,Quality Rejection
WST0003219,R010,M0053,2026-02-02,690.0,85.28,Overproduction
WST0003220,R007,M0064,2025-09-13,3.5,36.75,Customer Return
WST0003221,R011,M0094,2026-03-08,7.6,56.16,Preparation Waste
WST0003222,R015,M0042,2026-05-10,3.2,30.5,Expired Ingredients
WST0003223,R016,M0137,2026-07-22,13.7,77.13,Quality Rejection
WST0003224,R020,M0095,2026-06-09,14.1,60.35,Preparation Waste
WST0003225,R005,M0127,2026-07-01,13.1,167.55,Expired Ingredients
WST0003226,R010,M0009,2026-06-13,13.0,110.63,Spoilage
WST0003227,R006,M0009,2025-11-28,3.7,31.49,Overproduction
WST0003228,R012,M0128,2026-03-09,1.5,8.2,Overproduction
WST0003229,R001,M0082,2026-05-01,6.9,46.16,Spoilage
WST0003230,R006,M0127,2025-10-31,7.4,94.65,Quality Rejection
WST0003231,R016,M0068,2025-11-20,4.7,51.0,Preparation Waste
WST0003232,R002,M0132,2026-06-08,7.4,22.5,Overproduction
WST0003233,R017,M0138,2026-09-02,2.6,19.84,Overproduction
WST0003234,R010,M0061,2025-09-05,4.1,15.78,Preparation Waste
WST0003235,R007,M0160,2026-06-11,4.2,38.43,Expired Ingredients
WST0003236,R008,M0120,2026-01-13,4.9,35.28,Quality Rejection
WST0003237,R014,M0134,2026-04-21,7.2,95.54,Customer Return
WST0003238,R014,M0095,2026-04-23,11.4,48.79,Preparation Waste
WST0003239,R006,M0104,2026-07-24,4.4,26.75,Spoilage
WST0003240,R004,M0053,2026-02-03,9.5,58.71,Preparation Waste
WST0003241,R006,M0081,2025-11-25,13.9,61.72,Preparation Waste
WST0003242,R017,M0157,2026-03-27,13.2,45.28,Expired Ingredients
WST0003243,R014,M0043,2025-11-05,2.0,6.06,Customer Return
WST0003244,R017,M0048,2026-08-23,11.9,39.27,Customer Return
WST0003245,R015,M0130,2025-11-18,10.2,122.81,Expired Ingredients
WST0003246,R018,M0031,2025-09-09,2.6,15.31,Customer Return
WST0003247,R010,M0098,2026-08-08,14.3,155.87,Preparation Waste
WST0003248,R005,M0154,2026-07-31,4.2,21.34,Overproduction
WST0003249,R002,M0048,2025-09-18,7.7,25.41,Preparation Waste
WST0003250,R020,M0070,2026-04-07,3.2,38.98,Quality Rejection
WST0003251,R004,M0098,2025-12-22,12.8,139.52,Spoilage
WST0003252,R005,M0102,2026-08-18,5.8,50.75,Expired Ingredients
WST0003253,R015,M0095,2026-04-11,12.8,54.78,Preparation Waste
WST0003254,R013,M0143,2026-07-03,3.5,11.83,Overproduction
WST0003255,R009,M0127,2025-12-22,7.5,95.92,Overproduction
WST0003256,R014,M0152,2025-09-10,5.9,27.38,Preparation Waste
WST0003257,R017,M0095,2026-07-16,12.3,52.64,Spoilage
WST0003258,R010,M0094,2026-07-10,9.5,70.2,Expired Ingredients
WST0003259,R016,M0009,2025-08-31,12.0,102.12,Expired Ingredients
WST0003260,R014,M0148,2025-08-14,7.3,42.34,Customer Return
WST0003261,R003,M0067,2026-04-25,2.5,15.15,Overproduction
WST0003262,R014,M0029,2025-10-30,2.2,12.61,Spoilage
WST0003263,R013,M0157,2026-05-15,5.4,18.52,Overproduction
WST0003264,R002,M0062,2026-06-19,7.8,97.42,Customer Return
WST0003265,R007,M0120,2026-08-18,1.9,13.68,Preparation Waste
WST0003266,R018,M0016,2025-10-25,8.6,25.11,Preparation Waste
WST0003267,R014,M0060,2026-05-19,7.4,95.61,Preparation Waste
WST0003268,R018,M0103,2026-05-27,1.7,6.97,Customer Return
WST0003269,R003,M0142,2025-10-17,11.3,137.97,Quality Rejection
WST0003270,R013,M0090,2025-08-23,2.8,14.64,Spoilage
WST0003271,R004,M0068,2026-09-13,3.7,40.15,Preparation Waste
WST0003272,R003,M0021,2025-11-27,4.8,30.82,Preparation Waste
WST0003273,R003,M0059,2026-06-07,12.6,174.38,Customer Return
WST0003274,R001,M0012,2026-02-26,2.0,9.3,Spoilage
WST0003275,R013,M0076,2026-09-21,2.0,18.56,Quality Rejection
WST0003276,R016,M0016,2026-08-19,7.4,21.61,Customer Return
WST0003277,R005,M0082,2026-02-13,6.4,42.82,Quality Rejection
WST0003278,R002,M0060,2026-02-03,8.2,105.94,Customer Return
WST0003279,R003,M0060,2025-07-31,11.0,142.12,Preparation Waste
WST0003280,R015,M0132,2026-01-03,9.3,28.27,Spoilage
WST0003281,R020,M0039,2026-08-10,1.1,9.28,Overproduction
WST0003282,R016,M0022,2025-11-05,13.6,120.77,Preparation Waste
WST0003283,R008,M0055,2026-06-30,1.1,11.25,Customer Return
WST0003284,R004,M0157,2026-01-05,9.0,30.87,Overproduction
WST0003285,R001,M0127,2026-05-20,6.8,86.97,Spoilage
WST0003286,R019,M0142,2025-09-17,14.8,180.71,Preparation Waste
WST0003287,R006,M0148,2025-10-22,5.5,31.9,Customer Return
WST0003288,R003,M0067,2025-10-03,3.5,21.21,Quality Rejection
WST0003289,R016,M0095,2026-01-20,14.6,62.49,Preparation Waste
WST0003290,R007,M0130,2025-12-24,11.8,142.07,Customer Return
WST0003291,R017,M0087,2026-02-25,0.5,2.46,Overproduction
WST0003292,R007,M0087,2026-09-10,0.8,3.94,Overproduction
WST0003293,R017,M0109,2026-01-31,2.1,27.76,Quality Rejection
WST0003294,R010,M0130,2026-07-31,13.5,162.54,Overproduction
WST0003295,R020,M0059,2026-02-20,10.9,150.86,Expired Ingredients
WST0003296,R016,M0083,2026-01-09,4.8,60.24,Expired Ingredients
WST0003297,R006,M0134,2026-01-21,14.1,187.11,Spoilage
WST0003298,R020,M0060,2025-12-31,12.5,161.5,Overproduction
WST0003299,R010,M0104,2026-02-05,11.6,70.53,Customer Return
WST0003300,R018,M0134,2025-12-03,14.6,193.74,Customer Return
WST0003301,R006,M0059,2025-11-08,13.2,182.69,Preparation Waste
WST0003302,R012,M0130,2026-06-11,12.9,155.32,Quality Rejection
WST0003303,R015,M0095,2025-08-28,13.1,56.07,Quality Rejection
WST0003304,R014,M0060,2025-10-27,3.4,43.93,Expired Ingredients
WST0003305,R011,M0098,2025-09-29,4.9,53.41,Overproduction
WST0003306,R009,M0043,2025-09-30,2.5,7.57,Overproduction
WST0003307,R020,M0139,2026-08-03,1.1,11.51,Customer Return
WST0003308,R018,M0152,2025-11-17,11.5,53.36,Preparation Waste
WST0003309,R006,M0098,2026-08-25,12.8,139.52,Spoilage
WST0003310,R010,M0127,2025-12-22,10.9,139.41,Preparation Waste
WST0003311,R004,M0152,2026-03-24,3.6,16.7,Preparation Waste
WST0003312,R002,M0074,2025-09-23,1.2,14.76,Overproduction
WST0003313,R001,M0138,2026-01-04,2.6,19.84,Quality Rejection
WST0003314,R020,M0132,2026-03-13,11.3,34.35,Spoilage
WST0003315,R011,M0104,2026-02-26,14.8,89.98,Overproduction
WST0003316,R011,M0029,2026-04-03,2.6,14.9,Expired Ingredients
WST0003317,R016,M0032,2026-07-02,3.3,34.65,Quality Rejection
WST0003318,R001,M0052,2025-08-27,3.9,28.98,Overproduction
WST0003319,R004,M0149,2025-12-07,4.8,33.22,Quality Rejection
WST0003320,R013,M0143,2026-01-08,3.2,10.82,Preparation Waste
WST0003321,R020,M0140,2026-09-17,3.3,9.74,Spoilage
WST0003322,R011,M0150,2026-04-17,2.7,34.05,Customer Return
WST0003323,R009,M0037,2026-02-03,3.0,35.88,Preparation Waste
WST0003324,R009,M0142,2026-05-13,14.1,172.16,Expired Ingredients
WST0003325,R009,M0082,2026-06-29,14.5,97.01,Spoilage
WST0003326,R012,M0104,2026-05-13,5.6,34.05,Customer Return
WST0003327,R012,M0022,2026-05-19,11.5,102.12,Expired Ingredients
WST0003328,R017,M0104,2025-12-11,9.0,54.72,Quality Rejection
WST0003329,R020,M0139,2026-01-21,3.7,38.7,Customer Return
WST0003330,R010,M0024,2026-02-12,3.7,12.84,Expired Ingredients
WST0003331,R008,M0157,2026-03-27,13.1,44.93,Overproduction
WST0003332,R013,M0012,2026-03-08,4.3,20.0,Quality Rejection
WST0003333,R002,M0111,2026-01-26,3.1,42.87,Preparation Waste
WST0003334,R007,M0157,2025-12-24,9.9,33.96,Quality Rejection
WST0003335,R005,M0157,2025-10-16,6.2,21.27,Customer Return
WST0003336,R014,M0052,2026-03-10,4.2,31.21,Quality Rejection
WST0003337,R011,M0102,2026-01-17,6.9,60.38,Expired Ingredients
WST0003338,R010,M0098,2026-02-26,7.4,80.66,Overproduction
WST0003339,R014,M0003,2025-10-22,3.1,29.08,Overproduction
WST0003340,R017,M0132,2026-01-04,7.9,24.02,Overproduction
WST0003341,R018,M0142,2025-12-25,3.4,41.51,Quality Rejection
WST0003342,R006,M0093,2025-12-17,2.5,32.98,Expired Ingredients
WST0003343,R003,M0022,2025-09-26,3.8,33.74,Preparation Waste
WST0003344,R008,M0149,2026-08-28,2.2,15.22,Spoilage
WST0003345,R014,M0152,2026-05-24,10.5,48.72,Customer Return
WST0003346,R004,M0059,2026-05-20,9.1,125.94,Overproduction
WST0003347,R018,M0042,2025-09-16,1.5,14.29,Expired Ingredients
WST0003348,R007,M0133,2025-08-08,3.0,17.46,Spoilage
WST0003349,R012,M0094,2026-06-22,3.0,22.17,Expired Ingredients
WST0003350,R003,M0095,2025-10-09,9.7,41.52,Expired Ingredients
WST0003351,R009,M0107,2026-02-22,3.0,16.2,Customer Return
WST0003352,R020,M0059,2025-08-01,3.3,45.67,Overproduction
WST0003353,R012,M0082,2025-12-19,5.2,34.79,Overproduction
WST0003354,R014,M0087,2025-11-20,4.8,23.66,Customer Return
WST0003355,R004,M0088,2025-12-21,1.5,12.34,Quality Rejection
WST0003356,R019,M0104,2026-01-03,7.4,44.99,Overproduction
WST0003357,R015,M0147,2026-05-23,2.0,22.68,Quality Rejection
WST0003358,R001,M0127,2026-04-15,11.5,147.08,Quality Rejection
WST0003359,R009,M0128,2026-05-03,3.2,17.5,Overproduction
WST0003360,R001,M0059,2026-04-19,3.5,48.44,Customer Return
WST0003361,R014,M0079,2026-05-24,4.6,15.5,Customer Return
WST0003362,R001,M0130,2026-04-05,7.0,84.28,Expired Ingredients
WST0003363,R020,M0094,2026-03-12,4.2,31.04,Expired Ingredients
WST0003364,R019,M0118,2026-08-16,4.2,13.69,Quality Rejection
WST0003365,R001,M0040,2026-05-14,3.9,52.92,Overproduction
WST0003366,R009,M0089,2026-05-12,2.1,12.1,Spoilage
WST0003367,R009,M0152,2025-12-05,8.8,40.83,Spoilage
WST0003368,R009,M0101,2026-08-07,2.3,17.99,Quality Rejection
WST0003369,R015,M0026,2026-09-15,3.4,17.78,Spoilage
WST0003370,R016,M0125,2025-10-11,1.5,8.22,Quality Rejection
WST0003371,R009,M0076,2026-03-27,2.9,26.91,Spoilage
WST0003372,R008,M0015,2026-05-21,1.3,8.68,Expired Ingredients
WST0003373,R015,M0131,2026-09-13,4.7,44.23,Customer Return
WST0003374,R010,M0098,2025-09-22,4.9,53.41,Quality Rejection
WST0003375,R018,M0053,2025-08-31,6.6,40.79,Expired Ingredients
WST0003376,R005,M0007,2025-10-24,3.1,19.56,Expired Ingredients
WST0003377,R013,M0048,2026-06-12,6.6,21.78,Overproduction
WST0003378,R001,M0016,2025-10-21,13.8,40.3,Overproduction
WST0003379,R017,M0022,2026-09-11,12.9,114.55,Spoilage
WST0003380,R016,M0083,2026-01-08,2.9,36.4,Customer Return
WST0003381,R002,M0152,2026-03-09,3.4,15.78,Quality Rejection
WST0003382,R020,M0081,2026-01-04,10.5,46.62,Preparation Waste
WST0003383,R002,M0157,2025-08-13,9.5,32.58,Quality Rejection
WST0003384,R008,M0068,2026-03-27,4.2,45.57,Preparation Waste
WST0003385,R006,M0052,2026-01-02,8.6,63.9,Overproduction
WST0003386,R004,M0081,2025-10-15,9.8,43.51,Preparation Waste
WST0003387,R008,M0067,2025-08-27,3.6,21.82,Customer Return
WST0003388,R006,M0130,2026-03-01,14.2,170.97,Overproduction
WST0003389,R005,M0006,2026-01-10,0.9,9.79,Customer Return
WST0003390,R019,M0018,2026-05-14,4.9,53.26,Quality Rejection
WST0003391,R010,M0059,2025-08-29,8.4,116.26,Customer Return
WST0003392,R005,M0102,2026-05-17,12.5,109.38,Preparation Waste
WST0003393,R015,M0154,2025-12-24,3.9,19.81,Overproduction
WST0003394,R004,M0130,2026-01-16,9.1,109.56,Customer Return
WST0003395,R007,M0103,2026-02-11,2.3,9.43,Customer Return
WST0003396,R018,M0053,2025-10-13,8.2,50.68,Quality Rejection
WST0003397,R010,M0137,2026-04-29,15.0,84.45,Customer Return
WST0003398,R014,M0102,2026-09-17,7.0,61.25,Quality Rejection
WST0003399,R006,M0132,2026-03-24,13.3,40.43,Overproduction
WST0003400,R001,M0033,2026-07-02,1.1,13.85,Expired Ingredients
WST0003401,R018,M0002,2026-04-15,5.0,42.4,Customer Return
WST0003402,R012,M0062,2026-03-22,11.3,141.14,Customer Return
WST0003403,R013,M0081,2026-05-24,8.5,37.74,Quality Rejection
WST0003404,R009,M0013,2026-01-28,3.0,15.36,Quality Rejection
WST0003405,R011,M0094,2026-04-23,10.8,79.81,Overproduction
WST0003406,R018,M0121,2026-04-16,8.3,42.83,Spoilage
WST0003407,R001,M0094,2026-04-16,14.0,103.46,Preparation Waste
WST0003408,R013,M0020,2025-11-02,3.2,16.32,Customer Return
WST0003409,R010,M0017,2026-08-21,3.8,15.85,Customer Return
WST0003410,R016,M0054,2026-03-27,3.3,44.32,Expired Ingredients
WST0003411,R004,M0157,2026-08-19,3.9,13.38,Preparation Waste
WST0003412,R007,M0048,2026-06-25,11.0,36.3,Customer Return
WST0003413,R008,M0048,2026-03-08,9.3,30.69,Preparation Waste
WST0003414,R016,M0082,2025-08-19,11.3,75.6,Preparation Waste
WST0003415,R003,M0120,2026-01-26,1.3,9.36,Quality Rejection
WST0003416,R006,M0055,2025-09-24,3.7,37.85,Preparation Waste
WST0003417,R010,M0127,2026-01-20,12.4,158.6,Expired Ingredients
WST0003418,R004,M0094,2025-10-09,11.2,82.77,Preparation Waste
WST0003419,R020,M0062,2026-06-16,9.2,114.91,Customer Return
WST0003420,R012,M0095,2026-02-26,13.2,56.5,Overproduction
WST0003421,R005,M0048,2026-06-25,8.8,29.04,Customer Return
WST0003422,R004,M0013,2025-10-27,0.5,2.56,Overproduction
WST0003423,R017,M0059,2026-07-27,13.2,182.69,Quality Rejection
WST0003424,R014,M0052,2026-05-09,8.5,63.16,Quality Rejection
WST0003425,R012,M0136,2026-04-28,3.9,31.98,Overproduction
WST0003426,R014,M0018,2026-05-07,2.5,27.17,Overproduction
WST0003427,R012,M0140,2025-08-12,2.7,7.97,Quality Rejection
WST0003428,R006,M0130,2026-01-05,6.8,81.87,Spoilage
WST0003429,R019,M0016,2026-01-22,8.6,25.11,Overproduction
WST0003430,R006,M0038,2026-05-30,1.2,4.18,Quality Rejection
WST0003431,R012,M0104,2026-03-25,8.7,52.9,Preparation Waste
WST0003432,R004,M0016,2026-05-03,5.9,17.23,Spoilage
WST0003433,R005,M0132,2025-10-12,14.7,44.69,Expired Ingredients
WST0003434,R009,M0142,2026-02-19,5.1,62.27,Overproduction
WST0003435,R004,M0134,2026-05-14,13.4,177.82,Overproduction
WST0003436,R005,M0148,2025-11-04,13.7,79.46,Spoilage
WST0003437,R012,M0053,2025-12-24,7.3,45.11,Customer Return
WST0003438,R009,M0116,2026-09-18,2.0,14.54,Quality Rejection
WST0003439,R017,M0002,2026-06-30,1.1,9.33,Customer Return
WST0003440,R002,M0095,2026-02-28,12.6,53.93,Quality Rejection
WST0003441,R005,M0130,2026-01-12,3.6,43.34,Preparation Waste
WST0003442,R015,M0081,2025-09-28,12.5,55.5,Overproduction
WST0003443,R019,M0094,2025-11-24,12.7,93.85,Overproduction
WST0003444,R009,M0062,2025-10-03,12.5,156.12,Quality Rejection
WST0003445,R001,M0095,2025-12-09,15.0,64.2,Customer Return
WST0003446,R006,M0152,2025-10-01,6.7,31.09,Overproduction
WST0003447,R001,M0131,2025-12-02,4.4,41.4,Overproduction
WST0003448,R019,M0118,2026-07-15,4.8,15.65,Overproduction
WST0003449,R009,M0003,2026-07-12,4.2,39.4,Preparation Waste
WST0003450,R017,M0136,2026-01-10,4.3,35.26,Preparation Waste
WST0003451,R003,M0160,2026-02-17,2.1,19.22,Spoilage
WST0003452,R009,M0127,2026-09-04,8.9,113.83,Overproduction
WST0003453,R003,M0070,2026-05-04,4.6,56.03,Overproduction
WST0003454,R019,M0046,2025-12-23,4.8,47.47,Spoilage
WST0003455,R012,M0104,2026-07-31,3.6,21.89,Overproduction
WST0003456,R016,M0043,2026-02-13,1.4,4.24,Quality Rejection
WST0003457,R012,M0142,2026-08-21,10.1,123.32,Overproduction
WST0003458,R011,M0078,2026-04-17,3.0,16.41,Overproduction
WST0003459,R005,M0157,2026-01-18,4.3,14.75,Customer Return
WST0003460,R020,M0016,2026-02-17,8.4,24.53,Customer Return
WST0003461,R011,M0085,2025-08-23,1.4,4.09,Preparation Waste
WST0003462,R018,M0064,2026-01-14,3.3,34.65,Expired Ingredients
WST0003463,R004,M0137,2026-01-26,7.8,43.91,Preparation Waste
WST0003464,R012,M0016,2025-07-31,4.0,11.68,Quality Rejection
WST0003465,R013,M0086,2026-02-26,4.1,31.36,Overproduction
WST0003466,R016,M0110,2025-10-06,2.5,23.7,Overproduction
WST0003467,R008,M0060,2025-12-31,6.5,83.98,Overproduction
WST0003468,R006,M0137,2025-09-12,12.5,70.38,Quality Rejection
WST0003469,R019,M0081,2026-02-05,9.5,42.18,Expired Ingredients
WST0003470,R007,M0095,2026-01-05,10.9,46.65,Quality Rejection
WST0003471,R007,M0059,2025-12-31,7.6,105.18,Overproduction
WST0003472,R003,M0097,2026-02-24,2.6,20.59,Spoilage
WST0003473,R016,M0052,2025-12-19,10.7,79.5,Overproduction
WST0003474,R007,M0060,2026-04-21,4.6,59.43,Preparation Waste
WST0003475,R008,M0101,2026-06-03,3.7,28.93,Spoilage
WST0003476,R020,M0129,2026-09-13,1.0,2.71,Overproduction
WST0003477,R013,M0121,2025-12-24,14.5,74.82,Expired Ingredients
WST0003478,R005,M0157,2025-08-06,11.6,39.79,Overproduction
WST0003479,R013,M0108,2026-07-06,5.0,66.95,Quality Rejection
WST0003480,R012,M0052,2026-05-05,4.1,30.46,Overproduction
WST0003481,R015,M0089,2026-04-20,3.4,19.58,Expired Ingredients
WST0003482,R017,M0134,2026-09-10,8.7,115.45,Customer Return
WST0003483,R001,M0040,2025-11-22,2.0,27.14,Preparation Waste
WST0003484,R020,M0053,2026-06-29,7.8,48.2,Quality Rejection
WST0003485,R015,M0046,2026-01-07,1.6,15.82,Customer Return
WST0003486,R018,M0082,2026-06-26,10.7,71.58,Overproduction
WST0003487,R018,M0048,2026-08-24,9.4,31.02,Spoilage
WST0003488,R017,M0016,2026-02-08,8.2,23.94,Customer Return
WST0003489,R020,M0062,2026-08-20,14.0,174.86,Spoilage
WST0003490,R009,M0004,2026-08-24,4.3,24.17,Spoilage
WST0003491,R020,M0116,2026-03-30,0.5,3.64,Quality Rejection
WST0003492,R005,M0102,2026-07-23,6.3,55.12,Overproduction
WST0003493,R005,M0028,2026-05-20,0.6,5.86,Preparation Waste
WST0003494,R019,M0042,2025-08-17,3.1,29.54,Quality Rejection
WST0003495,R009,M0031,2025-09-03,2.0,11.78,Quality Rejection
WST0003496,R012,M0131,2026-07-17,1.4,13.17,Customer Return
WST0003497,R010,M0041,2026-04-24,4.7,41.45,Preparation Waste
WST0003498,R011,M0142,2025-08-24,9.5,116.0,Overproduction
WST0003499,R012,M0112,2026-08-13,1.5,10.64,Expired Ingredients
WST0003500,R007,M0048,2026-05-31,12.2,40.26,Quality Rejection
WST0003501,R011,M0002,2026-06-29,2.4,20.35,Preparation Waste
WST0003502,R015,M0069,2026-05-24,4.1,28.0,Customer Return
WST0003503,R004,M0139,2025-08-04,0.6,6.28,Overproduction
WST0003504,R014,M0146,2026-08-16,1.4,9.14,Overproduction
WST0003505,R001,M0011,2025-12-31,4.6,26.82,Expired Ingredients
WST0003506,R005,M0049,2025-09-17,4.1,50.1,Overproduction
WST0003507,R011,M0157,2026-01-15,4.6,15.78,Quality Rejection
WST0003508,R013,M0137,2025-10-21,9.2,51.8,Overproduction
WST0003509,R003,M0137,2026-06-21,6.8,38.28,Expired Ingredients
WST0003510,R015,M0104,2026-07-21,11.9,72.35,Preparation Waste
WST0003511,R009,M0053,2026-02-01,3.9,24.1,Preparation Waste
WST0003512,R018,M0149,2026-07-09,0.7,4.84,Customer Return
WST0003513,R010,M0127,2026-05-03,4.8,61.39,Quality Rejection
WST0003514,R013,M0132,2026-05-30,7.0,21.28,Quality Rejection
WST0003515,R006,M0086,2025-12-17,4.7,35.96,Expired Ingredients
WST0003516,R007,M0137,2026-02-06,5.3,29.84,Overproduction
WST0003517,R015,M0052,2026-07-23,6.6,49.04,Overproduction
WST0003518,R012,M0037,2025-08-10,1.9,22.72,Preparation Waste
WST0003519,R005,M0098,2026-06-17,12.9,140.61,Spoilage
WST0003520,R005,M0096,2025-08-02,1.0,13.88,Expired Ingredients
WST0003521,R005,M0009,2026-04-02,7.6,64.68,Customer Return
WST0003522,R010,M0132,2026-01-01,6.0,18.24,Customer Return
WST0003523,R009,M0094,2026-06-17,3.7,27.34,Overproduction
WST0003524,R019,M0089,2026-03-15,3.4,19.58,Spoilage
WST0003525,R014,M0059,2025-12-20,9.6,132.86,Overproduction
WST0003526,R008,M0082,2025-09-23,4.3,28.77,Overproduction
WST0003527,R005,M0116,2026-09-13,1.1,8.0,Expired Ingredients
WST0003528,R013,M0142,2025-10-18,9.2,112.33,Overproduction
WST0003529,R016,M0090,2026-09-23,2.5,13.08,Customer Return
WST0003530,R006,M0098,2025-08-13,13.6,148.24,Spoilage
WST0003531,R001,M0053,2026-03-28,12.5,77.25,Spoilage
WST0003532,R020,M0051,2026-03-22,1.3,18.06,Customer Return
WST0003533,R013,M0048,2026-04-08,3.2,10.56,Customer Return
WST0003534,R008,M0053,2026-07-16,6.9,42.64,Expired Ingredients
WST0003535,R007,M0003,2025-10-06,3.0,28.14,Customer Return
WST0003536,R014,M0070,2026-09-20,4.4,53.59,Overproduction
WST0003537,R002,M0126,2026-05-08,2.6,19.55,Expired Ingredients
WST0003538,R015,M0140,2026-05-29,1.8,5.31,Customer Return
WST0003539,R017,M0112,2026-01-21,0.6,4.25,Quality Rejection
WST0003540,R008,M0130,2025-09-17,5.6,67.42,Preparation Waste
WST0003541,R013,M0095,2025-10-08,3.9,16.69,Expired Ingredients
WST0003542,R006,M0020,2026-03-04,2.0,10.2,Overproduction
WST0003543,R017,M0129,2026-04-03,1.8,4.88,Overproduction
WST0003544,R011,M0056,2025-10-11,4.2,37.04,Quality Rejection
WST0003545,R009,M0140,2026-05-10,2.2,6.49,Preparation Waste
WST0003546,R003,M0107,2025-08-03,3.2,17.28,Quality Rejection
WST0003547,R003,M0137,2025-12-29,7.4,41.66,Preparation Waste
WST0003548,R010,M0157,2025-08-24,4.5,15.44,Overproduction
WST0003549,R016,M0104,2025-08-23,4.8,29.18,Spoilage
WST0003550,R015,M0095,2025-12-24,9.8,41.94,Customer Return
WST0003551,R018,M0060,2026-06-29,4.7,60.72,Quality Rejection
WST0003552,R020,M0095,2025-08-24,8.5,36.38,Overproduction
WST0003553,R002,M0059,2025-10-11,4.5,62.28,Spoilage
WST0003554,R006,M0053,2025-12-07,11.6,71.69,Expired Ingredients
WST0003555,R009,M0060,2026-03-18,12.1,156.33,Preparation Waste
WST0003556,R011,M0105,2026-03-02,1.4,9.0,Overproduction
WST0003557,R015,M0157,2026-05-18,10.4,35.67,Quality Rejection
WST0003558,R017,M0121,2025-10-23,13.4,69.14,Quality Rejection
WST0003559,R018,M0060,2025-12-08,5.8,74.94,Expired Ingredients
WST0003560,R002,M0102,2025-10-10,11.9,104.12,Expired Ingredients
WST0003561,R004,M0084,2026-03-09,1.3,6.38,Expired Ingredients
WST0003562,R015,M0082,2026-06-14,14.9,99.68,Spoilage
WST0003563,R010,M0150,2026-05-26,2.3,29.0,Overproduction
WST0003564,R013,M0098,2026-04-26,7.9,86.11,Overproduction
WST0003565,R019,M0037,2025-08-30,2.0,23.92,Overproduction
WST0003566,R016,M0137,2026-01-18,9.8,55.17,Quality Rejection
WST0003567,R004,M0104,2025-10-10,13.3,80.86,Customer Return
WST0003568,R018,M0060,2026-02-14,7.5,96.9,Quality Rejection
WST0003569,R015,M0060,2026-01-19,11.9,153.75,Overproduction
WST0003570,R007,M0055,2025-11-16,3.1,31.71,Expired Ingredients
WST0003571,R004,M0132,2026-06-05,8.1,24.62,Quality Rejection
WST0003572,R016,M0159,2026-03-02,1.7,11.58,Preparation Waste
WST0003573,R012,M0134,2026-07-15,9.6,127.39,Customer Return
WST0003574,R019,M0146,2026-09-03,0.6,3.92,Customer Return
WST0003575,R008,M0008,2025-10-09,4.9,38.86,Expired Ingredients
WST0003576,R017,M0062,2026-05-07,12.4,154.88,Quality Rejection
WST0003577,R019,M0049,2026-05-02,2.5,30.55,Quality Rejection
WST0003578,R006,M0072,2026-08-29,4.4,23.5,Overproduction
WST0003579,R014,M0059,2025-09-09,13.6,188.22,Overproduction
WST0003580,R008,M0140,2026-05-17,1.3,3.84,Spoilage
WST0003581,R017,M0028,2025-10-09,3.3,32.21,Spoilage
WST0003582,R006,M0098,2026-06-18,5.4,58.86,Preparation Waste
WST0003583,R020,M0094,2025-11-06,13.6,100.5,Overproduction
WST0003584,R013,M0048,2026-03-17,11.3,37.29,Overproduction
WST0003585,R013,M0088,2026-05-25,1.2,9.88,Spoilage
WST0003586,R006,M0081,2026-02-15,11.9,52.84,Spoilage
WST0003587,R007,M0134,2026-03-08,9.3,123.41,Preparation Waste
WST0003588,R003,M0148,2026-06-04,7.3,42.34,Quality Rejection
WST0003589,R012,M0048,2026-01-02,9.2,30.36,Quality Rejection
WST0003590,R001,M0068,2026-07-03,2.2,23.87,Expired Ingredients
WST0003591,R010,M0112,2025-09-15,4.7,33.32,Customer Return
WST0003592,R016,M0124,2025-09-28,3.8,10.68,Overproduction
WST0003593,R005,M0150,2025-10-25,4.7,59.27,Preparation Waste
WST0003594,R007,M0009,2026-01-08,12.8,108.93,Overproduction
WST0003595,R008,M0062,2026-03-22,8.3,103.67,Expired Ingredients
WST0003596,R020,M0134,2025-11-07,14.6,193.74,Overproduction
WST0003597,R003,M0067,2025-11-24,0.6,3.64,Quality Rejection
WST0003598,R016,M0058,2026-02-08,3.5,12.04,Expired Ingredients
WST0003599,R009,M0059,2025-12-26,8.8,121.79,Spoilage
WST0003600,R007,M0128,2026-01-01,1.0,5.47,Overproduction
WST0003601,R011,M0095,2026-04-10,3.2,13.7,Spoilage
WST0003602,R003,M0022,2026-01-21,11.2,99.46,Expired Ingredients
WST0003603,R016,M0094,2026-08-01,9.8,72.42,Customer Return
WST0003604,R011,M0060,2026-07-24,4.0,51.68,Spoilage
WST0003605,R016,M0059,2025-11-14,14.2,196.53,Overproduction
WST0003606,R010,M0022,2026-02-10,11.3,100.34,Customer Return
WST0003607,R015,M0152,2026-02-13,5.5,25.52,Customer Return
WST0003608,R003,M0016,2026-06-18,4.1,11.97,Expired Ingredients
WST0003609,R007,M0132,2026-01-21,12.7,38.61,Expired Ingredients
WST0003610,R019,M0023,2026-08-25,1.2,7.68,Quality Rejection
WST0003611,R017,M0104,2026-01-08,705.0,85.73,Spoilage
WST0003612,R006,M0148,2025-10-26,8.2,47.56,Spoilage
WST0003613,R015,M0094,2025-12-11,4.1,30.3,Customer Return
WST0003614,R004,M0082,2026-04-11,6.1,40.81,Customer Return
WST0003615,R016,M0025,2026-08-06,2.9,7.42,Expired Ingredients
WST0003616,R007,M0073,2026-02-26,3.7,35.56,Overproduction
WST0003617,R007,M0062,2026-06-03,13.0,162.37,Quality Rejection
WST0003618,R002,M0127,2026-06-17,6.0,76.74,Overproduction
WST0003619,R011,M0079,2026-07-25,4.4,14.83,Preparation Waste
WST0003620,R004,M0099,2026-03-24,1.8,7.4,Spoilage
WST0003621,R010,M0130,2026-03-05,4.4,52.98,Overproduction
WST0003622,R012,M0024,2025-12-27,1.5,5.2,Customer Return
WST0003623,R004,M0052,2026-01-21,6.6,49.04,Preparation Waste
WST0003624,R013,M0098,2025-09-09,7.5,81.75,Overproduction
WST0003625,R019,M0031,2026-04-01,0.9,5.3,Overproduction
WST0003626,R003,M0053,2026-04-08,7.4,45.73,Overproduction
WST0003627,R002,M0080,2026-09-11,0.9,5.83,Quality Rejection
WST0003628,R011,M0150,2025-09-24,4.9,61.79,Overproduction
WST0003629,R005,M0082,2026-02-15,4.9,32.78,Expired Ingredients
WST0003630,R008,M0148,2025-08-07,14.0,81.2,Overproduction
WST0003631,R020,M0016,2026-02-24,14.5,42.34,Expired Ingredients
WST0003632,R001,M0131,2026-06-25,1.8,16.94,Preparation Waste
WST0003633,R005,M0048,2025-10-31,11.6,38.28,Spoilage
WST0003634,R015,M0052,2026-05-24,5.8,43.09,Overproduction
WST0003635,R009,M0121,2026-03-22,14.0,72.24,Customer Return
WST0003636,R004,M0124,2026-06-22,2.0,5.62,Quality Rejection
WST0003637,R015,M0121,2025-11-29,12.5,64.5,Expired Ingredients
WST0003638,R005,M0148,2026-02-10,8.4,48.72,Expired Ingredients
WST0003639,R009,M0148,2026-08-21,7.2,41.76,Spoilage
WST0003640,R002,M0084,2026-09-20,145.0,14.24,Expired Ingredients
WST0003641,R007,M0033,2025-09-08,3.5,44.06,Expired Ingredients
WST0003642,R002,M0095,2025-11-12,8.9,38.09,Spoilage
WST0003643,R005,M0152,2025-11-06,3.8,17.63,Expired Ingredients
WST0003644,R014,M0016,2026-03-09,3.2,9.34,Preparation Waste
WST0003645,R010,M0105,2026-04-23,1.9,12.22,Quality Rejection
WST0003646,R009,M0042,2026-05-14,1.5,14.29,Quality Rejection
WST0003647,R007,M0157,2025-08-02,8.9,30.53,Overproduction
WST0003648,R011,M0157,2025-12-15,5.1,17.49,Spoilage
WST0003649,R019,M0081,2026-04-28,4.5,19.98,Spoilage
WST0003650,R013,M0098,2026-05-25,8.4,91.56,Customer Return
WST0003651,R017,M0130,2026-06-28,7.8,93.91,Overproduction
WST0003652,R019,M0026,2026-03-11,1.5,7.85,Expired Ingredients
WST0003653,R013,M0024,2025-12-14,70.0,4.86,Expired Ingredients
WST0003654,R017,M0012,2026-07-20,2.9,13.49,Expired Ingredients
WST0003655,R015,M0132,2026-06-15,3.4,10.34,Quality Rejection
WST0003656,R005,M0036,2025-09-01,2.2,6.4,Expired Ingredients
WST0003657,R017,M0009,2025-11-11,13.9,118.29,Quality Rejection
WST0003658,R007,M0004,2026-05-10,2.2,12.36,Expired Ingredients
WST0003659,R018,M0140,2025-11-19,0.9,2.66,Quality Rejection
WST0003660,R013,M0128,2026-09-22,0.7,3.83,Preparation Waste
WST0003661,R020,M0114,2026-01-20,4.6,35.42,Customer Return
WST0003662,R001,M0134,2026-02-07,8.5,112.8,Overproduction
WST0003663,R005,M0095,2026-01-27,10.2,43.66,Overproduction
WST0003664,R007,M0051,2025-08-16,3.7,51.39,Quality Rejection
WST0003665,R019,M0082,2026-05-10,4.8,32.11,Quality Rejection
WST0003666,R004,M0043,2025-10-22,1.2,3.64,Overproduction
WST0003667,R006,M0082,2025-08-03,10.1,67.57,Quality Rejection
WST0003668,R004,M0089,2025-12-25,1.8,10.37,Overproduction
WST0003669,R004,M0082,2026-09-11,6.5,43.48,Expired Ingredients
WST0003670,R019,M0114,2026-03-18,2.2,16.94,Expired Ingredients
WST0003671,R015,M0142,2026-03-01,5.3,64.71,Spoilage
WST0003672,R004,M0154,2026-07-29,2.3,11.68,Spoilage
WST0003673,R011,M0108,2026-05-05,1.8,24.1,Preparation Waste
WST0003674,R018,M0137,2025-09-05,11.6,65.31,Customer Return
WST0003675,R007,M0157,2026-01-30,4.6,15.78,Customer Return
WST0003676,R001,M0081,2026-05-29,3.9,17.32,Expired Ingredients
WST0003677,R017,M0062,2025-12-26,10.8,134.89,Customer Return
WST0003678,R011,M0121,2026-02-10,6.5,33.54,Spoilage
WST0003679,R005,M0053,2026-01-28,7.9,48.82,Spoilage
WST0003680,R005,M0066,2026-06-25,4.7,30.83,Preparation Waste
WST0003681,R011,M0156,2026-09-02,1.7,15.01,Expired Ingredients
WST0003682,R001,M0059,2025-08-20,3.6,49.82,Expired Ingredients
WST0003683,R004,M0121,2026-06-15,7.0,36.12,Preparation Waste
WST0003684,R017,M0062,2026-09-21,10.5,131.15,Expired Ingredients
WST0003685,R006,M0018,2025-08-04,1.5,16.3,Expired Ingredients
WST0003686,R001,M0022,2026-01-09,5.2,46.18,Quality Rejection
WST0003687,R008,M0075,2025-10-19,1.8,20.12,Spoilage
WST0003688,R008,M0127,2026-09-15,5.5,70.34,Customer Return
WST0003689,R019,M0142,2025-10-20,12.3,150.18,Customer Return
WST0003690,R018,M0009,2026-03-29,12.3,104.67,Spoilage
WST0003691,R017,M0121,2026-03-25,6.1,31.48,Preparation Waste
WST0003692,R009,M0142,2026-09-10,13.2,161.17,Spoilage
WST0003693,R019,M0062,2026-09-09,3.0,37.47,Quality Rejection
WST0003694,R004,M0002,2025-10-02,1.1,9.33,Quality Rejection
WST0003695,R009,M0137,2026-03-26,4.9,27.59,Expired Ingredients
WST0003696,R012,M0014,2025-10-14,1.6,8.08,Spoilage
WST0003697,R003,M0112,2026-04-09,4.9,34.74,Overproduction
WST0003698,R002,M0137,2026-02-07,5.3,29.84,Customer Return
WST0003699,R014,M0134,2025-10-22,7.2,95.54,Preparation Waste
WST0003700,R002,M0016,2026-01-01,8.0,23.36,Spoilage
WST0003701,R013,M0122,2026-03-15,3.7,19.39,Customer Return
WST0003702,R012,M0081,2026-06-05,5.6,24.86,Spoilage
WST0003703,R009,M0038,2026-01-29,4.7,16.36,Overproduction
WST0003704,R001,M0081,2026-09-12,4.8,21.31,Spoilage
WST0003705,R017,M0121,2026-04-04,11.3,58.31,Customer Return
WST0003706,R003,M0104,2026-06-28,4.5,27.36,Customer Return
WST0003707,R001,M0021,2026-07-24,2.3,14.77,Quality Rejection
WST0003708,R019,M0102,2026-08-13,13.0,113.75,Quality Rejection
WST0003709,R009,M0060,2026-06-06,13.6,175.71,Expired Ingredients
WST0003710,R007,M0154,2026-07-16,3.6,18.29,Customer Return
WST0003711,R009,M0102,2026-05-15,5.3,46.38,Quality Rejection
WST0003712,R016,M0014,2026-02-21,4.4,22.22,Spoilage
WST0003713,R004,M0094,2026-01-10,8.9,65.77,Preparation Waste
WST0003714,R020,M0121,2026-05-14,5.5,28.38,Quality Rejection
WST0003715,R002,M0067,2025-08-16,4.7,28.48,Quality Rejection
WST0003716,R009,M0098,2026-05-09,13.7,149.33,Spoilage
WST0003717,R018,M0138,2025-11-13,3.7,28.23,Expired Ingredients
WST0003718,R011,M0016,2026-07-03,11.6,33.87,Spoilage
WST0003719,R019,M0132,2026-02-05,3.6,10.94,Preparation Waste
WST0003720,R001,M0094,2026-06-26,11.0,81.29,Customer Return
WST0003721,R005,M0059,2026-04-12,14.9,206.22,Expired Ingredients
WST0003722,R002,M0157,2025-11-01,8.7,29.84,Overproduction
WST0003723,R014,M0152,2026-04-08,10.1,46.86,Overproduction
WST0003724,R006,M0142,2025-10-09,10.9,133.09,Customer Return
WST0003725,R013,M0078,2025-12-17,0.6,3.28,Spoilage
WST0003726,R015,M0052,2026-02-04,13.3,98.82,Preparation Waste
WST0003727,R003,M0060,2026-03-03,5.7,73.64,Overproduction
WST0003728,R010,M0053,2026-05-09,14.5,89.61,Expired Ingredients
WST0003729,R007,M0006,2026-08-02,1.8,19.58,Overproduction
WST0003730,R018,M0104,2026-04-02,14.8,89.98,Overproduction
WST0003731,R011,M0104,2026-04-29,13.2,80.26,Expired Ingredients
WST0003732,R007,M0057,2026-02-07,2.8,26.91,Preparation Waste
WST0003733,R007,M0062,2026-09-05,14.1,176.11,Expired Ingredients
WST0003734,R015,M0123,2026-09-20,4.4,44.79,Preparation Waste
WST0003735,R007,M0062,2025-10-28,3.9,48.71,Expired Ingredients
WST0003736,R008,M0094,2025-11-25,13.9,102.72,Customer Return
WST0003737,R014,M0081,2026-09-04,6.3,27.97,Expired Ingredients
WST0003738,R019,M0043,2025-08-24,4.6,13.94,Quality Rejection
WST0003739,R020,M0122,2026-01-21,4.8,25.15,Overproduction
WST0003740,R003,M0060,2026-01-15,13.2,170.54,Customer Return
WST0003741,R018,M0114,2026-01-12,2.7,20.79,Overproduction
WST0003742,R007,M0121,2026-05-16,7.9,40.76,Preparation Waste
WST0003743,R007,M0152,2025-08-26,6.4,29.7,Expired Ingredients
WST0003744,R008,M0153,2026-07-28,1.4,19.52,Spoilage
WST0003745,R012,M0157,2026-09-19,4.8,16.46,Preparation Waste
WST0003746,R016,M0095,2026-03-07,9.9,42.37,Overproduction
WST0003747,R004,M0035,2026-01-11,4.1,43.34,Customer Return
WST0003748,R010,M0134,2025-11-10,14.3,189.76,Customer Return
WST0003749,R017,M0133,2026-08-13,0.8,4.66,Quality Rejection
WST0003750,R020,M0052,2026-01-21,12.9,95.85,Quality Rejection
WST0003751,R014,M0140,2026-03-27,3.9,11.5,Expired Ingredients
WST0003752,R006,M0115,2026-02-10,1.7,15.61,Spoilage
WST0003753,R020,M0014,2026-08-31,1.6,8.08,Overproduction
WST0003754,R009,M0157,2026-08-19,4.7,16.12,Expired Ingredients
WST0003755,R009,M0005,2025-10-26,2.3,7.73,Overproduction
WST0003756,R005,M0152,2026-08-19,12.4,57.54,Preparation Waste
WST0003757,R019,M0071,2026-03-26,3.5,41.48,Spoilage
WST0003758,R015,M0098,2026-08-20,5.4,58.86,Quality Rejection
WST0003759,R008,M0022,2025-10-07,14.1,125.21,Expired Ingredients
WST0003760,R002,M0092,2026-05-14,2.9,20.53,Overproduction
WST0003761,R020,M0132,2026-05-23,3.8,11.55,Expired Ingredients
WST0003762,R005,M0094,2025-10-05,3.4,25.13,Customer Return
WST0003763,R012,M0134,2025-08-24,4.6,61.04,Overproduction
WST0003764,R019,M0142,2025-09-12,11.2,136.75,Quality Rejection
WST0003765,R007,M0132,2025-08-30,9.0,27.36,Customer Return
WST0003766,R005,M0059,2026-09-22,7.5,103.8,Overproduction
WST0003767,R012,M0157,2026-03-12,4.5,15.44,Customer Return
WST0003768,R001,M0130,2025-12-23,9.8,117.99,Preparation Waste
WST0003769,R009,M0102,2026-07-03,8.6,75.25,Quality Rejection
WST0003770,R019,M0085,2026-09-20,0.8,2.34,Preparation Waste
WST0003771,R006,M0137,2026-09-06,8.1,45.6,Overproduction
WST0003772,R005,M0013,2026-01-25,3.3,16.9,Quality Rejection
WST0003773,R019,M0048,2026-05-13,14.6,48.18,Spoilage
WST0003774,R012,M0147,2025-11-28,4.9,55.57,Customer Return
WST0003775,R015,M0152,2026-07-04,13.7,63.57,Spoilage
WST0003776,R008,M0049,2025-09-23,3.5,42.77,Customer Return
WST0003777,R016,M0029,2026-07-19,2.1,12.03,Spoilage
WST0003778,R006,M0152,2026-04-02,4.7,21.81,Overproduction
WST0003779,R002,M0141,2025-09-11,1.9,19.99,Expired Ingredients
WST0003780,R008,M0118,2026-02-17,1.0,3.26,Quality Rejection
WST0003781,R011,M0080,2026-03-17,5.0,32.4,Quality Rejection
WST0003782,R001,M0017,2025-10-04,150.0,12.51,Expired Ingredients
WST0003783,R014,M0130,2025-10-10,3.4,40.94,Customer Return
WST0003784,R014,M0030,2026-07-30,1.3,8.79,Customer Return
WST0003785,R006,M0130,2026-09-13,3.7,44.55,Spoilage
WST0003786,R015,M0053,2026-03-29,12.1,74.78,Quality Rejection
WST0003787,R003,M0129,2026-05-21,1.2,3.25,Spoilage
WST0003788,R001,M0059,2025-08-15,14.6,202.06,Customer Return
WST0003789,R011,M0091,2026-01-23,4.3,19.31,Quality Rejection
WST0003790,R003,M0130,2026-03-14,9.3,111.97,Expired Ingredients
WST0003791,R005,M0030,2026-08-12,2.4,16.22,Customer Return
WST0003792,R005,M0102,2025-09-16,4.4,38.5,Spoilage
WST0003793,R001,M0060,2026-04-03,8.4,108.53,Overproduction
WST0003794,R004,M0011,2025-09-21,1.9,11.08,Overproduction
WST0003795,R013,M0048,2025-09-18,11.7,38.61,Overproduction
WST0003796,R020,M0102,2025-11-11,3.6,31.5,Spoilage
WST0003797,R019,M0106,2025-10-25,1.7,7.17,Expired Ingredients
WST0003798,R008,M0158,2025-12-09,4.8,42.1,Spoilage
WST0003799,R020,M0048,2025-10-12,6.2,20.46,Overproduction
WST0003800,R018,M0142,2025-09-01,9.5,116.0,Customer Return
WST0003801,R019,M0137,2026-07-25,10.0,56.3,Overproduction
WST0003802,R004,M0121,2026-07-23,6.3,32.51,Expired Ingredients
WST0003803,R017,M0081,2026-08-23,5.8,25.75,Overproduction
WST0003804,R020,M0136,2026-07-10,4.0,32.8,Expired Ingredients
WST0003805,R005,M0134,2026-06-07,11.9,157.91,Spoilage
WST0003806,R014,M0031,2026-01-24,4.1,24.15,Preparation Waste
WST0003807,R004,M0116,2026-03-31,3.7,26.9,Overproduction
WST0003808,R019,M0137,2026-08-03,12.5,70.38,Spoilage
WST0003809,R007,M0006,2026-04-16,1.7,18.5,Preparation Waste
WST0003810,R016,M0081,2026-03-26,10.6,47.06,Spoilage
WST0003811,R009,M0082,2026-07-22,3.2,21.41,Customer Return
WST0003812,R001,M0119,2026-03-18,1.1,4.72,Spoilage
WST0003813,R011,M0152,2025-12-05,6.5,30.16,Spoilage
WST0003814,R020,M0095,2026-06-28,6.7,28.68,Quality Rejection
WST0003815,R008,M0102,2026-04-18,14.0,122.5,Spoilage
WST0003816,R016,M0104,2026-04-01,14.6,88.77,Preparation Waste
WST0003817,R010,M0137,2026-06-26,5.7,32.09,Spoilage
WST0003818,R014,M0059,2026-04-05,13.0,179.92,Spoilage
WST0003819,R014,M0062,2025-09-25,11.9,148.63,Overproduction
WST0003820,R003,M0087,2026-03-19,0.7,3.45,Expired Ingredients
WST0003821,R008,M0022,2026-03-22,10.6,94.13,Overproduction
WST0003822,R010,M0059,2026-04-26,12.1,167.46,Quality Rejection
WST0003823,R005,M0121,2025-12-06,6.4,33.02,Expired Ingredients
WST0003824,R010,M0127,2026-02-27,11.0,140.69,Quality Rejection
WST0003825,R010,M0045,2025-12-16,2.7,18.39,Overproduction
WST0003826,R014,M0127,2026-03-15,11.5,147.08,Overproduction
WST0003827,R007,M0098,2026-04-30,13.6,148.24,Customer Return
WST0003828,R010,M0094,2025-09-03,4.9,36.21,Customer Return
WST0003829,R007,M0067,2025-09-12,2.0,12.12,Customer Return
WST0003830,R014,M0134,2026-07-14,12.6,167.2,Overproduction
WST0003831,R015,M0022,2026-01-15,13.6,120.77,Expired Ingredients
WST0003832,R010,M0036,2026-09-11,1.5,4.36,Spoilage
WST0003833,R018,M0026,2026-01-30,1.9,9.94,Preparation Waste
WST0003834,R001,M0001,2025-12-20,1.6,6.24,Preparation Waste
WST0003835,R016,M0120,2026-06-23,2.0,14.4,Expired Ingredients
WST0003836,R016,M0052,2026-05-30,10.5,78.02,Preparation Waste
WST0003837,R016,M0030,2026-07-29,1.7,11.49,Preparation Waste
WST0003838,R012,M0048,2026-07-13,7.3,24.09,Customer Return
WST0003839,R004,M0132,2026-07-25,13.6,41.34,Overproduction
WST0003840,R005,M0022,2026-07-13,3.9,34.63,Customer Return
WST0003841,R016,M0127,2026-01-20,9.7,124.06,Spoilage
WST0003842,R013,M0023,2025-11-07,1.8,11.52,Overproduction
WST0003843,R020,M0154,2026-06-02,2.2,11.18,Spoilage
WST0003844,R020,M0022,2026-08-17,10.7,95.02,Spoilage
WST0003845,R018,M0157,2025-09-20,10.8,37.04,Customer Return
WST0003846,R002,M0097,2026-06-06,3.5,27.72,Customer Return
WST0003847,R001,M0136,2025-10-12,2.5,20.5,Overproduction
WST0003848,R007,M0063,2025-12-26,1.7,14.57,Preparation Waste
WST0003849,R013,M0016,2026-08-01,7.1,20.73,Preparation Waste
WST0003850,R013,M0144,2025-12-29,3.2,37.09,Expired Ingredients
WST0003851,R017,M0104,2025-09-28,10.3,62.62,Customer Return
WST0003852,R014,M0130,2026-04-25,5.4,65.02,Spoilage
WST0003853,R005,M0048,2025-11-17,14.3,47.19,Expired Ingredients
WST0003854,R004,M0153,2026-06-09,4.8,66.91,Preparation Waste
WST0003855,R018,M0127,2026-04-03,5.1,65.23,Spoilage
WST0003856,R006,M0132,2026-04-10,7.6,23.1,Preparation Waste
WST0003857,R005,M0080,2025-11-08,1.7,11.02,Spoilage
WST0003858,R004,M0036,2026-01-05,0.5,1.46,Overproduction
WST0003859,R009,M0064,2026-03-10,1.1,11.55,Overproduction
WST0003860,R002,M0101,2025-10-03,1.8,14.08,Overproduction
WST0003861,R008,M0148,2026-02-03,7.9,45.82,Customer Return
WST0003862,R003,M0124,2025-12-01,1.9,5.34,Preparation Waste
WST0003863,R017,M0029,2025-08-08,0.7,4.01,Quality Rejection
WST0003864,R003,M0156,2026-07-14,4.0,35.32,Overproduction
WST0003865,R008,M0102,2025-11-05,4.4,38.5,Quality Rejection
WST0003866,R009,M0082,2026-08-13,12.3,82.29,Customer Return
WST0003867,R012,M0022,2026-09-04,14.2,126.1,Overproduction
WST0003868,R006,M0137,2025-08-04,12.9,72.63,Overproduction
WST0003869,R014,M0052,2025-12-27,12.3,91.39,Spoilage
WST0003870,R003,M0130,2026-02-07,5.4,65.02,Spoilage
WST0003871,R010,M0106,2025-11-15,4.6,19.41,Customer Return
WST0003872,R010,M0148,2026-08-28,9.0,52.2,Quality Rejection
WST0003873,R014,M0152,2025-10-05,4.9,22.74,Overproduction
WST0003874,R009,M0034,2026-04-20,4.4,52.01,Overproduction
WST0003875,R018,M0095,2026-07-05,3.5,14.98,Overproduction
WST0003876,R015,M0082,2026-09-20,4.4,29.44,Overproduction
WST0003877,R017,M0149,2026-09-22,1.3,9.0,Preparation Waste
WST0003878,R017,M0158,2025-12-13,0.8,7.02,Overproduction
WST0003879,R002,M0130,2026-05-17,4.1,49.36,Preparation Waste
WST0003880,R019,M0144,2025-12-26,4.6,53.31,Preparation Waste
WST0003881,R011,M0094,2025-11-27,12.9,95.33,Customer Return
WST0003882,R013,M0142,2025-10-05,11.2,136.75,Quality Rejection
WST0003883,R013,M0062,2026-02-24,14.9,186.1,Spoilage
WST0003884,R016,M0046,2026-08-03,4.0,39.56,Quality Rejection
WST0003885,R016,M0121,2025-11-23,5.2,26.83,Spoilage
WST0003886,R014,M0016,2025-09-05,14.3,41.76,Expired Ingredients
WST0003887,R015,M0104,2025-09-30,10.5,63.84,Overproduction
WST0003888,R012,M0027,2025-08-24,3.7,13.25,Customer Return
WST0003889,R013,M0156,2025-12-01,0.6,5.3,Preparation Waste
WST0003890,R014,M0065,2025-11-20,3.5,47.0,Spoilage
WST0003891,R014,M0053,2026-05-28,5.8,35.84,Overproduction
WST0003892,R009,M0143,2026-06-26,4.7,15.89,Overproduction
WST0003893,R011,M0062,2026-01-20,14.6,182.35,Expired Ingredients
WST0003894,R016,M0134,2026-03-07,7.9,104.83,Spoilage
WST0003895,R011,M0123,2026-02-11,2.3,23.41,Overproduction
WST0003896,R020,M0089,2025-10-15,2.0,11.52,Overproduction
WST0003897,R007,M0059,2026-04-07,8.9,123.18,Customer Return
WST0003898,R015,M0060,2026-03-17,3.1,40.05,Quality Rejection
WST0003899,R008,M0148,2025-12-05,9.0,52.2,Preparation Waste
WST0003900,R019,M0016,2026-09-22,3.7,10.8,Spoilage
WST0003901,R003,M0125,2026-04-04,4.0,21.92,Overproduction
WST0003902,R007,M0134,2025-11-12,12.1,160.57,Overproduction
WST0003903,R020,M0122,2026-05-10,1.1,5.76,Spoilage
WST0003904,R017,M0060,2025-11-10,14.5,187.34,Quality Rejection
WST0003905,R014,M0152,2026-08-02,5.4,25.06,Overproduction
WST0003906,R010,M0142,2026-09-03,9.1,111.11,Spoilage
WST0003907,R016,M0108,2026-07-04,1.1,14.73,Customer Return
WST0003908,R007,M0127,2025-10-16,12.7,162.43,Overproduction
WST0003909,R004,M0134,2026-06-01,10.1,134.03,Customer Return
WST0003910,R020,M0127,2026-07-08,5.2,66.51,Customer Return
WST0003911,R017,M0124,2026-02-19,1.8,5.06,Customer Return
WST0003912,R020,M0130,2026-04-22,6.8,81.87,Expired Ingredients
WST0003913,R019,M0028,2025-08-13,1.9,18.54,Expired Ingredients
WST0003914,R002,M0152,2026-09-03,3.8,17.63,Preparation Waste
WST0003915,R008,M0045,2026-08-07,0.9,6.13,Spoilage
WST0003916,R008,M0155,2026-06-23,0.5,2.78,Quality Rejection
WST0003917,R001,M0052,2026-01-06,8.2,60.93,Expired Ingredients
WST0003918,R014,M0106,2026-06-01,4.8,20.26,Expired Ingredients
WST0003919,R001,M0062,2026-03-28,14.4,179.86,Expired Ingredients
WST0003920,R004,M0082,2026-08-02,9.1,60.88,Expired Ingredients
WST0003921,R016,M0060,2025-10-11,9.0,116.28,Quality Rejection
WST0003922,R015,M0101,2025-10-14,0.7,5.47,Spoilage
WST0003923,R016,M0121,2026-07-31,5.7,29.41,Spoilage
WST0003924,R005,M0158,2026-02-03,2.9,25.43,Customer Return
WST0003925,R014,M0156,2025-10-05,2.5,22.08,Spoilage
WST0003926,R003,M0040,2026-07-02,0.6,8.14,Overproduction
WST0003927,R007,M0052,2025-11-16,3.7,27.49,Expired Ingredients
WST0003928,R018,M0062,2025-08-11,5.6,69.94,Spoilage
WST0003929,R017,M0074,2026-06-12,1.9,23.37,Spoilage
WST0003930,R014,M0014,2026-06-01,2.8,14.14,Expired Ingredients
WST0003931,R015,M0060,2025-09-13,8.4,108.53,Expired Ingredients
WST0003932,R002,M0048,2026-07-05,14.6,48.18,Overproduction
WST0003933,R019,M0100,2026-02-28,2.3,19.6,Spoilage
WST0003934,R012,M0001,2026-05-27,3.5,13.65,Quality Rejection
WST0003935,R015,M0134,2026-09-06,7.9,104.83,Customer Return
WST0003936,R001,M0132,2025-11-29,6.7,20.37,Preparation Waste
WST0003937,R002,M0082,2026-05-21,14.9,99.68,Expired Ingredients
WST0003938,R018,M0112,2026-06-17,3.3,23.4,Quality Rejection
WST0003939,R020,M0106,2026-03-28,1.6,6.75,Expired Ingredients
WST0003940,R001,M0142,2026-09-03,5.7,69.6,Expired Ingredients
WST0003941,R009,M0046,2026-03-29,2.6,25.71,Overproduction
WST0003942,R020,M0094,2025-11-16,11.4,84.25,Spoilage
WST0003943,R016,M0143,2025-12-12,4.7,15.89,Quality Rejection
WST0003944,R017,M0101,2026-07-21,1.1,8.6,Spoilage
WST0003945,R012,M0064,2026-03-08,5.0,52.5,Quality Rejection
WST0003946,R011,M0062,2026-06-03,6.0,74.94,Preparation Waste
WST0003947,R006,M0095,2025-12-22,9.0,38.52,Quality Rejection
WST0003948,R016,M0033,2026-05-13,0.7,8.81,Quality Rejection
WST0003949,R016,M0024,2025-08-08,3.9,13.53,Customer Return
WST0003950,R017,M0053,2026-05-25,12.2,75.4,Overproduction
WST0003951,R017,M0016,2025-11-02,8.6,25.11,Quality Rejection
WST0003952,R010,M0025,2025-08-14,3.8,9.73,Expired Ingredients
WST0003953,R005,M0098,2026-06-30,8.8,95.92,Expired Ingredients
WST0003954,R003,M0113,2026-02-16,1.5,13.02,Preparation Waste
WST0003955,R018,M0038,2025-08-02,0.7,2.44,Overproduction
WST0003956,R019,M0009,2026-06-03,5.0,42.55,Expired Ingredients
WST0003957,R004,M0057,2025-11-02,3.7,35.56,Overproduction
WST0003958,R005,M0045,2025-09-22,2.4,16.34,Spoilage
WST0003959,R013,M0094,2025-10-07,4.9,36.21,Overproduction
WST0003960,R018,M0094,2025-10-31,3.1,22.91,Preparation Waste
WST0003961,R009,M0007,2026-08-26,4.9,30.92,Overproduction
WST0003962,R011,M0130,2026-04-13,12.3,148.09,Preparation Waste
WST0003963,R010,M0059,2026-01-18,9.7,134.25,Preparation Waste
WST0003964,R002,M0073,2025-12-03,4.0,38.44,Customer Return
WST0003965,R019,M0052,2026-05-04,13.2,98.08,Expired Ingredients
WST0003966,R018,M0093,2026-07-11,3.7,48.8,Quality Rejection
WST0003967,R005,M0149,2026-05-14,2.7,18.68,Preparation Waste
WST0003968,R015,M0146,2026-06-11,1.1,7.18,Overproduction
WST0003969,R009,M0059,2026-08-08,12.1,167.46,Quality Rejection
WST0003970,R001,M0060,2026-09-15,12.1,156.33,Quality Rejection
WST0003971,R012,M0121,2026-04-24,11.8,60.89,Spoilage
WST0003972,R008,M0118,2025-07-31,4.2,13.69,Spoilage
WST0003973,R016,M0009,2025-08-09,8.8,74.89,Preparation Waste
WST0003974,R009,M0095,2026-04-21,6.3,26.96,Preparation Waste
WST0003975,R013,M0052,2026-07-29,7.8,57.95,Quality Rejection
WST0003976,R012,M0157,2025-09-17,9.1,31.21,Expired Ingredients
WST0003977,R009,M0017,2026-03-21,2.9,12.09,Customer Return
WST0003978,R002,M0053,2026-07-23,6.2,38.32,Expired Ingredients
WST0003979,R006,M0064,2026-08-14,2.5,26.25,Customer Return
WST0003980,R010,M0104,2025-08-23,6.9,41.95,Quality Rejection
WST0003981,R016,M0030,2026-03-02,3.6,24.34,Customer Return
WST0003982,R019,M0130,2025-10-09,13.8,166.15,Overproduction
WST0003983,R004,M0137,2025-08-27,13.0,73.19,Spoilage
WST0003984,R012,M0142,2026-01-25,3.7,45.18,Preparation Waste
WST0003985,R004,M0029,2026-01-26,4.7,26.93,Preparation Waste
WST0003986,R008,M0016,2025-09-17,475.0,27.74,Preparation Waste
WST0003987,R007,M0147,2025-12-19,3.8,43.09,Quality Rejection
WST0003988,R006,M0048,2025-10-13,4.4,14.52,Quality Rejection
WST0003989,R012,M0126,2026-06-23,4.4,33.09,Spoilage
WST0003990,R020,M0124,2025-12-14,4.3,12.08,Customer Return
WST0003991,R006,M0132,2026-07-31,13.8,41.95,Preparation Waste
WST0003992,R017,M0088,2026-04-08,3.7,30.45,Customer Return
WST0003993,R008,M0022,2026-05-26,14.1,125.21,Spoilage
WST0003994,R006,M0052,2025-12-31,11.6,86.19,Preparation Waste
WST0003995,R013,M0152,2025-10-16,14.1,65.42,Preparation Waste
WST0003996,R018,M0148,2026-07-09,15.0,87.0,Expired Ingredients
WST0003997,R019,M0052,2026-01-24,6.1,45.32,Customer Return
WST0003998,R015,M0152,2025-08-12,11.8,54.75,Overproduction
WST0003999,R004,M0120,2025-09-18,1.3,9.36,Customer Return
WST0004000,R012,M0037,2026-04-01,4.5,53.82,Overproduction
